,date,tweet_id,tweet_text,tweet_length,retweet_count,favorite_count,hashtag_count,url_count,user_mentions,media_count,follower_count,total_entities
0,2014-10-05,518770775898464257,Best wishes to runners and walkers participating in the Ronald McDonald House of Providence Women's Classic http://t.co/vwruedmN3g,130,0,7,0,0,0,1,3922,0
1,2014-10-07,519491021697454080,Congratulations to @AtomicKickbox on the expansion of your business in Cranston. Best wishes for success http://t.co/4RDl8Zy8Z1,127,2,0,0,0,1,1,3922,1
2,2014-10-07,519558803772035074,Happy 40th anniversary to Tony's Pizza. I'm proud to recognize your years of dedication to your customers. http://t.co/FYYxhRhmld,129,9,16,0,0,0,1,3922,0
3,2014-10-07,519579569133596673,#AmericaRunsOnDunkin #Cranston http://t.co/gyA2fjbKdn,53,5,5,2,0,0,1,3922,2
4,2014-10-10,520612305785352192, .@GovChristie's first time meeting @MayorFung. Says he plans 1 maybe 2 more trips to RI before election. http://t.co/BxFQp,123,13,0,0,0,3,1,3922,3
5,2014-10-10,520612262546272257, I just had the honor of meeting @GovChristie as he endorses @MayorFung !! http://t.co/dGSUu7vfvU,97,2,0,0,0,3,1,3922,3
6,2014-10-10,520612350928650240," .@GovChristie wasn't planning on coming to RI 6 months ago, but says he's impressed with @MayorFung and his work.",114,4,0,0,0,3,0,3922,3
7,2014-10-12,521385037686902784, So humbled by the support in Westerly today. Great parade! http://t.co/P1xCC1veT2,82,2,0,0,1,1,0,3922,2
8,2014-10-12,521099865179574272, .@GovChristie says @MayorFung will bring people together http://t.co/fRZFpRpC2F #WPRO,86,3,0,1,1,3,0,3922,5
9,2014-10-12,521099958020481025, from @RandyEdgar1: @ChrisChristie calls @MayorFung 'extraordinarily qualified http://t.co/4xb5WlO8Dt #RIelection http://t.co/d6,128,11,0,1,1,4,1,3922,6
10,2014-10-12,521385043298488320, Beautiful day in Providence for the Columbus Day Parade! http://t.co/3tqRRLLJZL,80,3,0,0,1,1,0,3922,2
11,2014-10-18,523590813604139009,Proudly celebrating Diwali Fest 2014 w India Association of RI @niniofetalvo @ChungTweets @GOP #growthandopportunity http://t.co/NI4ARL4bGB,139,7,6,1,0,3,1,3922,4
12,2014-10-18,523480913184043008,Starting the morning off at 2014 Woonsocket Shelter Walk w our Laotian and #TeamFung supporters @niniofetalvo @GOP http://t.co/rnTyFEerUI,137,7,3,1,0,2,1,3922,3
13,2014-10-18,523505285504450560,Campaigning w Hispanic #TeamFung supporters in Central Falls  @GOP #growthandopportunity @niniofetalvo @ChungTweets http://t.co/i9SFrjMa6E,138,6,5,2,0,3,1,3922,5
14,2014-10-18,523533995922165761,Enjoyed meeting the parishioners at the St Pius harvest festival http://t.co/SpOX96U1HW,87,1,4,0,0,0,1,3922,0
15,2014-10-19,523881013551046656,Thank you Reverend Williams and King Cathedral for allowing me the privilege of speaking at your service http://t.co/weoznRPY2N,127,2,4,0,0,0,1,3922,0
16,2014-10-22,524873610067189760," If I were a betting man, I'd put a fungtastic amount on @MayorFung being elected RI governor. Great @NRO piece. http://t.co",124,7,0,0,1,3,0,3922,4
17,2014-10-22,524764833292771328, @MayorFung @FungForGovernor greeting supporter after a great night!!! http://t.co/NeCJQkoa3J,93,2,0,0,0,3,1,3922,3
18,2014-10-22,524764858261442561, No surprise that @MayorFung blew away @GinaRaimondo in tonight's #WPRIdebate no contest really #fungforgovernor,112,3,0,2,0,3,0,3922,5
19,2014-10-22,524873637074317312, Good read from @bealenews on why @FungForGovernor has a shot in blue RI  http://t.co/rb9pZAxDeI,96,7,0,0,1,3,0,3922,4
20,2014-10-23,525249281054502912," And a more upbeat new TV ad from @FungForGovernor on ""The Cranston Success Story..One of us,working for us"":
 https://t.co/",124,5,0,0,1,2,0,3922,3
21,2014-10-23,525096969514278912, Rhode Island!!!! Please tell me you're ready to #vote for @MayorFung in #13days @FungForGovernor,97,51,0,2,0,3,0,3922,5
22,2014-10-23,525359453986910211,Thanks @oliviaculpo for the support!,36,1,6,0,0,1,0,3922,1
23,2014-10-23,525368440283226112,thanks @deannapetti,19,0,2,0,0,1,0,3922,1
24,2014-10-23,525373023130746882,Happy birthday @Daisha_Alexis! Enjoy your day,45,2,5,0,0,0,0,3922,0
25,2014-10-25,526130646797008896,Enjoyed talking to voters about my #OpenForBusiness plan at Jamestown candidates night at the Narragansett Cafe http://t.co/lqmtUUhZX8,134,0,1,1,0,0,1,3922,1
26,2014-10-25,526026625587359744,Standing with our Korean War veterans at the dedication of a plaque honoring their service at our state house. http://t.co/I3zQSl3qfD,133,1,6,0,0,0,1,3922,0
27,2014-10-25,526060826944610305,Nice crowd enjoying beautiful weather at opening of Rocky Point walking path http://t.co/3QAPHRSYhY,99,0,1,0,0,0,1,3922,0
28,2014-10-25,526068661086597120,Congratulations Decadent Designs by Jean on the grand opening of your Cranston store. Love the #StarWars cake! http://t.co/rRgCxuAJdF,133,1,2,1,0,0,1,3922,1
29,2014-10-25,526105141838376961, CRs hard at work phone-banking for Mayor Fung! @FungForGovernor http://t.co/5Du0uclapm,87,5,0,0,0,2,1,3922,2
30,2014-10-26,526430019967795200, Young 4 Fung getting it done! #TeamFung @FungForGovernor http://t.co/9Rl6yOQqH9,80,7,0,1,0,2,1,3922,3
31,2014-10-26,526169534273966081, Neighbor opens fortune cookie and sees vote for @MayorFung! It also says when to vote for him over @GinaForRI. @projo http:,124,9,0,0,0,4,1,3922,4
32,2014-10-26,526171247886221312,Finishing the night by asking the Southeast Asian community for their vote at the Asian Voter Education forum http://t.co/1dV6xeAyHJ,132,0,4,0,0,0,1,3922,0
33,2014-10-26,526430086292328448, Honk for Fung! @FungForGovernor http://t.co/PW1SGDBckY,55,4,0,0,0,2,1,3922,2
34,2014-10-27,526842123296210944,Enjoyed talking to the EP Rotary about my #OpenForBusiness plan to make RI biz friendly and help add more jobs http://t.co/K8nH8rVaG9,133,0,1,1,0,0,1,3922,1
35,2014-10-27,526680303277178880,@LammisJVargas congrats!,24,0,1,0,0,1,0,3922,1
36,2014-10-27,526840373008949250," @MayorFung I saw Mayor Fung many times in the past months at events. When I see him I see honesty, and dedication! htt",119,9,0,0,0,2,1,3922,2
37,2014-10-27,526864384208150529,I enjoyed talking about my #OpenForBusiness plan w Barrington voters at the @bluewatergrill meet the candidates night http://t.co/iIUvuj7Ouu,140,3,1,1,0,1,1,3922,2
38,2014-10-28,527184915142828032," .@ChrisChristie, campaigning for @MayorFung, says hell return to #RI Monday #RIelection http://t.co/fWGeg4b0Om http://t.co/E",125,1,0,2,1,3,1,3922,6
39,2014-10-28,527079291948126208,Looking forward to being on @TheRhodeShow w @WillGilbert1 and @Michaela_J_ this morning. Tune in for some fun-g!,112,1,5,0,0,3,0,3922,3
40,2014-10-28,527081213560123393, Getting ready to go on #RhodeShow. Tune into Channel 12 at 9:05 am. @wpri12 http://t.co/xRYzwkB6EZ,99,1,0,1,0,2,1,3922,3
41,2014-10-28,527185338536849408, A new @BrownUniversity poll shows @GinaForRI and @MayorFung  are statistically tied.. @AGKilmartin leads @DawsonHodgson by 13% #W,130,7,0,1,0,6,0,3922,7
42,2014-10-28,527184882448211969," Seven days left people, we need to GOTV. This race is winnable and next Tuesday @MayorFung will become Governor-Elect Fung #",125,4,0,1,0,2,0,3922,3
43,2014-10-28,527185128398020609, Huge crowds @ChrisChristie @MayorFung @abc6 http://t.co/ULAtLl5T4B,67,5,0,0,0,4,1,3922,4
44,2014-10-30,527648664366628864, I feel that if people all vote for @MayorFung @FungForGovernor  not one of them will be disappointed ! #TeamFung,113,4,0,1,0,3,0,3922,4
45,2014-10-30,527839057205014528,Proud to bring more jobs to Cranston! Congrats to Cadence and their expansion. #OpenForBusiness http://t.co/SBVXIOsi7B,118,7,5,1,0,0,1,3922,1
46,2014-10-30,527648379065876481, #fungforever #inFUNGweTRUST #RI let's do this!!! @MayorFung @FungForGovernor,77,5,0,3,0,3,0,3922,6
47,2014-10-30,527647830396370947," Wicked frigin close -- Poll: Raimondo, @MayorFung effectively tied for gov #RIGov
@wpri12 @tednesi 
http://t.co/IkoR2JdMok",123,7,0,1,1,4,0,3922,6
48,2014-10-31,528151416041246720,@barron230 @tednesi reducing your liability by close to $30M is,63,0,0,0,0,2,0,3922,2
49,2014-10-31,528327592030793728, I Love Mayor Fung @MayorFung,29,4,0,0,0,2,0,3922,2
50,2014-10-31,528327608208220160, @MayorFung thanks for the mentioning Caffe Itri last night...I have a good feeling for Tuesday #fung2014,105,4,0,1,0,2,0,3922,3
51,2014-10-31,528328225240653824," @MayorFung is hot, @GinaForRI is so not. That's my take @GoLocalProv today. http://t.co/kOinz9pm7J",99,5,0,0,1,4,0,3922,5
52,2014-10-31,528017213148917760,@tednesi new actuarial report shows 22%,39,2,2,0,0,1,0,3922,1
53,2014-10-31,528125298076688385,@tednesi not up yet I'll get my finance dept to put it up,57,0,1,0,0,1,0,3922,1
54,2014-11-02,528882077530607616, Zac stopped at every @MayorFung sign and said VOTE while Trick or Treating on Friday. #Politics #Election2014 http://t,119,1,0,2,0,2,1,3922,4
55,2014-11-02,528917545957720065, @FungForGovernor @MayorFung is trying to save #RhodeIsland with his political experience and #Business experience.,115,92,0,2,0,3,0,3922,5
56,2014-11-02,528917584339824641," If #RhodeIsland want to recruit #business , less REGULATION for business-friendly environment is a MUST! Vote: @FungForGove",124,92,0,2,0,3,0,3922,5
57,2014-11-02,528926770075303936," .@FungForGovernor making national press: New battleground: The Asian vote
@politico @The_RGA @ChungTweets @MayorFung h",119,5,0,0,1,6,0,3922,7
58,2014-11-02,528944031007801344, NEW AD:  Momentum is with @MayorFung - http://t.co/CTaAIw7c3k  #TeamFung #RI4Fung #2Days #GetOutTheVote,104,15,0,4,1,2,0,3922,7
59,2014-11-02,529049818958950400,Having fun meeting voters and enjoying the @Patriots game @tavern12 http://t.co/YeNggMfsAs,90,4,4,0,0,2,1,3922,2
60,2014-11-02,529049850445594625, @MayorFung @FungForGovernor On tues rock the vote for Mayor Fung. #hecanmakeadifference #voteforfung  #ourvotecounts http:/,124,7,0,3,0,3,1,3922,6
61,2014-11-02,528702299305414656,@JayWinell Love staying connected with Rhode Islanders.We need to turn this state around like we did in Cranston. Would appreciate your vote,140,1,1,0,0,1,0,3922,1
62,2014-11-02,528904930204336128, @MayorFung thanks for the RT!!,31,1,0,0,0,2,0,3922,2
63,2014-11-04,529433766067208194, @MayorFung the only reason I turned 18 was to vote for you tomorrow.,69,2,0,0,0,2,0,3922,2
64,2014-11-04,529433793380491265, @MayorFung for Gov. Fung. Get out and vote tomorrow! #FungForGovernor,70,1,0,1,0,2,0,3922,3
65,2014-11-04,529433847130505216," Tomorrow better be the last time I hear the word ""mayor"" associated with @MayorFung",84,2,0,0,0,2,0,3922,2
66,2014-11-04,529436277050187776, Everyone vote for the great man @MayorFung #FungForGovernor,60,5,0,1,0,2,0,3922,3
67,2014-11-04,529436302329270273, My vote is for @MayorFung tomorrow!!!! #FungForGovernor http://t.co/yOYztJkgpB,79,5,0,1,0,2,1,3922,3
68,2014-11-04,529472755977420801," If you don't vote, you have no right to whine about the government. Vote @MayorFung tomorrow and let's start fixing the m",122,4,0,0,0,2,0,3922,2
69,2014-11-04,529473346883571712,@JThomas822 please take a look at my proven track record of good business environment (over 1k new jobs); pension reform; and stable budgets,140,0,0,0,0,1,0,3922,1
70,2014-11-04,529473455671218176,@JThomas822 I'll do the same as Gov w a specific focus on our economy,69,0,0,0,0,1,0,3922,1
71,2014-11-04,529490452463251456, Everyone beware of political tweets tomorrow. It is Election Day!  Get out and vote!! Especially for @MayorFung @Almonte2014 @c,128,1,0,0,0,4,0,3922,4
72,2014-11-04,529490479625551872, #Fung4Gov @MayorFung,21,1,0,1,0,2,0,3922,3
73,2014-11-04,529490714661765121," CRANSTON EAST AND WEST VOLLEYBALL TAKES THE QUARTER FINALS TONIGHT AND MOVES ON TO URI!!!! @MayorFung also, good luck to",121,3,0,0,0,2,0,3922,2
74,2014-11-04,529490734786035712, Remember to vote Fung for Governor  tomorrow! @MayorFung @FungForGovernor #FungForGovernor http://t.co/QwDvLnkGvv,114,7,0,1,0,3,1,3922,4
75,2014-11-04,529490833549307904, RT @philthyyy: My vote is for @MayorFung tomorrow!!!! #FungForGovernor http://t.co/N66gtBMLOl,94,3,0,1,0,3,1,3922,4
76,2014-11-04,529490889534877696," Tomorrow, I'm voting @FungForGovernor. Cranston has moved forward under @MayorFung's leadership. So, too, will #RhodeIsland ",125,3,0,1,0,3,0,3922,4
77,2014-11-04,529490906639245313," Every vote  counts tomorrow, vote @MayorFung for governor. #FungForGovernor",76,3,0,1,0,2,0,3922,3
78,2014-11-04,529603960509063168, #RICM votes for @MayorFung @FungForGovernor all the way! May he bring us continued success for RI! http://t.co/D8Y9GyFjKW,122,4,0,1,0,3,1,3922,4
79,2014-11-04,529604095305596929, It's been a long and winding road but Election Day 2014 is now here - Get out and Vote!  @FungForGovernor @Girls4Fung @,120,7,0,1,0,4,0,3922,5
80,2014-11-04,529604047725416448, .@MayorFung has momentum! Get out and vote for Fung for Governor! Find your polling place. --&gt; http://t.co/Eswnl0jE3W #R,124,4,0,1,1,2,0,3922,4
81,2014-11-04,529426942274322432, Up early to campaign with @GovChristie for @MayorFung !!! #FungForGov #FungForGovernor #TeamFung,97,2,0,3,0,3,0,3922,6
82,2014-11-04,529426991054094336," .@GovChristie firing up the crowd to elect @MayorFung! ""Change is coming!"" @The_RGA #americancomeback #RI4Fung http://t",120,3,0,2,0,4,1,3922,6
83,2014-11-04,529427006455545856, .@MayorFung pumping up the crowd after a rousing speech from @ChrisChristie #fungforgovernor #GOTV #finalcountdown http://t.,125,4,0,3,0,3,1,3922,6
84,2014-11-04,529427045630345216, Christie Christie made one last stop in RI to support @MayorFung http://t.co/X1G9R5Fvg3 #WPRO,94,3,0,1,1,2,0,3922,4
85,2014-11-04,529427063791714304, .@GovChristie rallies supporters for @MayorFung #NJTVNews http://t.co/DCNiJF74xI,81,2,0,1,1,3,0,3922,5
86,2014-11-04,529427081147723776, from @JenniferBogdan: #NJ @GovChristie stumps for @MayorFung in 3rd #RI visit http://t.co/8XQFDu8BTB #RIelection http://t.co/,126,6,0,3,1,4,1,3922,8
87,2014-11-04,529427110239416321, The legend himself!! @GovChristie this morning in Cranston @MayorFung @JohnDePetroshow http://t.co/OwONhPdtnt,110,3,0,0,0,4,1,3922,4
88,2014-11-04,529427153570779136, Good Luck to @MayorFung in Rhode Island tomorrow! Will be watching from FL!,76,1,0,0,0,2,0,3922,2
89,2014-11-04,529427217965924353, Rhode Island Could Elect Its First Asian-American Governor http://t.co/eDEwpc76o0 via @NBCNews @Xuan_Thai cc: @MayorFung ,122,5,0,0,1,5,0,3922,6
90,2014-11-04,529427236429250560, Raimondo at Gregg ' s shaking hands...to bad I'm Team Fung! @MayorFung,71,3,0,0,0,2,0,3922,2
91,2014-11-04,529427249863602176," Looking for integrity, honesty and someone who really walks the walk? VOTE TUESDAY for my friend @MayorFung @FungForGov",120,5,0,0,0,3,0,3922,3
92,2014-11-04,529427289919205376, #TeamFung #GOTV #LetsGo @FungForGovernor @MayorFung http://t.co/eCoC2h8rYq,75,2,0,3,0,3,1,3922,6
93,2014-11-04,529433742272921600,".@burnamiracle @GinaRaimondo Chelsea if you vote for me, I promise they will stop on Wednesday! #RockTheVote",108,0,4,1,0,2,0,3922,3
