,date,tweet_id,tweet_text,tweet_length,retweet_count,favorite_count,hashtag_count,url_count,user_mentions,media_count,follower_count,total_entities
0,2014-10-07,519521593496981504,#GlobalNY partnership with Federal Export-Import Bank will help NY businesses expand their exports abroad: http://t.co/BLcSKttz6v,129,4,2,1,1,0,0,131186,2
1,2014-10-07,519523322069934080,"Visit http://t.co/logfiHYWx2, a one-stop shop where businesses can discover what makes NY the global state of opportunity. #GlobalNY",132,7,0,1,1,0,0,131186,2
2,2014-10-07,519526489708974080," New #TasteNY store now open at the Jacob Javits Convention Center in NYC, @NYGovCuomo announced today. #GlobalNY http:/",120,5,0,2,0,2,1,131186,4
3,2014-10-07,519539957711380481,Today we mark Firefighter Appreciation Day &amp; honor 9 fallen firefighters: http://t.co/JxoGOe2IvZ #FirePreventionWeek http://t.co/OxaqjfTRcb,143,14,12,1,1,0,1,131186,2
4,2014-10-07,519559485786836992,Photos: #GlobalNY Summit on World Trade and Investment at @javitscenter https://t.co/ZPbFLizAHh http://t.co/vJGWxJM17D,118,2,1,1,1,1,1,131186,3
5,2014-10-07,519574469434540032,.@UnionHockey to raise awareness to stop sexual assault and domestic violence: http://t.co/FXLTjqyD65 #ItsOnUs http://t.co/u5CFmjyO2M,133,6,7,1,1,1,1,131186,3
6,2014-10-07,519584172180897793, PIC: Proud to join @UnionHockey raising awareness to stop sexual assault &amp; domestic violence on campuses across #NYS http,126,6,0,1,0,2,1,131186,3
7,2014-10-07,519591576670965760,"ICYMI: ""Opening up those global markets is now the next step for us."" Watch remarks from today's #GlobalNY Summit http://t.co/9EhnZQnHnF",136,2,1,1,1,0,0,131186,2
8,2014-10-07,519593653115711488, Grateful to @NYGovCuomo for leadership combatting campus sexual assault at #NY's colleges. Hopeful legislature will foll,121,23,0,1,0,2,0,131186,3
9,2014-10-07,519597395823165442,"For foreclosure prevention help, visit the @NYDFS Mobile Command Center October 9-10 in Uniondale, Long Island: http://t.co/cWjZJvR9WZ",134,1,2,0,1,1,0,131186,2
10,2014-10-08,519816873815576576, Very proud of these young women who are leading the fight against domestic violence/sexual assault at Union College. http,122,14,0,0,0,1,1,131186,1
11,2014-10-08,519817125360570368, Citizen Preparedness Corps training at Hunter College #nyc. Captain Rose tells people how to be ready. #nyprepare http://t.co,126,2,0,2,0,1,1,131186,3
12,2014-10-08,519861751261986816,NYs Tenant Protection Unit signs agreement to end Brooklyn landlords harassment of rent-regulated tenants: http://t.co/vTfbrISubt,129,6,3,0,1,0,0,131186,1
13,2014-10-08,519863319583539200, Excited to be part of #Kaleida Health's Children's Hospital Groundbreaking on the #BNMC! http://t.co/uFtDRJH2s6,112,7,0,2,0,1,1,131186,3
14,2014-10-08,519864977491259393,"As part of #BuffaloBillion, Kaleida Health breaks ground on new Childrens Hospital at @BNMC. Rendering: http://t.co/irBqoNE795",126,9,11,1,0,1,1,131186,2
15,2014-10-08,519869020825452544,Were working to develop a resilient power source for @NYCHA Red Hook Houses in Brooklyn: http://t.co/6G7OE0AqAp #NYRising,121,18,9,1,1,1,0,131186,3
16,2014-10-08,519873410483363840, Job seekers lined up as we're about to open the Brooklyn Career Fair. Stop by today @nyupoly until 3! http://t.co/wbkgFs332s,125,8,0,0,0,2,1,131186,2
17,2014-10-08,519875099583737857,"Congratulations to Terry and Kim Pegula, unanimously approved as new owners of the @BuffaloBills. Go #Bills!",108,18,27,1,0,1,0,131186,2
18,2014-10-08,519883351851687936,"To all those who will be observing #Sukkot, I wish you a #ChagSameach.",70,12,8,2,0,0,0,131186,2
19,2014-10-08,519890878702174208," PIC: Breaking ground at the new Oishei Children's Hospital, that will serve #WNY children with healthcare &amp; research. htt",126,7,0,1,0,1,1,131186,2
20,2014-10-08,519902444504219648, @NYPAenergy will explore a micro grid at @NYCHA Red Hook Houses to advance @NYGovCuomo 's #NYRising initiative http://t.co/GY,126,16,0,2,1,4,0,131186,7
21,2014-10-09,520257148169646080,"$40 million in funding for supportive housing will help homeless families, domestic violence survivors and veterans: http://t.co/39lasG21Jk",139,6,5,0,1,0,0,131186,1
22,2014-10-09,520274367536975874,October is #BreastCancerAwareness Month. Find out about 100 free cancer screenings for uninsured or low-income NYers: http://t.co/FOqtyonAkt,140,11,5,1,1,0,0,131186,2
23,2014-10-09,520276852745965568,Congrats to the first #STEM Incentive winnersover 600 top scholars awarded full @SUNY #CUNY tuition scholarships: http://t.co/dgvEKwcMQH,136,14,4,2,1,1,0,131186,4
24,2014-10-09,520292468412014592, Beautiful peak fall colors are emerging across New York State. http://t.co/YHi9E1Qsvf #NYLovesFall http://t.co/yILOoGkb2V,122,91,0,1,1,1,1,131186,3
25,2014-10-09,520315348172554240," It's snowing at #Whiteface, this is going to be an epic season #SkiTheFACE http://t.co/vMSviMjat9 http://t.co/wcKuUVAjQ1",121,113,0,2,1,1,1,131186,4
26,2014-10-09,520326646227038209,The first snow of the season started today at @SkiWhiteface! Photos: https://t.co/LTQ4ziJJc5 http://t.co/ff1iao32DM,115,21,15,0,1,1,1,131186,2
27,2014-10-09,520240450465038336,"#TasteNY wine, spirits and cider displays are rolling out at liquor stores across the state: http://t.co/w8h4lgkWpV http://t.co/ST2wcGexWJ",138,16,13,1,1,0,1,131186,2
28,2014-10-10,520575367317184512, Today is the voter registration deadline in NYS for the general election. You can register through MyDMV at http://t.co/Ullxlie,128,24,0,0,1,1,0,131186,2
29,2014-10-10,520584176160894976," Free #IFISHNY Clinic 10/11 at Little Red Lighthouse Festival, Ft. Washington Park, Manhattan: http://t.co/nKYm1sq0a1 http://t.c",128,5,0,1,1,1,1,131186,3
30,2014-10-10,520593400425246722,Today with Seneca Nation we announce the completion of Southern Tier Expressway. Interstate 86 reopens today: http://t.co/VhFLXgkUeA,132,3,2,0,1,0,0,131186,1
31,2014-10-10,520612482394505216,".@SiteSelection: ""The billions and the visionaries keep flocking to Buffalo"" http://t.co/IOYEA6WGma @CNSE @SolarCity #BuffaloBillion",132,5,4,1,1,3,0,131186,5
32,2014-10-10,520620932516171776, Visited @Alcoa #apprenticeship program for 55 workers as part of commitment http://t.co/kMtToWUY8Y to #NY @NYGovCuomo http://,126,4,0,2,2,3,0,131186,7
33,2014-10-10,520630786282643456,.@RichardsonCtr Olmstead Complex redevelopment project breaks ground in #Buffalo: http://t.co/u3ezKmhWVd #NYJobs http://t.co/Sk6v8SVHQ2,135,6,9,2,1,1,1,131186,4
34,2014-10-10,520638444910170112,"Watch #StateofNY for a recap of the weeks news, from opening new markets to NY to ensuring completion of #3WTC: http://t.co/WowciAKKaQ",134,2,0,2,1,0,0,131186,3
35,2014-10-10,520644481939288064, Interstate 86 is now re-opened to traffic! http://t.co/lKKgeUdkw7,66,4,0,0,0,1,1,131186,1
36,2014-10-10,520650876059680769,"#FirePreventionWeek #FBF Fire engine at work in NYC, 1900. http://t.co/lpGgORbT1B",81,7,6,2,0,0,1,131186,2
37,2014-10-10,520675451195252736, PIC: The Richardson Olmsted Complex project will be transformed into new businesses and revitalize downtown #Buffalo http,122,7,0,1,0,1,1,131186,2
38,2014-10-12,521338733422186496,Big day and game for the @buffalobills! Let's go #Bills! Beat the Patriots! #Billieve #BUFvsNE,94,30,27,3,0,1,0,131186,4
39,2014-10-12,521091642326282240,Addressing the @NAACP New York State Convention this evening in Westchester http://t.co/K1nVJyJBJN,98,4,7,0,0,1,1,131186,1
40,2014-10-13,521685451829420032,"This #ColumbusDay, I encourage all NY'ers to reflect on the legacies of those who came before us and built the Empire State we know today.",138,23,11,1,0,0,0,131186,1
41,2014-10-13,521704740456267776,Marching in the NYC #ColumbusDay Parade http://t.co/tuFqVThzVf,62,5,6,1,0,0,1,131186,1
42,2014-10-13,521705813581504512,Great crowd at the 2014 NYC #ColumbusDay Parade http://t.co/mcrNSH1BKm,70,9,13,1,0,0,1,131186,1
43,2014-10-13,521788701199040513,Photos from today's NYC #ColumbusDay Parade: https://t.co/58dZ9lMeyt http://t.co/eqdJlAlUyi,91,7,9,1,1,0,1,131186,2
44,2014-10-13,521684571793158145,#ColumbusDay is a time to celebrate the achievements of those who came before us. Full Statement: http://t.co/ltUB90cJIc,120,6,4,1,1,0,0,131186,2
45,2014-10-14,522005621541838848,Today we announced members of a Task Force to implement the plan to end the AIDS epidemic in New York: http://t.co/WmJE9LLNjs,125,19,11,0,1,0,0,131186,1
46,2014-10-14,522031772952186880,"$1.8M in FEMA funds for Saranac Lake will repair damage from severe storms, strengthen infrastructure for the future: http://t.co/MOgmyy9KaC",140,4,3,0,1,0,0,131186,1
47,2014-10-14,522038781809934336,Watch live at approx. 11:00 AM: Task Force working to end AIDS epidemic in New York holds its first meeting http://t.co/SrDUVLywhf,130,2,2,0,1,0,0,131186,1
48,2014-10-14,522044477699940352,Today we launched New Farmers Grant Fund to assist new and early-stage farmers and support agribusiness in New York: http://t.co/UUhWBJ5XSk,139,13,5,0,1,0,0,131186,1
49,2014-10-14,522053819442921472,"Today we propose a major expansion for @TasteNY, including a new store at @GrandCentralNYC: http://t.co/iF4kA00ac6 http://t.co/hf0UUwDL7g",137,9,3,0,1,2,1,131186,3
50,2014-10-14,522055971980738562,"Next phase of the #TasteNY program aims to triple gross sales, offer online purchasing, introduce Taste NY app: http://t.co/iF4kA00ac6",134,3,2,1,1,0,0,131186,2
51,2014-10-14,522083489345060864," @eltonjohndotcom founder of the @ejaf said ""HIV/AIDS is an issue of justice &amp; equality &amp; to end AIDS we need to end the stigma."" ",138,6,0,0,0,4,0,131186,4
52,2014-10-15,522378993610149889,#ShinetheLight I urge all New Yorkers to join in taking a stand against domestic violence and sexual assault. http://t.co/i6ekSCltnU,132,20,14,1,1,0,0,131186,2
53,2014-10-15,522384906203455488, NYS Yogurt and Dairy Summit hosted by @LtGovDuffyNY takes place at @CornellCALS this morning. http://t.co/QRjbDik8fE,117,9,0,0,0,3,1,131186,3
54,2014-10-15,522388597266067457, PIC: Touring @Cornell's College of Agriculture &amp; Life Sciences before this year's #YogurtSummit http://t.co/vFD5XK8bxN,123,3,0,1,0,2,1,131186,3
55,2014-10-15,522400511194972163,"It's official: Yogurt is the New York State snack, signed into law today. http://t.co/xo1nByOxda #YogurtSummit http://t.co/bRcF5v7vKS",133,107,49,1,1,0,1,131186,2
56,2014-10-15,522402183027761152," Congrats to @NYGovCuomo for being recognized as a Beer Innovator by @allaboutbeer We Agree!
http://t.co/nE6AMR7qNq #th",119,6,0,1,1,3,0,131186,5
57,2014-10-15,522408287115821056,"#DYK? The Empire State is the top producer of yogurt in the nation, generating 741 million pounds of yogurt in 2013 alone. #YogurtSummit",136,15,10,2,0,0,0,131186,2
58,2014-10-15,522413407161442304,.@MonolithSolar is expanding its operations in Vista Technology Campus: http://t.co/iUZZ9wv0j2 #NYJobs #CapitalRegion http://t.co/SV0v3d4vlF,140,16,13,2,1,1,1,131186,4
59,2014-10-15,522429935189643264,Attending the dedication of Raymond W. Kelly '63 Student Commons today at @ManhattanEdu. https://t.co/7WmbIsP1lU http://t.co/DaWDyHo8Qz,135,24,13,0,1,1,1,131186,2
60,2014-10-15,522452908974297088,2014 #YogurtSummit continues partnership between state and NY's largest agricultural sector: http://t.co/ZxackXse5r http://t.co/8XPtBirhM7,138,2,5,1,1,0,1,131186,2
61,2014-10-16,522740787134484481, There are more than a dozen DMV transactions you can conduct online. http://t.co/TNWnrDCuJx http://t.co/C1Tqbl0ftB,115,8,0,0,1,1,1,131186,2
62,2014-10-16,522758103226654721,#43North finalists announced for world's largest business idea competition: http://t.co/oElP2dhgvE http://t.co/5yrXGCwzFA #BuffaloBillion,137,31,16,2,1,0,1,131186,3
63,2014-10-16,522762491252580352,Today we announce wireless service and new @TransitWireless #WiFi in Queens and Manhattan @MTA subway stations: http://t.co/zK8WtgT6Em,134,13,5,1,1,2,0,131186,4
64,2014-10-16,522763935678607361,Major wireless and #WiFi service expansion in @MTA subway stations extends connectivity to 11 new Manhattan stations and 29 more in Queens.,139,7,7,1,0,1,0,131186,2
65,2014-10-16,522765918028320768,".@NYSLabor: State's economy adds 4,500 private sector jobs in September, unemployment rate drops to 6.2% http://t.co/6tYY1X9JG4",127,5,2,0,1,1,0,131186,2
66,2014-10-16,522770474179117057, 11 Manhattan stations and 29 Queens stations are now connected to Transit Wireless WiFi! Happy surfing! #TWWiFilaunch http://t.,128,10,0,1,0,1,1,131186,2
67,2014-10-16,522771917866946560, 277 underground @NYCTSubway stations wireless by 2017. 39 stations to be online by spring 2015. http://t.co/BPPHYtPx85 @TWWiFi @NY,131,16,0,0,1,4,0,131186,5
68,2014-10-16,522779462392238080,$10 million in grants will support 9-1-1 response and emergency services dispatching in localities across the State: http://t.co/wZuJ1xZa1U,139,3,1,0,1,0,0,131186,1
69,2014-10-16,522787043144114176, Joe Henchman of @taxfoundation now presenting @NYGovCuomo w outstanding achievement in state tax reform award: http://t.,121,3,0,0,0,3,1,131186,3
70,2014-10-16,522789747454799873,"Read statement on New York's unemployment rate falling to 6.2%, lowest since Oct. 2008, proof that NY is on the move: http://t.co/SpGW29AgEs",140,9,6,0,1,0,0,131186,1
71,2014-10-16,522792742787637251,".@TaxFoundation honors New York State with ""Outstanding Achievement in State Tax Reform"" award: http://t.co/SpGW29AgEs",118,6,2,0,1,1,0,131186,2
72,2014-10-16,522799518954172416,Today I signed legislation protecting young victims of human trafficking seeking to rebuild their lives: http://t.co/xxspD7TIfq,127,25,9,0,1,0,0,131186,1
73,2014-10-16,522802257142632448,Update to public schedule: Watch #Ebola preparedness briefing live at 3:00 PM on http://t.co/SrDUVLywhf,103,7,4,1,1,0,0,131186,2
74,2014-10-16,522816142792855552, .@NYGovCuomo's business tax reforms have set the stage for a new era of job creation &amp; economic growth in New York htt,123,2,0,0,1,2,0,131186,3
75,2014-10-16,522823955380322304,LIVE: Watch #Ebola preparedness briefing on http://t.co/SrDUVLywhf,66,8,2,1,1,0,0,131186,2
76,2014-10-16,522824704273305600,Gov. Cuomo: We've identified 8 hospitals within the state to be used for first response and trained to make sure they're prepared. #Ebola,137,14,10,1,0,0,0,131186,1
77,2014-10-16,522825145002377219,Underway now: Updating New Yorkers on #Ebola preparedness steps in New York State http://t.co/i1cZKtHYS1,104,13,3,1,0,0,1,131186,1
78,2014-10-16,522826756227481601,Get the facts about #Ebola: http://t.co/aLYp6asgfO @HealthNYGov,63,15,5,1,1,1,0,131186,3
79,2014-10-16,522829131528953856,"""We are prepared and there is no reason for undue anxiety."" #Ebola #EbolaResponse http://t.co/PebS2dU8jN",104,10,7,2,0,0,1,131186,2
80,2014-10-16,522853746292711424,Today we outlined an #Ebola Preparedness Plan for New York State. READ: http://t.co/PAgeBmR4rv http://t.co/Ag5RMwYrTJ,117,40,16,1,1,0,1,131186,2
81,2014-10-16,522854417016426497,8 hospitals statewide to care for #Ebola patients with plans to designate additional hospitals going forward: http://t.co/PAgeBmR4rv,132,12,5,1,1,0,0,131186,2
82,2014-10-16,522856008125648897,Unannounced #Ebola training drills in health facilities expanded to mass transit centers and colleges statewide: http://t.co/PAgeBmR4rv,135,17,10,1,1,0,0,131186,2
83,2014-10-16,522862522483748864,Today we announced a thorough effort involving multiple state agencies and authorities to ensure #Ebola preparedness. http://t.co/e28FMQvVmI,140,7,6,1,0,0,1,131186,1
84,2014-10-16,522869917800882176,"Healthcare workers, join @HealthNYGov @CDCgov and more on October 21 for #Ebola education session in NYC: http://t.co/PAgeBmR4rv",128,3,2,1,1,2,0,131186,4
85,2014-10-17,523126565446508544," The NYS Liquor Association Trade Show yesterday reinforced the economic power of NYS wineries, distilleries, craft brewer",122,4,0,0,0,1,0,131186,1
86,2014-10-17,523128015421980672,"""Among leaf scenes, New Yorks is one of the best"" @ameliamularz reviews Finger Lakes fall colors for @NatGeoTravel:  http://t.co/uWu28LUMhU",139,12,7,0,1,2,0,131186,3
87,2014-10-17,523140294993129472,"One year ago we signed the Farm Cidery law, increasing hard cider production across NY: http://t.co/3JgEIZUIE2 http://t.co/TRGTrNBYNy",133,7,11,0,1,0,1,131186,1
88,2014-10-17,523143292125323264,"Enjoy some of New York's best craft cider, as #TasteNY co-sponsors @ciderweekny in NYC and Hudson Valley this fall. http://t.co/IPwza3laO5",138,5,12,1,0,1,1,131186,2
89,2014-10-17,523151398213791744,".@FredoniaU's new state-of-the-art, 92,000 square foot Science Center is officially open: http://t.co/jvYLyXbMli http://t.co/GxejRnshxg",135,13,9,0,1,1,1,131186,2
90,2014-10-17,523156437208276994,NY's efforts in combating heroin overdose commended by @WhiteHouse @ONDCP National Drug Czar: http://t.co/BpLe8BTvDd http://t.co/srHzsQ0GZ1,139,6,4,0,1,2,1,131186,3
91,2014-10-17,523178030160543744,"I am pleased to nominate Justice Leslie Stein to serve on New York State Court of Appeals, the State's highest court: http://t.co/smO95YwbwL",140,11,4,0,1,0,0,131186,1
92,2014-10-17,523188620665298944,"First tenants of #ROC's College Town, the $100M shopping, dining &amp; residential district are open for business: http://t.co/EQx4aLp8Rv",137,1,1,1,1,0,0,131186,2
93,2014-10-17,523190401965260802,"With first tenant opened, College Town is a step closer to becoming a vibrant neighborhood in downtown Rochester http://t.co/ybtle6XU1M",135,7,10,0,0,0,1,131186,0
94,2014-10-17,523192882954391553, Participated in my first #Naloxone training today with New York law enforcement. Naloxone saves lives. http://t.co/iubfFl,122,29,0,1,0,1,1,131186,2
95,2014-10-17,523194931893260288,"Watch this weeks #StateofNY: Preparing for #Ebola, more solar jobs for NY, developing a plan to #EndtheEpidemic: http://t.co/oergBu7KZo",135,5,5,3,1,0,0,131186,4
96,2014-10-17,523195870683361281," PIC: @UofR's College Town will transform #ROC community, bringing new businesses &amp; jobs to the commercial center. http://",126,11,0,1,0,2,1,131186,3
97,2014-10-17,523207319153573889,New gymnasium at @BuffaloState part of extensive makeover being undertaken by the school http://t.co/PMExHhvzks,111,6,8,0,0,1,1,131186,1
98,2014-10-19,523930391053598721,Great comeback win for the @buffalobills today! Go #Bills! #BUFvsMIN #Billieve,78,29,45,3,0,1,0,131186,4
99,2014-10-20,524172219690532864,".@nytimes on growth of college grad population: ""..Buffalo could develop new reputationas role model for resurgence"" http://t.co/YVrbfTYmMY",139,4,8,0,1,1,0,131186,2
100,2014-10-20,524210732347305984,Watch live at approx. 11:00 AM as we discuss infrastructure modernization with @VP Biden at @VaughnCollege at http://t.co/SrDUVLywhf,132,26,23,0,1,2,0,131186,3
101,2014-10-20,524218166252019714,LIVE: Discussing #infrastructure modernization with @VP Biden at @VaughnCollege. Tune in now: http://t.co/SrDUVLywhf,116,1,2,1,1,2,0,131186,4
102,2014-10-20,524220014576943105," ""New York airports need a fundamental redesign."" @NYGovCuomo #VaughnCollege #NextGeneration http://t.co/5Vv83UyjEz",115,9,0,2,0,2,1,131186,4
103,2014-10-20,524222878951411712," .@VP to @NYGovCuomo on airport modernization plan: ""Governor, your ideas are as big and as bold as you are""",108,5,0,0,0,3,0,131186,3
104,2014-10-20,524224562855440384,"Today we host @VP to unveil our plan to modernize and revitalize 4 NY airports, bringing them up to 21st C standards: http://t.co/uQRAtK4X9P",140,12,10,0,0,1,1,131186,1
105,2014-10-20,524228737689485312,".@VP on @NYGovCuomo plan to modernize 4 major downstate airports: ""This could be a blueprint for the nation.""",109,11,7,0,0,2,0,131186,2
106,2014-10-20,524238488476991488,"Today I signed legislation to eliminate 36 inactive local authorities, increasing efficiency in government: http://t.co/tzzl6VjEG6",130,8,2,0,1,0,0,131186,1
107,2014-10-20,524249224368500736,"Today we announced a modernization and revitalization plan for LaGuardia, JFK, Republic &amp; Stewart Airports: http://t.co/eJdVHCkbx1",134,11,5,0,1,0,0,131186,1
108,2014-10-20,524252662087163905,#LGA #JFK Master Plan Design Competitions and unique #econdev opportunities at Republic &amp; Stewart Airports announced: http://t.co/eJdVHCkbx1,144,4,6,3,1,0,0,131186,4
109,2014-10-20,524272564919472128,Photos from today's event with @VP to announce comprehensive NY airport modernization plan: https://t.co/aWUSaG0IjN http://t.co/1xWEV5Gryf,138,8,6,0,1,1,1,131186,2
110,2014-10-20,524279448493760513,Funding is awarded to 56 programs to prevent domestic violence and help families across NY: http://t.co/7ObP1TygHE #ShinetheLight,129,7,5,1,1,0,0,131186,2
111,2014-10-20,524286471247654913,"$17.6M in funding through Farmland Protection program will help preserve 6,440 acres of NYS farmland: http://t.co/jNfX1IiWpP",124,8,13,0,1,0,0,131186,1
112,2014-10-20,524304267637555200, Get flu vaccine  the flu shot or nasal spray. RT if you have or will get the flu vaccine. http://t.co/P9uMiZcBkb,113,18,0,0,1,1,0,131186,2
113,2014-10-20,524305707705704448,"""Build the greatest infrastructure in the world. Nobody knows that better than New York."" - @VP Watch video: http://t.co/O2yZNzHtcV",131,8,6,0,1,1,0,131186,2
114,2014-10-20,524341913139552257," Infrastructure investments are ""long-term investments in the health, the might &amp; the dynamism of this country."" -VP in NYC #Rebuild",136,53,0,1,0,1,0,131186,2
115,2014-10-21,524561020014952448,Addressing today's #EbolaTraining co-hosted by @GNYHA/@1199SEIU Healthcare Education Project &amp; @PQCNews. Watch live: http://t.co/0bu9OjRNTl,143,3,0,1,1,3,0,131186,5
116,2014-10-21,524565218194513921,"""What's going to kill this disease is knowledge, training and preparation."" Speaking to healthcare workers at #EbolaTraining @javitscenter",138,11,5,1,0,1,0,131186,2
117,2014-10-21,524578368616812544,"New York will truly miss world-renowned fashion designer Oscar de la Renta, born in the Dominican Republic who became a legend. #RIPOscar",137,11,10,1,0,0,0,131186,1
118,2014-10-21,524591808249352195,.@NYSLabor: Local area unemployment rates are down across the State: http://t.co/jLYcJvSa4S,91,3,3,0,1,1,0,131186,2
119,2014-10-21,524607343397711872,"Educated young adults are emerging demographic in Buffalo, fueling economic development opportunities http://t.co/PNIlDxtL7r @TheBuffaloNews",140,1,4,0,1,1,0,131186,2
120,2014-10-21,524614302460682240,".@ClassBook to locate in downtown Albany via @UAlbany, creating 72 new jobs in the Capital Region under #StartUpNY: http://t.co/65gnFoN8Ec",138,5,3,1,1,2,0,131186,4
121,2014-10-21,524620228760571904,180 units of affordable housing at Liberty Garden Apartments completely rehabilitated in Rome: http://t.co/WcNgsbphCs http://t.co/vmaKVxmPZl,140,8,4,0,1,0,1,131186,1
122,2014-10-21,524629004993568768,"Read statement on settlement regarding indigent legal services, ""a positive step for New York's judicial system"" http://t.co/qafz1rjsAL",135,1,3,0,1,0,0,131186,1
123,2014-10-21,524635575249534976,"Under #StartUpNY, five businesses affiliated with #UBuffalo are locating or expanding in WNY, bringing 123 jobs: http://t.co/whzr9xrBpI",135,6,4,2,1,0,0,131186,3
124,2014-10-21,524644091959988226,"Latest wave of #StartUpNY brings the total number of businesses to 41, 1,750 new jobs and $77 million in investment: http://t.co/6cdt7b1d9L",139,12,11,1,1,0,0,131186,2
125,2014-10-21,524647934890356736,"The NY Energy Manager, located at @CNSE at SUNY Poly, will improve energy efficiency in 3,000 public facilities: http://t.co/aq37uzxs7Z",135,6,4,0,1,1,0,131186,2
126,2014-10-21,524648463662055424,"New energy monitoring hub announced today will reduce energy use and costs, create #NYJobs. @NYPAenergy http://t.co/5p2SZGzbRI",126,17,10,1,0,1,1,131186,2
127,2014-10-21,524652574767845378," #BuildSmartNY gets an upgrade. Better Data, Greener Choices w/ NY Energy Manager: http://t.co/8MgBSI0aA7 #BigData #BigIdeas",124,24,0,3,1,1,0,131186,5
128,2014-10-21,524657701805383681,"When there is a challenge, nobody steps up like New Yorkers. Watch video of remarks at todays #EbolaTraining: http://t.co/qlVG9s4JGX",132,6,6,1,1,0,0,131186,2
129,2014-10-21,524663840643231745,Wishing a Happy Birthday to Prime Minister Benjamin @Netanyahu.,63,14,14,0,0,1,0,131186,1
130,2014-10-21,524666335536893953, NY Loves Film Roadshow Turns One! Governor's #film office roundtables empower #filmmakers &amp; students across #NYState http:,127,7,0,3,1,1,0,131186,5
131,2014-10-22,524902846798774272, Buffalo resident of @NYGovCuomo's WNY focus: Weve totally been overlooked...and hes brought life back to us. http:/,116,5,0,0,1,2,0,131186,3
132,2014-10-22,524922392150167552,"NY Green Bank to stimulate approx. $800 million in clean energy investments, creating a cleaner state for all NY'ers. http://t.co/qvh54CbnMx",140,16,12,0,1,0,0,131186,1
133,2014-10-22,524940792444370944,.@NYDFS Mobile Command Center deployed to Plattsburgh October 23-24 to provide foreclosure prevention help: http://t.co/smerazZtPP,130,3,2,0,1,1,0,131186,2
134,2014-10-22,524920323427553280,Today we announced the first NY Green Bank transactions to kick off clean energy projects across the state: http://t.co/C1YNagIyAC,130,38,19,0,1,0,0,131186,1
135,2014-10-23,525355685610270720," Proud to deliver the keynote address at the 14th annual #GenesisGroup luncheon, which has done great work in econ dev htt",122,3,0,1,0,1,1,131186,2
136,2014-10-23,525312142267121664,Hatchery in Oakdale to reopen and restore the rich trout fishing tradition on Long Islands Connetquot River: http://t.co/4TcpvAEfdk,131,7,12,0,1,0,0,131186,1
137,2014-10-23,525309693292740608,"Were expanding public access to Black Rock Forest, Orange Co, linking Storm King Mountain &amp; Schunnemunk State Parks: http://t.co/5aCdqkqv1D",143,13,9,0,1,0,0,131186,1
138,2014-10-23,525357741284814850,Wishing all New Yorkers who celebrate a Happy #Diwali filled with hope and light.,81,10,7,1,0,0,0,131186,1
139,2014-10-23,525405080670208000, @HealthNYGov is closely monitoring a potential case of #Ebola to ensure public health &amp; safety. Get more info http://t.co/,127,15,0,1,1,2,0,131186,4
140,2014-10-23,525346786878427136," #TBT On this day in 1915, women marched to advocate their rights to vote. #PathThroughHistory http://t.co/XdfFhuZRZG http://",125,56,0,2,1,1,1,131186,4
141,2014-10-23,525349315007766530,My condolences to the Brauns from Rockland County who lost their newborn in yesterday's terrorist attack in Jerusalem. Baruch Dayan Ha'Emet.,140,35,11,0,0,0,0,131186,0
142,2014-10-24,525446249043206144,Update to public schedule: Hosting press conference with @NYCMayorsOffice at 9:00 PM at Bellevue Hospital in NYC.,113,91,19,0,0,1,0,131186,1
143,2014-10-24,525453516937363456,Watch press conference with @NYCMayorsOffice live from Bellevue Hospital at http://t.co/sU0oqY3Hur,98,28,12,0,1,1,0,131186,2
144,2014-10-24,525463773617094656,LIVE: Press conference with @NYCMayorsOffice from Bellevue Hospital. Watch now: http://t.co/sU0oqY3Hur,102,10,4,0,1,1,0,131186,2
145,2014-10-24,525464589392441344," Today, a patient at Bellevue Hospital tested positive for Ebola. But let me be clear: there is no reason for New Yorkers ",122,425,0,0,0,1,0,131186,1
146,2014-10-24,525464941273563137,"""In the past few weeks we have been preparing for just this circumstance. We've had a full coordinated effort working night and day."" #Ebola",140,31,5,1,0,0,0,131186,1
147,2014-10-24,525465222682001408,"""We have had the advantage of learning from the Dallas situation and had a training of 5,000 healthcare workers."" #Ebola",120,38,13,1,0,0,0,131186,1
148,2014-10-24,525465569387372544,"""#Ebola is not an airborne illness. It is contracted when someone is very ill and contagious through bodily fluids.""",116,35,8,1,0,0,0,131186,1
149,2014-10-24,525465776787316736,"""We have been working closely with the @CDCgov."" Tune in: http://t.co/sU0oqY3Hur #Ebola",87,10,3,1,1,1,0,131186,3
150,2014-10-24,525466073928585216," ""Being on the same subway car, or living near a person with Ebola does not itself put someone at risk."" - Mayor @Billd",119,120,0,0,0,2,0,131186,2
151,2014-10-24,525466791649480704,Live briefing with @NYGovCuomo @NYCMayorsOffice on #Ebola at Bellevue Hospital: http://t.co/UP0DXpnvSC,102,14,8,1,0,2,1,131186,3
152,2014-10-24,525467203161051138," ""The patient is presently hospitalized in isolation."" - @DrMaryTBassett on http://t.co/10woidEfEd.",99,29,0,0,1,2,0,131186,3
153,2014-10-24,525467519243812864,"""Our wishes go out to this doctor, his family and friends for a speedy recovery."" - @HealthNYGov's Dr. Zucker #Ebola",116,17,13,1,0,1,0,131186,2
154,2014-10-24,525467879219924992,"""It is important to emphasize: You can only get #Ebola from being exposed to bodily fluids."" @HealthNYGov Acting Commissioner Dr. Zucker",136,36,11,1,0,1,0,131186,2
155,2014-10-24,525468179062345728,".@CDCgov: ""Fortunately Bellevue has been preparing for this and we've had a team on the ground even before the patient became ill."" #Ebola",138,38,8,1,0,1,0,131186,2
156,2014-10-24,525468630826635266," ""We are sending an additional CDC Ebola response team, which is in transit now."" - @DrFriedenCDC, live on http://t.co/",119,50,0,0,1,2,0,131186,3
157,2014-10-24,525470772031410176,"""Healthcare workers are prepared with an abundance of training."" #Ebola",71,11,11,1,0,0,0,131186,1
158,2014-10-24,525472198484852736,There are 200 hospitals in state. All are prepared if someone walks in with symptoms. Bellevue Hospital is identified as prepared. #Ebola,137,54,25,1,0,0,0,131186,1
159,2014-10-24,525475949312491520," #Ebola is spread by direct contact w/ body fluids of a sick person or exposure to contaminated objects, like needles. http://t.",128,1099,0,1,0,1,1,131186,2
160,2014-10-24,525491080645849088,VIDEO: @NYGovCuomo and @BilldeBlasio briefing on #Ebola case at Bellevue Hospital in NYC http://t.co/Y3vieYsseH,111,17,6,1,1,2,0,131186,4
161,2014-10-24,525500992356622336,We outlined New York States response to a positive test for #Ebola in a patient in NYC: http://t.co/ZoPZTFIBNL http://t.co/NAQOz8Bgak,133,19,16,1,1,0,1,131186,2
162,2014-10-24,525608514195296256, LIVE NOW: @NYGovCuomo speaks to @MLauer about #ebola in New York http://t.co/WWJrKlbwaa,88,23,0,1,0,3,1,131186,4
163,2014-10-24,525608878361571328, Coming up on @CNN - @NYGovCuomo joins us to discuss the first #Ebola case in NYC #NewDay http://t.co/OcMO5m8C7f http://t.co/Y1X,128,47,0,2,1,3,1,131186,6
164,2014-10-24,525609126668541952," At 7:30amET, @NYGovCuomo talks with @AlisynCamerota about the first confirmed case of #Ebola in NYC. What questions do you have?",129,38,0,1,0,3,0,131186,4
165,2014-10-24,525611900726693888," ""We were prepared  it was handled exactly right - @NYGovCuomo on NY's response to first #Ebola patient @CNN http://t.co/h2L0E",126,30,0,1,0,3,1,131186,4
166,2014-10-24,525613165732962304, Update to schedule: @NYGovCuomo will appear on Fox 5 w @rosannascotto and @gregkellyfox5 at 7:45,97,8,0,0,0,4,0,131186,4
167,2014-10-24,525615628649267200," .@NYGovCuomo Patient's fever was 100.3 not 103
#Ebola #EbolaInNYC #GDNY",72,12,0,3,0,2,0,131186,5
168,2014-10-24,525616486464102400,"At 8 AM, joining @CBSThisMorning to discuss first positive case of #Ebola in NYC and States response to ensure public health and safety.",136,8,4,1,0,1,0,131186,2
169,2014-10-24,525619417473089536," ""We have been training for weeks and weeks. Our healthcare workers feel trained and prepared."" -- @NYGovCuomo on treati",120,14,0,0,0,2,0,131186,2
170,2014-10-24,525624899935944705, Cuomo on Morning Joe: New York City Subway ridership this mroning is exactly normal.,85,6,0,0,0,1,0,131186,1
171,2014-10-24,525634598076952576, Gov. Cuomo on handling Ebola in New York City: I'm 'as confident as one can be' http://t.co/YvYjwk4NUP,103,8,0,0,1,1,0,131186,2
172,2014-10-24,525643309952155650," .@NYGovCuomo on treating Ebola in New York: ""We're ready"" http://t.co/eCEEV902rE http://t.co/l0L4SIv6DJ",104,39,0,0,1,2,1,131186,3
173,2014-10-24,525653695552176131,"Did you know? #Ebola is spread by directly touching bodily fluids of an infected person, not through the air or water http://t.co/xyOkeQPflX",140,49,19,1,0,0,1,131186,1
174,2014-10-24,525672477704212481,All 200 State hospitals are prepared if someone walks in w/ symptoms. 8 hospitals are designated for intensive treatment of Ebola patients.,139,9,2,0,0,0,0,131186,0
175,2014-10-24,525672715940687873,"We have undertaken a thorough &amp; coordinated effort alongside all relevant partners, from healthcare workers to local &amp; federal governments.",147,3,3,0,0,0,0,131186,0
176,2014-10-24,525672872421769216,"We are working closely with @HealthNYGov, @NYCHealthy and @CDCGov as well as @PANYNJ, @MTA and @NYSPublicSafety.",112,6,4,0,0,6,0,131186,6
177,2014-10-24,525672985764442113,Earlier this week @HealthNYGov joined @CDCGov @GNYHA @1199SEIU @PQCNews to train thousands of healthcare workers in NYC.,120,7,3,0,0,5,0,131186,5
178,2014-10-24,525673242481000448,"At JFK Airport, advanced screenings commenced using detailed questionnaires for passengers originating in 3 West African nations.",129,8,2,0,0,0,0,131186,0
179,2014-10-24,525682160603107328,The @MTA has health and sanitation protocols in place to keep its employees and customers safe.,95,18,10,0,0,1,0,131186,1
180,2014-10-24,525682287778598912,"As we learn about the first positive case for Ebola in NYC, New York State is prepared: http://t.co/7tcqD1IoDf",110,13,6,0,1,0,0,131186,1
181,2014-10-24,525724073427746816,Update to public schedule: We will be making an announcement with @GovChristie at 7WTC in NYC.,94,10,5,0,0,1,0,131186,1
182,2014-10-24,525734213069594624,Greeting one of NY's finest before jumping on the 1 train downtown http://t.co/4LlldNqmqV,89,13,15,0,0,0,1,131186,0
183,2014-10-24,525736795364147200,On the 1 train downtown to 4pm announcement with @GovChristie http://t.co/LmNFYgan93,84,8,10,0,0,1,1,131186,1
184,2014-10-24,525738100954513408,On the 1 train down to 7WTC for press briefing with @GovChristie http://t.co/UUmnz9PGJK,87,20,22,0,0,1,1,131186,1
185,2014-10-24,525746303046017025,Press briefing on Ebola with @GovChristie at 7WTC beginning now. http://t.co/Dn2S1X4HZZ,87,22,16,0,0,1,1,131186,1
186,2014-10-24,525746653857587200, LIVE NOW: @NYGovCuomo @GovChristie news conference on #Ebola. Watch live: http://t.co/qVs4XvRU3X @BreakingNews,111,7,0,1,1,4,0,131186,6
187,2014-10-24,525747393770565634,We will be increasing current Ebola screening procedures for people accessing NY/NJ borders. @PANYNJ,100,45,17,0,0,1,0,131186,1
188,2014-10-24,525747854368067584,The @CDCgov has determined that states have the right to determine their own Ebola screening and quarantine guidelines.,119,34,15,0,0,1,0,131186,1
189,2014-10-24,525749450300727296,These strengthened Ebola screening and quarantine procedures have already been put in place at @PANYNJ.,103,10,2,0,0,1,0,131186,1
190,2014-10-24,525750543785164800,A voluntary Ebola quarantine is not enough. This is too serious a public health situation. http://t.co/SP1q3PnOrY,113,71,53,0,0,0,1,131186,0
191,2014-10-24,525750666359500800, The action we are taking today is based on what we have been learning on the ground in both NY &amp; NJ. #Ebola,112,26,0,1,0,1,0,131186,2
192,2014-10-24,525767338218364928,Today I announced with @GovChristie additional screening protocols for Ebola at JFK and Newark Airports: http://t.co/GTGURNbFVl,127,25,16,0,1,1,0,131186,2
193,2014-10-24,525767921700573186,"Since taking office, I have erred on the side of caution when it comes to the safety and protection of New Yorkers.",115,13,21,0,0,0,0,131186,0
194,2014-10-24,525768261967704064,Steps include mandatory quarantine of medical personnel who had direct contact with Ebola patients traveling from affected countries.,133,18,29,0,0,0,0,131186,0
195,2014-10-24,525769215169421314,NY/NJ are establishing enhanced communication protocols between state health departments to coordinate on travel into Newark &amp; JFK Airports.,144,11,8,0,0,0,0,131186,0
196,2014-10-24,525769447403827200,"Today we launched a new State info line to answer public health questions about Ebola: 1-800-861-2280. For medical attention, call 9-1-1.",137,29,17,0,0,0,0,131186,0
197,2014-10-24,525769680254795777,This is an evolving situation and we will do whatever is needed to put the health and safety of the people first. http://t.co/GTGURNbFVl,136,27,32,0,1,0,0,131186,1
198,2014-10-25,525814527359987715,Photos from today's announcement with @GovChristie of additional Ebola screening protocols: https://t.co/aBj8zffDQo http://t.co/VWKbETOz6o,138,23,28,0,1,1,1,131186,2
199,2014-10-26,526504111924346880,Update to public schedule: @NYGovCuomo and @BilldeBlasio to hold briefing at 8pm,80,20,4,0,0,2,0,131186,2
200,2014-10-26,526513847231082496,Holding a briefing with Mayor @BilldeBlasio at our NYC office at 8 PM. Watch live on http://t.co/sU0oqY3Hur,107,24,10,0,1,1,0,131186,2
201,2014-10-26,526327635098750976,"At approx 7:40 AM, I will be a guest on COBA Radios Real Talk, Real Time with Norman Seabrook. Listen on 103.9 FM or http://t.co/8M0uVMXvku",139,3,6,0,1,0,0,131186,1
202,2014-10-27,526528243210268672,The care of Dr. Spencer at Bellevue Hospital has been proceeding very well. I want to applaud the team at Bellevue.,115,17,30,0,0,0,0,131186,0
203,2014-10-27,526528648413970433,"""My practice has always been to err on the side of caution, hope for best, prepare for worst."" #Ebola http://t.co/QPVotaMuV0",124,25,41,1,0,0,1,131186,1
204,2014-10-27,526529955749175296,Different states are developing their own Ebola protocols. We think these protocols are appropriate for our region.,115,35,45,0,0,0,0,131186,0
205,2014-10-27,526546988804751360,New York State Releases Fact Sheet on State Screening Protocols for Ebola at JFK International Airport: http://t.co/qhBHDOr7IH,126,35,19,0,1,0,0,131186,1
206,2014-10-27,526737578263724032, Happy 110th Anniversary @NYCTSubway. The1st train ran north fr City Hall to 145th St and Broadway 110 yrs ago today.  http://t.co/,131,122,0,0,1,2,0,131186,3
207,2014-10-27,526749345249378304,"$70 million in funding announced for 68 bicycle and pedestrian projects across NY, including accessible sidewalks: http://t.co/qrwUPxAnFK",137,14,22,0,1,0,0,131186,1
208,2014-10-27,526751060447477760,View my public schedule for May and June 2014 on Citizen Connects: http://t.co/XNXtrEmtAP,89,3,3,0,1,0,0,131186,1
209,2014-10-27,526789424022306817,Today I received #SmartSchools Commission final report on strategies to transform NY's schools for the 21st century: http://t.co/SKpW2ndzh4,139,3,1,1,1,0,0,131186,2
210,2014-10-27,526791769724563456,#SmartSchools report findings focus on expanding broadband &amp; wireless connectivity to support tech-enhanced learning: http://t.co/wcmRL4jCmg,144,8,3,1,1,0,0,131186,2
211,2014-10-27,526798060060700673,$4.4M in funding will strengthen network of locally-based emergency response infrastructure across NY: http://t.co/7XeGLpbqls @NYSDHSES,135,4,3,0,1,1,0,131186,2
212,2014-10-27,526798893485678593,View @NYSOMH's #PictureRecovery virtual art exhibit created by individuals recovering from mental illness: https://t.co/vrZcqpJVuI,130,7,4,1,1,1,0,131186,3
213,2014-10-27,526809197409611776,"Photos from #SmartSchools tour of Mineola Middle School, integrating tech into curriculum: https://t.co/CCeQYmkKLj http://t.co/TYFwHj7kwm",137,15,10,1,1,0,1,131186,2
214,2014-10-27,526839907369508866, .@NYGovCuomo speaking today with @ericschmidt on importance of equipping classrooms for future. Photo: @drewbiondo. http://,124,34,0,0,0,4,1,131186,4
215,2014-10-28,527117763727196163,Flags will be flown at half-staff tomorrow in honor of 61 people who lost their lives in Superstorm #Sandy in NY: http://t.co/G59BvCKSXq,136,47,22,1,1,0,0,131186,2
216,2014-10-28,527119135344295937,"As we mark 2 years after #Sandy, a moment of silence will be held at 8:00 PM tomorrow in memory of those lost and countless others impacted.",140,21,12,1,0,0,0,131186,1
217,2014-10-28,527143745981267969, Thanks to @NYGovCuomo for helping #LongIsland build back from storm damage and make our infrastructure more resilient for,122,5,0,1,0,2,0,131186,3
218,2014-10-28,527146458903232512,"In Suffolk County today, @NYGovCuomo, @TimBishopNY, @SteveBellone &amp; @edmangano announce new #Sandy recovery projects. http://t.co/sqZa0fppkJ",144,7,8,1,0,4,1,131186,5
219,2014-10-28,527165747915943937,Today with @LouiseSlaughter we announce start of construction on new Rochester Rail Station: http://t.co/BhxzqoiRT7 http://t.co/1q8Z5HKXRD,138,13,10,0,1,1,1,131186,2
220,2014-10-28,527169816000331776,"Raise a glass to New York State, named ""Wine Region of the Year"" by @WineEnthusiast. http://t.co/vAD4yv6951 #TasteNY http://t.co/H4yEFWyndM",139,103,65,1,1,1,1,131186,3
221,2014-10-28,527175085627822080,"Were investing in Suffolk County sewer projects to reduce harmful nitrogen pollution, bolstering coastal resiliency: http://t.co/fdAWbGdCLW",139,16,11,0,0,0,1,131186,0
222,2014-10-28,527179186767949824,Today were acting on #Sandys lesson and strengthening Long Islands coastal resiliency against future storms: http://t.co/YwvaTGd5zx,131,14,7,1,1,0,0,131186,2
223,2014-10-28,527182644623466496,"$39.5M in grants will improve water quality, reduce polluted runoff, restore aquatic habitats in each region of NY: http://t.co/xzAzPzFnbS",138,12,10,0,1,0,0,131186,1
224,2014-10-28,527183962108489728, Center for Clean Water Tech will establish NY as a global leader in clean water R&amp;D @NYGovCuomo @stonybrooku @SteveBellone,127,4,0,0,0,5,0,131186,5
225,2014-10-28,527184785580371968, Today @NYGovCuomo announced the establishment of a Center for Clean Water Technology @stonybrooku @NYStormRecovery http://t.co/,128,9,0,0,0,4,1,131186,4
226,2014-10-28,527185155450871808, Here is a rendering of what the platform will look like at the new Rochester Station. http://t.co/ELmyaXp0KE,109,6,0,0,0,1,1,131186,1
227,2014-10-28,527196908914098176, Report on coastal resiliency &amp; water quality on #LongIsland available http://t.co/S0OE4qigCO @NYStormRecovery @SteveBellone @ed,132,5,0,1,1,4,0,131186,6
228,2014-10-28,527240886908760064,"""New York Farms Get Hoppy,"" thanks to State's craft brewery legislation we signed in 2012: http://t.co/J3cwDJ5Vqi via @BW #TasteNY",130,10,10,1,1,1,0,131186,3
229,2014-10-29,527450154966999040, Update to schedule: @NYGovCuomo will be a call in guest on @MariaBartiromo at 10am,83,5,0,0,0,3,0,131186,3
230,2014-10-29,527478509157879808,Today marks the two-year anniversary of Superstorm #Sandy. Read our report on the State's recovery: http://t.co/sueTzSW6ki #SandyRecovery,137,21,4,2,1,0,0,131186,3
231,2014-10-29,527484404638044160,"#Sandy struck the NY metro region on Oct. 29, 2012, causing unprecedented damage to homes, infrastructure and our still-recovering economy.",139,10,7,1,0,0,0,131186,1
232,2014-10-29,527484529963835392,#Sandy demonstrated that NY as we know it faces a different reality of increasingly frequent extreme weather events that cannot be ignored.,139,8,7,1,0,0,0,131186,1
233,2014-10-29,527484657621680128,"We are literally reimagining our State from the ground up so that it is safer, stronger and more resilient than ever before. #SandyRecovery",139,11,5,1,0,0,0,131186,1
234,2014-10-29,527484854527463425," The State has supported the repair/ rebuilding of nearly 10,000 homes &amp; provided $20.8 million in grants to small busi",123,5,0,1,0,1,0,131186,2
235,2014-10-29,527486009567481857,#SandyRecovery outlines the State's progress in building back better and increasing resiliency. PDF report: http://t.co/TWGOBRJ7VI #NYRising,140,11,1,2,1,0,0,131186,3
236,2014-10-29,527498665959890944,A strategic fuel reserve in Upstate NY will help prepare for future severe storms and possible fuel emergencies: http://t.co/c8C5hln4NW,135,9,6,0,1,0,0,131186,1
237,2014-10-29,527501235931578368,"Staten Island suffered devastating losses two years ago due to #Sandy, destroying homes, businesses and livelihoods.",116,5,4,1,0,0,0,131186,1
238,2014-10-29,527501476214886400,Today we highlighted investment of $427 million to aid Superstorm #Sandy recovery on Staten Island: http://t.co/TaZ4rYaXu9 #SandyRecovery,137,9,3,2,1,0,0,131186,3
239,2014-10-29,527505412950863872,The State's Buyout &amp; Acquisition Initiative has extended 394 offers totaling $141M to Staten Island residents. #SandyRecovery,129,3,2,1,0,0,0,131186,1
240,2014-10-29,527535094727454720,"As we mark 2 years after #Sandy, join us in a moment of silence tonight at 8:00 PM in memory of those lost and countless others impacted.",137,32,29,1,0,0,0,131186,1
241,2014-10-29,527541539409391616,"Today we highlighted #SandyRecovery efforts in Oakwood Beach neighborhood, Staten Island: https://t.co/HPPNMi6hpn http://t.co/kn94BXKwKM",136,6,7,1,1,0,1,131186,2
242,2014-10-29,527544599103815681,Home demolition as part of State's Buyout &amp; Acquisition to convert land into natural coastal buffers #SandyRecovery http://t.co/i78pnpXPWj,142,7,13,1,0,0,1,131186,1
243,2014-10-29,527550395464155136,"""Our goal is not just to rebuild, but to build back a stronger Staten Island than ever before."" #SandyRecovery http://t.co/gifLxjPNfl",133,5,1,1,1,0,0,131186,2
244,2014-10-29,527604606134931456,"Join us for a moment of silence at 8:00 pm tonight, when #Sandy storm surge first began 2 years ago in NYC, in remembrance of those we lost.",140,31,19,1,0,0,0,131186,1
245,2014-10-30,527837527671980033,NYS and NYC to create program to encourage health care workers to travel to West Africa to treat Ebola patients: http://t.co/WMDGh1FFR2,135,6,5,0,1,0,0,131186,1
246,2014-10-30,527845680690528257,"#TBT to a Keuka Lake vineyard, 1921. Congrats to the industry: NYS named Wine Region of the Year by @WineEnthusiast http://t.co/m0CmbcUvJS",138,10,10,1,0,1,1,131186,2
247,2014-10-30,527871740865966080,"Today we announce two additional hospitals are now designated to treat #Ebola patients, both in Western NY: http://t.co/sdmX3Opwec",130,13,10,1,1,0,0,131186,2
248,2014-10-30,527880400732188672,"Saddened to hear of the loss of Mayor Tom Menino, one of America's great leaders who dedicated his life to serving the people of Boston.",136,15,17,0,0,0,0,131186,0
249,2014-10-30,527888761145655296,"$10.6M in funding will develop disaster-relief housing in Upstate NY, in areas previously battered by storms: http://t.co/6uAeEEn5It",132,6,4,0,1,0,0,131186,1
250,2014-10-30,527898390936711169,We're investing up to $3 million in Town of Keene for restoration and flood mitigation of Gulf Brook: http://t.co/eXxP3354cY,124,4,3,0,1,0,0,131186,1
251,2014-10-30,527908764163530753,"Today I signed bills expanding access to emergency medical treatment in schools, including epi-pen administration: http://t.co/b1uV4Hzibz",137,13,14,0,1,0,0,131186,1
252,2014-10-30,527837340023021571,We believe that public health in West Africa and the public health in New York are interconnected and both must be addressed.,125,4,4,0,0,0,0,131186,0
253,2014-10-31,527976798639124480," The grand prize, $1 million winner is ASi, LLC! http://t.co/ZUzcRbVy0y",71,23,0,0,0,1,1,131186,1
254,2014-10-31,527980348567977985,The @forty3north competition has proven to have been an incredibly successful way to showcase everything #Buffalo has to offer. #43North,136,3,9,2,0,1,0,131186,3
255,2014-10-31,527981873633722370,"Congratulations to #43North $1M grand prize winner ASi, LLC. Welcome to your new home in #WNY, a region on the move: http://t.co/m5n2hj3Xnp",139,17,12,2,1,0,0,131186,3
256,2014-10-31,528178889768460289,"Wishing all New York families a safe, fun and festive #Halloween. PIC: Pumpkins in the Finger Lakes http://t.co/BBbukIqzMU",122,17,23,1,0,0,1,131186,1
257,2014-10-31,528205598505316353,"Workers' compensation costs for employers will drop by $45 million, marking the second consecutive year of savings: http://t.co/AB8buGetl2",138,4,3,0,1,0,0,131186,1
258,2014-10-31,528215129595609088,"Enjoy food and craft beverages from 80+ local vendors at the #TasteNY Harvest Festival, Nov 1 at NYS Fairgrounds:  http://t.co/oUqGjOAG7S",137,9,4,1,1,0,0,131186,2
259,2014-10-31,528241277520064513,"We announce completion of the Sprain Brook Parkway Bridges Replacement, a #NYWorks project that supported 500 jobs http://t.co/m69QVHwvIL",137,6,9,1,0,0,1,131186,1
260,2014-10-31,528243278421192705,"With Sprain Brook Parkway project complete, 2,100 miles of roadway and 120 bridges have been improved under #NYWorks: http://t.co/Hr3zUvX7nu",140,4,8,1,1,0,0,131186,2
261,2014-10-31,528247727654989825,Today we recognized four @NYSDEC Police Officers honored for investigating major environmental crimes. http://t.co/BIpKGI4FbH,125,4,5,0,1,1,0,131186,2
262,2014-10-31,528248840668082176,Anyone witnessing an environmental crime is urged to contact @NYSDEC Police at 1-844-332-3267 or report it online: http://t.co/tjeMRNZbkJ,137,8,3,0,1,1,0,131186,2
263,2014-10-31,528261164585988096, Hats off to @NYSDEC's brave police officers for their recognition in fighting environmental crime. @NYGovCuomo http://t.co,123,3,0,0,1,3,0,131186,4
264,2014-10-31,528262125303906304,"This weeks #StateofNY features #SandyRecovery highlights, additional Ebola screenings, an honor from Elton John: http://t.co/KPXDUzqbLn",135,2,2,2,1,0,0,131186,3
265,2014-11-01,528577707685445633,"Driving habits are developed early, and texting while driving is unsafe, unacceptable and downright dangerous. http://t.co/lG8w1pgTGA",133,11,8,0,1,0,0,131186,1
266,2014-11-01,528622730678390785,"Dont forget to turn your clocks back one hour as #DaylightSavingTime ends Sunday, November 2nd at 2am.",102,19,11,1,0,0,0,131186,1
267,2014-11-01,528576879612399616,Law cracking down on youth texting while driving takes effect today: http://t.co/lG8w1pgTGA,91,19,16,0,1,0,0,131186,1
268,2014-11-02,528918732450848768," Today 50,000 runners will compete in the @nycmarathon! #tcsnycmarathon http://t.co/GAKnxk0DaQ CC: NYRR http://t.co/8Nyc4G3ukf",126,106,0,1,1,2,1,131186,4
269,2014-11-03,529284828345032706,One World Trade Center is a symbol of resilience of the people of NY. Statement on @CondeNast moving into #OneWTC: http://t.co/zrcDqFR8Vu,137,19,12,1,1,1,0,131186,3
270,2014-11-03,529288766301564928,"Today, as we open #OneWTC doors, we remember that strength and courage will always conquer weakness and cowardice. http://t.co/gRxhMSIvys",137,94,73,1,0,0,1,131186,1
271,2014-11-03,529353090999123968,"New townhomes completed in Buffalo's Fruit District will provide quality, affordable housing for East Side residents. http://t.co/mcO5yj35a6",140,8,12,0,0,0,1,131186,0
272,2014-11-03,529358671495434241,49 new townhomes will complement growing @BNMC and catalyze private investment in #Buffalo's Fruit Belt neighborhood: http://t.co/wJMoFTNXW6,140,5,6,1,1,1,0,131186,3
273,2014-11-04,529656830155575296,"Arriving with @SandraLee to vote in Mount Kisco, NY: http://t.co/YKhGmHynsW",75,26,46,0,0,1,1,131186,1
