,date,tweet_id,tweet_text,tweet_length,retweet_count,favorite_count,hashtag_count,url_count,user_mentions,media_count,follower_count,total_entities
0,2014-10-05,518747349158748160,"The very best part of life is family, for which I am so blessed. In this photo is my wife Katy, our two little... http://t.co/FUFBkeN8ch",136,0,0,0,1,0,0,628,1
1,2014-10-06,519132710334660610,"We can change government, but we must get active. Each of us must reach out to others and tell others to Vote... http://t.co/q12icrNahC",135,0,0,0,1,0,0,628,1
2,2014-10-06,518971364099649536,#Debate!  Come join us in Perry! Public invited to submit questions for debate - http://t.co/zHAMSTss12 #GoogleAlerts,117,1,1,2,1,0,0,628,3
3,2014-10-06,519101626356088832, Former @GOP candidate backs Libertarian for Georgia governor http://t.co/RFza21Ghzv #GAGov #GApol @AndrewHuntGA,112,1,0,2,1,3,0,628,6
4,2014-10-06,519101739476459520, Watch live: Ga. Gov. debate TUES 8:10p w/ @NathanDeal (R) @carter4governor (D) @AndrewHuntGA (L) on 13wmaz (dot) com. #gapol ,126,2,0,1,0,5,0,628,6
5,2014-10-07,519501078061387776,First major Governor debate is tonight about 8:10pm.  I will be presenting limited government for the People with... http://t.co/kOll6suz6e,139,2,0,0,1,0,0,628,1
6,2014-10-07,519462423297024001, Tonight's debates in Perry live statewide on GNN. @Perduesenate @MichelleNunnGA  @The_Swaff @NathanDeal @carter4governor,121,3,0,0,0,7,0,628,7
7,2014-10-07,519573064397230082,Very well received at the Georgia State Retirees Association.  I was last of three Gubernatorial candidates to speak.  Onto Perry debate!,137,0,0,0,0,0,0,628,0
8,2014-10-08,519677454684672000," .@AndrewHuntGA asks @carter4governor: How are we going to get, in your term, job creation through an education plan? #gagov",124,1,0,2,0,3,0,628,5
9,2014-10-08,519939405919055873,The debate clearly showed how different we are compared to Deal and Carter (DC). DC are smooth talking attorneys... http://t.co/qgzjyv2sp0,138,1,1,0,1,0,0,628,1
10,2014-10-08,519866860863766528,There are so many people working on ways to return our Constitutional rights and end corruption.  I will join in... http://t.co/i9Xa5jD9Oq,138,2,3,0,1,0,0,628,1
11,2014-10-08,519700700310151168,@srb2245 @MaxBlau Quality Review boards at hospitals and transparency of clinical outcomes. Bad doctors will be weeded out. #gapol #gagov,137,0,0,2,0,2,0,628,4
12,2014-10-08,519693550124945410,@srb2245 @MaxBlau we just greatly reduce the cases to those that are truly negligent.,85,0,0,0,0,2,0,628,2
13,2014-10-08,519678093204525056, Alma mater alert at work here: @AndrewHuntGA (GA Tech grad) wearing a gold tie #gapol #gagov #fashionmatters,109,1,0,3,0,2,0,628,5
14,2014-10-08,519678042474418179, .@AndrewHuntGA starts things off: We have the highest unemployment in the US. Our schools are suffering. I'll bring GA change.,127,1,0,2,0,2,0,628,4
15,2014-10-08,519677874458996737, .@AndrewHuntGA: We have to turn already lower education completely. We need to completely revamp it. More school choice is nee,127,1,0,1,0,2,0,628,3
16,2014-10-08,519677507625156608," .@AndrewHuntGA: Attorneys are great at speaking. We need an engineer like myself, and small businessman, to lead in office. #g",127,1,0,2,0,2,0,628,4
17,2014-10-08,519677358228262912, #Libertarian @AndrewHuntGA often claims he can get 5% unemployment. Says he would cut employee hiring tax to encourage jobs,124,2,0,3,0,2,0,628,5
18,2014-10-08,519677121950523393," .@andrewhuntga: Spaghetti junction overfunding is wrong. We need traffic light syncing. Yes, traffic lights! #gagov #gapol",123,1,0,2,0,2,0,628,4
19,2014-10-08,519676722183028737," .@andrewhuntga: I don't agree w/Obamacare. We need to run a better system here with things like medical co-ops, tort reform. #",127,1,0,1,0,2,0,628,3
20,2014-10-08,519676392506531841," @AndrewHuntGA I liked your statement about the ethics charges are just a drop in the bucket.  End cronyism, give us back o",123,1,0,1,0,2,0,628,3
21,2014-10-08,519676264085336066," Should Georgia have horse racing? Yes, says @AndrewHuntGA. Use it to spend on HOPE scholarship. #gagov #gasen",110,1,0,2,0,2,0,628,4
22,2014-10-08,519665577544007682,Opening statement from tonight's debate. We were well received and our ideas applauded throughout the session.... http://t.co/ZleUM9Aije,136,0,1,0,1,0,0,628,1
23,2014-10-09,520298238008918016,Being attacked means we are a true threat! Trying to label Hunt as a socialist is about as extreme a lie as the... http://t.co/Ffp8AW6GMU,137,2,1,0,1,0,0,628,1
24,2014-10-10,520386660186742785,@nick4iezos Hunt for Governor listens to people and alters perspective when rational reasons are presented. #Constitution #liberty,130,2,2,2,0,1,0,628,3
25,2014-10-10,520590893947301889,Any company board would fire the CEO if they were one of the worst performers in 10 areas.  Wake-up voters and... http://t.co/USjOvNoJkM,136,2,1,0,1,0,0,628,1
26,2014-10-10,520388664388759552," Most concrete policy proposal? Timing #atl traffic lights from @AndrewHuntGA who lamented Carter &amp; Deal's ""small ideas"" #dyi",129,2,0,3,0,2,0,628,5
27,2014-10-10,520387972877656064," Save the Date: Oct 19th @7pm on @gpbnews &gt; Gov of GA #APCDebates with @carter4governor, @NathanDeal &amp; @AndrewHuntGA http:",129,8,0,1,1,6,0,628,8
28,2014-10-10,520387247502532608,@asacdst great gathering.  Was glad I could make it. #MetroaltDST,65,1,1,1,0,1,0,628,2
29,2014-10-12,521359741529104384,"Hunt for Governor stickers, these were designed by my oldest child, Andrea Hunt. If you have a group or... http://t.co/P595i7LzD8",129,0,0,0,1,0,0,628,1
30,2014-10-13,521725574155628545,Early voting starts today and already tweets about voting @AndrewHuntGA.  Double up efforts reaching to people... http://t.co/VkjF39H45S,136,1,0,0,1,1,0,628,2
31,2014-10-13,521481645187403777,@nick4iezos #HuntforGovernor isn't sold out to special interest groups.,71,1,0,1,0,1,0,628,2
32,2014-10-13,521710310042791937," With courage and enthusiasm, I just voted early for @AndrewHuntGA",66,1,0,0,0,2,0,628,2
33,2014-10-13,521711277723631617,@tyler75 Thanks. We can do this if all become active like this and let others know the momentum is moving! #HuntForGovernor #SayNo2DC,133,1,0,2,0,1,0,628,3
34,2014-10-14,522090690705362944,We can go all the way if we all actively spread the message!  There are articles about #HuntforGovernor even in... http://t.co/L91cff4o3E,137,3,0,1,1,0,0,628,2
35,2014-10-15,522402035044737024,I just read that Deal thinks water kills Ebola. (Ebola actually requires water in order to be active.) Ebola... http://t.co/hytDOl3cDg,134,1,0,0,1,0,0,628,1
36,2014-10-15,522198809141837824,It is tragic that any life is ever lost in Georgia and traffic accidents take too many lives too soon.  More than... http://t.co/IardDsEMlq,139,0,0,0,1,0,0,628,1
37,2014-10-16,522770722075475968,"@nick4iezos sadly sometimes one has to use strong language to get media coverage, but if this helps save lives then we must. #SayNo2DC",134,0,0,1,0,1,0,628,2
38,2014-10-16,522771419193942016,"@MaxBlau @NathanDeal If it can help saves lives by getting more coverage, then it is okay to use strong language. Wish not needed.",130,1,0,0,0,2,0,628,2
39,2014-10-16,522838241276203011,Lib. Candidate Andrew Hunt to Shape Ga. Gubernatorial Race http://t.co/AJSGLAGeuS  @DavidForGeorgia #GOP #Dems #gapol http://t.co/ZaRfeo08HC,140,2,1,3,1,1,1,628,5
40,2014-10-16,522772283753259008,@MaxBlau @NathanDeal  Might be that Deal was just trying to control people emotions and actually knew better? Let us know Deal.,127,0,0,0,0,2,0,628,2
41,2014-10-16,522548555190648832,"I will be on The Herman Cain Show at 10:35am Oct 16th, some questions will come from the radio shows Twitter... http://t.co/SgAib7S1Po",134,0,1,0,1,0,0,628,1
42,2014-10-16,522766972774535168,Please join me in insisting that Governor Deal correct his public statement about water killing Ebola. Effective... http://t.co/uUDqq79z0f,138,0,0,0,1,0,0,628,1
43,2014-10-16,522767221203156992,Please join me in insisting that Governor Deal correct his public statement about water killing Ebola. Effective... http://t.co/U5wFhqCqfo,138,2,1,0,1,0,0,628,1
44,2014-10-16,522769952520953858," On Herman Cain show, @AndrewHuntGA says he won't be a lawmaker, but ""a law eraser."" Wants to refund payroll taxes for Ga. b",124,1,0,1,0,2,0,628,3
45,2014-10-17,523174070515675136, .@KittredgeMagnet thanks .@AndrewHuntGA for stopping by to talk nanotechnology with 6th grade! #gtalumni http://t.co/hOZ2GRCf,126,2,0,1,0,3,1,628,4
46,2014-10-17,523156063139692544,It is mathematically impossible for a vote for Hunt to cause either Carter or Deal to win. The governor's race is... http://t.co/aJBUFNZXgX,139,0,0,0,1,0,0,628,1
47,2014-10-17,523174852208119809, @mxhess @wyllieforgov @andrewhuntga 2014 Libertarian Candidates for Governor: http://t.co/Gm3lSEhTum,101,4,0,0,1,4,0,628,5
48,2014-10-17,523174458727890944,@SueAtSea @KittredgeMagnet great group of kids that will make positive impact in the future.  Great teaching!,109,2,1,0,0,2,0,628,2
49,2014-10-17,523178952282877952,@jeffsiegel @mxhess @WyllieForGov best for your efforts also!,61,0,1,0,0,3,0,628,3
50,2014-10-18,523480704714543104,"GBP televised debate on Sunday 7-8pm; Hunt for the People verses the attorney politicians, Deal and Carter, for... http://t.co/VIEXL2nBIQ",137,2,1,0,1,0,0,628,1
51,2014-10-19,523971100003536898,Almost debate time!  #gagov proud to have daughter in live crowd....shhhh.  #APCDebates http://t.co/XlmZIJEgjx,110,0,3,2,0,0,1,628,2
52,2014-10-20,524325091803295744," @AndrewHuntGA @rjmedwed Andrew made a fair point imo about paper trail. Canada uses paper ballots, gets results quicker tha",124,1,0,0,0,3,0,628,3
53,2014-10-20,524007466619928577,How do you think the debate went? Please become more active spreading the news; hunt for Hunt on the ballot.,108,0,1,0,0,0,0,628,0
54,2014-10-20,524016483874381824,"@rjmedwed it would be blind record, so no visibility back to individual voter but solid verification vs. electronic",115,1,0,0,0,1,0,628,1
55,2014-10-20,524024036196892672," Andrew Hunt &amp; Jason Carter Demolish Nathan Deal in Debate, Did your tweet make the cut? http://t.co/OxiqcHODfV #APCDeb",123,2,0,3,1,1,0,628,5
56,2014-10-20,524034128594108416," Georgia gubernatorial race: Nathan Deal under attack during Sunday's debate
http://t.co/z4ndALIpW1
#gapol #gagov #apcdebates",125,1,0,3,1,1,0,628,5
57,2014-10-20,524307270193004544,"Deal, Carter, Hunt Clash in Debate, by Walter Jones (link below)
Dr. Hunt aks ""Mr. Deal.  Sadly a bottom 10... http://t.co/QGZJeAMZz3",133,0,0,0,1,0,0,628,1
58,2014-10-20,524324384396156928, And #Libertarian @AndrewHuntGA has another television ad hitting the airwaves http://t.co/runxabBXlU #gagov #gapol,115,1,0,3,1,2,0,628,6
59,2014-10-20,524324637870546946,@nick4iezos ran 7 times in Macon over weekend they aired the Perry debate.,74,0,0,0,0,1,0,628,1
60,2014-10-20,524325495266344960,@SueAtSea thanks Sue!  We all must let the People know #huntForHunt,67,0,0,1,0,1,0,628,2
61,2014-10-20,524325614426140673, @wsbtv @WSBTVNewsdesk the race heat up because of @AndrewHuntGA Carter had a poor performance sounding more intown and out of ,127,1,0,0,0,4,0,628,4
62,2014-10-20,524327001235009536,@JimWeedlover @nick4iezos let's get the People activated and #huntForHunt as they all go vote.,94,1,1,1,0,2,0,628,3
63,2014-10-21,524573108892864512,I am personally thanking all media that are presenting a 3 person race for Governor. Our opinions and ideas are... http://t.co/caw9WXjxRv,137,0,3,0,1,0,0,628,1
64,2014-10-22,524943046203682817,"With Andrew Hunt as our governor, Georgia will have less than 5% unemployment and become a top-20 state in... http://t.co/Z2xykWM41L",132,1,1,0,1,0,0,628,1
65,2014-10-23,525375817044721664,Here is a link to Andrew Hunt for Governor interview on The Herman Cain Show last week. It was an honor to be on... http://t.co/zwcYtqjZOa,138,0,0,0,1,0,0,628,1
66,2014-10-23,525083431487938560,When are you planning to vote? Take advantage of early voting or go on Nov. 4th. Please spread the word about... http://t.co/qETJAscvvE,135,0,0,0,1,0,0,628,1
67,2014-10-24,525627451171667968, @AndrewHuntGA appears to be the only person that is interested in transforming GA into a state of the 21st century.,116,2,0,0,0,2,0,628,2
68,2014-10-24,525641846161416192,@robyoon this is after most Hunt votes are removed because they are 'unlikely' to vote. Get all to Vote! #sayno2DC #HuntforGovernor,131,0,0,2,0,1,0,628,3
69,2014-10-24,525486259083689985,@nick4iezos @carter4governor @GovernorDeal with Georgia having highest corruption rating do the current politicians have morals?,128,1,0,0,0,3,0,628,3
70,2014-10-24,525660029547216896,More dissatisfied democrats rally support for Hunt for Governor. The Arena Show hosts endorse me in the video... http://t.co/sIgb39a8Lm,135,1,0,0,1,0,0,628,1
71,2014-10-24,525749754861748224,"Final debate is Sunday at 6:30pm on WSB-TV and radio (Atlanta), WSAV-TV in Savannah, C-SPAN in multiple states,... http://t.co/TWGmbXTFZh",137,1,0,0,1,0,0,628,1
72,2014-10-24,525486706309726208, GA Governor Debate http://t.co/KAUYkjFmhB @AndrewHuntGA @NathanDeal @Carter4governor @BrendaWoodWXIA @politicalinsidr @Ki,122,2,0,0,1,8,0,628,9
73,2014-10-24,525627320514920448," New CNN/ORC Poll (#GAgov)
@Carter4Governor (D) 48%
@NathanDeal (R) 46%
@AndrewHuntGA (L) 6%
LVs Oct 19-22; 4%",110,3,0,1,0,4,0,628,5
74,2014-10-25,526095497912926208,@atomicxblue there should not be a penalty for providing quality jobs.  Just correcting this terrible tax!,106,1,0,0,0,1,0,628,1
75,2014-10-25,526150407161405440,"@atomicxblue instead of money going to only major corporate or groups, Hunt plan goes to all quality job providers",114,0,0,0,0,1,0,628,1
76,2014-10-25,526095730826833920,@RussellSauve thanks!,21,0,0,0,0,1,0,628,1
77,2014-10-25,526149352965038080,@atomicxblue that makes no sense.,33,0,1,0,0,1,0,628,1
78,2014-10-25,525813249271676928,@LoriGearyWSB @LandmarkCommGA @GovernorDeal @carter4governor after they removed most of Hunt voters as unlikely. Time will tell.,128,0,0,0,0,4,0,628,4
79,2014-10-25,526094855777550336, Our Gov debate airs live Sunday on @wsbtv &amp; @cspan @ 6:30pm. Got any questions for @GovernorDeal or @carter4governor or @,126,7,0,1,0,6,0,628,7
80,2014-10-26,526167159295475712, Hunt for Governor campaign song for #Libertarian Candidate @AndrewHuntGA http://t.co/r3fV4YrPpi @OrinDLincoln #gagov #g,120,3,0,5,1,3,0,628,9
81,2014-10-26,526442365838323712,I challenge @NathanDeal &amp; @carter4governor to make the pledge http://t.co/YoiWSf7fod @LoriGearyWSB #libertarian #gagov #gagop #gadems #gapol,144,0,0,5,1,3,0,628,9
82,2014-10-26,526444614144638977,I @AndrewHuntGA challenge @NathanDeal &amp; @carter4governor to make the pledge #gagov #gapol #libertarian #gagop #gadems http://t.co/VOQ2Moe4I4,144,3,2,5,0,3,1,628,8
83,2014-10-26,526447690343645185, #GAGov race is on @cspan's mind Sunday LIVE 630p w/debate btwn @NathanDeal @carter4governor  @AndrewHuntGA via @wsbtv http,123,1,0,1,1,6,0,628,8
84,2014-10-26,526448871342223360, http://t.co/OvO6nPZ9Zh via @FlagpoleMag That's why I'm voting for @AndrewHuntGA and @The_Swaff,95,1,0,0,1,4,0,628,5
85,2014-10-26,526452801812312066," If you vote for @AndrewHuntGA, you're NOT wasting your vote. You're voting principle and that's how it should always be.",121,3,0,0,0,2,0,628,2
86,2014-10-26,526453299793248256," Although I gotta say, hunt for Hunt is a catchy slogan. @AndrewHuntGA #gapol",77,1,0,1,0,2,0,628,3
87,2014-10-27,526531266372710401,Just finished the final debate. (Never debated before these 3 and never any classes or coaching.) They seemed to... http://t.co/c9JndHOLG5,138,1,1,0,1,0,0,628,1
88,2014-10-27,526537721523613697,Get everyone to Vote and hunt for Hunt when they do.  Picture of my biggest supporters watching the debate from home. http://t.co/dqjk5KVfsR,140,1,0,0,0,0,1,628,0
89,2014-10-27,526537941720383488, @AndrewHuntGA I thought you did an excellent job. I have no idea why voters keep voting for the status quo that fail u,119,1,0,0,0,2,0,628,2
90,2014-10-27,526538968469225472, @AbeedB @AndrewHuntGA He's got my vote.,40,1,0,0,0,3,0,628,3
91,2014-10-27,526539261202292737, It's clear to me now who needs to be governor of Georgia. @AndrewHuntGA #YourVoteon2,85,1,0,1,0,2,0,628,3
92,2014-10-27,526541437937410048,@jeffnews you are right!   Wish had more chance to answer than they gave me.,76,0,3,0,0,1,0,628,1
93,2014-10-27,526550491648782338, I did not know that @AndrewHuntGA is also running for Gov until debate tonight. @ajc why was he not in the paper w/other c,123,5,0,0,0,3,0,628,3
94,2014-10-27,526724023799930880,"""A vote for @AndrewHuntGA means that you're going to have fairness and freedom and not cronyism.""  http://t.co/xNL4VlOhwL #gagov #gapol",135,1,0,2,1,1,0,628,4
95,2014-10-27,526743701154828288,"VIDEO:  Deal, Carter, Hunt face off in tense gubernatorial debate http://t.co/lpDXTdj1g5 @wsbtv #libertarian #gagov #gapol #gagop #gadems",137,1,1,5,1,1,0,628,7
96,2014-10-27,526754573457690625, Liberty rings strong with all people!  LP welcomes all that want to end government mistreatment and control over... http://t,125,1,0,0,1,1,0,628,2
97,2014-10-27,526756896594591744, At 1pm #640WGST will replay Gov Debate from Perry between @GovernorDeal @carter4governor &amp; @AndrewHuntGA! #gapol http://t.co/a,131,4,0,2,1,4,0,628,7
98,2014-10-27,526767978260750336,Are you following @AndrewHuntGA on Twitter? #gagov #gapol http://t.co/7hCqARz9y1,80,2,1,2,1,1,0,628,4
99,2014-10-27,526788612558708736,"People of Georgia, do you believe that the way each governor candidate runs his campaign indicates how he will... http://t.co/CwtNAMBRNI",136,0,0,0,1,0,0,628,1
100,2014-10-27,526869678539669504," 8 days to voting day Georgia, vote Gov candidate @AndrewHuntGA #libertarian",76,1,0,1,0,2,0,628,3
101,2014-10-27,526869762849374211, @The_Swaff and @AndrewHuntGA are legit contenders in the gub and senate race. Both have my vote and the voters who vote DorR ar,128,1,0,0,0,3,0,628,3
102,2014-10-27,526869820797906945, First ever tweet!  It's time we seek #freedom from the #duopoly by voting #Libertarian this election in #gapol!  @Andrew,121,1,0,4,0,3,0,628,7
103,2014-10-27,526871094746447873,@RichardButon see my pledge and solutions @andrewhunt.us # jobs # education #freedom #fairness #gapol,101,0,0,3,0,2,0,628,5
104,2014-10-27,526871632212942848,@RichardButon school choice and no common core are big first steps and educational savings account like AZ. #gapol #sayno2DC,124,0,0,2,0,1,0,628,3
105,2014-10-27,526536011560394753," The Ga. Gov. debate;
@carter4governor http://t.co/DrPjwOjoge

@NathanDeal 
http://t.co/8DRuBDI7ah

@AndrewHuntGA http://t",122,1,0,0,3,4,0,628,7
106,2014-10-28,526936866688208896, #libertarian #tlot Libertarian Candidate Andrew Hunt to Shape Ga. Gubernatorial Race - IVN New... http://t.co/bSjanrUbcE,121,2,0,3,1,1,0,628,5
107,2014-10-28,526935626268958721, THANK YOU Andrew Hunt for standing up for our 2nd amendment rights!  #YourVoteon2,82,6,0,1,0,1,0,628,2
108,2014-10-28,526935995950718977," Andrew Hunt, Libertarian candidate for governor:""I am one of the very 1st Montessori kids in our state."" #gapol #GSSA h",120,1,0,2,0,1,1,628,3
109,2014-10-28,526937587378683907, RT @politicalinsidr Libertarian Andrew Hunt to pick up a Nathan Deal rivals support http://t.co/jGVvLlLQqa,107,2,0,0,1,2,0,628,3
110,2014-10-28,527108674851209216," You've got two choices in the #GAgovernor election. You can vote for one of the Democrats, or you can vote for Libertarian @An",127,3,0,1,0,2,0,628,3
111,2014-10-28,527108739527352320, @GAPolitical @AndrewHuntGA all the way!!!,42,1,0,0,0,3,0,628,3
112,2014-10-28,527108791452852224," Me and the next governor of Georgia, Andrew Hunt. #gapol @AndrewHuntGA #GTalumni #freedom #gagov http://t.co/99z92bUk5u",120,1,0,4,0,2,1,628,6
113,2014-10-28,527109023800496128, GEORGIA 7 days until voting day vote #libertarian @AndrewHuntGA,64,1,0,1,0,2,0,628,3
114,2014-10-28,527189461088894977,Make your vote really mean something; vote Andrew Hunt as Governor. Any vote for either Deal or Carter or not... http://t.co/zwKaWKd4Bl,135,3,0,0,1,0,0,628,1
115,2014-10-28,527190772269854720,Why a Libertarian candidate supports Medicaid expansion | Political Insider blog http://t.co/Sngboyk52u via @sharethis,118,0,0,0,1,1,0,628,2
116,2014-10-28,527211921053736960, RT .@rawdawgbuffalo: GEORGIA 7 days until voting day vote #libertarian @AndrewHuntGA,85,7,0,1,0,3,0,628,4
117,2014-10-28,527213051859058688," Andrew Hunt: ""It's a night and day choice."" Asks for vote in final closing statement of the debate #YourVoteon2",112,2,0,1,0,1,0,628,2
118,2014-10-28,527242065323626496," I just cast my vote for the only candidate that I think is right for the job, of governor of Georgia. @AndrewHuntGA.",117,1,0,0,0,2,0,628,2
119,2014-10-29,527251032141615104, I just cast my vote! @The_Swaff @AndrewHuntGA #Libertarian #postthepeach,73,1,0,2,0,3,0,628,5
120,2014-10-29,527252363338199040,Why a Libertarian candidate supports Medicaid expansion | Political Insider blog http://t.co/Sngboyk52u #gagov #gapol http://t.co/hbUGKM7rQg,140,2,2,2,1,0,1,628,3
121,2014-10-29,527271051794063360,"@Arshia_13 @MichelleNunnGA @carter4governor we need a broad range medical cannabis allowance ASAP, studies show it's the best for many.",135,1,0,0,0,3,0,628,3
122,2014-10-29,527272411478384640,"@rawdawgbuffalo @Ashley_S_W @BigBoi Endorsement by many wonderful People from a wide range of backgrounds,  so it really is We the People!",138,1,0,0,0,3,0,628,3
123,2014-10-29,527272737900101632,"@Arshia_13 @MichelleNunnGA @carter4governor with the right leader explaining it right,  it can happen.",102,1,0,0,0,3,0,628,3
124,2014-10-29,527277526444691456, @AndrewHuntGA @MichelleNunnGA @carter4governor Nunn &amp; Carter probably think that it will hurt their campaign to talk about m,129,1,0,0,0,4,0,628,4
125,2014-10-29,527283204232065024, @AndrewHuntGA @MichelleNunnGA @carter4governor I assume BIG corporations already own Carter,92,1,0,0,0,4,0,628,4
126,2014-10-29,527290787172974592, Illegal Everything https://t.co/m2aEoBJ9nd #libertarian,56,1,0,1,1,1,0,628,3
127,2014-10-29,527423880038993920,Hunt will expose in order to end corruption in Georgia. I was alerted that Deals campaign manager and long time... http://t.co/NgVaUVZuil,137,0,1,0,1,0,0,628,1
128,2014-10-29,527512395321602048,.@AndrewHuntGA says factory expansion could help @GovernorDeals friends. http://t.co/oscEiVyqTr #corruption #gagov #gagop #gadems #gapol,136,0,0,5,1,2,0,628,8
129,2014-10-29,527513613981220864,It's time to get out and be seen! I want to encourage each of you to get together with one or two friends and... http://t.co/GpVf2YhC3o,135,0,0,0,1,0,0,628,1
130,2014-10-29,527514349472993280," we need a doctor to help our healthcare, we need a libertarian to expose &amp; end the corruption in Georgia @AndrewHuntGA",123,1,0,0,0,2,0,628,2
131,2014-10-29,527514722816360449,How big pharmas money stopped medical marijuana in Georgia. http://t.co/uzXe6EfhC8 @GovernorDeal @NathanDeal #gagov #gagop #gadems #gapol,137,0,0,4,1,2,0,628,7
132,2014-10-29,527521698875047937," In #gapol, a vote for one candidate does not help another. @AndrewHuntGA #gagov #gagop #votewithyourheartandmind http://t.co",125,1,0,4,0,2,1,628,6
133,2014-10-29,527528497514704896, Rough day for @carter4governor who first got called out for a FLORIDA plate and then tried covering up. #gapol #gagov htt,122,10,0,2,0,2,1,628,4
134,2014-10-29,527528669636358144, Watching two debates at once #feelingcrazy #gasen #gagov http://t.co/zwlX6L2FZo,80,1,0,3,0,1,1,628,4
135,2014-10-29,527571683260235778, @GovernorDeal you think breaking rules and being punished less than what the guidelines state is still 2 much.  I'll b ,120,1,0,0,0,3,0,628,3
136,2014-10-29,527571973162168320," I've put my foot down. I will never vote for a statist again, D or R. @AndrewHuntGA and @The_Swaff are the only logical cho",124,1,0,0,0,3,0,628,3
137,2014-10-29,527572036525498368, Just voted in my first election for @AndrewHuntGA and @The_Swaff #gapol #gagov,79,1,0,2,0,3,0,628,5
138,2014-10-29,527573399728816129,VOTE #HuntForGovernor Polls open till Halloween &amp; Nov. 4th.  @AndrewHuntGA @NathanDeal @carter4governor #gagov #gapol http://t.co/sKbW2ZRk2j,144,0,1,3,0,3,1,628,6
139,2014-10-29,527592529341198337, ANDREW HUNT FOR GEORGIA GOVERNOR,33,1,0,0,0,1,0,628,1
140,2014-10-29,527592867897032704," A week from now, will @LPNational Andrew Hunt be Georgia's most powerful politician? http://t.co/fbXsVkTKJQ #gapol #Elec",121,1,0,2,1,2,0,628,5
141,2014-10-29,527594867317571587, My first tweet! Leadership Institute webinar on digital outreach! #huntforgovernor @AndrewHuntGA @ErickaAndersen http://t.co,125,1,0,1,0,3,1,628,4
142,2014-10-29,527595761119551488," That @NathanDeals argument boils down to whos been here longer is telling. Id rather have the best, not the oldest. #gapol",123,3,0,2,0,2,0,628,4
143,2014-10-29,527596469688492033," So we learned that when  Carter, Hunt, &amp; audience questions challenge Deals record, all hes got is I reject your facts.",124,10,0,2,0,1,0,628,3
144,2014-10-29,527596620914102272," Yes Mr. Hunt, you are very different. #gagov",45,2,0,1,0,1,0,628,2
145,2014-10-29,527597017963704321," .@AndrewHuntGA: ""We need higher paying jobs and more full-time jobs."" My plan will be better than raising minimum wage. #gapol",127,1,0,2,0,2,0,628,4
146,2014-10-29,527597579488747520, More questions than answers on Copart sale. Deal also late on property taxes  http://t.co/71AS4sbiXl #gagov #gapol #ga,119,3,0,5,1,1,0,628,7
147,2014-10-29,527599984171307008,How did @NathanDeal get rich? http://t.co/HO3BD6rZov VOTE #HuntForGovernor on Nov. 4. @LPNational #libertarian #gagov #gapol #gagop #gadems,139,1,1,6,1,2,0,628,9
148,2014-10-29,527600707218964480, Oh. @NathanDeal &amp; his Public Health appointee (!) are spreading that *washing your hands* kills ebola. #gagov #gapol http:/,128,12,0,2,0,2,1,628,4
149,2014-10-29,527605896256696320,"MORE BAD NEWS. WEBSTERS DICTIONARY IS CHANGING THE SPELLING OF  SCANDAL TO SCANDEAL"" #gagov #gagop #gadems #gapol http://t.co/36C5dhfzFd",136,6,3,4,0,0,1,628,4
150,2014-10-29,527607327768469504, @AndrewHuntGA Great to meet you and your daughter. An #engineer in the #Governor's office -- an interesting prospect.,118,2,0,2,0,2,0,628,4
151,2014-10-29,527251133819920384, Neither @MichelleNunnGA nor @carter4governor will answer my question: what do you think about medical cannabis reform? @Andr,125,1,0,0,0,4,0,628,4
152,2014-10-30,527946983487447041, @AndrewHuntGA @GovernorDeal #snowpocalypse exposed that our transportation network is woefully inadequate. Lexus lanes are,123,1,0,1,0,3,0,628,4
153,2014-10-30,527833938949984257," Gov candidate @AndrewHuntGA on @NathanDeal's Ebola remarks: ""How can we have such an idiot running our state?"" http://t.co/T2E",127,3,0,1,1,3,0,628,5
154,2014-10-30,527947154086580225, Apparently @andrewhuntga just remembered that he had a twitter account. Nothin like RTs from 10 days ago to get you fired up,125,1,0,1,0,2,0,628,3
155,2014-10-30,527613303086800896," @AndrewHuntGA will get my vote #YourVoteon2 I agree every tax payer should benefit from HOPE, not just the poor.",113,2,0,1,0,2,0,628,3
156,2014-10-30,527613740921786368," @AndrewHuntGA Congrats, you have my vote. :)",45,1,0,0,0,2,0,628,2
157,2014-10-30,527614738868338688, @AndrewHuntGA Thanks for following! Enjoyed watching the debate tonight and learning your stances. #YourVoteon2,112,1,0,1,0,2,0,628,3
158,2014-10-30,527615185331036160, @ScareeSharee: @talley_christy @wsbtv @AndrewHuntGA he seemed to be the only one that answered the questions. Agreed!!,119,1,0,0,0,5,0,628,5
159,2014-10-30,527615377644060672, #YourVoteon2 happy I watched I'm tired of politics as usual... @AndrewHuntGA has my vote!,90,3,0,1,0,2,0,628,3
160,2014-10-30,527615626181767168, @talley_christy @wsbtv @AndrewHuntGA he seemed to be the only one that answered the questions.,95,1,0,0,0,4,0,628,4
161,2014-10-30,527616620806434816, @nick4iezos @AndrewHuntGA We need you and we have got to get that rich mans puppet out of office. 2 companies in N. Ga is,122,1,0,0,0,3,0,628,3
162,2014-10-30,527617079969464320, @AndrewHuntGA Great job distinguishing yourself from 2 more lawyers! GA needs new ideas!,89,1,0,0,0,2,0,628,2
163,2014-10-30,527617251931725826," .@AndrewHuntGA I want to bring gov't back to the people, for the people. #APCDebates",85,1,0,1,0,2,0,628,3
164,2014-10-30,527617401068601345, .@AndrewHuntGA: I will bring cost effective solutions. I want to put my patents to work for you. Bring government back to,122,1,0,0,0,2,0,628,2
165,2014-10-30,527617686549708800," @AndrewHuntGA (L): ""You have a third choice. Don't stay home."" #gapol #APCDebates",82,2,0,2,0,2,0,628,4
166,2014-10-30,527617832431779840, .@AndrewHuntGA: We have to open voting as much as we can. #APCDebates,70,2,0,1,0,2,0,628,3
167,2014-10-30,527618038430851072, @AndrewHuntGA where have you been? Impressive that's YOU! #APCDebates,70,1,0,1,0,2,0,628,3
168,2014-10-30,527618215036207104," ""If there was any way to end this cycle of poverty we have, it's education"" - @AndrewHuntGA #APCDebates",104,1,0,1,0,2,0,628,3
169,2014-10-30,527618291896819713, @AndrewHuntGA are you running for governor or a national office? #APCDabates #gapol,84,1,0,2,0,2,0,628,4
170,2014-10-30,527618406816555008, .@andrewhuntga: Our education system is completely broken. We need to look at how better countries are doing it. We have ,122,1,0,0,0,2,0,628,2
171,2014-10-30,527618629764804608, @NathanDeal you looked pathetic and weak #weknownathan,55,1,0,1,0,2,0,628,3
172,2014-10-30,527619055457275905, My former teacher a huge @THEHermanCain fan is voting for @Perduesenate but says she cannot support @NathanDeal That is h,122,1,0,1,0,4,0,628,5
173,2014-10-30,527619291202326528," View from the inside. @NathanDeal stormed out of studio, furious after the debate. Didn't even say thank you. Says everythin",125,25,0,1,0,2,0,628,3
174,2014-10-30,527619347838017538, I keep meeting more and more Georgia Republicans who are voting for @Perduesenate but AGAINST @NathanDeal for Governor #H,122,1,0,2,0,3,0,628,5
175,2014-10-30,527620514131374080," ""It's not determined if they owe back taxes."" That is a quote from @NathanDeal about Copart. @PolitiFactGA what say you? ",122,1,0,2,0,3,0,628,5
176,2014-10-30,527622087700013057," New scandal: @NathanDeal overpaid $115 million into the WIC program -- to vendors, not poor mothers, of course http://t.co/",124,5,0,1,1,2,0,628,4
177,2014-10-30,527622160659914753," Gosh, but I thought these charges against @NathanDeal had been dismissed, or were 'technical.' http://t.co/pOoobxmCdT #gapol",125,4,0,1,1,2,0,628,4
178,2014-10-30,527623001517223936, @AndrewHuntGA Id love for @wsbtv to give you a fair chance Sad they haven't... When you are allowed to talk you're kill,120,4,0,1,0,3,0,628,4
179,2014-10-30,527623214264889344," Oh, wait, we invited @AndrewHuntGA, yall. Maybe we should let him talk for a minute?#gapol #YourVoteon2",104,1,0,2,0,2,0,628,4
180,2014-10-30,527623570713632769, @wsbtv @GovernorDeal @carter4governor @AndrewHuntGA  why is Deal so out of touch w mainstream ga when in 90's was reason he swi,128,1,0,0,0,5,0,628,5
181,2014-10-30,527625459446460416,.@Arshia_13 Here's the last debate: http://t.co/AyrLby5kMm  #VoteEarly #HuntForGovernor #libertarian #gagov #gagop #gadems #gapol,129,0,1,7,1,1,0,628,9
182,2014-10-30,527638011173818368,.@GovernorDeal's #ethics scandals: 13 names you need to know right now. http://t.co/RqAHJ4nI6Z #HuntForGovernor #gagov #gagop #gadems #gapol,140,0,0,6,1,1,0,628,8
183,2014-10-30,527642036321533953,David Pennington Endorses @AndrewHuntGA for Governor. http://t.co/uNBISGMn6O @DavidForGeorgia #HuntForGovernor #gagov #gagop #gadems #gapol,139,1,0,5,1,2,0,628,8
184,2014-10-30,527643900610371585,@Arshia_13 all three are online.  WSB - TV  WMAZ and Atlanta press club,71,0,0,0,0,1,0,628,1
185,2014-10-30,527646220638900226,Polls open till Friday &amp; on Nov. 4. #VoteEarly @AndrewHuntGA #HuntForGovernor @LPGeorgia #gagov #gagop #gadems #gapol http://t.co/k6orHlft9k,144,1,0,6,0,2,1,628,8
186,2014-10-30,527649145876533248," @stacEightTweets @AndrewHuntGA Good! People have to vote their conscience, not their political affiliation, gender, or r",121,2,0,0,0,3,0,628,3
187,2014-10-30,527649195876831232, @AntilibsPro2A Well I'm about to vote for our libertarian gubernatorial candidate @AndrewHuntGA. By far the best of 3.,119,1,0,0,0,3,0,628,3
188,2014-10-30,527652509205028864,#HuntForGovernor campaign song. http://t.co/YpPZAfzLVO  @LPNational @LPGeorgia #gagov #gagop #gadems #gapol #atl #music #atlmusic #vote2014,139,0,0,9,1,2,0,628,12
189,2014-10-30,527653271427493888,5 unanswered questions @GovernorDeal 2010 campaign. http://t.co/oK50QBas2R #HuntForGovernor @ATLunfiltered @NathanDeal  #gagov #gagop #gapol,140,0,0,4,1,3,0,628,8
190,2014-10-30,527654120941821953,Hear @THEHermanCain interview @AndrewHuntGA.  http://t.co/NS66xHYwLo  @CainPress @wsbradio #HuntForGovernor #gagov #gagop #gadems #gapol,136,0,1,5,1,4,0,628,10
191,2014-10-30,527822502542594049, @bluestein @GAPoliticsNews what's the word on @AndrewHuntGA ??? Nobody mentions him. Y'all trying to hide the best candidat,124,3,0,0,0,4,0,628,4
192,2014-10-30,527825722833113088," @AndrewHuntGA Considering the amount of #gadems indicted for fraud and corruption recently, the correct spelling would be Sca",126,1,0,1,0,2,0,628,3
193,2014-10-30,527827035821854721,"Thanks, Ryan Cameron Morning Show! @therealrc @WandaSmith_ATL @V103Atlanta #HuntForGovernor #gagov  #gapol #vote2014 http://t.co/SEDoLZyGwT",139,0,2,4,0,3,1,628,7
194,2014-10-30,527832198552883200, Telltale sign of defeat and resignation from Deal supporters: snarking on Andrew Hunt. #gapol,94,1,0,1,0,1,0,628,2
195,2014-10-30,527832371144314880," ""A diversified portfolio is a wise and prudent thing."" - Andrew Hunt on retirement #YourVoteon2",96,4,0,1,0,1,0,628,2
196,2014-10-30,527832527084331008, People shouldn't be forced into poverty just because of the zip code in which they live. - Andrew Hunt #YourVoteon2 education,126,2,0,1,0,1,0,628,2
197,2014-10-30,527832992975048705," Analysis: Andrew Hunt &amp; Jason Carter Demolish Nathan Deal in Debate, Did your tweet make the cut? http://t.co/OxiqcHOD",123,1,0,2,1,1,0,628,4
198,2014-10-30,527833211829624832," So ... Andrew Hunt comes out in favor of paying college athletes. ""We need a system that's fair to the player."" #gapol",119,2,0,1,0,1,0,628,2
199,2014-10-30,527833472161701888," Libertarian Andrew Hunt calls Deal a ""smooth"" talker, &amp; says we ""need to end the reign of attorneys"" in office. Deal &amp; Carte",133,1,0,0,0,1,0,628,1
200,2014-10-30,527833600876498945, Watch the  2014 Gubernatorial Candidates Debate between Nathan Deal (R)  Jason Carter (D) and Andrew Hunt (L)... http://,121,1,0,0,1,1,0,628,2
201,2014-10-30,527833813808717824, Libertarian candidate for governor calls @NathanDeal an idiot for claiming water kills ebola http://t.co/hOrEZbQaFB,116,3,0,0,1,2,0,628,3
202,2014-10-30,527835155528839168, @ZaidJilani Has Gov Deal retracted the statement yet? @AndrewHuntGA specifically asked him during the first debate and he di,125,1,0,0,0,3,0,628,3
203,2014-10-30,527847217176903681,Ryan Cameron Morning Show on @V103Atlanta. Had a great time getting our message out to the People! #HuntForGovernor #gagov #gapol @therealrc,140,0,0,3,0,2,0,628,5
204,2014-10-30,527852156510932992,"My Lunch with Andrew Hunt: Libertarian Candidate for Governor http://t.co/vKGGNSEcAv
#HuntForGovernor #gagov #gagop #gadems #gapol #vote2014",140,0,0,6,1,0,0,628,7
205,2014-10-30,527855572784148480,.@GovernorDeal faces ethics questionsnot for first time http://t.co/HZod2poZ2M @TheEconomist #HuntForGovernor #gagov #gagop #gadems #gapol,138,0,0,5,1,2,0,628,8
206,2014-10-30,527857361629622272,"Governor Andrew Hunt  has a nice ring to it, doesnt it? #HuntForGovernor @AndrewHuntGA #gagov #gagop #gadems #gapol http://t.co/gKKkSTSFIe",138,1,1,5,0,1,1,628,6
207,2014-10-30,527868299174891520,Whats age got to do with it? @AndrewHuntGA 54 @NathanDeal 72 @SenatorCarter 39  #vote2014 #HuntForGovenor #gagov #gagop #gadems #gapol #atl,139,0,0,7,0,3,0,628,10
208,2014-10-30,527871160122236929, .@NathanDeal: I reject your facts and I bring forth these facts that I just made up! #APCDebates #gapol,104,3,0,2,0,2,0,628,4
209,2014-10-30,527871272768651265, I like this hunt guy! #APCDebates,34,2,0,1,0,1,0,628,2
210,2014-10-30,527871579665866752," .@NathanDeal tried 2 deflect, but he left Congress after being caught using his office for his biz #gapol #APCDebates http:",124,6,0,2,0,2,1,628,4
211,2014-10-30,527871707772489728," FACT: GA has 9,000 fewer teachers today as a result of Gov. Deal's cuts to education. #APCDebate #APCDebates #gapol #gad",121,2,0,4,0,1,0,628,5
212,2014-10-30,527871813783535616," Unemployment rates are only good for political advertising, as a general rule. - @NathanDeal 

Wow. Just . . . wow.

#APCDe",124,4,0,2,0,2,0,628,4
213,2014-10-30,527871895241097216, Even sober @politicalinsidr knows @NathanDeal is getting whooped tonight #gapol #AngryDeal,91,2,0,2,0,3,0,628,5
214,2014-10-30,527872082718113792, Stop using facts. I reject them. RT @brythomas: How many times has Gov. Deal switched his position? Ebola and Sunday voting?,125,4,0,1,0,2,0,628,3
215,2014-10-30,527872455587528704, Why did @NathanDeal wait until today to make an #ebola committee? Politics much? #gapol #WeKnowNathan,102,3,0,3,0,2,0,628,5
216,2014-10-30,527872853119467520," Hunt is going IN on Deal. This made me laugh though, Deal sells air well, though #FactuallyIncorrect #RejectTruth #APCDebates ",127,1,0,4,0,1,0,628,5
217,2014-10-30,527873391361945601, Carter: Deal's business was why he was run out of Congress. Other ethics issues cost Georgians taxpayer dollars. GA deserves b,127,1,0,1,0,1,0,628,2
218,2014-10-30,527873459578105859, Stunned @NathanDeal can talk about his business interests with a straight face. There are too many facts that counter his ,123,1,0,1,0,2,0,628,3
219,2014-10-30,527873867227103232, Georgia ethics commission slapped with another lawsuit fromex-employee http://t.co/0UsGNhr4bq,94,7,0,0,1,1,0,628,2
220,2014-10-30,527874087520337920, Why a Libertarian candidate supports Medicaidexpansion http://t.co/YQMFANRuqk,78,3,0,0,1,1,0,628,2
221,2014-10-30,527876527090696192,Watch @wsbtv Georgia gubernatorial debate: http://t.co/LaMRLBqqoZ  #HuntForGovernor #vote2014 #libertarian #gagov #gagop #gadems #gapol #atl,140,0,1,8,1,1,0,628,10
222,2014-10-30,527879666519261184,#Snowpocolypse @GovernorDeal fails Georgia http://t.co/snSueGT1nb #HuntForGovernor @AndrewHuntGA #vote2014 #gagov #gagop #gadems #gapol #atl,140,1,0,8,1,2,0,628,11
223,2014-10-30,527885721169039360,It is an honor to receive the endorsement of Gov. Gary Johnson. His statement as well as his website is in the... http://t.co/Zd5IOTzDMx,136,2,3,0,1,0,0,628,1
224,2014-10-30,527923756346273793,New Mexico @GovGaryJohnson endorses @AndrewHuntGA for Governor! http://t.co/CJkFt5z3dz  #HuntForGovernor #gagov #gagop #gadems #gapol #atl,138,1,0,6,1,2,0,628,9
225,2014-10-30,527927545367257088,Why Voting @AndrewHuntGA Cannot Help @Carter4governor. http://t.co/Y8MdCPgE5E  #HuntForGovernor #Vote2014 #gagov #gagop #gadems #gapol #atl,139,2,0,7,1,2,0,628,10
226,2014-10-30,527930714033881088," Andrew Hunt says ""Who has guns? The criminals have guns!""  Talking about gun rights now on Ch2 #YourVoteon2",108,4,0,1,0,1,0,628,2
227,2014-10-30,527930772909334528, Andrew Hunt wants a quantifiable answer from Carter. That makes me giggle.  Never gonna happen. #YourVoteon2,109,1,0,1,0,1,0,628,2
228,2014-10-30,527931060508565504, Andrew Hunt Calls Nathan Deal an Idiot Over EbolaComment http://t.co/s4AvcJtLym,80,1,0,0,1,1,0,628,2
229,2014-10-30,527931213193826304," Andrew Hunt tells voters he's not a lost cause. ""It's a vote for change."" #gapol",81,2,0,1,0,1,0,628,2
230,2014-10-30,527931756066787329, Remember that one in four GOP voters rejected Deal in the primary. Still aren't lining up behind him. http://t.co/z6KrJauADz,125,1,0,1,1,1,0,628,3
231,2014-10-30,527933313961312256, Jason Carter has a famous granddad. So does Libertarian rival Andrew Hunt. Think oil. Lots of it. http://t.co/P6rfGvLN,119,3,0,0,1,1,0,628,2
232,2014-10-30,527933584128999424, Meet @AndrewHuntGA - another candidate with a famous lineage. http://t.co/eTbpiNRBZz via @politicalinsidr  #Libertarian,120,1,0,1,1,3,0,628,5
233,2014-10-30,527933854204841985,"Do you know people who like our ideas but are worried they'd be ""wasting"" their vote or ""helping"" another... http://t.co/sGXbLTSQrC",131,2,1,0,1,0,0,628,1
234,2014-10-30,527934157645561856, The nanotechnologist Libertarian descendant of billionaire oilman who could throw governor's race into extra innings. http:/,125,7,0,0,1,1,0,628,2
235,2014-10-30,527934426424954880," RT @politicalinsidr Meet Andrew Hunt, Libertarian  and another candidate with a famous lineage http://t.co/trPzWCE4X1",118,1,0,0,1,2,0,628,3
236,2014-10-30,527937139263021056, Good read on Andrew Hunt. I was interviewed for this article. http://t.co/lzHnm4F1RP,85,2,0,0,1,1,0,628,2
237,2014-10-30,527938955572830208, http://t.co/ZoKn9342fj.  I believe Dr. Andrew Hunt is the best candidate to lead Georgia after thorough analysis.,114,1,0,0,1,1,0,628,2
238,2014-10-30,527941511011241984,"VOTE Andrew HUNT for #Georgia Governor on Nov. 4, 2014. http://t.co/H1meGLlpgz #HuntForGovernor #Atlanta #gagov #gagop #gadems #gapol #atl",138,2,3,8,1,0,0,628,9
239,2014-10-30,527944377226637313, Vote @AndrewHuntGA Nov. 4!,27,2,0,0,0,2,0,628,2
240,2014-10-30,527946425917657088,Thanks @denisohayer and @wabenews for interview. http://t.co/Rt8Ivlw8B3 #HuntForGovernor #gagov #gagop #gadems #gapol http://t.co/5HjBAtT2cD,140,0,1,5,1,2,1,628,8
241,2014-10-30,527946764641247233," @AndrewHuntGA Thats what bothers me. People bitch about professional politicians, say they are fed up w/ same people they",122,1,0,0,0,2,0,628,2
242,2014-10-30,527834066117074945, Libertarian Candidate Andrew Hunt to Shape Ga. Gubernatorial Race http://t.co/RaPRJEhQAV #GAPol,96,1,0,1,1,1,0,628,3
243,2014-10-31,528001908410028032, Assessing The Final #Georgia Governor's Debate #Atlanta #GaPol  #GaGov @nathandeal @carter4governor @andrewhuntGA http,119,3,0,4,1,4,0,628,9
244,2014-10-31,528321479843139584,Former Dalton Mayor David Pennington is backing Libertarian Andrew Hunts campaign for governor. #gagov #gagop #gapol http://t.co/lOXdneKdt0,139,1,0,3,0,0,1,628,3
245,2014-10-31,528320319769964544,Libertarian @AndrewHuntGA backed by former candidate @DavidForGeorgia David Pennington.  http://t.co/dC9xeDRoTE #gagov #gapol #gadems #gagop,140,1,0,4,1,2,0,628,7
246,2014-10-31,528313140183048192,"A vote for Hunt cannot help one of the other candidates, as the video link proves. Since this fear tactic is... http://t.co/JrbJ34QhBO",134,1,0,0,1,0,0,628,1
247,2014-10-31,528293157935796224, A vote for @AndrewHuntGA Hunt is not a vote for Carter #HuntForGovernor #gagov #partypeople https://t.co/pf0r91ihDn http:,122,2,0,3,1,2,1,628,6
248,2014-10-31,528293048120508416,@Per_douche have to wait and see the 2 senate candidates that will be in it! #gasen #gapol #huntforgovernor,107,0,0,3,0,1,0,628,4
249,2014-10-31,528292601657843713, Candidate @AndrewHuntGA came by @thercms on @V103Atlanta this week as well: http://t.co/avrpQMatL1 #VotingMatters http://,122,1,0,1,1,4,1,628,6
250,2014-10-31,528292326125617152,@brassmonk The way We the People do it!  Please join in our social media blitz as #PartyMaker posted on FB #gagov http://t.co/JH7i0a15Sb,136,0,0,2,1,1,0,628,4
251,2014-10-31,528291542927429632," Hey Georgians, want answers from your politicians? @AndrewHuntGA provides them. The others? Not a chance. Read more:  http:",124,1,0,0,1,2,0,628,3
252,2014-10-31,528239199288188928,We Make a Party! http://t.co/RgUGnbrEgT @LPNational @LPGeorgia @LPCandidates #PartyMaker #HuntForGovernor #gagov #atl http://t.co/xaR6h3zIVD,140,1,4,4,1,3,1,628,8
253,2014-10-31,528234935790755841, Not only is it Halloween but it's also the last day for early voting. Find your polling station here. #gapol http://t.co,121,2,0,1,1,1,0,628,3
254,2014-10-31,528234223359238144,"We Make a Party!
Social media Party Blitz to reach 4 million people and make a full 3rd Party. You must get... http://t.co/sXLQliXArH",133,0,0,0,1,0,0,628,1
255,2014-10-31,528232847664873472," .@NathanDeal's closing rebuttal to nation's worst unemployment rate: actually, this is about ethics in games journalism #ga",124,2,0,2,0,2,0,628,4
256,2014-10-31,528227671772123136, Just cast my early vote for @AndrewHuntGA #3horserace,54,2,0,1,0,2,0,628,3
257,2014-10-31,528227386110640128,"ICYMI, here is the @AtlPressClub gubernatorial debate on Oct. 19.  http://t.co/RyLOi4KVsE #APCDebates #gagov #gapol #gagop #gadems #Atlanta",139,0,2,6,1,1,0,628,8
258,2014-10-31,528224121721589760," ""unemployment numbers are outliers"" - @NathanDeal .... what? #gapol #APCDebates",80,7,0,2,0,2,0,628,4
259,2014-10-31,528223734738337792," ""Economists dont pay any attention to them"" - @NathanDeal on unemployment rates. Has he done lost it #APCDebates #GAGov",120,5,0,2,0,2,0,628,4
260,2014-10-31,528215681708208128, @AndrewHuntGA just voted for you.,34,1,0,0,0,2,0,628,2
261,2014-10-31,528214868487192577," @AndrewHuntGA i think you're killing it on reddit! Didn't ask anything just read, honest &amp; genuine answers and you ACTUALLY ",129,1,0,0,0,2,0,628,2
262,2014-10-31,528209921720868865,"Im Andrew Hunt, libertarian candidate for Governor of Georgia. Ask me anything! http://t.co/2d3hOAGB8J  #gagov #gapol #gadems #gagop #tlot",138,2,2,5,1,0,0,628,6
263,2014-10-31,528201767646154752,Hunt for Governor radio spot starting today on a number of stations around Georgia. Please share it!... http://t.co/gK2uUSWIJb,126,0,0,0,1,0,0,628,1
264,2014-10-31,528197682129408000, @LPNational @LibertarianWing @AndrewHuntGA,43,1,0,0,0,4,0,628,4
265,2014-10-31,528197117764849664,#Vote2014 @AndrewHuntGA for Georgia Governor on Nov. 4. http://t.co/fMjOg9i3Vu @LPNational @LPGeorgia @LPCandidates #Libertarian #ATL #gagov,140,1,2,4,1,4,0,628,9
266,2014-10-31,528195594192289793, .@AndrewHuntGA has found his Twitter voice in the waning days of the campaign. #gapol,86,1,0,1,0,2,0,628,3
267,2014-10-31,528195521102376960," @1047TheFish heard Taylor on news 2day, ""both candidates 4 governor...""  You left out .@AndrewHuntGA Christian biz exec!",121,1,0,0,0,3,0,628,3
268,2014-10-31,528195175097446400,#RT Vote Andrew Hunt for Georgia Governor today or Nov. 4th.  http://t.co/fMjOg9i3Vu #HuntForGovernor #gagov #gagop #gadems #gapol #vote2014,140,1,0,7,1,0,0,628,8
269,2014-10-31,528185591306141697,"@STAY_RAD_BMX @EWErickson I will work harder to actually end Federal government overreach than Deal has! End federal ACA, EPA, DOEd.. #gapol",140,0,1,1,0,2,0,628,3
270,2014-10-31,528184849887420417,"@STAY_RAD_BMX @EWErickson Deal other Federal $ has higher match ratio from georgia than does the ACA, not taking it hurts economy #gapol",136,0,0,1,0,2,0,628,3
271,2014-10-31,528184333606330368,@STAY_RAD_BMX @EWErickson Deal takes lots of Federal money for his contributors but not for the poor people that do not vote for him! #gapol,140,0,0,1,0,2,0,628,3
272,2014-10-31,528168192347099138, #sayno2DC ...say no to Deal and Carter and yes to liberty...vote Andrew T Hunt..the #Libertarian candidate.. http://t.,119,1,0,2,1,1,0,628,4
273,2014-10-31,528166859355324418,"Im Andrew Hunt, libertarian candidate for Governor of Georgia. Ask me anything! http://t.co/nd9SF5WZb3 #gagov #gapol http://t.co/v6emglDPgf",139,4,3,2,1,0,1,628,3
274,2014-10-31,528149227306614785," @AndrewHuntGA It's quite a read, isn't it? Ethics in the governor's office = a good idea.",90,2,0,0,0,2,0,628,2
275,2014-10-31,528026627544862720," Federal grants helped #Libertarian candidate @AndrewHuntGA prosper, but he wants spending cuts. http://t.co/YYLbjBz4qJ @LPG",124,1,0,2,1,3,0,628,6
276,2014-10-31,528024368907960320," @AndrewHuntGA early voted in ForsythCo
too many extremist Repubs up here.
self-righteous and hypocrites
LP needed for US",121,1,0,0,0,2,0,628,2
277,2014-10-31,528023463164801024, Tell all you know: Vote Hunt for Governor.  For the People and By the People. http://t.co/VwN1iTh0L7,101,2,0,0,1,1,0,628,2
278,2014-10-31,528018530692636672,Ga. governors corruption shocker: Right-wingers shady get-rich scheme could be wildest #GaGOP scandal http://t.co/16BZybBNAO #gagov #gapol,138,2,1,3,1,0,0,628,4
279,2014-10-31,528015960821620736," @AndrewHuntGA I'm no longer voting fear. I am planning to vote for you, sir.

How do you plan to shrink GA Government?",119,1,0,0,0,2,0,628,2
280,2014-10-31,528015441340297217, Libertarian Andrew Hunt to get endorsement from a Nathan Deal critic: David Pennington. http://t.co/4VoYeP39VB #gapol,118,9,0,1,1,1,0,628,3
281,2014-10-31,528015286197170176," From L to R, #gagov candidates: Libertarian Andrew Hunt, Democrat Jason Carter and incumbent Republican Nathan Deal http://t.",126,4,0,1,0,1,1,628,2
282,2014-10-31,528014680623554561, @wabenews talks w/Gov. candidates: @NathanDeal: http://t.co/6u730jClxX.  @AndrewHuntGA: http://t.co/KLgjgFbJ3U.  @carter4g,123,2,0,0,2,5,0,628,7
283,2014-10-31,528014118372925440,Join the #HuntForGovernor team! Like http://t.co/CONwD9Quym. #vote2014 #gagov #gadems #gagop #gapol #atl #georgia http://t.co/6DmxefSu3F,136,1,1,8,1,0,1,628,9
284,2014-10-31,528011825162383360,Join the #HuntForGovernor team! Like http://t.co/CONwD9Quym. @LPNational @LPGeorgia @LPCandidates #libertarian #atl http://t.co/kiQE62v7Oq,138,2,1,3,1,3,1,628,7
285,2014-10-31,528009694703398912,"Thanks, @Arshia_13!  As a non-career politician I am truly an outsider and depend on your input.  Vote #HuntForGovernor on Tues. November 4.",140,1,0,1,0,1,0,628,2
286,2014-10-31,528008845973417984," @AndrewHuntGA to me there is no difference between carter and deal both are puppets, your a genuine person w/ honest answers",125,1,0,0,0,2,0,628,2
287,2014-10-31,528006498245279745,Its time to retire 72-year-old career politician @NathanDeal.  #Vote2014 #HuntForGovernor #libertarian #gagov #gagop #gadems #gapol #tlot,137,3,0,8,0,1,0,628,9
288,2014-10-31,528002139906252800," My favourite British publication, The Economist, summarizes the numerous ethics charged against Gov. Deal #Atlanta http://t.c",126,3,0,1,1,1,0,628,3
289,2014-10-31,528000346035994624, On 10/27 I emailed questions to 11 local politicians seeking my vote on Tues. Only one replied with honest answers. Thank y,124,3,0,0,0,2,0,628,2
290,2014-10-31,528000176875532288, .@Khalil_Ali_DC @AndrewHuntGA yeah in Georgia the Libertarians are more pragmatic than the Republicans,103,2,0,0,0,3,0,628,3
291,2014-11-01,528640345915928576, Black folk in Georgia vote not for dumb democrats or republicans vote libertarian vote @AndrewHuntGA for governor,114,1,0,0,0,2,0,628,2
292,2014-11-01,528595928727306240,"Vote Andrew Hunt for Governor of Georgia on Tues., Nov. 4. http://t.co/0YinSg75tw #HuntForGovernor #libertarian #gagov #gapol #gagop #gadems",140,1,0,6,1,0,0,628,7
293,2014-11-01,528594167094849536,"Radio ad running in many areas;
I am Andrew Hunt for Governor and will represent you as a public servant.... http://t.co/UYpLX1bNhP",131,1,0,0,1,0,0,628,1
294,2014-11-01,528550396415848448,ANDREW HUNT stands head and shoulders above the rest. #HuntForGovernor #libertarian #gagov #gapol #gagop #gadems #atl http://t.co/yGsnCqKF2x,140,2,2,7,0,0,1,628,7
295,2014-11-01,528518953149431808,"Governor Gary Johnson ""I want to extend a very strong endorsement of Dr. Andrew Hunt for Governor of Georgia.... http://t.co/cTTg7REaER",135,1,2,0,1,0,0,628,1
296,2014-11-01,528492919561285632, Andrew Hunt &amp; Jason Carter Demolish Nathan Deal inDebate http://t.co/6fxBOY7vcz,84,1,0,0,1,1,0,628,2
297,2014-11-01,528492442652119040, Andrew Hunt 2014. #decriminalization,37,2,0,1,0,1,0,628,2
298,2014-11-01,528489844037537792,Vote Andrew Hunt for Governor of Georgia on Nov. 4.  #PostThePeach #HuntForGovernor #gagov #gapol #gagop #gadems @atl http://t.co/iAl9rbfxmE,140,2,1,6,0,1,1,628,7
299,2014-11-01,528387228183969792,I want to extend a very strong endorsement of Dr. Andrew Hunt for Governor of Georgia. Governor Gary Johnson #gapol http://t.co/4rixlJUUm9,138,3,3,1,0,0,1,628,1
300,2014-11-01,528382856834187264,VOTE Andrew Hunt on Nov. 4 http://t.co/Eo29hBt2BH @V103Atlanta  @WandaSmith_ATL @thercms #HuntForGovernor #gagov #gagop #gadems #gapol #tlot,140,0,0,6,1,3,0,628,10
301,2014-11-01,528379892333699072," If you want to watch our @donnabrazile, @MichelleNunnGA, @carter4governor + @AndrewHuntGA interviews, play here: http://t",122,1,0,0,1,5,0,628,6
302,2014-11-01,528379096686817280," @DeKalbNewsNow You mean @AndrewHuntGA , Perdue, or Nunn?",57,1,0,0,0,3,0,628,3
303,2014-11-01,528339398924857344,Over 50% of elected officials are attorneys.  #Vote #HuntForGovernor #libertarian #gagov #gapol #gadems #gagop #tlot http://t.co/VEih6PL9h4,139,0,2,8,0,0,1,628,8
304,2014-11-01,528676525592166401, Andrew Hunt just followed me. Make sure yall get out and vote.,63,2,0,0,0,1,0,628,1
305,2014-11-01,528673116663603200,Great Georgia Tech winning big! Enjoyed meeting so many before the game. So much support of #HuntforGovernor #gagov,115,1,0,2,0,0,0,628,2
306,2014-11-01,528655914190909442, #HuntForGovernor #HuntForGovernor #HuntForGovernor #gagov #gagov #gagov @AndrewHuntGA http://t.co/nVpnn15wX7,109,2,0,6,0,2,1,628,8
307,2014-11-01,528655583193206784," @AndrewHuntGA #HuntForGovernor let's get it trending people, he's the guy for the job #gagov",93,1,0,2,0,2,0,628,4
308,2014-11-01,528651373579993088," Me and the next governor of Georgia, Andrew Hunt. #Hunt #HuntForGovernor #gagov #liberty #georgia #Atlanta #smart http",119,1,0,7,0,1,1,628,8
309,2014-11-01,528650612871671808, Please lets get trending  #HuntForGovernor,43,2,0,1,0,1,0,628,2
310,2014-11-01,528650052462342145,Deal Of The Century! http://t.co/eOklF9SNGj #HuntForGovernor #libertarian #Vote2014 #gagov #gapol #gagop #gadems #atl http://t.co/mhaxYiROSg,140,0,1,8,1,0,1,628,9
311,2014-11-01,528646585421295616,Libertarian could force runoff in governors race http://t.co/6dOCgQ9mel #HuntForGovernor #gagov #gapol #gagop #gadem http://t.co/WKpL8PiuvL,139,0,1,5,1,0,1,628,6
312,2014-11-01,528643425235517441,Meet the third candidate running to become Georgia governor. http://t.co/0kzqtSFd6R #HuntForGovernor #gagov #gapol #gagop #gadems #tlot #atl,140,1,0,7,1,0,0,628,8
313,2014-11-01,528641157597630464, @AndrewHuntGA Why African-Americans Must Stop Blaming Racism for Their Problems and Start Taking Responsibility: http:,119,1,0,0,1,2,0,628,3
314,2014-11-01,528606081463771136, Nanotech entrepreneuer seeks more than usual nano-vote for Libertarians in Ga guv'ner race: http://t.co/shkaLIwBmh via @c,122,3,0,1,1,2,0,628,4
315,2014-11-02,528833998353477632,Waving to an enthusiastic crowd at the Georgia National Fairgrounds &amp; Agricenter. #HuntForGovernor #gagov #gapol #atl http://t.co/ces7reCrG5,144,1,2,4,0,0,1,628,4
316,2014-11-02,528840032509890560,Ethics watchdog ranks @NathanDeal as one of nations worst governors. http://t.co/XsoLfZ2xac #HuntForGovernor #gagov http://t.co/qpJ2IwcyUP,138,4,1,2,1,1,1,628,4
317,2014-11-02,528846972317216770,"Meet @AndrewHuntGA, Libertarian  and another candidate with a famous lineage http://t.co/eY2MrPSAw7 #HuntForGovernor #gapol #gagov #Atlanta",139,1,1,4,1,1,0,628,6
318,2014-11-02,528919460157997056,Hunt for HUNT on the ballot on November 4. Vote Libertarian @AndrewHuntGA #HuntForGovernor #gagov #gapol #atlanta #ga http://t.co/ylRC4xfxov,140,1,1,5,0,1,1,628,6
319,2014-11-02,528939081309224961,"Vote Andrew Hunt for Governor of Georgia on Tuesday, November 4th. http://t.co/aPZ7NlcUSP #HuntForGovernor #gagov #gapol #gagop #gadems #atl",140,1,0,6,1,0,0,628,7
320,2014-11-02,528956345962098688, I'm a #female #engineer &amp; I also #vote! #gagov #HuntForGovernor #liberty #gapol #GTalumni #ATL http://t.co/YBA9a4Hi7z ,123,1,0,9,1,1,1,628,11
321,2014-11-02,528984753404260352,.@AndrewHuntGA offers a 3rd choice for Governor. Vote #HuntForGovernor on Nov. 4. We can do this! http://t.co/HEQ4Sl85SG #gagov #gapol #atl,139,2,0,4,1,1,0,628,6
322,2014-11-02,528995968306266112,Vote @AndrewHuntGA for a law-erasing engineer instead of law-making attorneys. #HuntForGovernor #gagov #gapol #gagop http://t.co/XBPGq5Ba6q,139,1,0,4,0,1,1,628,5
323,2014-11-02,528996940004880384, Independ't minds need new Party! &gt;20% vote Hunt 4Gov- LibrtnPrty gets on ballot in GA! Gallup poll:3rd prty wanted! #PartyMak,129,2,0,2,0,1,0,628,3
324,2014-11-02,529020414484168704, I am a #PartyMaker for @AndrewHuntGA's #WeMakeAParty Blitz. Find out why to vote 3rd party this year! http://t.co/U0104FWq4B,125,3,0,3,1,2,0,628,6
325,2014-11-02,529022959726260224,Vote 3rd party candidate @AndrewHuntGA on Nov. 4th for new leadership in Georgia. #HuntForGovernor #gagov #gapol #atl http://t.co/Hfc0ksY90f,140,1,1,4,0,1,1,628,5
326,2014-11-02,529038527170752512,Vote @AndrewHuntGA  Engineer vs. attorneys @NathanDeal @carter4governor  for Governor. http://t.co/UGMky9D0h3 #gagov #gapol #gagop #gadems,138,3,1,4,1,3,0,628,8
327,2014-11-02,529048705756696576,"Hunt for #HuntForGovernor on Nov. 4th ballot.  Together, we can do this! @AndrewHuntGA #gagov #gapol #gagop #gadems http://t.co/bBVWs8Wze5",138,2,2,5,0,1,1,628,6
328,2014-11-02,528703649762271234, @AndrewHuntGA Go Jackets #GoJackets #TechNation #HuntForGovernor #HuntforGovernor #gagov #gagov http://t.co/ws33zsl2BB,119,1,0,6,0,2,1,628,8
329,2014-11-02,528704649235554304,Low media coverage even when in historic runoff being called by all. Each of you make up for it #huntForHunt #gagov #InvisibleCandidates,136,6,7,3,0,0,0,628,3
330,2014-11-02,528729568224370689, No thanks. I'll just vote @AndrewHuntGA instead. http://t.co/UuqCn83fR8,72,1,0,0,0,2,1,628,2
331,2014-11-02,528729631755493376, We need @AndrewHuntGA For #Georgia! #Vote,42,3,0,2,0,2,0,628,4
332,2014-11-02,528731411004805121,War Eagle.  Great turn over. .,30,1,2,0,0,0,0,628,0
333,2014-11-02,528749507467411456,as Dr. Hunt said... Jason Carter http://t.co/YQlTH6jlAg @LPGeorgia #HuntForGovernor #gagov #gapol #gagop #gadems http://t.co/QuH2TxAFz2,135,1,0,5,1,1,1,628,7
334,2014-11-02,528754856123564033,"2 challenge Deal in governors race  Democrat Carter, Libertarian Hunt seek to unseat incumbent Republican http://t.co/7sVNqhhiqJ #gapol",135,2,3,1,1,0,0,628,2
335,2014-11-02,528755801200947200,"Libertarian Andrew Hunt works to make inroads for an increasingly popular third party.
http://t.co/7sVNqhhiqJ @LPNational @LPGeorgia #gagov",139,1,0,1,1,2,0,628,4
336,2014-11-02,528759774771298304,Libertarian Andrew Hunt threw a few curveballs into the mix. http://t.co/W1I7nnMjKc #HuntForGovernor #gagov #gapol http://t.co/45wYuTOK12,137,1,2,3,1,0,1,628,4
337,2014-11-03,529415363537014784, @jennyjaffe I'm independent but the Libertarians are great based on my research (at least to me) I feel @AndrewHuntGA and,122,1,0,0,0,4,0,628,4
338,2014-11-03,529416098454597632, CRAZY COOL GROOVY!!!: @ANDREWHUNTGA On @THERCMS!!! http://t.co/vfcy9243PC,74,1,0,0,1,3,0,628,4
339,2014-11-03,529416472091586560, @AndrewHuntGA for Gov,22,1,0,0,0,2,0,628,2
340,2014-11-03,529420334185730048, Candidate @AndrewHuntGA also visited + spoke to our listeners at VEE: http://t.co/W0hMMRsHRK #VotingMatters,108,1,0,1,1,2,0,628,4
341,2014-11-03,529275112382423040,Not voting is not a protest! Vote @AndrewHuntGA for #Georgia Governor. http://t.co/6l8pOPR33N  #HuntForGovernor #gagov #gapol #gagop #gadems,140,3,1,6,1,1,0,628,8
342,2014-11-03,529252879228751873,You can be part of history tomorrow! Support of independence and freedom by voting Hunt for Governor of Georgia.... http://t.co/CWEpm389Ak,138,1,0,0,1,0,0,628,1
343,2014-11-03,529249968536969217,@griftdrift no doubt about this! I had lots of instruction and learning :-) never did before March 2014 #gagov #huntforgovernor #SayNo2DC,137,0,1,3,0,1,0,628,4
344,2014-11-03,529157347281625090,There is no comparison. It's a night and day choice. Vote #HuntForGovernor! @AndrewHuntGA #libertarian #gagov #gapol http://t.co/biWdH4O0Ps,139,0,1,4,0,1,1,628,5
345,2014-11-03,529154529590132737,"Wheres Waldo? What is @NathanDeal hiding? Too busy for @ajc Voter Guide?
#Vote2014 #HuntForGovernor @AndrewHuntGA http://t.co/ifWbgA3Bmj",136,1,2,2,0,3,1,628,5
346,2014-11-03,529151801983897601,2014 Georgia Voter Guide produced by @LWVGA. http://t.co/Tbgpbbl2AJ #Vote2014 #HuntForGovernor #libertarian #atl #ga http://t.co/MlI5woDbjI,139,1,2,5,1,1,1,628,7
347,2014-11-03,529150041600962560, I want to thank League of Women Voters of GA for their voting guide they put out each year to assist GA citizens... ht,119,2,0,0,1,1,0,628,2
348,2014-11-03,529149304233930752, @LPNational        #InvisibleCandidates,40,1,0,1,0,2,0,628,3
349,2014-11-03,529121234316177410,@audss22 Thanks Audrey! Efforts like this can put an engineer in office over the 2 attorneys also running #huntforgovernor #gagov #sayNo2DC,139,0,0,3,0,1,0,628,4
350,2014-11-03,529110191833223168," GEORGIA VOTERS, PLEASE WATCH &amp; SHARE THIS VIDEO!

You can have your cake and eat it too - vote Libertarian in the GEht",123,2,0,0,1,1,0,628,2
351,2014-11-03,529109474988945408, Counting down to the Party on November 4th with #HuntforGovernor and the #PartyPeople in the We Make a Party Blitzht,117,1,0,2,1,1,0,628,4
352,2014-11-03,529108957055311873,Subscribe to my http://t.co/y9RuAK2uGR channel for latest videos. @AndrewHuntGA #HuntForGovernor #libertarian #gagov #gapol #gagop #gadems,138,1,0,6,1,1,0,628,8
353,2014-11-03,529102023182909441,Are you Following me on Twitter yet? @AndrewHuntGA #HuntForGovernor #FollowBack #Follow #gagov #gapol #gagop #Atlanta http://t.co/IUeX1qhFKO,140,1,0,7,0,1,1,628,8
354,2014-11-03,529098367830200321,"Have you voted yet? Hunt for HUNT on the ballot on Tues., Nov. 4th. See profiles: http://t.co/fSlHBKvD8H #libertarian #gagov #gapol #alt #ga",140,0,0,5,1,0,0,628,6
355,2014-11-03,529092987964252160,Like my http://t.co/GRc6MLgC17 page and vote @AndrewHuntGA Nov. 4th! Lets do this! #libertarian #gagov #gapol #atl http://t.co/NwFfb058dl,137,1,2,4,1,1,1,628,6
356,2014-11-03,529084863152799744, 2014 Gubernatorial candidate profiles http://t.co/NNWtHCLwYD #GAPol,68,1,0,1,1,1,0,628,3
357,2014-11-03,529084302193995777," Our two parties are one, but they want u to believe they are different, w different goals. In fact, they have 1 goal, 2 we",123,11,0,0,0,1,0,628,1
358,2014-11-03,529080705444085760, Thanks to all who joined with me in my campaign to return Georgia to prosperity by limited government and lower taxes.,119,5,0,0,0,1,0,628,1
359,2014-11-03,529077049797795840, RT @politicalinsidr Andrew Hunt on Nathan Deal and the Ebola virus: The word idiot is used. http://t.co/pbR3B0o4db,115,4,0,0,1,2,0,628,3
360,2014-11-03,529066559277236225, New post: Andrew Hunt Releases TV Ad http://t.co/2U3vHmCMsF #gapol,67,1,0,1,1,1,0,628,3
361,2014-11-03,529063231029907456, #Nanotechnologist and #Libertarian candidate Andrew Hunt hopes to force run-off in Ga Governor's race http://t.co/GKOTBgW,122,3,0,4,1,1,0,628,6
362,2014-11-03,529062980428632065," Sam Nunn, Dikembe Mutombo, Andrew Hunt and an Insider all do the ALS ice water challenge. http://t.co/21L1anml3b",113,3,0,0,1,1,0,628,2
363,2014-11-03,529062434464477184," In Ga.'s race for gov, the Dem's grandsire was a president. The Libertarian's granddad was H.L. Hunt. Yes, that one. h",119,2,0,0,1,1,0,628,2
364,2014-11-03,529061208838508545,Engineer &amp; small businessman @AndrewHuntGA stands tall to 2 attorney politicians. #Vote2014 #gagov #gapol #gagop #atl http://t.co/CH86Ri18nG,144,0,0,5,0,1,1,628,6
365,2014-11-03,529280437290418176, #HuntforGovernor #HuntForGovernor #HuntForGovernor #gagov #gagov #gagov please vote for @AndrewHuntGA I don't want a puppet ,125,2,0,6,0,2,0,628,8
366,2014-11-03,529294232839016448,"Vote Andrew Hunt for Governor of Georgia!  Together we can do this! 

Please Like and Share.  Follow... http://t.co/nDyLxNTK1n",126,3,1,0,1,0,0,628,1
367,2014-11-03,529294838613569536,"I liked a @YouTube video from @tmotofga http://t.co/FQ9H6SV12x Deal v Carter, Hunt was There",92,1,1,0,1,2,0,628,3
368,2014-11-03,529307207720919040,Talk is cheap...especially when Deal promises only echo back and remain unfulfilled. Vote @AndrewHuntGA #gagov #gapol http://t.co/m8aejIb2Xl,140,2,1,2,0,1,1,628,3
369,2014-11-03,529312998813233152,What're you gonna do now that whistleblowers have exposed your sleaziness? #HuntForGovernor #gagov #gapol #gagop #atl http://t.co/A3dgijQyKx,140,1,4,5,0,0,1,628,5
370,2014-11-03,529379277666410497,Deal refused this. Carter is first and #HuntForGovernor starts at 3:13 time #gagov #gapol http://t.co/wiwrgYIYCY,112,1,2,3,1,0,0,628,4
371,2014-11-03,529388068680519682,Some new info on our website including a Voter Guide and Poll Finder  #HuntForGovernor #gagov #gapol... http://t.co/xEuxPC7HIK,126,0,0,3,1,0,0,628,4
372,2014-11-03,529415091104382977, @AndrewHuntGA Hunt is the Libertarian for governor in Georgia! #GOTV #votelivefree #tlot #Libertarian,102,1,0,4,0,2,0,628,6
373,2014-11-03,529415692672454656, how can we be dead last in unemployment and the best state for businesses? #gapol @carter4governor @GovernorDeal @Andrew,121,2,0,1,0,4,0,628,5
374,2014-11-04,529673535090745345, @pscanling @AndrewHuntGA @LPNational Me too!,45,1,0,0,0,4,0,628,4
375,2014-11-04,529673625289232385, @AndrewHuntGA Proud to have voted for you today #huntforgovernor,65,2,0,1,0,2,0,628,3
376,2014-11-04,529674073849085953, We make a Party. Vote Andrew Hunt #HuntforGovernor @AndrewHuntGA #VoteLiveFree http://t.co/srBGSraAlz,102,2,0,2,1,2,0,628,5
377,2014-11-04,529674164928397312, Hunt for Governor of Georgia #HuntforGovernor @AndrewHuntGA #VoteLiveFree http://t.co/ECwrl1acnl,97,2,0,2,1,2,0,628,5
378,2014-11-04,529674275188248577," Vote with your heart, vote with your mind - vote for Hunt. #HuntforGovernor @AndrewHuntGA #VoteLiveFree http://t.co/ECwrl1",123,2,0,2,1,2,0,628,5
379,2014-11-04,529674378443649024, #HuntforGovernor @AndrewHuntGA #VoteLiveFree http://t.co/srBGSraAlz an engineer small businessman vs. 2 attorney politici,122,2,0,3,1,2,0,628,6
380,2014-11-04,529674531154038785, .@AndrewHuntGA Hunt is the Libertarian for governor in Georgia! #GOTV #votelivefree #tlot #Libertarian,103,1,0,4,0,2,0,628,6
381,2014-11-04,529674778789945345, Hunt for Hunt on the Georgia ballot tomorrow! #HuntforGovernor @AndrewHuntGA #VoteLiveFree http://t.co/srBGSraAlz,114,2,0,2,1,2,0,628,5
382,2014-11-04,529675953036087296,@PolitiFactGA voting was delayed at St James Church and very long line right now. #HuntforGovernor #gagov #sayno2DC #ga3rdparty,127,0,0,4,0,1,0,628,5
383,2014-11-04,529676432994484224,Long line to vote at St James Church #HuntforGovernor http://t.co/B2Ujabum4Y,76,2,5,1,0,0,1,628,1
384,2014-11-04,529679531352027136,Getting closer to voting.  #HuntforGovernor #sayno2DC #gagov http://t.co/2li2yo5tSC,83,0,3,3,0,0,1,628,3
385,2014-11-04,529679599349682176,Find your polling place here:  http://t.co/4xdqoHY2bq #HuntForGovernor #Libertarian @LPGeorgia @LPNational #gagov @LWVGA #gapol #gagop #atl,139,0,1,6,1,3,0,628,10
386,2014-11-04,529680684843929600," I just voted for @AndrewHuntGA and several other Libertarian candidates. If you're tired of the status quo, I urge you to d",124,1,0,0,0,2,0,628,2
387,2014-11-04,529693189569916928, When you see how many votes for @AndrewHuntGA are tallied tonight you can name one of them Zack James Cole,107,1,0,0,0,2,0,628,2
388,2014-11-04,529695085923823617,Finally got through the long line. Now it's your turn to hunt for Hunt on the ballot. @WSBTV interviewed me on the way out. #gagov #gapol,137,2,2,2,0,1,0,628,3
389,2014-11-04,529695545485299712, @PoliticalGA: Ga needs new Governor! Georgia secretary of state's voter info website crashes on Election Day http://t,118,3,0,1,1,2,0,628,4
390,2014-11-04,529695579128201216,@Arshia_13 this evening.  Covered by most stations.  #huntforgovernor,69,0,1,1,0,1,0,628,2
391,2014-11-04,529695797664038913," ""@ZackJamesCole: When you see how many votes for @AndrewHuntGA are tallied tonight you can name one of them Zack James Col",123,1,0,0,0,3,0,628,3
392,2014-11-04,529696069748543488," @AndrewHuntGA: What is Nathan Deal hiding? Too busy for @ajc Voter Guide?
#Vote2014 #HuntForGovernor http://t.co/50uD",118,2,0,2,0,3,1,628,5
393,2014-11-04,529699364483379200,@PolitiFactGA Hop McIntosh Had trouble voting for Hunt in Temple. Had to call over a poll worker to get the box to accept the choice. #gagov,140,0,1,1,0,1,0,628,2
394,2014-11-04,529708128007618560," @richsullivan Disagree with ""H"". We will keep being fed lousy candidates until we make them listen. Vote @The_Swaff &amp; @And",127,2,0,0,0,4,0,628,4
395,2014-11-04,529712676528599040," Vote for @AndrewHuntGA !!!
Please!
Look him up if you don't know him!!!",72,3,0,0,0,2,0,628,2
396,2014-11-04,529716370376630272,Thanks for voting Andrew Hunt for Governor of Georgia. We can do this!  #HuntForGovernor #gagov #gapol #gagop #gadems http://t.co/HEQ4Sl85SG,140,2,2,5,1,0,0,628,6
397,2014-11-04,529716681212325888, @richsullivan I think @AndrewHuntGA is a far better choice than Deal.,70,2,0,0,0,3,0,628,3
398,2014-11-04,529723147227262976, Vote #Georgia @The_Swaff @AndrewHuntGA @Amason4Liberty #InvisibleCandidates,76,3,0,2,0,3,0,628,5
399,2014-11-04,529726644605698048,"Hi, I'm #Libertarian Dr. @AndrewHuntGA for Governor. http://t.co/xpbSgWJAK1 #HuntForGovernor #gagov #gapol #gagop #gadems #atlanta #georgia",139,2,1,8,1,1,0,628,10
400,2014-11-04,529733811442294784, #PumpkinGate takes a toll at the polls. http://t.co/rKvFFBUISf @NathanDeal @carter4governor @AndrewHuntGA #GOP #gapol htt,122,3,0,3,1,4,1,628,8
401,2014-11-04,529742090096615425,@dunit50 reduced spying!  Individual liberty a must.  #gagov #HuntforGovernor,77,1,1,2,0,1,0,628,3
402,2014-11-04,529742254223921152, @SamuelLJackson: Make A Difference Today! Get Out &amp; VOTE!!! Vote for @AndrewHuntGA #HuntForGovernor,104,1,0,1,0,3,0,628,4
403,2014-11-04,529742780965609473,Listen to my interview with Dr. John Raber on Thunder 104.3 Public Eye. http://t.co/2YYaDmIkzN #HuntForGovernor #gagov #gapol #gagop #gadems,140,0,0,5,1,0,0,628,6
404,2014-11-04,529745562607050753, You can find Libertarian candidates @AndrewHuntGA and @The_Swaff at Ted Montana's Grill in Midtown tonight. http://t.co/Q38IUv,127,2,0,1,1,3,0,628,5
405,2014-11-04,529763402906750976, @AndrewHuntGA You got my vote today! I saw the debate and you were the only one saying anything with substance...,114,3,0,0,0,2,0,628,2
406,2014-11-04,529769060360151040, #HuntforGovernor #NunnForSenate Did my civic duty! @AndrewHuntGA http://t.co/7HOAnEDfou,88,1,0,2,0,2,1,628,4
407,2014-11-04,529780837206605824,@_funlife @dunit50 the problem is that extremist in LP keep others away  #HuntforGovernor,89,1,3,1,0,2,0,628,3
408,2014-11-04,529780424747122688," @AndrewHuntGA one more for you
#HuntforGovernor #libertarian",61,2,0,2,0,2,0,628,4
409,2014-11-04,529425887049961472,Vote @AndrewHuntGA instead of attorney politicians @NathanDeal @carter4governor #gagov #gapol #gagop #gadems #atl #ga http://t.co/j8zj9wrE2X,140,5,3,6,0,3,1,628,9
410,2014-11-04,529427288958701569,@marufisonfire @carter4governor @GovernorDeal magazine ranking is wrong.  Only good for big business not small. #HuntforGovernor,128,1,1,1,0,3,0,628,4
411,2014-11-04,529427939688214528,@JRDarius1 @carter4governor Deal either will not be elected or not last 4 years. #HuntforGovernor #gagov,104,1,1,2,0,2,0,628,4
412,2014-11-04,529428957717086208,"@TerriGreenUSA @LoriGearyWSB @NathanDeal @carter4governor let's see who actually votes, facts tomorrow night.  #HuntforGovernor #sayno2DC",137,0,0,2,0,4,0,628,6
413,2014-11-04,529429452846301184,@LoriGearyWSB @LandmarkCommGA @NathanDeal @carter4governor @RCP_Articles believe in this?  Not #sayno2DC,104,0,0,1,0,5,0,628,6
414,2014-11-04,529433722689318912," @RevolutionJason Andrew, not David. And https://t.co/Mf8TsmtqBh",64,1,0,0,1,2,0,628,3
415,2014-11-04,529443388857143296,104.3 FM Radio with Dr. John Raber. http://t.co/9gwWu5z767 #HuntForGovernor @AndrewHuntGA #libertarian #gagov #gapol #gagop #gadems #atl #ga,140,2,0,8,1,1,0,628,10
416,2014-11-04,529454233918390272,Thunder 104.3 FM Radio Show: Public Eye with Dr. John Raber interviews #Libertarian candidate Andrew Hunt for... http://t.co/guCHb0huxD,135,2,1,1,1,0,0,628,2
417,2014-11-04,529456632703754242,"Deal refused to do this, Carter is first and mine starts at 3:13 if you want to skip his part.  Produced by WSB... http://t.co/8vMKg0r1WS",137,1,0,0,1,0,0,628,1
418,2014-11-04,529471237387350016,Thanks @wsbtv! #Vote2014 #HuntForGovernor http://t.co/KHJ5wbt5L6 #libertarian #gagov #gapol #gadems #gagop #tlot #atl http://t.co/hlCkEL1SbH,140,2,1,9,1,1,1,628,11
419,2014-11-04,529471568657666048, I'll be voting @The_Swaff for Senate amd @AndrewHuntGA for Governor! #liberty2014,82,1,0,1,0,3,0,628,4
420,2014-11-04,529471607626936320, Hunt for Hunt on the Georgia ballot tomorrow! #HuntforGovernor @AndrewHuntGA #VoteLiveFree http://t.co/ECwrl1acnl,114,2,0,2,1,2,0,628,5
421,2014-11-04,529471646009004032, #HuntforGovernor @AndrewHuntGA #VoteLiveFree http://t.co/ECwrl1acnl will represent Georgia as a public servant.,112,2,0,2,1,2,0,628,5
422,2014-11-04,529471753253158913, @AndrewHuntGA I don't know what it is but I gotta feeling you might win...just a feeling but I hope it comes true #HuntForGo,125,1,0,1,0,2,0,628,3
423,2014-11-04,529472057243750400, Yes!Tune in for the facts tomorrow night starting at 7 at http://t.co/DLfio96YaE @AndrewHuntGA @TerriGreenUSA @NathanDeal,122,2,0,0,1,5,0,628,6
424,2014-11-04,529472689329557504," Your vote can really mean something, when you vote Andrew #HuntforGovernor @AndrewHuntGA #VoteLiveFree http://t.co/ECwrl1a",123,1,0,2,1,2,0,628,5
425,2014-11-04,529473415552319488, Politics is voicing your choice. Keep choice in government! I choose #HuntforGovernor @AndrewHuntGA #VoteLiveFree http://t,123,2,0,2,1,2,0,628,5
426,2014-11-04,529475246307291136, #HuntforGovernor @AndrewHuntGA #VoteLiveFree http://t.co/ECwrl1acnl engineer &amp; businessman vs. politicians for Georgia Gov,127,1,0,2,1,2,0,628,5
427,2014-11-04,529475337915101184, People need a hand-up in life -- not handouts. #HuntforGovernor @AndrewHuntGA #VoteLiveFree http://t.co/ECwrl1acnl,115,3,0,2,1,2,0,628,5
428,2014-11-04,529475419813076992, Vote with your heart and with your mind - vote for Dr. Andrew Hunt!  #HuntforGovernor @AndrewHuntGA #VoteLiveFree http://t,123,2,0,2,1,2,0,628,5
429,2014-11-04,529476801731371009,"INDEPENDENCE FROM THE BIG PARTIES, VOTE HUNT 4TH OF NOVEMBER #Libertarian #gagov #gapol #gagop #gadems #tlot #atl #ga http://t.co/dQ5BcT8048",140,1,0,8,0,0,1,628,8
430,2014-11-04,529477122788573184, Vote Hunt for a fair and level playing field and true free enterprise. #HuntforGovernor @AndrewHuntGA #VoteLiveFree http:/,123,1,0,2,1,2,0,628,5
431,2014-11-04,529477243018280960, Hunt for Liberty. Change in Georgia begins here. http://t.co/v1wS7yyRsD #HuntforGovernor @AndrewHuntGA #VoteLiveFree http:,123,1,0,2,2,2,0,628,6
432,2014-11-04,529479582764642304,Vote #HuntForGovernor @AndrewHuntGA over attorney politicians. #Libertarian #gagov #gapol #gagop #gadems #atlanta #ga http://t.co/WXUsDPwNxb,140,0,0,8,0,1,1,628,9
433,2014-11-04,529479662313807872, Hunt for Change! Career politicians don't serve us. Hunt for Liberty!  #HuntforGovernor @AndrewHuntGA #VoteLiveFree http:/,123,1,0,2,1,2,0,628,5
434,2014-11-04,529481372591607809, If you support independence and freedom... your choice is clear:  #HuntforGovernor @AndrewHuntGA #VoteLiveFree http://t.co,123,1,0,2,1,2,0,628,5
435,2014-11-04,529481609200685056, In case your friends need this tomorrow #InvisibleCandidates http://t.co/s74x0r8hVu,84,1,0,1,0,1,1,628,2
436,2014-11-04,529481719913533440, Thank You For Your #Libertarian Votes // #InvisibleCandidates http://t.co/v0JhiCIwAM,85,11,0,2,0,1,1,628,3
437,2014-11-04,529482086864801792, Make your voice heard on November 4th.  #invisiblecandidates #libertarian http://t.co/NWoN7QasjE,97,7,0,2,0,1,1,628,3
438,2014-11-04,529482282709430273," Not career politicians, not wealthy individuals, just regular people who are trying to make a difference. We are the #Invisible",128,9,0,1,0,1,0,628,2
439,2014-11-04,529483366781837312," Your vote can really mean something, when you vote Andrew #HuntforGovernor @AndrewHuntGA #VoteLiveFree http://t.co/QdzmE9He",124,1,0,2,1,2,0,628,5
440,2014-11-04,529483541118083073, Voting for Deal and Carter means you believe government is just great. #HuntforGovernor @AndrewHuntGA #VoteLiveFree http:/,123,1,0,2,1,2,0,628,5
441,2014-11-04,529483604334632960," Dr. Andrew Hunt can heal Georgia: unemployment, education, poverty...  #HuntforGovernor @AndrewHuntGA #VoteLiveFree http:/",123,1,0,2,1,2,0,628,5
442,2014-11-04,529486811429486593,Compare: @AndrewHuntGA @NathanDeal @carter4governor http://t.co/UBgZUKYVBf #Libertarian #gagop #gadems #gagov #gapol http://t.co/eKKFEGINnk,139,0,0,5,1,3,1,628,9
443,2014-11-04,529486899556007936, #HuntforGovernor for great education - no more Common Core and school choice. #HuntforGovernor @AndrewHuntGA #VoteLiveFree,123,2,0,3,0,2,0,628,5
444,2014-11-04,529487354629607425, .@AndrewHuntGA Hunt is the Libertarian for governor in Georgia! #GOTV #votelivefree #tlot #Libertarian,103,1,0,4,0,2,0,628,6
445,2014-11-04,529487584578117632, We should be giving people a hand-up in life and reducing handouts. #HuntforGovernor @AndrewHuntGA #VoteLiveFree http://t.,123,1,0,2,1,2,0,628,5
446,2014-11-04,529487703965200384, #HuntforGovernor @AndrewHuntGA #VoteLiveFree http://t.co/srBGSraAlz will represent Georgia as a public servant.,112,1,0,2,1,2,0,628,5
447,2014-11-04,529487796319567872, .@AndrewHuntGA Hunt is the Libertarian for governor in Georgia! #GOTV #votelivefree #tlot #Libertarian,103,2,0,4,0,2,0,628,6
448,2014-11-04,529487850967142400, #HuntforGovernor @AndrewHuntGA #VoteLiveFree http://t.co/QdzmE9HeWR will represent Georgia as a public servant.,112,2,0,2,1,2,0,628,5
449,2014-11-04,529488099697758208, Vote Hunt for quality full time jobs and under 5% unemployment. #HuntforGovernor @AndrewHuntGA #VoteLiveFree http://t.co/E,123,1,0,2,1,2,0,628,5
450,2014-11-04,529488213656993792, .@AndrewHuntGA Hunt is the Libertarian for governor in Georgia! #GOTV #votelivefree #tlot #Libertarian,103,2,0,4,0,2,0,628,6
451,2014-11-04,529488278781980674, #HuntforGovernor @AndrewHuntGA #VoteLiveFree http://t.co/ECwrl1acnl an engineer &amp; small businessman vs. attorney politicia,127,1,0,2,1,2,0,628,5
452,2014-11-04,529488965532147713, .@AndrewHuntGA Hunt is the Libertarian for governor in Georgia! #GOTV #votelivefree #tlot #Libertarian,103,1,0,4,0,2,0,628,6
453,2014-11-04,529489082251231232, Hunt will end the poverty cycle in Georgia and create a robust economy #HuntforGovernor @AndrewHuntGA #VoteLiveFree http:/,123,1,0,2,1,2,0,628,5
454,2014-11-04,529489107249274880, Hunt for Hunt on the Georgia ballot tomorrow! #HuntforGovernor @AndrewHuntGA #VoteLiveFree http://t.co/QdzmE9HeWR,114,2,0,2,1,2,0,628,5
455,2014-11-04,529489960286433280, We make a Party. Vote Andrew Hunt #HuntforGovernor @AndrewHuntGA #VoteLiveFree http://t.co/QdzmE9HeWR,102,2,0,2,1,2,0,628,5
456,2014-11-04,529490967108530176, #HuntforGovernor @AndrewHuntGA #VoteLiveFree http://t.co/ECwrl1acnl with a focus on the middle class and poor to provide e,123,1,0,2,1,2,0,628,5
457,2014-11-04,529492375409029120, Vote Hunt for a fair and level playing field and true free enterprise. #HuntforGovernor @AndrewHuntGA #VoteLiveFree http:/,123,1,0,2,1,2,0,628,5
458,2014-11-04,529514567219441664, .@NathanDeal watched assault of video journalist http://t.co/DU5skSwj1e @carter4governor @AndrewHuntGA #gagov #gapol #gag,122,1,0,6,1,4,0,628,11
459,2014-11-04,529602789862043649,"We must be diligent to have Freedom; Vote Hunt for Governor.

#WeMakeaParty #HuntForGovernor #gagov #GOTV... http://t.co/Gz7viS7d2w",131,1,0,4,1,0,0,628,5
460,2014-11-04,529603077540962305,"We must be diligent to have Freedom; Vote Hunt for Governor.

#WeMakeaParty #HuntForGovernor #gagov #GOTV... http://t.co/QmJv5P6m8U",131,0,0,4,1,0,0,628,5
461,2014-11-04,529613299285884929, @AndrewHuntGA   - Computer system down in Fulton County 7C/7B and no backup plan.  Half of voters have ready left.  #gagov,123,4,0,1,0,2,0,628,3
462,2014-11-04,529634756028542977,@FilmingInGA @GovernorDeal @carter4governor #HuntforGovernor will give all quality jobs equal treatment.  No special interest groups! #gagov,140,2,0,2,0,3,0,628,5
463,2014-11-04,529635098883538944,@brassmonk thanks #ga3rdparty,29,0,1,1,0,1,0,628,2
464,2014-11-04,529635434406887425,@This_JustIn let's do it! #huntForHunt #ga3rdparty,50,1,2,2,0,1,0,628,3
465,2014-11-04,529635503961030656, I don't know about you but I'm voting @AndrewHuntGA for Governor of Georgia.,77,2,0,0,0,2,0,628,2
466,2014-11-04,529636110386085888,@pscanling @LPNational thanks for voting #HuntforGovernor #ga3rdparty #huntForHunt,82,0,2,3,0,2,0,628,5
467,2014-11-04,529636146582941696, Proud to vote #huntforgovernor @AndrewHuntGA #gagov #gotv #ga3rdparty#gotv2014.  Please vote!! http://t.co/mD2nKFTDOW,118,2,0,3,0,2,1,628,5
468,2014-11-04,529636438464540672,@katy_lyall thanks for voting #HuntforGovernor and the People! #gagov #ga3rdparty,81,0,1,3,0,1,0,628,4
469,2014-11-04,529636796200529921, I voted Libertarian today! @LPNational @AndrewHuntGA,53,2,0,0,0,3,0,628,3
470,2014-11-04,529639009597657090,@FilmingInGA @GovernorDeal @carter4governor Not @NathanDeal! See #PumpkinGate. #HuntForGovernor #gagov #gapol #gagop http://t.co/WhTIfk8cqz,139,0,0,5,1,4,0,628,10
471,2014-11-04,529642324800712704,#PumpkinGate @GovernorDeal @NathanDeal @GAFirstLady look on. #HuntForGovernor #gagov #gapol #gagop #gadems #tlot #atl http://t.co/WhTIfk8cqz,140,3,2,8,1,3,0,628,12
472,2014-11-04,529643311397490688, Vote for @AndrewHuntGA today #HuntforGovernor,46,1,0,1,0,2,0,628,3
473,2014-11-04,529646156066742272,Libertarian Hunt backed by former candidate Pennington http://t.co/dC9xeDRoTE @DavidForGeorgia #HuntForGovernor #gagov #gapol #gagop #gadems,140,3,1,5,1,1,0,628,7
474,2014-11-04,529646515740868608, I did will you? @AndrewHuntGA: #HuntForGovernor #gagov #gapol,62,1,0,3,0,2,0,628,5
475,2014-11-04,529647435073593345," If you need assistance locating your polling location, please call the Elections Division at 404-656-2871.  #gapol",115,25,0,1,0,1,0,628,2
476,2014-11-04,529649508116725760,"Thanks for your endorsement, @DavidForGeorgia! http://t.co/uNBISGMn6O  #HuntForGovernor #Libertarian #gagov #gapol #gagop #gadems #atl #ga",138,1,1,8,1,1,0,628,10
477,2014-11-04,529650233278337026," #SocialMedia is like a box of chocolates...you never know who you are going to meet, speak to or what opportunities will come",126,40,0,1,0,1,0,628,2
478,2014-11-04,529650646526328832, @ajc @NathanDeal @AndrewHuntGA I sent a suggestion which would solve this water problem w/Fla which you ignored Gov Deal,121,1,0,0,0,4,0,628,4
479,2014-11-04,529653636729942016,"Vote to take action to restore our Freedoms, Liberty and make Georgia be all it can be; Hunt for Governor. There... http://t.co/Twj7dvj9sB",138,2,0,0,1,0,0,628,1
480,2014-11-04,529654712166256641,Vote for all our Libertarian Party of Georgia candidates! http://t.co/qH0AvOUS3J,80,3,0,0,1,0,0,628,1
481,2014-11-04,529655859404881920,@Stabaco @ajc @NathanDeal must elect a problem solving engineer like #HuntforGovernor #sayno2DC #gagov #ga3rdparty,114,0,0,4,0,3,0,628,7
482,2014-11-04,529663187990245376,Former #GOP candidate David Pennington endorsed Andrew Hunt for Governor. #HuntForGovernor #Libertarian #gagov #gapol http://t.co/2zU8C0YdpQ,140,4,2,5,0,0,1,628,5
483,2014-11-04,529668832185430016, @AndrewHuntGA. System now up! First vote cast 7:40am at 7C - do we get time back?  #gagov #GOTV #GOTV2014 http://t.co/REvZw,124,1,0,3,0,2,1,628,5
484,2014-11-04,529668926238519296, @AndrewHuntGA Could You Please Win Today!?!?! #GAPoli,54,2,0,1,0,2,0,628,3
485,2014-11-04,529669959836639232,"FAIRNESS, FREEDOM, &amp; LIBERTY @AndrewHuntGA  #HuntForGovernor #Libertarian #VoteLiveFree #gagov #gapol #gagop #gadems http://t.co/unJgTrgMOP",143,3,1,7,0,1,1,628,8
486,2014-11-04,529670696784252928, @LilJon vote for @AndrewHuntGA #HuntForGovernor http://t.co/i7zTdZJsct,71,1,0,1,0,3,1,628,4
487,2014-11-04,529671194715234304, 6AM FLIGHT TO ATL TO VOTE BECAUSE GA NEVA SENT MY BALLOT AFTER NUMEROUS CALLS!!! U CANT DISCOURAGE ME! #VOTETODAY... http://t.c,128,392,0,1,1,1,0,628,3
488,2014-11-04,529672181773389825," ""Insanity is doing the same thing over and over again but expecting different results."" Partisan Voting Red or Blue every ",123,9,0,0,0,1,0,628,1
489,2014-11-04,529672246516674560, a vote for the Libertarian is also an investment in improving state and local politics via more open and competitive elect,123,7,0,0,0,1,0,628,1
490,2014-11-04,529673338331725824, @This_JustIn @AndrewHuntGA Ga needs results and freedom from the establishment. #Hunt2014,90,1,0,1,0,3,0,628,4
