,date,tweet_id,tweet_text,tweet_length,retweet_count,favorite_count,hashtag_count,url_count,user_mentions,media_count,follower_count,total_entities
0,2014-10-06,519261064866037762,This educator and lifelong Republican explains why he is voting for me. http://t.co/TOJ032amMi #IDpol #IDGov #Otterfatigue,122,2,0,3,1,0,0,1718,4
1,2014-10-06,519144068547612672," Come to the party for the policy ideas, stay for the integrity.  Idaho needs to do the right thing. #ajforidaho #Otterfatigue",126,2,0,2,0,1,0,1718,3
2,2014-10-06,519202943481180160, Idaho needs new leadership  http://t.co/hVb3owYlrS @ManningforIdaho @janajones4idaho @AJforIdaho #idedu #EvaluateThat,118,1,0,2,1,4,0,1718,7
3,2014-10-06,519214830268719104, Check out #IdaVotes - the new #Idaho voter's app from @holliwoodings Secretary of State - http://t.co/seukxeefKX  #idpol #,123,3,0,4,1,2,0,1718,7
4,2014-10-06,519236149282627585," Balukoff, Bujak to attend Medicaid forum tonight http://t.co/5wTJLsC52v",72,3,0,0,1,1,0,1718,2
5,2014-10-06,519241376635289600, Thursday! Join us to watch Butch Otter and A.J. Balukoff debate at City Club of I.F. Details (corrected link): http://,119,6,0,0,1,1,0,1718,2
6,2014-10-07,519551557357277184,"""Maintaining the status quo will not improve the status quo."" http://t.co/95cpAV4eT1 #IDpol #Otterfatigue #IDGov",112,3,2,3,1,0,0,1718,4
7,2014-10-07,519311613686722560,Great discussion at the Healthcare for All community forum tonight. #ReformMediciad #idpol #idgov,97,3,1,3,0,0,0,1718,3
8,2014-10-07,519321246107201536,"#Medicaid redesign is the first step in reforming healthcare in #Idaho. As gov, I want to ensure everyone has access to the care they need.",139,4,5,2,0,0,0,1718,2
9,2014-10-07,519534327957569536, Poll @HucksOnline Majority of Hucks Nation sez Dem @AJforIdaho won guv debate in Coeur d'Alene: http://t.co/FuPzSNwfJL #cd,123,1,0,1,1,4,0,1718,6
10,2014-10-07,519608202111877121,Four-term state Superintendent Jerry Evans makes an informed case for electing me as #Idaho's next governor. http://t.co/ir2zx7UaxB #IDpol,138,2,1,2,1,0,0,1718,3
11,2014-10-08,519940924248707072," Otter seems to be saying vote for me, the economy is ok. Ok is not good enough; how bout excellence? First step, vote Baluko",125,1,0,0,0,2,0,1718,2
12,2014-10-08,519838476058251264,"""If you have doubts about where Idaho is headed, maybe it's time to take a chance and elect someone new."" http://t.co/95cpAV4eT1 #IDpol",135,6,6,1,1,0,0,1718,2
13,2014-10-08,519907006136987648," Balukoff: ""I'm proud of the courage shown by these people who challenged a law that violates the Constitution http://t.co/njsB",127,7,0,1,1,1,0,1718,3
14,2014-10-08,519928535243563008, Compare candidates and learn what's on your ballot with our interactive voter guide: http://t.co/lfDYMiIwlb #idpol http,120,6,0,1,1,1,1,1718,3
15,2014-10-08,519990717306126336,Make sure to keep this important voting dates in mind as we approach the finish line! http://t.co/1SjT6TYxz8 #IDpol #IDGov,122,4,1,2,1,0,0,1718,3
16,2014-10-09,520282382264729601,.@OtterforIdaho on inequity of #idedu funding: 'We are challenged to support rural schools.' Yea. #OutofTouch #idpol,116,0,3,3,0,1,0,1718,4
17,2014-10-09,520241773239861249, @AJforIdaho I'm crossing political party lines to vote for u . If u win please fix our education. It is in an embarrassi,121,2,0,0,0,2,0,1718,2
18,2014-10-09,520252369842757632,Another superintendent says #Idaho's rural schools have been devastated by state cuts to #IDedu. http://t.co/e81VV0Dm4t #Otterfatigue #IDpol,140,1,1,4,1,0,0,1718,5
19,2014-10-09,520275074289762304,I will be live tweeting from the Idaho Falls City Club #Debate. Follow along! #IDpol #IDGov #Otterfatigue,105,0,1,4,0,0,0,1718,4
20,2014-10-09,520278865026244608,I would never put the interests of a major campaign donor above the interests of the people of #Idaho! #IDGov #IDPol #Otterfatigue,130,3,3,4,0,0,0,1718,4
21,2014-10-09,520279399556722688,"@ButchOtter claims he has grown #Idaho's economy, he twisted the numbers to make himself look good--He's taking credit for inflation! #IDpol",140,0,1,2,0,1,0,1718,3
22,2014-10-09,520279585737699329,"If @ButchOtter's record on #jobs was made into a movie, it would be called: ""Honey, I Shrunk the #Economy."" #IDpol http://t.co/7S3T0Yc85Q",137,7,9,3,0,1,1,1718,4
23,2014-10-09,520279840633946112,@ButchOtter is claiming that #Idaho's economy is strong. #Outoftouch #idpol,75,0,1,3,0,1,0,1718,4
24,2014-10-09,520280311843008513,"@ButchOtter takes credit for growth of INL, just like he takes credit for inflation! #IDpol #Otterfatigue",105,0,3,2,0,1,0,1718,3
25,2014-10-09,520280569826279424,".@OtterforIdaho: ""I have consistently sought to invest in the future."" Really? Ask #Idaho educators about that. #IDpol #IDedu",125,1,1,3,0,1,0,1718,4
26,2014-10-09,520280779151380481,.@OtterforIdaho talks about 8th graders testing well. Too bad our kids have to go beyond 8th grade. #IDedu #IDpol,113,3,4,2,0,1,0,1718,3
27,2014-10-09,520280958369406976,#Idaho is failing to meet its Constitutional mandate to support public schools. #IDedu #IDpol,93,2,6,3,0,0,0,1718,3
28,2014-10-09,520281173340479488,"95 #school districts have been forced to pass supplemental levies, a $1 Billion tax hike under @OtterforIdaho. #Otterfatigue #idpol",131,4,6,3,0,1,0,1718,4
29,2014-10-09,520281361434025984,Kids in rural school districts should have the same opportunities as students in larger districts. #IDedu #IDpol,112,3,6,2,0,0,0,1718,2
30,2014-10-09,520281575356133377,.@OtterforIdaho is making excuses for #Idaho being next to last in investment in public schools. #DodgetheQuestion #idpol,121,0,3,3,0,1,0,1718,4
31,2014-10-09,520281870647705600,"#Idaho school funding is still lower today than in 2009, and that doesn't take into account inflation! #idedu #idpol",116,1,1,3,0,0,0,1718,3
32,2014-10-09,520282710397685760,"As I travel #Idaho, superintendents tell me about the trouble they have recruiting and retaining qualified teachers. #idedu #idpol",130,1,3,3,0,0,0,1718,3
33,2014-10-09,520283003378208769,".@OtterforIdaho: ""There has never been an effort in my admin to replace teachers with technology."" Well, except the #LunaLaws!",126,4,2,1,0,1,0,1718,2
34,2014-10-09,520283433789292544,"If we're going to call our universities 'state supported,' they need to be supported with more than 20% of their budget. #idedu #idpol",134,8,6,2,0,0,0,1718,2
35,2014-10-09,520283663377129473,".@OtterforIdaho: ""#Idaho has a pretty good bang for its buck.' ID higher ed funding is down 37% under you, governor! #idpol",123,1,3,2,0,1,0,1718,3
36,2014-10-09,520283837654654976,Our students are graduating with more student loan debt than ever before in US history. #idedu #idpol,101,2,3,2,0,0,0,1718,2
37,2014-10-09,520284074687332352,".@OtterforIdaho was asked about pre-K schooling. His response: 'We still have to focus on K-12."" #idpol #idedu",110,0,0,2,0,1,0,1718,3
38,2014-10-09,520284322616852482,Pre-K is the most effective thing we could do to improve student achievement statewide! #Idedu #idpol,101,0,3,2,0,0,0,1718,2
39,2014-10-09,520284545351176192,Inflation won't help .@OtterforIdaho get to the goal of 60% of young #Idahoans having a degree by 2020! #idedu #idpol,117,0,2,3,0,1,0,1718,4
40,2014-10-09,520284809000923136,.@OtterforIdaho: 'why would I step in as governor to add pre-K education?' #Idpol #idedu,88,0,3,2,0,1,0,1718,3
41,2014-10-09,520285070062792704,We should focus on growing small businesses in #Idaho. #idpol,61,3,3,2,0,0,0,1718,2
42,2014-10-09,520285332638814208,"We have 40K small businesses in #Idaho. If only 10% of those added one job, that's 4K new jobs across the state. #idpol",119,1,1,2,0,0,0,1718,2
43,2014-10-09,520285812035170304,.@OtterforIdaho says his low-paying jobs as a teen is the same as a parent trying to feed kids on #minimumwage. #OutofTouch #Otterfatigue,137,3,6,3,0,1,0,1718,4
44,2014-10-09,520286116575195136,We are #2 in percentage of minimum wage jobs in the county. #Otterfatigue #idpol,80,2,4,2,0,0,0,1718,2
45,2014-10-09,520286378173923329,".@OtterforIdaho asks me: ""Your proposals are talking about 100s of millions. Where are you gonna get that money?"" #idpol",120,1,1,1,0,1,0,1718,2
46,2014-10-09,520286728486416384,"Without all of .@OtterforIdaho's scandals, we'd eliminate a lot of waste. #Idaho collects $3 Billion--the money is there. #idpol",128,4,10,2,0,1,0,1718,3
47,2014-10-09,520287174890369024,"I ask .@OtterforIdaho about #CCA state prison scandal, where his campaign donor bilked #Idaho taxpayers. #idpol",111,2,2,3,0,1,0,1718,4
48,2014-10-09,520287488188104704,Why did .@OtterforIdaho wait to investigate the #CCA problem? #idpol,68,0,3,2,0,1,0,1718,3
49,2014-10-09,520287700914831360,".@OtterforIdaho: ""I purposely did not involve myself in the negotiations with #CCA to settle that case.""",104,0,1,1,0,1,0,1718,2
50,2014-10-09,520287939788808196,".@OtterforIdaho: ""State police told me we didn't need to investigate the state prison scandal."" #shiftingtheblame #idpol",120,0,2,2,0,1,0,1718,3
51,2014-10-09,520288199332360192,My opponent and I agree about having a healthcare exchange in #Idaho. #idpol,76,0,2,2,0,0,0,1718,2
52,2014-10-09,520288490513518592,On #Medicaid expansion: We have to accept this to not only help poor families but to help our state. #idpol,107,3,3,2,0,0,0,1718,2
53,2014-10-09,520288697775038465,.@OtterforIdaho's taks force on #MedicaidExpansion has twice recommended expanding to bring in more revenue and create jobs. #idpol,131,1,4,2,0,1,0,1718,3
54,2014-10-09,520289065162514432,By taking $$ from #CCA .@OtterforIdaho put himself in a place where he could not be the voice for the people of #Idaho. #idpol,126,1,3,3,0,1,0,1718,4
55,2014-10-09,520289309531062273,".@OtterforIdaho: ""I made a deal with the #IDleg that I would not make a unilateral decision to expand #Medicaid.""",113,0,2,2,0,1,0,1718,3
56,2014-10-09,520289562275614720,".@OtterforIdaho, we will get $ for #Medicaid from the $80M to $90M we're already paying in. #idpol",98,1,3,2,0,1,0,1718,3
57,2014-10-09,520289817092173824,#Idaho's mental health and substance abuse services are anemic at best. #idpol #otterfatigue,92,2,0,3,0,0,0,1718,3
58,2014-10-09,520290010751582209,#Idaho's plan is to put people in prison instead of deal with mental health issues. #Idpol,90,2,3,2,0,0,0,1718,2
59,2014-10-09,520290171036913664,It's a shame that we don't have programs where we can intervene early to keep people out of prison. #idpol,106,2,3,1,0,0,0,1718,1
60,2014-10-09,520290574537347072,".@OtterforIdaho: ""I inherited a system"" on mental health care. #DoNothing #ShifttheBlame #idpol",95,1,1,3,0,1,0,1718,4
61,2014-10-09,520290822722707456,".@OtterforIdaho, your marketing plan for creating jobs seems to be tax breaks and 'we work cheap.' #idpol",105,2,2,1,0,1,0,1718,2
62,2014-10-09,520291010690441216,I met a businessman in Gooding who says .@OtterforIdaho is trying to bring companies to #Idaho that will compete with him. #idpol,129,0,0,2,0,1,0,1718,3
63,2014-10-09,520291179779604482,We know 80% of new #job growth comes from small businesses. #idpol,66,1,0,2,0,0,0,1718,2
64,2014-10-09,520291424009728000,".@OtterforIdaho on marriage equality: ""You're not talking about association."" #OutofTouch #idpol #Otterfatigue",110,1,2,3,0,1,0,1718,4
65,2014-10-09,520291613432877056,.@OtterforIdaho says he opposed #marriageequity because he's defending the #Idaho Constitution. #idpol,102,0,0,3,0,1,0,1718,4
66,2014-10-09,520291921840046081,"As a constitutionalist, .@OtterforIdaho should know the U.S. Constitution says we must treat all people equally. #14thAmendment #idpol",134,2,3,2,0,1,0,1718,3
67,2014-10-09,520292156129685504,Discrimination is discrimination and it's always wrong. We cannot pass a law that violates the U.S. Constitution. #Otterfatigue #idpol,134,4,5,2,0,0,0,1718,2
68,2014-10-09,520292582166130688,"On #Addthe4Words: When you have a group of citizens that ask for a hearing, to stonewall them for 8 years is unacceptable. #idpol",129,5,6,2,0,0,0,1718,2
69,2014-10-09,520292878372057088,.@OtterforIdaho: I agreed that the #IDleg should hold the hearings. They closed before the 'antics started up.' #shiftingblame #idpol,133,0,1,3,0,1,0,1718,4
70,2014-10-09,520293716737925120,@ButchOtter has proven over and over that he can't be trusted with our taxpayer dollars. It's time for a #IDGov the people can trust. #idpol,140,0,0,2,0,1,0,1718,3
71,2014-10-09,520293947646959616,.@OtterforIdaho wants us to believe everything is swell! #idpol #delusional,75,0,0,2,0,1,0,1718,3
72,2014-10-09,520294103494705152,What has @OtterforIdaho done in 8 years to make the lives of Idahoans better? Where's his list of achievements? #Otterfatigue #IDpol,132,1,2,2,0,1,0,1718,3
73,2014-10-09,520294418247864320,"As gov., I will appoint a bipartisan administration--I'm not interested in politics as usual. I only care about doing the job right. #idpol",139,2,7,1,0,0,0,1718,1
74,2014-10-09,520294705121492993,"""Maintaining the status quo will not improve the status quo."" #idpol #otterfatigue",82,3,3,2,0,0,0,1718,2
75,2014-10-09,520294780849635328,"""If you have doubts about where #Idaho is headed, maybe it's time to take a chance and elect someone new."" #Otterfatigue #idpol",127,8,6,3,0,0,0,1718,3
76,2014-10-09,520294975415017472,".@OtterforIdaho asks #Idaho voters to 'look back at the last 8 years.' Yes, I hope they do. #otterfatigue #idpol",112,5,5,3,0,1,0,1718,4
77,2014-10-09,520295374654029825,Tepid but respectful applause for .@OtterforIdaho's closing remarks. #idpol,75,0,2,1,0,1,0,1718,2
78,2014-10-09,520295652967059456,"Thank you to the #IdahoFalls City Club, @IdahoStateU and the @cityclubofboise for today's event. #idpol",103,1,6,2,0,2,0,1718,4
79,2014-10-09,520341773823250434,#IDLeg should not rush into a plan that #teachers don't like. Slow this down and listen. http://t.co/BWLUJlxuGO #IDpol,118,3,2,3,1,0,0,1718,4
80,2014-10-10,520683979725606912,@IdahoStateJ calls attack ads targeting me 'nonsense' from .@OtterforIdaho's allies in D.C. http://t.co/e57yeRsM6U #idpol #Otterfatigue,135,0,0,2,1,2,0,1718,5
81,2014-10-10,520375687426097152,It was clearly demonstrated that .@ButchOtter is out of touch and #Idaho needs new leadership. http://t.co/JM69iF7znq #idpol #otterfatigue,138,7,6,3,1,1,0,1718,5
82,2014-10-10,520623243146059776, Miss yesterday's Otter-Balukoff debate? Here are the highlights: http://t.co/aHTu1nXOiu #idpol http://t.co/Nh3mXCj15I,118,3,0,1,1,1,1,1718,3
83,2014-10-11,520770817538670592,"As Gov. Otter showed in our debate, he'll talk about anything but his record on #idedu, #idecon, and scandals. http://t.co/e57yeRsM6U #idpol",140,6,9,3,1,0,0,1718,4
84,2014-10-13,521778587847110658, Posted @HucksOnline latest @AJforIdaho TV commercial ... discuss: http://t.co/JauiHM6n3G #idahopolitics,104,1,0,1,1,3,0,1718,5
85,2014-10-13,521683084581031936, @AJforIdaho Had the BEST political ad. So epic!! #RockTheVote #Idaho,69,1,0,2,0,2,0,1718,4
86,2014-10-13,521740866067922944, Yard signs are a go! @nelsmitchell @AJforIdaho http://t.co/DP86p0g19I,70,3,0,0,0,3,1,1718,3
87,2014-10-13,521803846809825282,I've been meeting folks all over #Idaho. See what they are saying in  my newest video. http://t.co/uB9761PSSL #idpol #idgov,123,5,2,3,1,0,0,1718,4
88,2014-10-14,522046934404829184," I've met &amp; talked to @AJForIdaho several times &amp; I've asked him tough questions, He's the real deal. http://t.co/Hioyw",127,4,0,0,1,3,0,1718,4
89,2014-10-14,522149939842134016,Here I lay out the details of my plan to fix our #schools and our #economy. http://t.co/3m6X9SVkmO #IDpol #IDedu,112,7,3,4,1,0,0,1718,5
90,2014-10-14,522076115297652736,Tune into .@KTVB at 8 p.m. to watch the debate tonight! #idpol #iddebates #idgov,80,1,0,3,0,1,0,1718,4
91,2014-10-15,522215741475807232,We need to focus on #Idaho companies already here so they can thrive and grow. #idpol,85,4,4,2,0,0,0,1718,2
92,2014-10-15,522214730036166656,"Nampa company I spoke with recently is creating new jobs...in Indiana, not #Idaho. #idpol",89,0,0,2,0,0,0,1718,2
93,2014-10-15,522216265449222144,@ButchOtters economic plan: tax breaks and we work cheap #idpol,63,2,1,1,0,1,0,1718,2
94,2014-10-15,522217256194170880,@ButchOtters panel twice said expand #Medicaid because we are leaving federal dollars on the table. #expandmediciad #idpol,122,1,2,3,0,1,0,1718,4
95,2014-10-15,522218016239808512,@ButchOtter has had an #idgop supermajority for 8 years and what has he accomplished? #wheresthebeef #idpol,107,4,1,3,0,1,0,1718,4
96,2014-10-15,522219207057235968,What had @ButchOtter done in his two terms as #idgov that warrants him a third term? #idpol,91,5,3,2,0,1,0,1718,3
97,2014-10-15,522219542505074689,Its sad and despicable that @ButchOtters ads are spreading lies about me instead of saying why he deserves a 3rd term. #idpol,125,7,12,1,0,1,0,1718,2
98,2014-10-15,522220080688791552,"Everywhere I go in #Idaho, people tell me @ButchOtter has been in government so long that hes #outoftouch with regular Idahoans. #idpol",135,5,8,3,0,1,0,1718,4
99,2014-10-15,522220468204765184,"As your governor, I will work hard, tell the truth, and put people first. #idpol #idgov",87,8,11,2,0,0,0,1718,2
100,2014-10-15,522399727124742145," Balukoff, Otter spar at Nampa debate http://t.co/WeRB3V4ZMK",60,2,0,0,1,1,0,1718,2
101,2014-10-15,522443704297349120, Three of Idaho's candidates for governor debated last night: http://t.co/PUQeidqLhp http://t.co/HI9mMc7oUU,107,1,0,0,2,1,0,1718,3
102,2014-10-15,522451521792139265, Elections: @AJforIdaho vows to revisit the 2006 schools property tax overhaul. Kevin's blog: http://t.co/BJ8yPFqTLM #idpol,123,5,0,1,1,2,0,1718,4
103,2014-10-15,522507790502592512,We learned today taxpayers may have to eat another $17M in the scandal over .@ButchOtter's $60M IEN contact. http://t.co/dcbx49xI4i #idpol,138,5,1,1,1,1,0,1718,3
104,2014-10-15,522192588749934592,Dont forget to tune in for the .@KTVB debate at 8 pm! #idpol #idgov,67,2,0,2,0,1,0,1718,3
105,2014-10-15,522206607313494018,For too long .@ButchOtter has run #Idaho to the bottom in #idedu and #idecon. #idpol,84,0,7,4,0,1,0,1718,5
106,2014-10-15,522206875979620352,@ButchOtter promises to get into details in the debate tonight. Sounds like 2010. #idpol,88,0,0,1,0,1,0,1718,2
107,2014-10-15,522208006977912832,@ButchOtter points out this is the first time weve had an education plan. It only took him 8 years. #idgov #idpol,113,0,0,2,0,1,0,1718,3
108,2014-10-15,522208690532012032,Steve Pankey .@ButchOtter is frozen in time. #idpol #marriageequality,69,2,2,2,0,1,0,1718,3
109,2014-10-15,522209180175044608,@ButchOtter wasted taxpayer dollars fighting the US Constitution. #idpol #idgov,79,0,1,2,0,1,0,1718,3
110,2014-10-15,522209720829218816,School supplemental levies have created the greatest disparity for students across #Idaho. #idpol #idedu,104,1,2,3,0,0,0,1718,3
111,2014-10-15,522210144000933889,@ButchOtter still defends #Idaho ranking at the bottom in student investment. #idpol #outoftouch,96,0,1,3,0,1,0,1718,4
112,2014-10-15,522210615830777856,@ButchOtter says median teacher pay in #Idaho is 50K a year. #outoftouch #idpol,79,0,2,3,0,1,0,1718,4
113,2014-10-15,522211114869063680,State Supreme Court and @ButchOtter have admitted the state is not meeting constitutional obligation for schools. #idedu #idpol,127,12,9,2,0,1,0,1718,3
114,2014-10-15,522211293907144706,"@ButchOtter admits yeah, schools could use a little more money. #idpol #idedu",77,0,2,2,0,1,0,1718,3
115,2014-10-15,522211771424444417,The biggest lie ever told in #Idaho politics is there isnt enough money for that #idpol #idgov,94,5,7,3,0,0,0,1718,3
116,2014-10-15,522212044586881024,The second biggest lie in politics is my opponent is going to raise your taxes #idpol,85,1,9,1,0,0,0,1718,1
117,2014-10-15,522212391480987648,My schools are among the best in the country. The students have the highest achievement in the state. #idedu #idpol,115,2,5,2,0,0,0,1718,2
118,2014-10-15,522212963860897792,Pankey says  #idgop numbers and reality numbers arent always the same #idpol,76,0,1,2,0,0,0,1718,2
119,2014-10-15,522213426631032833,@ButchOtter believes in choice in schools but doesnt believe in local control of schools. #idedu #idpol,103,0,2,2,0,1,0,1718,3
120,2014-10-15,522213682798161924,@ButchOtter says you can have great schools without tax dollars. #idedu #idpol #outoftouch,90,1,0,3,0,1,0,1718,4
121,2014-10-15,522214055273308160,@ButchOtter days weve created a lot of jobs but half of all working Idahoans make less than $11.15/hour. #outoftouch #idpol,123,3,2,2,0,1,0,1718,3
122,2014-10-15,522214305568407552,@ButchOtter doesnt want to talk about being 2nd in percentage of #minimumwage jobs. #avoidingtheissue #idpol,108,3,2,3,0,1,0,1718,4
123,2014-10-16,522875964716380162,"Thank you, Stephanie for the great tour of Old Town Pocatello! http://t.co/3fjCNtN0Df #IDpol #IDgov",99,1,1,2,1,0,0,1718,3
124,2014-10-16,522558839892488192,.@ButchOtter needs to come clean on how that contract was awarded to one of his campaign donors. http://t.co/dcbx49xI4i #Otterfatigue #idpol,140,5,6,2,1,1,0,1718,4
125,2014-10-16,522584189586407425, Eye on Boise: Contractor Ed Networks of America gave Otter campaign more than $18K since 2006 http://t.co/jWjt0Ao2j7 #id,121,6,0,1,1,2,0,1718,4
126,2014-10-16,522768929538981888,"On @KTVB, @ButchOtter asked me to give some #Boise #schools money to other #Idaho districts. He wants me to do his job for him. I intend to.",140,5,5,3,0,2,0,1718,5
127,2014-10-16,522794587451314176,It's clear that .@ButchOtter has lied to and misled the people of #Idaho about the company that bilked taxpayers. http://t.co/iofDx2MG7t,136,6,5,1,1,1,0,1718,3
128,2014-10-16,522849629155897344,Does .@ButchOtter deserve a 3rd term after trying to cover up the truth about a donor costing taxpayers millions? No. http://t.co/iofDx2MG7t,140,3,5,0,1,1,0,1718,2
129,2014-10-17,523209012373102592, Idaho Guv Race: @AJforIdaho to visit North Idaho next week: http://t.co/ZvyVZyt3Wo @IdahoDems #idahopolitics,109,1,0,1,1,3,0,1718,5
130,2014-10-17,522907404082892800,Time for .@ButchOtter to make public all records relating to the #CCAscandal. Voters deserve to know what's going on. http://t.co/nhLzRzC2GX,140,4,5,1,1,1,0,1718,3
131,2014-10-17,523139643018321921,"Great interview this morning on KBWE in Burley, this morning! #Idpol #ListeningTour http://t.co/tdGS0aAhXn",106,0,3,2,0,0,1,1718,2
132,2014-10-17,523150894108794880, .@AJforIdaho has announce  a north Idaho tour next week. It includes Moscow and Lewiston on 10/20.,99,2,0,0,0,2,0,1718,2
133,2014-10-17,523242186826334208,The facts lead to one inescapable conclusion: Gov. Otter abandoned his responsibility to the #Idaho taxpayers. http://t.co/dVjG4XesNx #idpol,140,4,7,2,1,0,0,1718,3
134,2014-10-17,523254755293138944,"On @KTVB, @ButchOtter asked me to give some #Boise #schools money to other #Idaho districts. He wants me to do his job for him. I intend to.",140,6,13,3,0,2,0,1718,5
135,2014-10-18,523466135266951168,"On @KTVB, @ButchOtter asked me to give some #Boise #schools money to other #Idaho districts. He wants me to do his job for him. I intend to.",140,4,6,3,0,2,0,1718,5
136,2014-10-19,523981998990585856,The cost of higher #education keeps getting further out of reach for many young #Idahoans. http://t.co/XpBsCBcnar #idpol #idelex #idleg,135,3,1,5,1,0,0,1718,6
137,2014-10-19,523676873013067776,At @RockTheVote in @CityofTwinFalls today! Make sure to exercise your right to vote on November 4th! #idpol #idgov http://t.co/OV2sLsHRWb,137,4,4,2,0,2,1,1718,4
138,2014-10-19,523934249716822019,"On @KTVB, @ButchOtter asked me to give some #Boise #schools money to other #Idaho districts. He wants me to do his job for him. I intend to.",140,1,3,3,0,2,0,1718,5
139,2014-10-19,523934327194017792,I'm heading back to #NorthIdaho next week! Check out my upcoming events here: http://t.co/IyvhbBGWSx. #ListeningTour #idelex #idgov #idpol,138,1,2,5,1,0,0,1718,6
140,2014-10-20,524309202483691520," Eye on Boise: More 'Idaho Debates' coming up: Ybarra/Jones on Tues., 2nd CD Sun., Gov &amp; Lt. Gov on Oct. 30 http://t.co/p",125,2,0,1,1,1,0,1718,3
141,2014-10-20,524222353526763521,"Sent in from a #NorthIdaho supporter! Keep an eye out for it if you're on Hwy 95, north of @CityofMoscowId. #idpol http://t.co/2jT95beexd",137,4,8,2,0,1,1,1718,3
142,2014-10-20,524262793093349376, Our election profiles continue with a look at how A.J. Balukoff (@AJforIdaho) makes schools top issue in race. http://t.co,123,1,0,1,1,2,0,1718,4
143,2014-10-20,524330627978788864,"Gov. Otter abandoned his responsibilities as governor, he put the interests of a big campaign donor ahead of #Idaho. http://t.co/RWfnovFnMz",139,4,5,1,1,0,0,1718,2
144,2014-10-21,524667767908487168,@washingtonpost shows Gov Otter is 3rd to last in 'governors are performing particularly poorly' at the polls. http://t.co/HB7RX6rvT5 #idpol,140,4,3,1,1,1,0,1718,3
145,2014-10-21,524379828070678530,What's a top reason why Gov. Otter doesn't deserve a third term? Here's a big one... http://t.co/RWfnovFnMz #idpol #otterfatigue #no3rdterm,139,9,7,3,1,0,0,1718,4
146,2014-10-21,524595397449482241, Editorial Board @SpokesmanReview endorses Democrat @AJforIdaho for governor: http://t.co/QLxpD8OxFy @IdahoDems @IdahoGOP,121,2,0,0,1,5,0,1718,6
147,2014-10-21,524598405801447424,@SpokesmanReview endorsed me for governor saying I 'can bring needed pragmatism to #Idaho.' http://t.co/zBLgygZr9r #idpol #idgov,128,0,0,3,1,1,0,1718,5
148,2014-10-21,524625115238400000,"""I am supporting A.J. Balukoff""- Former #IDLeg Steve Smylie. http://t.co/PLuBmGnQ4A #endorsment #idpol",102,2,1,3,1,0,0,1718,4
149,2014-10-21,524643862929997824,Join me in .@SandpointIdaho for a Meet &amp; Greet from 6 p.m.-8 p.m. More information here http://t.co/Vc98QtRirQ. #idpol #idleg #idgov,136,2,1,3,1,1,0,1718,5
150,2014-10-21,524692990372376576,"""The best chance for turning the state around is to elect a pragmatic leader. In our view, thats A.J. Balukoff."" http://t.co/zBLgygZr9r",135,2,2,0,1,0,0,1718,1
151,2014-10-22,524977008695341057,Thank you to the Panhandle Kiwanis in #CdAID for allowing me to address the crowd this morning! http://t.co/gGbQOIFxT8,118,2,2,1,0,0,1,1718,1
152,2014-10-22,524908627644407808,"#Endorsment: ""While Gov. Otter is a fine campaigner, A.J. has real skills that he will use to lead the state."" http://t.co/PLuBmGnQ4A #idpol",140,1,4,2,1,0,0,1718,3
153,2014-10-22,524983440853434369, .@AJforIdaho told us gridlock is not what he's about. Listen here: http://t.co/vzjcZHZjco #idpol,97,4,0,1,1,2,0,1718,4
154,2014-10-23,525414300018831360,This editorial makes a compelling case for why voters should replace Gov. Otter. http://t.co/y28016URkw #idpol #otterfatigue #no3rdterm,135,4,3,3,1,0,0,1718,4
155,2014-10-23,525321557431058432,Thank you for the .@IdahoDems support in Fruitland! #idelex #idgov http://t.co/cPD71nTezU,89,1,2,2,0,1,1,1718,3
156,2014-10-23,525356445030944768,"Great opinion piece about how .@ButchOtter is ""inventing"" a fictitious record because he can't run on his own. http://t.co/y28016URkw #idpol",140,5,1,1,1,1,0,1718,3
157,2014-10-23,525377151592591363, Smylie: Why I'm backing Balukoff - Coeur d'Alene Press: Local News http://t.co/Sxmpdfwpgn,90,2,0,0,1,1,0,1718,2
158,2014-10-23,525431701175300096,Enjoyed my tour of the Kootenai County Humane Society this afternoon! #idpol #idelex #idgov http://t.co/zd7YFMdkTF,114,0,9,3,0,0,1,1718,3
159,2014-10-24,525731556510662657,"Gov. Andrus:""A.J. knows that a sound educational system is the engine room of true economic expansion."" http://t.co/wCIRZdUXUz #idpol #idgov",140,4,5,2,1,0,0,1718,3
160,2014-10-24,525499596286734336, Eye on Boise: Balukoff explains the bow ties http://t.co/KNmvlVowWS #idpol H/T @HucksOnline,92,16,0,1,1,2,0,1718,4
161,2014-10-24,525706885660700673, Otter CCA prison recusal didn't including face to face talks on contract extention during investigation http://t.co/yOzMO8,123,3,0,1,1,1,0,1718,3
162,2014-10-24,525736474898333696, Join #idleg candidate Travis Manning @ManningforIdaho and gubernatorial candidate @AJforIdaho Balukoff this http://t.co/5xZu,125,1,0,1,1,3,0,1718,5
163,2014-10-25,525799539232755715,Stop by our @BroncoSportsFB tailgate! #idpol #idgov http://t.co/78QOoaZPAL,74,2,3,2,0,1,1,1718,3
164,2014-10-25,525829473690587136,Steve Smylie: 'I'm a Republican and I support A.J. Balukoff.' http://t.co/x2SYK5DhCY #endorsement #idpol #otterfatigue,118,5,10,3,1,0,0,1718,4
165,2014-10-25,526059431998816257,Thank you Lee Family in Oldtown for showing your #ajforidaho support! http://t.co/kaZnkwiLlC #idpol #yardsign,109,3,2,3,1,0,0,1718,4
166,2014-10-25,526071118223138818,"""While Gov. Otter is a fine campaigner, A.J. has real skills that he will use to lead the state."" http://t.co/sny7S7XOQa #endorsement #idpol",140,8,4,2,1,0,0,1718,3
167,2014-10-25,526147478861938688,"""One of my main goals in getting into this race was to elevate the attention to public education."" http://t.co/0wD3iepuLe #idpol #idedu",135,3,1,2,1,0,0,1718,3
168,2014-10-26,526509880853921793,""" #Idaho can slog through another 4yrs of mediocrity from a career politician--or elect someone with a proven record"" http://t.co/sny7S7XOQa",140,9,6,1,1,0,0,1718,2
169,2014-10-27,526858500589486080,"Twin Falls Times-News: ""Balukoff is the right leader for an economy on the mend."" http://t.co/9bVvlfM27E #idpol #endorsement",124,3,4,2,1,0,0,1718,3
170,2014-10-27,526832015950499840,"Apparently, it's .@ButchOtter's D.C. friends who need a script when telling lies about me! http://t.co/PTn5K4Bdfd #idpol",120,3,4,1,1,1,0,1718,3
171,2014-10-27,526751658257420288," I'm also a Republican who supports Balukoff. Steve Smylie: I'm a Republican, and I support A.J. Balukoff http://t.co/SemL",122,7,0,0,1,1,0,1718,2
172,2014-10-27,526761726092771328,Download this great app from .@holliwoodings. It makes it easy to research candidates. http://t.co/gxLiogB5xV #idpol #idavotes,126,1,2,2,1,1,0,1718,4
173,2014-10-27,526765854609133568,"Early voting ends Oct 31! If you won't be around for election day, stop by your polling place before Friday. http://t.co/mjStjHsnyZ #idpol",138,1,2,1,1,0,0,1718,2
174,2014-10-27,526777983722586114,What happens when @ButchOtter fails #schools? Local taxpayers feel the pinch. http://t.co/8NT94CNn3W #idpol #otterfatigue #no3rdterm,132,1,2,4,1,1,0,1718,6
175,2014-10-27,526804349658624000,Gov. Otter owes the people of #Idaho some answers on the CCA scandal. http://t.co/fbewJA9lwJ #idpol #otterfatigue #no3rdterm,124,1,3,4,1,0,0,1718,5
176,2014-10-28,527144083941523456,Otter's big-money allies are pouring thousands of $ into attack ads against me. My campaign is powered by #Idaho! http://t.co/rmtNQdwDke,136,0,1,1,1,0,0,1718,2
177,2014-10-28,527083094743191552,"@ButchOtter has been an absentee Gov, including when his campaign donor cheated #Idaho taxpayers. http://t.co/2wJJWi6cS1 #No3rdTerm #idpol",138,0,0,3,1,1,0,1718,5
178,2014-10-28,527124002234724352,See why this Idaho Falls voter is supporting me on #ElectionDay. http://t.co/3kI3HjVzkc #idpol #otterfatigue #idgov,115,0,0,4,1,0,0,1718,5
179,2014-10-28,527184769990541312," MT @idahoednews: If elected, @janajones4idaho and @AJforIdaho vow to revamp tiered-licensure proposal. http://t.co/j5USiG",122,1,0,1,1,4,0,1718,6
180,2014-10-29,527565482476724224,"Thank you, #Idaho Mountain Express for the #endorsement of me for #IDgov. http://t.co/ar4lBdB3tp #idpol #idelex",111,0,0,5,1,0,0,1718,6
181,2014-10-29,527298829432135680,Voter testimonial from supporter Carrie Crom. http://t.co/fxqZkp9s2x #idpol #idelex,83,0,1,2,1,0,0,1718,3
182,2014-10-29,527507286789750784, Check out this video with Rain Van Leuven &amp; @AJforIdaho! http://t.co/Do0PHHapZN,84,2,0,0,1,2,0,1718,3
183,2014-10-29,527558001839067136, Idaho's kids do deserve better. Thats why we need @ButchOtter out of office asap. This November vote @AJforIdaho for Gov. #ot,126,4,0,1,0,3,0,1718,4
184,2014-10-29,527568107829989376,Want to know the #truth about where I stand on the #2ndAmendment? Watch this: http://t.co/sBl98XxUcN #idpol #idleg #otterfatigue,128,3,3,5,1,0,0,1718,6
185,2014-10-30,527965820593639424,Don't forget to watch at 7:00 p.m. as I #debate Gov. Otter about our sharply contrasting visions for #Idaho's future. http://t.co/iOMA7uPbep,140,4,1,2,1,0,0,1718,3
186,2014-10-30,527849433409802240,"Don't forget to tune in to ""The Idaho Debates"" on .@IdahoPublicTV at 7 p.m. tonight! #idpol #idgov #idleg",105,2,1,3,0,1,0,1718,4
187,2014-10-30,527921091298467842,I've watched how a one-party monopoly has driven #Idaho to the bottom in #IDedu and job opportunities. http://t.co/oklfveIf7W #otterfatigue,139,1,2,3,1,0,0,1718,4
188,2014-10-30,527943558800887809,"More lawsuits against #Idaho under Gov. Otter's admin. As gov, I'll put an end to these scandals. http://t.co/13lZPCj8rc #idpol #nothirdterm",140,0,1,3,1,0,0,1718,4
189,2014-10-31,527999572434366465,.@ButchOtter never showed up for even one meeting of his education task force. #idedu #idpol .@MichaelALanza,108,3,2,2,0,2,0,1718,4
190,2014-10-31,527987501948878848,"""The Idaho Debates"" on .@IdahoPublicTV starting soon! #idpol #idgov #idleg",74,1,0,3,0,1,0,1718,4
191,2014-10-31,527989353968959490,This election is a referendum on .@ButchOtter's job performance. Has he earned a third term? #idpol #otterfatigue,113,0,0,2,0,1,0,1718,3
192,2014-10-31,527989856840851456,.@ButchOtter claims #Idaho 'has led this nation out of a recession.' We've actually recovered slower than almost every other state. #idpol,138,2,1,2,0,1,0,1718,3
193,2014-10-31,527990162987298818,"Under .@ButchOtter, #Idaho per-capita income has gone from 43rd nationally to 50th. #idpol",90,2,0,2,0,1,0,1718,3
194,2014-10-31,527990380461957121,".@ButchOtter 'Yes, we had some setbacks.' To say the least... #idpol #idgov #idelex",83,0,2,3,0,1,0,1718,4
195,2014-10-31,527990587136307200,.@ButchOtter says I will get to education and jobs...now--after 8 years. #idpol #idleg,86,3,0,2,0,1,0,1718,3
196,2014-10-31,527990867106086913,.@ButchOtter's record with an overwhelming majority of his own party in #idleg has little to show after 8 years. #idpol #otterfatigue,133,1,0,3,0,1,0,1718,4
197,2014-10-31,527991082592649217,Cutting taxes when state revenue is down and you're already underfunding schools was a mistake by .@ButchOtter. #idpol #idedu,125,1,0,2,0,1,0,1718,3
198,2014-10-31,527991609531437056,"@Bujak4Gov: ""I'm surprised I get the questions about scandals with @ButchOtter standing next to me."" #idpol",107,1,1,1,0,1,0,1718,2
199,2014-10-31,527991946577342465,@ButchOtter asked why state settled with #CCA for cheating taxpayers without reviewing more than one year of records? #idpol,124,0,0,2,0,1,0,1718,3
200,2014-10-31,527992229973868546,"@ButchOtter ""I was not involved in that settlement"" with #CCA ""because I received campaign donations from that company."" #idpol",127,0,0,2,0,1,0,1718,3
201,2014-10-31,527992516759392256,.@ButchOtter wants to confuse the public about the sweetheart deal he gave his big campaign donor after they cheated taxpayers. #idpol,134,2,0,1,0,1,0,1718,2
202,2014-10-31,527992898646601728,"That's the way .@ButchOtter governs: he's absent. If your contributors are cheating the state, you're responsible to hold them accountable.",139,4,2,0,0,1,0,1718,1
203,2014-10-31,527993118398750720,.@ButchOtter just admitted he doesn't know whether $1M is a good settlement or not. #idpol #CCAscandal,102,1,4,2,0,1,0,1718,3
204,2014-10-31,527993811260035072,#Idaho: the governor is lying to you! Do your homework- don't take our word for it. Google CCA Otter Idaho. #idpol #otterfatigue,128,2,3,3,0,0,0,1718,3
205,2014-10-31,527994594261082112,.@ButchOtter asked why he called for a CCA investigation only AFTER giving his campaign donor a sweetheart deal. #idpol,119,0,1,1,0,1,0,1718,2
206,2014-10-31,527994847420878848,.@ButchOtter rambling about chronology in the CCA case. Whats the truth? What was the state police conflict of interests? #idpol,128,0,1,1,0,1,0,1718,2
207,2014-10-31,527995044397998080,"The state broadband contract has multiple layers of markup, over-billing taxpayers. I would take that contract apart. #idpol",124,1,1,1,0,0,0,1718,1
208,2014-10-31,527995312581771264,.@ButchOtter defends contract given to another big supporter of his that is costing taxpayers because it's potentially illegal. #idpol,134,1,1,1,0,1,0,1718,2
209,2014-10-31,527995510385156096,.@ButchOtter's buddy gave out that contract for school broadband and now feds won't pick up the bill. #idpol,108,0,0,1,0,1,0,1718,2
210,2014-10-31,527996030780841984,".@ButchOtter ""I don't know that #Idaho has ever met the constitutional mandate"" to support #idedu. That's called leadership??? #idpol",133,0,2,3,0,1,0,1718,4
211,2014-10-31,527996182488829952,We are not meeting the state constitutional mandate to support schools under .@ButchOtter #idpol #idedu #otterfatigue,117,1,1,3,0,1,0,1718,4
212,2014-10-31,527996456167161856,.@ButchOtter shifts quickly from his failure to support schools to defend his fight agains the US Constitution on #marriageequality. #idpol,139,1,2,2,0,1,0,1718,3
213,2014-10-31,527996745964191745,".@ButchOtter defends $1B in local property tax increase under his watch, while funding for #idedu has still gone down. #idpol",125,0,1,2,0,1,0,1718,3
214,2014-10-31,527997010809335808,"Even though .@ButchOtter claims to have put money back into schools, we're still below 2009 funding levels. #idpol #idedu",121,1,0,2,0,1,0,1718,3
215,2014-10-31,527997572430827520,We have to eliminate the waste in government that has cost taxpayers millions because .@ButchOtter's insider deals for big donors. #idpol,137,2,3,1,0,1,0,1718,2
216,2014-10-31,527998065446109184,@Bujak4Gov: .@ButchOtter takes the ideas that voters reject and gives them a different name and sells them back to the people of #Idaho.,136,0,0,1,0,1,0,1718,2
217,2014-10-31,527998280563585024,#Idaho school buildings are deteriorating around the state because .@ButchOtter has abandoned our schools. #idedu #idpol,120,0,3,3,0,1,0,1718,4
218,2014-10-31,527998821398114304,".@Bujak4Gov: I don't know that ""just throwing money"" at schools will fix the problem. #idpol #idedu",99,0,1,2,0,0,0,1718,2
219,2014-10-31,527999072452349952,.@ButchOtter defends the Luna laws to this day. Must not remember the 2012 election very well! #idpol #idedu,108,3,5,2,0,1,0,1718,3
220,2014-10-31,527999305806671873,.@ButchOtter rambling on and on about the Luna laws and his education task force...huh??? #idpol #idedu,103,0,2,2,0,1,0,1718,3
221,2014-10-31,528003452090073089,We need to truly make education the top priority in #Idaho. That will help companies find the high-skill workers they need. #idpol #idedu,137,3,2,3,0,0,0,1718,3
222,2014-10-31,528003604871774212,".@Bujak4Gov: Giving tax breaks to attract business doesn't work, it's a bust. #idpol",84,0,1,1,0,0,0,1718,1
223,2014-10-31,528003900113031168,".@ButchOtter's economic plan of tax breaks and ""we work cheap"" is not a good plan for growing the economy. #idpol #idecon",121,0,0,2,0,1,0,1718,3
224,2014-10-31,528004076236054528,.@ButchOtter tried to raise the gas tax and the #IDleg wouldn't let him. #idpol,79,1,2,2,0,1,0,1718,3
225,2014-10-31,528004314682257408,".@ButchOtter claims to ""balance the budget."" But that's not an accomplishment, it's required by the Constitution. #idpol",120,1,6,1,0,1,0,1718,2
226,2014-10-31,528004899728928768,.@ButchOtter asked: Aren't we now even further behind in funding maintenance on roads and bridges in #Idaho? Several years behind. #idpol,137,1,2,2,0,1,0,1718,3
227,2014-10-31,528005143766134786,".@ButchOtter admits the city and county roads are in ""terrible"" shape. But we still haven't heard his plan for fixing that problem. #idpol",138,2,3,1,0,1,0,1718,2
228,2014-10-31,528005439670071297,".@ButchOtter asked whether he'll supporting raising gas tax? ""It's always tax everybody but me."" #idpol",103,0,1,1,0,1,0,1718,2
229,2014-10-31,528005909964808192,".@ButchOtter says ""it's going to take somebody who can work with the #IDLeg"" to address roads. What has he done in 8 years? #idpol",130,3,5,2,0,1,0,1718,3
230,2014-10-31,528006074540908544,#AddtheWords supporters have been asking for a hearing for 8 years and .@ButchOtter hasn't shown leadership on that. #idpol,123,7,5,2,0,1,0,1718,3
231,2014-10-31,528006317105889280,#AddtheWords is just about treating people with dignity and respect and it's hurting #Idaho's reputation that we have not done that. #idpol,139,7,14,3,0,0,0,1718,3
232,2014-10-31,528006598946340864,".@ButchOtter on #AddtheWords: ""When the antics got so far that they found people hiding in closets, #IDLeg just bowed their neck."" Huh?",135,2,3,2,0,1,0,1718,3
233,2014-10-31,528007083933712384,".@ButchOtter asked about spending $90K fighting #marriageequality: ""I'm not ready to surrender."" In other words, more income for lawyers.",137,11,7,1,0,1,0,1718,2
234,2014-10-31,528007948421722112,.@ButchOtter's fight against the U.S. Constitution defending discrimination will be a blemish on his record. #idpol,115,3,8,1,0,1,0,1718,2
235,2014-10-31,528008783662809088,"We should expand #Medicaid coverage to 100,000 uninsured Idahoans because we're now paying $80-90M a year to cover uninsured people. #idpol",139,4,5,2,0,0,0,1718,2
236,2014-10-31,528009018187341825,I got into this race because I've seen how Gov. Otter's policies have decimated #Idaho's public schools and economy. #idpol,123,8,9,2,0,0,0,1718,2
237,2014-10-31,528009218268200960,"We cannot afford another 4 years of an absentee governor. When you're the governor, the buck stops at your desk. #idpol #idgov",126,4,4,2,0,0,0,1718,2
238,2014-10-31,528009426611888128,"Friends: Is our state in better shape under Gov. Otter?

The answer is: No

#idpol #idelex",90,11,17,2,0,0,0,1718,2
239,2014-10-31,528193221462331392," Otter, Balukoff, Bujak: 3 governor candidates fire away in last debate before Tuesday's election. http://t.co/slbPeMxFcM",121,1,0,0,1,1,0,1718,2
240,2014-10-31,528194373583122434, Otter suggests Idahoans earning the minimum wage are starting their first jobs. #idpol Data show that's not true,113,18,0,1,0,1,0,1718,2
241,2014-10-31,528242681873723393," Eye on Boise: Balukoff: Analysis of Otter's schedule shows he's a 'part-time governor,' often not at work http://t.co/Pq",121,6,0,1,1,1,0,1718,3
242,2014-10-31,528262173035089920,@BetsyZRussell Does that include his Wednesday massages? .@ButchOtter shows up part-time. #Idaho needs a hardworking governor.,126,0,2,1,0,2,0,1718,3
243,2014-10-31,528000031672909824,.@ButchOtter defends the tiered-licensure proposal that teachers don't like and came from a 17-member committee with 1 teacher on it. #idedu,140,1,2,1,0,1,0,1718,2
244,2014-10-31,528000435366289408,.@ButchOtter claims his tiered licensure subcommittee is listening to people. He doesn't know that subcommittee's work is done??? #idedu,136,0,0,1,0,1,0,1718,2
245,2014-10-31,528000733707128832,.@ButchOtter says #Idaho is 5th-fastest growing economy. Ignores that we're dead last in median income for women and 48th for men. #idpol,137,9,10,2,0,1,0,1718,3
246,2014-10-31,528001020018712577,".@ButchOtter claims his Project 60 economic plan ""worked."" He takes credit for inflation! State GDP is smaller 8 years after he took office.",140,3,2,0,0,1,0,1718,1
247,2014-10-31,528001415809994752,.@ButchOtter is your plan that parents put kids to work to help support parents? #idpol #otterfatigue,101,2,3,2,0,1,0,1718,3
248,2014-10-31,528002597790023681,We cannot afford to own #Idaho's federal lands. It costs $400M/year. You'd have to raise taxes or sell off lands and lose public access.,136,3,4,1,0,0,0,1718,1
249,2014-10-31,528003239187189761,We're not going to make significant progress on jobs until we bring our schools up from the bottom. #idpol #idedu,113,3,1,2,0,0,0,1718,2
250,2014-11-01,528349839323844608,.@ButchOtter doesn't even know how much #Idaho paid his campaign donor CCA for that sweetheart settlement! http://t.co/GCzcXWATR8 #idpol,136,3,1,2,1,1,0,1718,4
251,2014-11-01,528642695187947520,Voters deserve an explanation from a governor whose work ethic has been in doubt for years.  http://t.co/XfcZDDLBHR #idpol #otterfatigue,136,3,3,2,1,0,0,1718,3
252,2014-11-01,528652845432979456,"#Idaho deserves a governor who works hard, tells the truth, and puts people first. http://t.co/XfcZDDLBHR #idpol #otterfatigue",126,2,2,3,1,0,0,1718,4
253,2014-11-01,528667834399068160,"Gov. Otter even said he's not sure the $1M is a ""fair"" settlement. So why did he approve this sweetheart deal? http://t.co/XjVf1kUB7k #idpol",140,1,3,1,1,0,0,1718,2
254,2014-11-02,528699276269203456,"Gov. Otter didn't know how much money the state got in its settlement with his big campaign donor, CCA. http://t.co/XjVf1kUB7k #otterfatigue",140,1,0,1,1,0,0,1718,2
255,2014-11-02,529052852514471936,"There's only one way to stop the corruption and waste, and our chance comes in two days. Please #vote and share this! http://t.co/dcbx49xI4i",140,10,6,1,1,0,0,1718,2
256,2014-11-02,529026438352338945,What is your top reason for casting your vote for me on Nov. 4? #idpol #idgov #idelex,85,0,2,3,0,0,0,1718,3
257,2014-11-02,529022682239881216,"As #IDGov, I wont dive into the mud of politics as usual. Enjoy and share this with family and friends. http://t.co/2EtrNZS8pU #idpol",133,1,2,2,1,0,0,1718,3
258,2014-11-03,529373844805783552,Tomorrow is Election Day! Make sure you have a plan for voting! http://t.co/ACToqAGCrz #idpol #idelex #vote,107,3,5,3,1,0,0,1718,4
259,2014-11-03,529416717924335616, A.J. Balukoff is on with Nate Shelman right NOW!  Taking your calls at 336 3700 on 670 KBOI,92,2,0,0,0,1,0,1718,1
260,2014-11-03,529417480473542657,@LageJoe thank you!,19,0,0,0,0,1,0,1718,1
261,2014-11-03,529417695955931136, @AJforIdaho Idaho is hungry for change (made by @IdahoEdAssoc member Christine Simon). http://t.co/UfDhdFINdt,110,6,0,0,0,3,1,1718,3
262,2014-11-03,529067951597817856,"Voters face a big choice on Tuesday, and it comes down to 3 questions. http://t.co/cyRk9xWOyN #Vote #idpol #idgov #idelex",121,4,3,4,1,0,0,1718,5
263,2014-11-03,529279628415102976,#Idaho's teachers need a governor they can count on. I will be that governor.  http://t.co/vA3nEZRnRq #idpol #otterfatigue #idelex,130,6,4,4,1,0,0,1718,5
264,2014-11-03,529333527272521728,"I will be a governor for ALL of #Idaho, not special interests. http://t.co/WqmtlLvQY3 #idpol #idgov #otterfatigue",113,4,11,4,1,0,0,1718,5
265,2014-11-03,529347771191791616,Let's not forget another insider deal of Gov. Otter's that has cost taxpayers over $11 million. http://t.co/dcbx49xI4i #idpol #otterfatigue,139,4,2,2,1,0,0,1718,3
266,2014-11-04,529505905227075586,"Ask yourself: ""Is #Idaho better off now than it was 8 years ago?"" The answer: No. http://t.co/3kI3HjVzkc #idpol",111,5,7,2,1,0,0,1718,3
267,2014-11-04,529694818625409026, Your Last-Minute Guide To Voting In Idaho http://t.co/YZDvU1VW5H #idpol,72,4,0,1,1,1,0,1718,3
268,2014-11-04,529694689591439360, @AJforIdaho good luck to you today Sir!,40,2,0,0,0,2,0,1718,2
269,2014-11-04,529694631106076672, My fingers are crossed so hard for @AJforIdaho and @holliwoodings!! Idaho needs a change!,90,6,0,0,0,3,0,1718,3
270,2014-11-04,529670693948911617," RT @politicgame: On the eve of Election Day, my personal endorsement of @AJforIdaho's running mate Bert Marley http://t.co",123,1,0,1,1,3,0,1718,5
271,2014-11-04,529670221234061313,@RivalsStubbs you can find your polling location at http://t.co/94nRuzL1Zr.,75,1,2,0,1,1,0,1718,2
