,date,tweet_id,tweet_text,tweet_length,retweet_count,favorite_count,hashtag_count,url_count,user_mentions,media_count,follower_count,total_entities
0,2014-10-11,521014025669582848,Senator Mikulski and I are fired up for our Baltimore @Orioles to win game two of the #ALCS today #WeWontStop http://t.co/eTtN2OClik,132,3,6,2,0,1,1,3503,3
1,2014-10-12,521333551502217216,Thank you to B'nai Israel for hosting today's gubernatorial forum. http://t.co/BtF5rA2pjj,89,3,3,0,0,0,1,3503,0
2,2014-10-13,521783950411177984,. @WashingtonPost endorses Anthony Brown for Maryland governor. http://t.co/a7WrkYjirG,86,3,5,0,1,1,0,3503,2
3,2014-10-13,521798452322504705,WATCH: 'Bronze Star' highlights @BrownforMd's record of service to his nation &amp; his state. https://t.co/EGSOrB5a3p,118,1,0,0,1,1,0,3503,2
4,2014-10-13,521658032967917568,Our second debate starts in just a few minute at 10:00am - be sure to tune in to @NewsChannel8,94,0,1,0,0,1,0,3503,1
5,2014-10-14,521812689861881856,WATCH: @BrownfordMD will put middle class values ahead of corporations &amp; special interests. https://t.co/jHykD1kWCj,119,2,1,0,1,0,0,3503,1
6,2014-10-14,521835320451420160,'Bronze Star' highlights Anthony's lifetime of service to his nation &amp; his state. https://t.co/jHykD1kWCj,109,2,0,0,1,0,0,3503,1
7,2014-10-14,522016534923722754,//t.co/jHykD1kWCj,17,1,0,0,1,0,0,3503,1
8,2014-10-14,522063791295827968,At the Salisbury University forum sharing our vision for building a better Maryland. http://t.co/tdoRxM4yKX,107,1,2,0,0,0,1,3503,0
9,2014-10-14,522065431981719552,Thank you Salisbury University for hosting today's gubernatorial forum. http://t.co/aAaSp6DAeI,94,0,3,0,0,0,1,3503,0
10,2014-10-14,522067487006130176,WATCH: @Hogan4Governor was caught red-handed deceiving MDers about where he stands on MD's gun safety law.  https://t.co/bsx6yjqPWp,131,4,0,0,1,1,0,3503,2
11,2014-10-14,522084152154550272, .@BrownforMD talks with students and faculty at Salisbury University. 21 Days to go! http://t.co/5cY46PFpmd,108,1,0,0,0,2,1,3503,2
12,2014-10-14,522092050083094531,"Which @Hogan4Governor should Marylanders believe? The one that thought SB 281 went too far, or not far enough? https://t.co/2sPGyiicaN",134,3,0,0,1,1,0,3503,2
13,2014-10-14,522110080020647936,"The 1st step in getting an ""I voted"" sticker is making sure you're registered to vote: http://t.co/MuZc09p3Fg http://t.co/ksHUG5jWTA",132,1,1,0,1,0,1,3503,1
14,2014-10-14,522122206440996864,VIDEO: Larry Hogan caught deceiving voters on gun safety. https://t.co/2sPGyiicaN,81,0,1,0,1,0,0,3503,1
15,2014-10-14,522137302747734017,//t.co/2sPGyiicaN,17,2,0,0,1,1,0,3503,2
16,2014-10-14,522160016178946049,VIDEO: @Hogan4Governor caught lying to voters about where he stands on Maryland's gun safety law SB 281 https://t.co/2sPGyiicaN,127,4,0,0,1,1,0,3503,2
17,2014-10-15,522185491475886080, Heres the other side of that selfie. @kpwalling @BrownforMD @BrianFrosh @VoteIkeLeggett @MCDCC http://t.co/6h60hJ0JJn,118,11,0,0,0,6,1,3503,6
18,2014-10-15,522187016898105344, .@MomsDemand wants #Maryland gov. candidate @Hogan4Governor to tell the public where he stands on #FirearmsSafetyAct http:/,124,33,0,2,0,3,1,3503,5
19,2014-10-15,522189129728421890, MD #momsdemand to know where @Hogan4Governor stands on #gunsense. Release your @NRA questionnaire. #mdpolitics http://t.c,122,6,0,3,0,3,1,3503,6
20,2014-10-15,522371367950245889,Jaki &amp; Lily Ulman swung by the Howard County field office yesterday to thank our dedicated volunteers! http://t.co/HA5QaFs49k,129,0,1,0,0,0,1,3503,0
21,2014-10-15,522432536447049730,"I'm truly honored to have President @BarackObama join us this Sunday, Oct 19th. Reserve your ticket. http://t.co/D7dZRBe8Hf",123,3,2,0,1,1,0,3503,2
22,2014-10-15,522473891491741696,New TV ad features Maryland police officers expressing their concern over Hogans opposition to gun safety laws https://t.co/9dOpdru37r,134,1,1,0,1,0,0,3503,1
23,2014-10-15,522487106912804866,WATCH: Our new ad highlights @Hogan4Governor's opposition to common-sense background checks on handgun purchases. https://t.co/W5BJrS08oJ,137,0,0,0,1,1,0,3503,2
24,2014-10-15,522499717205200896,WATCH: Our new ad highlights @Hogan4Governor's opposition to the Firearm Safety Act. https://t.co/W5BJrS08oJ,108,1,0,0,1,1,0,3503,2
25,2014-10-15,522507297243680769,//t.co/W5BJrS08oJ,17,2,1,0,1,1,0,3503,2
26,2014-10-16,522792785716736000,Join Team #BrownUlman at Sundays rally with President @BarackObama! Reserve your ticket here: http://t.co/QRMe9Q3whA,116,3,2,1,1,1,0,3503,3
27,2014-10-16,522831970099671040,Proud to have @KenUlman as my running mate and friend - in this morning's @wamu885news debate he shared our vision to build a #BetterMD.,136,3,3,1,0,2,0,3503,3
28,2014-10-16,522889910840070144," Great to see this many people making calls for @BrownforMD, @courtneywatson1, @CalvinBallTeam, and @RepSarbanes! http://t",122,5,0,0,0,5,1,3503,5
29,2014-10-16,522775512524288000, .@BrownforMD &amp; I are committed to bldg a #BetterMD for all. Tune into @kojoshow today at 1PM &amp; hear abt our vision: http://t.,134,2,0,1,1,3,0,3503,5
30,2014-10-17,523234439175081986,Glad to share our vision for Md's future at the @MSEAEducators' annual convention! #mseaRA14 http://t.co/aBa2q7oQxJ,115,6,2,1,0,1,1,3503,2
31,2014-10-17,523113052062113793,Baltimore city is ready to #GoVote for the #BrownUlman team. http://t.co/XmxCRb9OTr,83,3,6,2,0,0,1,3503,2
32,2014-10-18,523511175112560640,. @GovernorOMalley in College Park reminding Mders to #GoVote for our team. http://t.co/AdTqOzIb3A,98,20,8,1,0,1,1,3503,2
33,2014-10-18,523526398087274496,. @MayorSRB stopped by our #BaltimoreCity office to remind Mders to #GoVote! http://t.co/BvUkkvrH3w,99,0,6,2,0,1,1,3503,3
34,2014-10-18,523532126168555520,"ICYMI: Where I Stand: Anthony Brown, candidate for governor http://t.co/QaHXmZxoVd",82,5,1,0,1,0,0,3503,1
35,2014-10-18,523600131476975618,Don't forget to tune in to tonights gubernatorial debate at 7 P.M. on @marylandpubtv! http://t.co/IpQGGeBpd0,108,1,3,0,1,1,0,3503,2
36,2014-10-18,523610762229862400,FACT: MD has made more progress than any other state in closing the educational achievement gap: http://t.co/eT9pGjyLUU,119,6,1,0,1,0,0,3503,1
37,2014-10-18,523611253043118082,"FACT: Larry Hogan attacks MDs progress, but opposes universal Pre-K and would cut $450 mil. in school construction.",115,6,2,0,0,0,0,3503,0
38,2014-10-18,523614757090512896,FACT: Larry Hogan appointed 11 of the 15 Board of Regents members who raised tuition on middle class families by 40%.,117,2,1,0,0,0,0,3503,0
39,2014-10-18,523614926116777984,"FACT: Anthony Brown will cap college tuition costs, ensure quality college education remains accessible to all MDers. http://t.co/cf6dk8jP2o",140,4,0,0,1,0,0,3503,1
40,2014-10-18,523616172617760768,The @BaltimoreSun disagrees with you @Hogan4Governor. They called your claim an egregious falsehood. http://t.co/UIbZaPbKD3,123,1,1,0,1,2,0,3503,3
41,2014-10-18,523616882784759808,Larry Hogan has opposed investing in transportation infrastructure like the Red Line that creates jobs. Thats #DangerousforMD,125,4,0,1,0,0,0,3503,1
42,2014-10-18,523618141071753216,FACT: @Hogan4Governor said that he absolutely stands by his plan to cut $450 million in school construction funding.http://t.co/P9toP4DbPI,138,4,0,0,1,1,0,3503,2
43,2014-10-18,523618297217294336,"While @Hogan4Governor calls for cutting $450 million from school construction, Anthony Brown will increase funding to $500 million annually.",140,4,0,0,0,1,0,3503,1
44,2014-10-18,523618428712919041,Maintaining Marylands #1 schools must be a priority - that doesnt happen if @Hogan4Governor cuts $450 million from school construction.,135,4,1,0,0,1,0,3503,1
45,2014-10-18,523618545381703680,Check the facts @Hogan4Governor - you presided over the mass firings of Democrats http://t.co/ahUCxECmmA,104,3,1,0,1,1,0,3503,2
46,2014-10-18,523618647135502336,.@Hogan4Governor - the only person who calls your record bipartisan is you.,75,5,1,0,0,1,0,3503,1
47,2014-10-18,523620837396840449,The Heroin epidemic is a serious issue that deserves serious ideas. (1/2),73,3,1,0,0,0,0,3503,0
48,2014-10-18,523620872574480384,But the @BaltimoreSun says that @Hogan4Governor has little idea of what MD is doing to fight heroin abuse. http://t.co/ROAsaUo48o (2/2),135,2,0,0,1,2,0,3503,3
49,2014-10-18,523620940136349696,".@Hogan4Governor - MDers want a leader with ideas and solutions, not someone whose agenda is incoherent.",104,3,1,0,0,1,0,3503,1
50,2014-10-18,523620991214579713,Whoops! Looks like the @WashPost said that about you too http://t.co/s5Ht9sOwOo,79,4,3,0,1,1,0,3503,2
51,2014-10-18,523621803366051840,Did @Hogan4Governor just call a womans right to choose and common-sense gun safety laws Crazy Issues? Wow.,106,11,6,0,0,1,0,3503,1
52,2014-10-18,523621894273380352,The only thing crazy about these issues are @Hogan4Governors dangerous positions that would take MD #backward.,110,6,3,1,0,1,0,3503,2
53,2014-10-19,523893899883200513,At our #GOTV rally with @BarackObama? Tweet &amp; share photos with the hashtag #MDVotes!,89,6,7,2,0,1,0,3503,3
54,2014-10-19,523966137298874370, Early vote starts on Oct. 23. Here's what you need to know: http://t.co/ruQBcj9u7a. Retweet this to ensure #MDVotes ht,119,107,0,1,1,1,1,3503,3
55,2014-10-19,523970804120584193,Wow  This is #momentum. Thanks President @BarackObama for joining our #BrownUlman Brigade. http://t.co/Z96dAyPUxB,113,65,40,2,0,1,1,3503,3
56,2014-10-19,523886999338754049,Long line of folks already here to see @BarackObama &amp; @BrownforMd! http://t.co/t6fClVkiCo,93,25,16,0,0,2,1,3503,2
57,2014-10-20,524013515460608000, Educators were out in force at today's @BrownforMD &amp; @BarackObama rally. Early voting starts on Thursday! #MDVotes http:,125,15,0,1,0,3,1,3503,4
58,2014-10-20,524251514928631808,"More than 9,000 supporters joined us at Sunday's rally ahead of early voting starting this Thursday.
http://t.co/D7I91SNJKi #MdVotes",132,1,2,1,1,0,0,3503,2
59,2014-10-20,524278138009042944,BREAKING @washingtonpost news - the @NRA just endorsed @Hogan4Governor and his pro-gun agenda http://t.co/rFddzSNSUs,116,9,2,0,1,3,0,3503,4
60,2014-10-20,524281428444340227,"Thanks to the 9,000+ supporters who joined us at Sunday's Early Vote rally with President @BarackObama! http://t.co/HHy8TowbJM #MdVotes",135,14,10,1,1,1,0,3503,3
61,2014-10-20,524326851762999296,"Early voting begins on Thursday, October 23rd! Learn more about early voting at http://t.co/1uAD6P73Pg",102,7,2,0,1,0,0,3503,1
62,2014-10-21,524518163414016000,Tune in to WOLB Talk 1010 in Baltimore now (7:00 AM) to catch me on the Larry Young Morning Show: http://t.co/GipGHjhKML,120,1,1,0,1,0,0,3503,1
63,2014-10-21,524569881342410752,New ad calls out @Hogan4Governor for his refusal to release his NRA questionnaire that earned him an endorsement. http://t.co/mrfXEixpzJ,136,2,2,0,1,1,0,3503,2
64,2014-10-21,524582704093077504,Want a reminder to #VoteEarly for the Brown-Ulman team? Text vote to 545454 and we'll remind you to get out and vote!,117,2,1,1,0,0,0,3503,1
65,2014-10-21,524608950252355584,To find an early voting location near you visit: http://t.co/1uAD6P73Pg #VoteEarly,82,8,3,1,1,0,0,3503,2
66,2014-10-22,525013800731164672,"REMINDER: Early voting starts Thursday, October 23rd. Learn more about your voting options here: http://t.co/62TBbE2Xri",119,1,0,0,1,0,0,3503,1
67,2014-10-22,525048977423466496, Early voting begins Thurs10/23 in MD. I plan 2 vote @BrownforMD for Gov @BrianFrosh for AG  &amp; @DonnaFEdwards for Congres,125,5,0,0,0,4,0,3503,4
68,2014-10-22,525049776996245504, My mom @dulman is digging in for the #BrownUlman team from now until Nov. 4. Join her in #HoCoMD! #AllAboutTheVotes http://t.,126,4,0,3,0,2,1,3503,5
69,2014-10-22,525066638656159744,. @BrianFrosh stopped by our Baltimore County office to fire up our volunteers before yesterday's phone bank! http://t.co/rIHPpOfC8G,132,4,0,0,0,1,1,3503,1
70,2014-10-22,524973412054495234,"Early voting starts THIS Thursday, October 23rd! Find an early voting location in your area here: http://t.co/wCJ6Dkg2sI",120,3,0,0,1,0,0,3503,1
71,2014-10-23,525262876513038336,Show Anthony you have his back. RT to share that you're #VotingEarly! http://t.co/kdBLTqX6lH,92,6,2,1,0,0,1,3503,1
72,2014-10-23,525285232917086209,At the New Carrollton metro station reminding Mders to #VoteEarly. http://t.co/aDCr8Xleav,89,1,0,1,0,0,1,3503,1
73,2014-10-23,525288874206298112,Early voting has started and polling locations are open from 10am-8pm find your voting center here: http://t.co/M0RF6ESFNi,122,3,0,0,1,0,0,3503,1
74,2014-10-23,525295604197367808,Great morning to remind Marylanders to #GoVote starting TODAY! http://t.co/XWe4o2sAxZ,85,1,2,1,0,0,1,3503,1
75,2014-10-23,525303582615429120,. @KenUlman greeting a voter outside an Early Voting location in Howard County.   #VoteEarly http://t.co/DREKsff68r,115,3,2,1,0,1,1,3503,2
76,2014-10-23,525303731949432832, My mom @dulman has been a constant source of inspiration during this journey of public service #MDVotes #BrownUlman http://t.,126,3,0,2,0,2,1,3503,4
77,2014-10-23,525303760286130177, Such a special moment #EarlyVoting w my family. I'd be humbled &amp; honored to serve as your Lt. Gov. w Anthony G.... http://t.c,130,5,0,1,1,1,0,3503,3
78,2014-10-23,525315789423775745,Voting today? Share your 'I voted' sticker by tweeting w/ the hashtag #MdVotes,78,4,7,1,0,0,0,3503,1
79,2014-10-23,525323312482639874,Find your polling location here: http://t.co/aiJPnEl9nh then #GoVote!,69,5,3,1,1,0,0,3503,2
80,2014-10-24,525444120563564544,Our 'Think Pink' phone bank honoring Breast Cancer Awareness Month! http://t.co/qRrswkZgVe,90,4,1,0,0,0,1,3503,0
81,2014-10-24,525629108198592512,Pikesville is ready to #Voteearly http://t.co/xjL4jwi82S http://t.co/yjak6XsX4h,79,0,1,1,1,0,1,3503,2
82,2014-10-24,525629684764381184,. @KenUlman starting the day by reminding Mders to #VoteEarly!  http://t.co/cDRmvEhiv1 http://t.co/FE9ep2HRNy,109,3,0,1,1,1,1,3503,3
83,2014-10-24,525635002990882816,Tune in to @WYPR881FM at 9:10 am to catch me on @MarylandMorning talking about the clear choice voters face in the governors race,129,2,0,0,0,2,0,3503,2
84,2014-10-24,525635120393633793," .@ltgovbrown live, in-studio in just a few minutes. Listen live: http://t.co/vEnD46tETs http://t.co/F6oFFU2etU",111,5,0,0,1,2,1,3503,3
85,2014-10-24,525652473915396096,Baltimore is ready to #GoVote! http://t.co/cDRmvEhiv1 http://t.co/JLl8syk22F,76,2,0,1,1,0,1,3503,2
86,2014-10-24,525693639562121216,Catonsville is ready to #VoteEarly! http://t.co/y8H1GaXD9A  #MdVotes http://t.co/05vYxxnT0Z,91,1,2,2,1,0,1,3503,3
87,2014-10-24,525719089390821376, .@BrownforMD: We must move working families forward. We can't go back. #1uvote #vote2014 http://t.co/7vVgHsvzCR,112,6,0,2,0,2,1,3503,4
88,2014-10-24,525721632296697857," We want education to be the tool that leads us to success. That's why 
Maryland is voting for @brownforMD! #1uvote http://t.co/pV",130,6,0,1,0,2,1,3503,3
89,2014-10-24,525725322344673280,Kicking off today's rally with @SEIU and @MSEAeducators! http://t.co/MW0B6fdS4e,79,4,1,0,0,2,1,3503,2
90,2014-10-24,525773450359492608,One of our youngest #BrownUlman supporters. #ToddlersForBrown http://t.co/9prI646iY8,84,4,6,2,0,0,1,3503,2
91,2014-10-25,526028311211048960,Planning on voting early for the #BrownUlman team? Visit: http://t.co/wCJ6Dkg2sI,80,3,0,1,1,0,0,3503,2
92,2014-10-25,526029687588659200," With one of the hardest working #HoCoMD vols around, Mae Beale!! #MDVotes #BetterMD @BrownforMD #TeamHoward http://t.co/yVykS",126,5,0,4,0,2,1,3503,6
93,2014-10-25,526033723226345472, I voted early this afternoon in Towson. Have you voted yet?? #voteearly #mdvotes http://t.co/BBcSJdMmx3,104,6,0,2,0,1,1,3503,3
94,2014-10-25,526055047265021952,My wife Karmen with one of the hardest working vols in Prince George's County Leathia! http://t.co/dLj0J5CVI9,109,4,2,0,0,0,1,3503,0
95,2014-10-25,526070739032477696,Want to volunteer on Election Day? #VoteEarly before October 30th! http://t.co/62TBbE2Xri,89,1,0,1,1,0,0,3503,2
96,2014-10-25,526078266428231682,"Karmen, Jonathan, and Anthony pitching in at the Prince George's field office! http://t.co/3SuUMFiT45",101,3,1,0,0,0,1,3503,0
97,2014-10-25,526088353267990528,Talking about the importance of early voting at Sheriff High's #GOTV rally! http://t.co/K0vWl8mFPJ,98,3,0,1,0,0,1,3503,1
98,2014-10-25,526093404275367938,Thanking our veterans for all they've done to keep our country and our state safe. http://t.co/ak6Q3WzQmK,105,5,3,0,0,0,1,3503,0
99,2014-10-25,526147141962842112,. @BrianFrosh greeting volunteers at our Howard County office! http://t.co/T1jomBVVN0,85,4,1,0,0,1,1,3503,1
100,2014-10-25,526108479648325633,Randallstown is ready to #GoVote for the #BrownUlman team! http://t.co/CYWn8Q7Ffc,81,2,2,2,0,0,1,3503,2
101,2014-10-26,526161365778444288,Silver Spring is ready to #GoVote! http://t.co/6nDVx7Zhxk http://t.co/eViUhG8uFq,80,2,3,1,1,0,1,3503,2
102,2014-10-26,526168859078696960,Charles County knows that every day counts! http://t.co/oQ17cGRj93,66,1,1,0,0,0,1,3503,0
103,2014-10-26,526176451188387840,Here we go Charles County! Help us build a #BetterMD by #VotingEarly. http://t.co/QnakJmX5EU,92,8,2,2,0,0,1,3503,2
104,2014-10-26,526342519081013248,Have you made your plan to vote early? Polls open until Oct 30th 10-8p.m. RT to help spread the word! http://t.co/62TBbE2Xri,124,3,2,0,1,0,0,3503,1
105,2014-10-26,526388572006678528,Excited to welcome @HillaryClinton for our #EarlyVote event in College Park! http://t.co/nQO7j8BKMD,99,10,5,1,1,1,0,3503,3
106,2014-10-26,526407786511728641, Joining @AishaBraveboy for a late breakfast &amp; reminding folks abt #EarlyVoting this AM in Prince George's Co. http://t.co/U8G,130,6,0,1,0,2,1,3503,3
107,2014-10-26,526428219692810240,In Baltimore City reminding Mders to #VoteEarly! http://t.co/k7JMizxMka http://t.co/guy574RsFj,94,3,2,1,1,0,1,3503,2
108,2014-10-26,526433214098046976,At the Columbia Mall w/ @KenUlman greeting voters &amp; reminding them to #VoteEarly through October 30th. http://t.co/pPpIBd5SIU,129,1,3,1,0,1,1,3503,2
109,2014-10-26,526459835764998144,Supporters from Glen Burnie to Halethorpe to Catonsville are out voting for the #BrownUlman team! http://t.co/sikfCu0U9S,120,4,0,1,0,0,1,3503,1
110,2014-10-26,526488766341726209,Packed house at today's Women Taking Action rally in Pikesville. http://t.co/Fg8Q1nFkdh,87,4,3,0,0,0,1,3503,0
111,2014-10-26,526490094287732737,. @KenUlman &amp; I had a great time greeting shoppers &amp; reminding them to cast their ballot for our team! http://t.co/gRDEtgcoi6,133,4,3,0,0,1,1,3503,1
112,2014-10-26,526509727564709888,Lily Ulman knows it's #AllAboutTheVotes! https://t.co/KjHzPKl9gH,64,1,0,1,1,0,0,3503,2
113,2014-10-27,526766007118209024,. @KenUlman greeting the day by reminding Baltimore to #GoVote with @SenatorPugh &amp; @CFAntonioHayes http://t.co/Zwomqpwsiz,125,3,1,1,0,3,1,3503,4
114,2014-10-27,526786913488109568," ""I'm voting for @BrownforMD because I like his military background. I believe he's a man of his word."" #1199votes http:/",121,5,0,1,0,2,1,3503,3
115,2014-10-27,526868979697328128,Dont miss our early voting event with @HillaryClinton THIS thursday -- RSVP today http://t.co/uBkSBtMEwN,104,6,3,0,1,1,0,3503,2
116,2014-10-27,526763023940464640,At the Addison Road station reminding commuters to #GoVote. http://t.co/sBcrcpddpz,82,2,1,1,0,0,1,3503,1
117,2014-10-28,527104515791921152,"""It's time for Hogan to come clean &amp; tell Maryland how he earned an A- &amp; an endorsement from the @NRA"" - @bradybuzz http://t.co/Q5JftCsvMz",146,6,0,0,0,2,1,3503,2
118,2014-10-28,527106827960717312,7 days left! The Brown-Ulman team started the day by reminding commuters to #VoteEarly! http://t.co/XwJlyrvGPi,110,2,1,1,0,0,1,3503,1
119,2014-10-28,527113196168294400, Our president Dan Gross is announcing his endorsement of Anthony Brown for Governor of Maryland. http://t.co/G1klHPaZAf,120,11,0,0,0,1,1,3503,1
120,2014-10-28,527129810116833280, Maryland gubernatorial candidate Anthony Brown accepts the Brady Campaign's endorsement. http://t.co/E2UPDmDEit,112,13,0,0,0,1,1,3503,1
121,2014-10-28,527142708037824512, .@BrownforMD &amp; @MCDCC stopped by Bethesda this AM to remind voters that early voting is open from 10A-8P thru 10/30! http://t.c,132,2,0,0,0,3,1,3503,3
122,2014-10-28,527149681043070976,Brady Campaign to Prevent Gun Violence endorses Anthony Brown for Governor http://t.co/jMJqZMx5qi,97,4,0,0,1,0,0,3503,1
123,2014-10-28,527157955716583424,. @DelMaggie43 just cast her ballot for the #BrownUlman team! Joined by @SenatorBarb http://t.co/UD9ELu7jRh,107,2,2,1,0,2,1,3503,3
124,2014-10-28,527180543834611712,. @bradybuzz endorses Anthony Brown for Governor http://t.co/K2Lwv8AjKG,71,1,0,0,1,1,0,3503,2
125,2014-10-28,527203233064701952,"Brady Campaign calls on @Hogan4Governor to stop hiding his NRA questionnaire and come clean with Mders. 
http://t.co/K2Lwv8AjKG",127,1,0,0,1,1,0,3503,2
126,2014-10-28,527221645921234944, Walking with the next governor of Maryland Anthony Brown in Silver Spring! @mceanea @MSEAeducators http://t.co/m0KojX2ZBb,122,5,0,0,0,3,1,3503,3
127,2014-10-28,527221698811396096, YDs are in full force for #GOTV Join us tnite in Bethesda for Talktober II w/@GovernorOMalley @BrownforMD #MDvotes http:,121,2,0,2,0,3,1,3503,5
128,2014-10-29,527479040241041408,Early morning at Johns Hopkins Hospital reminding folks to #VoteEarly. http://t.co/nhxXhSaSq9,93,2,1,1,0,0,1,3503,1
129,2014-10-29,527489232903090176,Just 6 days left! @GovernorOMalley reminding commuters to #GoVote for the #BrownUlman team. http://t.co/sQM1FyyBtk,114,1,4,2,0,1,1,3503,3
130,2014-10-29,527606208082235393, Meeting with supporters at the Montgomery County Coordinated Campaign Talktober phone bank night. Have you voted yet? ,119,12,0,0,0,1,1,3503,1
131,2014-10-29,527606934527283200, Campaigning for the Brown / Ulman ticket at New Carrollton Metro Station. Tomorrow is last day to Early Vote in MD htt,119,29,0,0,0,1,1,3503,1
132,2014-10-29,527609674729005056,//t.co/lEZCxn41Zn,17,5,2,0,0,0,1,3503,0
133,2014-10-29,527419582374752256,Tune in to the @TJMShow now to catch me with @rolandsmartin and more: http://t.co/O9pX4TAJgi,92,0,1,0,1,2,0,3503,3
134,2014-10-30,527777895440457728,Tune in to this morning to @wolbbaltimore at 7 AM to catch me on the Larry Young Radio Show: http://t.co/iYsJyO6ixr,115,1,0,0,1,1,0,3503,2
135,2014-10-30,527799123073056769,The #BrownUlman team is out reminding Marylanders that today is the LAST DAY to vote early. http://t.co/ScP2M4SQXB,114,5,2,1,0,0,1,3503,1
136,2014-10-30,527885394189504514,. @SenatorBarb is on her way to join us at today's early vote event with @HillaryClinton!,89,5,4,0,0,2,0,3503,2
137,2014-10-30,527919514986774528,Thankful to the support of @HillaryClinton and the enthusiasm of the crowd at the Ritchie Coliseum! http://t.co/AS5IsrCkOf,122,2,3,0,0,1,1,3503,1
138,2014-10-30,527939834212392960,Thank you to everyone who helped us welcome @HillaryClinton to Maryland today. http://t.co/1No3eBskrf,101,18,3,0,0,1,1,3503,1
139,2014-10-31,528185328272953344,. @KenUlman is in #Baltimore with @JohnSarbanes to remind Mders to #GoVote http://t.co/acdXWpIoZg,97,4,1,2,0,2,1,3503,4
140,2014-10-31,528199766090739712,Out with the #BrownUlman team in New Carrollton asking MDers for their vote on Election Day. #MDvotes http://t.co/ZjxfqyATR1,124,2,0,2,0,0,1,3503,2
141,2014-10-31,528274095889457153,At Lexington Market with @BenCardinforMD &amp; @SenatorBarb reminding folks to #GoVote on Tuesday! http://t.co/bietFl7Zyg,121,3,4,1,0,2,1,3503,3
142,2014-10-31,528283201224343552,. @SenatorBarb stopped by our #Baltimore office to fire up vols heading into #GOTV weekend! http://t.co/W33zlLh81c,114,3,1,2,0,1,1,3503,3
143,2014-10-31,528292588257021952,Cant wait to have First Lady @MichelleObama join us for our Nov. 3rd rally. Sign up here: http://t.co/hEQbUprsrf,112,7,4,0,1,1,0,3503,2
144,2014-10-31,528318067961786368,Babies for Brown-Ulman! http://t.co/TTWVCr4OKO,46,5,1,0,0,0,1,3503,0
145,2014-10-31,528332281501728768,Greeting commuters at Shady Grove &amp; reminding them to vote Tuesday! #GoVote http://t.co/xec6o19xnR,102,5,5,1,0,0,1,3503,1
146,2014-10-31,527997212299919360,//t.co/esimxtgh2q,17,10,8,0,0,0,1,3503,0
147,2014-11-01,528510175670697984,Good morning Baltimore - tune in to Fox 45 now to catch a discussion about the real choice voters face in this year's governors race.,133,1,2,0,0,0,0,3503,0
148,2014-11-01,528518183142322176,Great to sit down with @FOXBaltimore 's newest anchor - Mary McKenzie - this morning. Welcome to Baltimore. http://t.co/1fZ1MXlNL4,130,3,0,0,0,1,1,3503,1
149,2014-11-01,528567579900903424,At the farmers market with Sen @BenCardinforMD and Del candidate @belbaltimore http://t.co/bocAylTowb,101,3,1,0,0,2,1,3503,2
150,2014-11-01,528585570491334657,Today's Get Out The Vote rally with  @CASAenAccion was a great way to start off the GOTV weekend! http://t.co/sMkEUEsUQ7,120,5,2,0,0,1,1,3503,1
151,2014-11-01,528588756274921472,At Jimmy's in Baltimore with Senator @BenCardinforMD reminding folks to #GoVote on Tuesday. http://t.co/EBHOXLuHIN,114,6,5,1,0,1,1,3503,2
152,2014-11-01,528619701925326848,Howard county is ready to vote for the #BrownUlman team! http://t.co/2f7PegSXeB,79,2,3,1,0,0,1,3503,1
153,2014-11-01,528621810301296640, It's been a great morning at the farmers market w/ @BrownforMD urging folks to get to the polls Tuesday. #mdpolitics ht,120,4,0,1,0,2,1,3503,3
154,2014-11-01,528628585654140928, Dropped by Jimmy's in #fellspoint this morning with the next governor of the Free State @BrownforMD. #MDVotes http://t.,120,3,0,2,0,2,1,3503,4
155,2014-11-01,528638789389156352,. @kenulman getting ready for Baltimore City visibility. #GoVote on Tuesday. http://t.co/P2w8szeVuP,99,3,0,1,0,1,1,3503,2
156,2014-11-01,528653381905440768,Great afternoon reminding Waldorf to #GoVote on Tuesday! http://t.co/tWvupOtksl,79,3,1,1,0,0,1,3503,1
157,2014-11-02,529008974000316416, The energy &amp; excitement in #FrederickMD is awesome for #GOTV for @BrownforMD &amp; #FredDems! @FCDSCC #MDVotes http://t.co/D66BjU,134,8,0,4,0,3,1,3503,7
158,2014-11-02,529018972721926144,Kicking off a canvass in Lanham  Prince Georges is fired up! http://t.co/IwMINmvj7d,83,2,5,0,0,0,1,3503,0
159,2014-11-02,529033261910339584,Great time meeting with MDers &amp; reminding them to #GoVote with @StenyHoyer. http://t.co/ojYO0ARm5z,102,1,2,1,0,1,1,3503,2
160,2014-11-02,529048835906359296,Moco is on the phones for Brown-Ulman. #MdVotes http://t.co/TKsmP9ksyk,70,3,1,1,0,0,1,3503,1
161,2014-11-02,529055237026631681,Firing up the team in Prince Georges County! https://t.co/gFi1UZzpCO,68,4,0,0,1,0,0,3503,1
162,2014-11-02,528956129536393216,//t.co/AbAoUtCHjP,17,16,1,0,0,0,1,3503,0
163,2014-11-03,529125181839912961, Lily &amp; @courtneywatson1 knows it's #AllAboutTheVotes so we can build a #BetterMD w @BrownforMD! http://t.co/mC5oYIU6dm,123,7,0,2,0,3,1,3503,5
164,2014-11-03,529125376187187200, Dropped by @BrownforMD office in Largo to thank volunteers for their hard work to elect Brown-Ulman team. #MDvotes http://t,124,4,0,1,0,2,1,3503,3
165,2014-11-03,529272601567571968,Make your plan to show up and VOTE Nov. 4: http://t.co/ibPAkt3FV8 Then make sure your friends show up on too!,109,0,0,0,1,0,0,3503,1
166,2014-11-03,529274659146330112,New Carrollton is ready to vote #BrownUlman! #MdVotes http://t.co/K3dYpEEC5A,76,2,1,2,0,0,1,3503,2
167,2014-11-03,529308707147235328,Setting up for our last GOTV rally with First Lady @MichelleObama! #MdVotes http://t.co/ikj0t4bENz,98,8,8,1,0,1,1,3503,2
168,2014-11-03,529332831366168576,Only ONE day left! RT to remind your friends &amp; family to vote tomorrow. #MdVotes,84,24,3,1,0,0,0,3503,1
169,2014-11-03,529374010078167040,Long line of folks already here to see @MichelleObama &amp; @BrownforMd! http://t.co/00D38xI1l8,95,27,8,0,0,2,1,3503,2
170,2014-11-03,529378282320703488,Great crowd at tonight's GOTV rally with First Lady @MichelleObama! http://t.co/agqVMFjjUq,90,40,14,0,0,1,1,3503,1
171,2014-11-03,529380040560377856,. @RepCummings firing up the crowd at our rally with @MichelleObama! #MDVotes http://t.co/WddoWV0qHT,100,14,8,1,0,2,1,3503,3
172,2014-11-03,529380308509290496,. @Call_Me_Dutch calling on supporters to remind friends &amp; family to #GoVote tomorrow http://t.co/a0NJ8VBtcA,112,6,4,1,0,1,1,3503,2
173,2014-11-03,529383986091802624,. @MayorSRB calls the #BrownUlman team the best for MD women. http://t.co/4szdIbGnT0,84,8,5,1,0,1,1,3503,2
174,2014-11-03,529384572740726788,. @BenCardinforMD wants Mders to bring a friend to the polls tomorrow. #MdVotes http://t.co/r88QeUFZLw,102,4,4,1,0,1,1,3503,2
175,2014-11-03,529385790745632770, What a way to head into Election Day--with #FLOTUS @MichelleObama here in #Bmore to support @BrownforMD! #BetterMD,115,6,0,3,0,3,0,3503,6
176,2014-11-03,529386159219408897,Team #BrownUlman is out in full force for our #GOTV rally with First Lady @MichelleObama! http://t.co/4zRRn1fw7j,112,9,3,2,0,1,1,3503,3
177,2014-11-03,529386271832276992," Get out and vote tomorrow, Maryland! Pledge to bring a friend to the polls to support @BrownforMD w/@MichelleObama http",120,4,0,0,0,3,1,3503,3
178,2014-11-03,529389149959520257,".@GovernorOmalley ""We must lead Maryland forward not back"" http://t.co/F3oyhw7cEU",81,15,6,0,0,1,1,3503,1
179,2014-11-03,529393691811909633,. @Brownformd takes the stage! http://t.co/pjOi80Y0xT,53,3,2,0,0,1,1,3503,1
180,2014-11-03,529401489710911488," Inspiring. Amazing. The best closer around. MDers, did you hear @MichelleObama? Bring your friends &amp; #GoVote tmrw for @Brownf",130,6,0,1,0,3,0,3503,4
181,2014-11-03,529402054788517893, Our future First Lady of Md Karmen Walker Brown &amp; @SenatorBarb for @BrownforMD let's bring it home #vote http://t.co/UYQ,125,8,0,1,0,3,1,3503,4
182,2014-11-04,529431566464712704,"Now that's what I call momentum! 
Thanks to everyone who came out to help us welcome First Lady @MichelleObama! http://t.co/d7itYOp1FH",134,19,12,0,0,1,1,3503,1
183,2014-11-04,529604957696434176,The clock is ticking - don't forget to #GoVote TODAY!,53,13,9,1,0,0,0,3503,1
184,2014-11-04,529617421393743872,#BrownUlman supporters fired up for Anthony and Karmen to cast their ballots #Vote http://t.co/8AOrzb3qe1,105,12,7,2,0,0,1,3503,2
185,2014-11-04,529632074815508480,Today I'm asking for more than just your vote -- I'm asking for your partnership as we work to build a #BetterMd. http://t.co/sr38XJ0RnB,136,29,12,1,0,0,1,3503,1
186,2014-11-04,529667491912761345,. @repdonnaedwards firing up supporters at our Anne Arundel Field Office! http://t.co/p4NZRpklZ7,96,5,5,0,0,1,1,3503,1
187,2014-11-04,529668698559492096,Howard County is ready to vote #BrownUlman! http://t.co/CV7XBhQo69,66,6,4,1,0,0,1,3503,1
188,2014-11-04,529672856536621057,At Hazelwood Elementary reminding MDers why it's so important to #GoVote. http://t.co/FuqKrWMRgC,96,4,5,1,0,0,1,3503,1
189,2014-11-04,529674822239158272, We are still out supporting pro-choice candidates! Be sure to vote prochoice today! @BrownforMD http://t.co/IITGuJLaEM,119,9,0,0,0,2,1,3503,2
190,2014-11-04,529687049595400195,Make sure your voice is heard - #GoVote TODAY!,46,28,14,1,0,0,0,3503,1
191,2014-11-04,529698991169339393,Annapolis is on the phone reminding folks to get out and #Vote. #mdvotes http://t.co/beypA419HA,95,1,1,2,0,0,1,3503,2
192,2014-11-04,529702186612039680,//t.co/rel3nw8O8I,17,17,3,1,1,0,0,3503,2
193,2014-11-04,529703176128430080," Time to elect our next governor! @BrownforMD @ltgovbrown
http://t.co/VpcfovOcBW
#ElectionDay #LatinosConBrown #mdvotes",119,4,0,3,1,3,0,3503,7
194,2014-11-04,529703437827862528, Lunch time is a great time to #vote for Clean Water candidates! @BrownforMD @BrianFrosh http://t.co/TWSNcPdMqs #mdvotes ,121,1,0,3,1,3,0,3503,7
195,2014-11-04,529715078862737408,. @SenatorBarb stopped by our Prince George's field office to fire up supporters. http://t.co/bOYXcAEANm,104,0,5,0,0,1,1,3503,1
196,2014-11-04,529733688477896706,Did you vote for #BrownUlman today? Tweet a photo of your 'I Voted' sticker with the hashtag #MdVotes,101,7,4,2,0,0,0,3503,2
197,2014-11-04,529733738536898560, Lets win for @BrownforMD! RT @LorrettaJohnson: .@AFT_Maryland getting out the vote in Baltimore @AFTunion http://t.co/e6v,122,7,0,0,0,5,1,3503,5
198,2014-11-04,529739936363057152,Click here to find your polling location then #GoVote TODAY! http://t.co/rel3nw8O8I,83,1,2,1,1,0,0,3503,2
199,2014-11-04,529762576893095936,Polls are open until 8 PM lets #GoVote #Maryland. http://t.co/rel3nw8O8I,72,28,7,2,1,0,0,3503,3
