,date,tweet_id,tweet_text,tweet_length,retweet_count,favorite_count,hashtag_count,url_count,user_mentions,media_count,follower_count,total_entities
0,2014-10-05,518579954695831552,Had a great time at the Drew County Reagan Day Dinner! Thank you for having me! #ARGov http://t.co/Lv4ZfIUvbH,109,4,1,1,0,0,1,4703,1
1,2014-10-05,518826522241929216,We have 30 more days to make it count. RETWEET to tell your friends to vote Asa for Governor! #ARGov http://t.co/wV4iEGENnL,123,20,7,1,0,0,1,4703,1
2,2014-10-06,519117430530912256,"I have a plan to lower taxes for hard working Arkansans, starting with the middle class. https://t.co/jbrP6K3Rv7",112,9,5,0,1,0,0,4703,1
3,2014-10-06,519184395882610688,Are you registered to vote? Today is the LAST DAY to register. Fill out your application &amp; get it in the mail today! https://t.co/N4Ch9dNeCH,144,7,2,0,1,0,0,4703,1
4,2014-10-06,518927241217343488,Had a great time at the Celebrate America Rally in Hot Springs Village! Thanks for having me! #ARGov http://t.co/QXghKP3fmE,123,5,3,1,0,0,1,4703,1
5,2014-10-07,519574999330353152,I have received the endorsement of the National Federation of Independent Business http://t.co/T1P1SgVz4Z http://t.co/m9vJ9v2vZ2,128,12,7,0,1,0,1,4703,1
6,2014-10-07,519479792433762305,Arkansas must compete with our surrounding states and globally to create jobs for Arkansass future. https://t.co/6MV5GlPa6h,123,7,5,0,1,0,0,4703,1
7,2014-10-08,519842188247588864,My plan to improve public safety includes giving schools resources to keep our children safe. https://t.co/4ZZYXcEAkY,117,4,3,0,1,0,0,4703,1
8,2014-10-08,519654098082086916,Thank you so much to @UALR &amp; @KATVNews for hosting tonight's debate. We clearly won and demonstrated a clear diff to the voters. Thank you.,143,25,20,0,0,2,0,4703,2
9,2014-10-09,520204569028984832,Do you have an Asa for Governor bumper sticker yet? Get yours today - these are going fast! https://t.co/dxckoJ5fSW,115,4,0,0,1,0,0,4703,1
10,2014-10-09,520006248520220673,I enjoyed stopping by the @ArkHospAssoc annual meeting reception tonight. Thank you for the warm welcome. http://t.co/hwcbVFOaw9,128,3,1,0,0,1,1,4703,1
11,2014-10-09,520256730626678784,I'm proud to announce that I have received the endorsement of former AR Governor Mike Huckabee https://t.co/de1F3vZVco,118,19,6,0,1,0,0,4703,1
12,2014-10-10,520566937575641088,Our students deserve the opportunity to become entrepreneurs and technology experts. https://t.co/aluV4ANIMB,108,6,4,0,1,0,0,4703,1
13,2014-10-10,520572915251552256,Our next Governor will have to stand up to a liberal President &amp; fight for AR against federal overreach. My new ad: http://t.co/99XhxBUB8E,142,11,6,0,1,0,0,4703,1
14,2014-10-11,520994095003877376,Fantastic support at the Weiner Rice Festival! Big thanks to #TeamAsa! #ARGov #ARPX http://t.co/G2VD77U5Q9,106,4,3,3,0,0,1,4703,3
15,2014-10-11,520950571269115904,Thankful for all of our supporters at the State Fair Parade! #TeamAsa #ARGov http://t.co/sDiptu6NOo,99,4,6,2,0,0,1,4703,2
16,2014-10-11,520952030962016257,Ill be a governor with Arkansas values and Arkansas common sense. https://t.co/MFViAEumzC,89,9,3,0,1,0,0,4703,1
17,2014-10-11,520977272506163201,Great turnout &amp; support at Turkey Trot in Yellville  even in the cold! Thanks for coming out! #ARGov #Momentum #ARPX http://t.co/Uoo03JUk1b,143,3,3,3,0,0,1,4703,3
18,2014-10-11,521017197041569792,"The @AStateRedWolves are on the road today in Atlanta! Good luck &amp; bring home a ""W""! #WeHowl #ARGov http://t.co/fE8pyqICVH",126,4,0,2,0,1,1,4703,3
19,2014-10-11,521036959607959552,#TeamAsa at the @RazorbackFB tailgate! Thanks for the support! #WPS #ARGov http://t.co/gJNM5stibB,97,5,4,3,0,1,1,4703,4
20,2014-10-11,521041594695565313,Great work from #TeamAsa at Cabot Fest! Can't do it without you! #ARGov #Momentum http://t.co/lT5SEK8dg9,104,3,0,3,0,0,1,4703,3
21,2014-10-11,521050865432416257, Ella Beth &amp; Malcolm ready to cheer on the Hogs w/ their Nana &amp; Papaw @AsaHutchinson #argov #WPS http://t.co/3kLRbfMZNT,127,8,0,2,0,2,1,4703,4
22,2014-10-11,521056210536390656,"Almost time for kickoff in #Fayetteville! #GoHogs, #BeatBama! #WPS #NeverYield #ARGov http://t.co/ruSilAltqK",108,8,5,6,0,0,1,4703,6
23,2014-10-12,521442010495217664,Enjoyed speaking at the Biblical Rights Forum at Covenant of Zion Cathedral. Thanks for having me! #ARGov http://t.co/5LbFQTqGIz,128,4,4,1,0,0,1,4703,1
24,2014-10-12,521306857726435330,"Have a wonderful Sunday, friends! http://t.co/KayAgrLPNY",56,10,13,0,0,0,1,4703,0
25,2014-10-13,521654098701983744,"If we are going to compete with our surrounding states, we must reduce our high state income tax rate. https://t.co/0TCvrfnRlO",126,6,3,0,1,0,0,4703,1
26,2014-10-14,522040981341093889, Enjoying Listening to Susan Hutchinson tell her story with @AsaHutchinson at Q&amp;A.,86,2,0,0,0,2,0,4703,2
27,2014-10-14,521852965267988480, .@AsaHutchinson with Corporal Aaron Mankins and Stacy Westbrook. #wcldd2014 http://t.co/Dyx0pQTqh5,99,6,0,1,0,2,1,4703,3
28,2014-10-14,521853343472553984,Great time tonight at the Washington County Lincoln Day Dinner! #ARGov #WCLDD2014 http://t.co/xB7ZdlkTUo,104,4,5,2,0,0,1,4703,2
29,2014-10-14,522016512396103681,I have a plan to coordinate between the needs of ARs businesses &amp; the workforce training offered by AR institutions https://t.co/lRGxFlbqTx,143,1,1,0,1,0,0,4703,1
30,2014-10-15,522521060139208706,Great to speak to the AR Judicial Council today. A strong judicial system protects the rights of every Arkansan. http://t.co/vqnO7ntZxF,135,6,1,0,0,0,1,4703,0
31,2014-10-15,522378925486264321,Election Day is 20 DAYS AWAY! Its crunch time - RETWEET to show your support for Asa for Governor! http://t.co/2cbQhIF7Ne,121,25,7,0,0,0,1,4703,0
32,2014-10-15,522407867412779008,"It was great to visit Golden Living in Fort Smith today! As governor,
I'll support choice in healthcare. #ARGov http://t.co/MVqk6H8NCU",134,5,3,1,0,0,1,4703,1
33,2014-10-15,522474114796511232,It was good to tour the University of Arkansas at Fort Smith today. The Baldor Technology Center is impressive! http://t.co/O086xGcmHE,134,5,3,0,0,0,1,4703,0
34,2014-10-15,522482689757437952,Great visiting with the folks at Pernod Ricard in #FortSmith. Thank you for the tour! #ARGov #ARPX http://t.co/trId31dbvE,121,3,2,3,0,0,1,4703,3
35,2014-10-15,522530859732066304,I am disappointed by the decision of the AR Supreme Court to strike down the voter ID law. I support the integrity of the ballot box. #argov,140,33,24,1,0,0,0,4703,1
36,2014-10-16,522846641468874754,Asa wins another debate! Chip in $5 to help him keep up the momentum! https://t.co/FDZw6K0N7a,93,6,1,0,1,0,0,4703,1
37,2014-10-16,522710665048649729,About to chat with @AaronNolanNews on @KARK4News coming up around 6:30. Tune in! #ARGov #ARPX http://t.co/BwUInykXc2,116,1,3,2,0,2,1,4703,4
38,2014-10-16,522721134647971840,Visiting now with @PatWalkerWX on @FOX16News. Tune in! #ARGov #ARPX http://t.co/qW2EhHf9lB,90,1,2,2,0,2,1,4703,4
39,2014-10-16,522730562705170432,"Visiting with Tommy, David &amp; Roger right now on @1037TheBuzz. Tune in! #ARGov #ARPX",87,3,4,2,0,1,0,4703,3
40,2014-10-16,522741269403942912,I have received a 100% pro-life rating and the endorsement of the National Right to Life Committee. https://t.co/rhvipqCmUI,123,23,24,0,1,0,0,4703,1
41,2014-10-16,522883633611153408,Thanks to our great volunteers at the Owlfest Parade in McGehee! Can't do it without you! #ARGov http://t.co/hCs9cZb3GN,119,4,1,1,0,0,1,4703,1
42,2014-10-16,522746315873476609,"Thanks to Tommy, @RJHawk, @DavidBazzel &amp; @RogerScottBUZZ for having me on this morning! Had a blast! #ARGov http://t.co/0xULrMd5wb",134,6,8,1,0,3,1,4703,4
43,2014-10-16,522752611481833472,Thanks to @AaronNolanNews &amp; @PatWalkerWX for having me on this morning! | @KARK4News @FOX16News #ARGov #ARPX http://t.co/UaFY50SauC,135,3,4,2,0,4,1,4703,6
44,2014-10-16,522779933064458240,"If you missed it this morning, watch my full interview with @KARKnews' @AaronNolanNews here &gt;&gt; http://t.co/8pPvfsfB2R | #ARGov #ARPX",138,3,1,2,1,1,0,4703,4
45,2014-10-16,522865532790272000,Great to speak to the Conway Chamber of Commerce about the need for skills training for the workforce! #ARGov http://t.co/FbbswYMakt,132,5,4,1,0,0,1,4703,1
46,2014-10-17,523103683995660289,"Our fan of the week is Gary Crain. Thanks for the support, Gary! Can we get 20 RETWEETS to support Asa for Governor? http://t.co/1Ovjn004zv",139,6,0,0,0,0,1,4703,0
47,2014-10-17,523191988976222208,Enjoyed sharing my plan for Arkansas at today's AIA Arkansas forum. Thank you for the opportunity! #ARGov http://t.co/7AiirztBVq,128,3,2,1,0,0,1,4703,1
48,2014-10-17,523201813324251136,Stopped in Benton for a quick lunch &amp; ended up getting a hug from one of our smallest supporters! #ARGov http://t.co/OQM2bxgg0C,131,9,6,1,0,0,1,4703,1
49,2014-10-17,523225657589788672,Enjoyed speaking at the @ArkAdvEnergy Association Annual Policy Conference! Thanks for having me! #ARGov http://t.co/FutzuRpcs6,127,3,1,1,0,1,1,4703,2
50,2014-10-17,523242716977963008,Stop by our tailgate tomorrow before the game at War Memorial Stadium! Well be on the creek next to the Disco Hogs. http://t.co/Cx3Yg6oS5c,138,15,6,0,0,0,1,4703,0
51,2014-10-17,523246023607861248,It's a great night to be at the @arkstatefair with Susan and my grandkids! Having a great time! Come on out! http://t.co/VBV9DTuX8y,131,5,8,0,0,1,1,4703,1
52,2014-10-18,523593966634430464,"@PettyforAR 
Thanks and let's win!",34,1,4,0,0,1,0,4703,1
53,2014-10-18,523488774102056962,"Why do you support Asa for Governor? REPLY with A, B, C or D, or fill in the blank! http://t.co/ATdc7tHeBc",106,3,2,0,0,0,1,4703,0
54,2014-10-18,523504484266561536,Remember to stop by our tailgate today before the game at War Memorial! Well be on the creek next to the Disco Hogs. http://t.co/IHblODSR57,139,9,2,0,0,0,1,4703,0
55,2014-10-18,523540340188270593,Having a great time tailgating! Come on by - we are on the creek close to Markham. Look for the large Asa sign. http://t.co/wMoj7KNgdl,134,5,3,0,0,0,1,4703,0
56,2014-10-18,523562498730229760,"Almost time for kickoff in LR! #GoHogs, #BeatGeorgia! RETWEET if you're already calling those Hogs! #ARGov http://t.co/TNKH9r5QUE",129,8,7,3,0,0,1,4703,3
57,2014-10-18,523576468077821952,A look inside the action at War Memorial Stadium. #Hogs trying to knock off a top ten in LR! #BeatGeorgia #WPS #ARGov http://t.co/IOdPq16jzi,140,9,4,4,0,0,1,4703,4
58,2014-10-19,523843567265935362,"My family and I feel so blessed by all of the support Arkansans have shown us. Thank you for everything, friends. http://t.co/9f68dJzf1y",136,14,13,0,0,0,1,4703,0
59,2014-10-19,523676858433298432,We had a wonderful evening at the Arkansas Black Hall of Fame Induction Gala. Congratulations to the honorees! http://t.co/OAkAOQPKU8,133,5,2,0,0,0,1,4703,0
60,2014-10-19,523976117846155265,Susan and I enjoyed our campaign Victorian Tea Party in Plumerville! Good seeing old friends &amp; making new ones! http://t.co/buRVS2YnHW,138,4,4,0,0,0,1,4703,0
61,2014-10-20,524242383882694656,I'm thankful for everyone who came out to our campaign meet and greet at the Piggott Community Center! #ARGov http://t.co/4aoQR7ZiBa,132,3,3,1,0,0,1,4703,1
62,2014-10-20,524190868312293376,Early voting starts TODAY! Click below to get all the details on how you can vote early for Asa Hutchinson! https://t.co/Fnmzz5QLlc,131,17,10,0,1,0,0,4703,1
63,2014-10-20,524217349172629505,Enjoyed touring Axis Corp in #Paragould &amp; visiting w/ their great employees. Thanks for having me! #ARGov #ARPX http://t.co/FuXYuDojPh,138,2,2,3,0,0,1,4703,3
64,2014-10-20,524290671356547074,Honored to have the endorsement of fmr NRA president David Keene &amp; thanks to @DNWOutdoors for having us! #ARGov http://t.co/4770s69BjJ,138,12,6,1,0,1,1,4703,2
65,2014-10-21,524681564869758977, No chance undecided #ARGOV voters can turn down charm and smiles from these two @AsaHutchinson supporters! http://t.co/FuGG,124,9,0,1,0,2,1,4703,3
66,2014-10-21,524368770530566144,"Thank you @ArkansasState, NEA Political Animals &amp; KAIT for hosting the #AStateDebate My friends, we clearly won the debate. Please go vote!",143,17,21,1,0,1,0,4703,2
67,2014-10-21,524370760547045376,BREAKING: Asa wins his final debate! Can you chip in $15 to help him secure victory in 15 days? Click below! https://t.co/ELMKPCutQ8,132,5,3,0,1,0,0,4703,1
68,2014-10-21,524553263887032320,My plan for leading AR is based on a firm belief in our work ethic &amp; love for our state. I have faith in our future https://t.co/4l0t2qAWgQ,143,7,3,0,1,0,0,4703,1
69,2014-10-21,524569562772434944,I enjoyed speaking at the Arkansas Renewal Project in Little Rock this morning. Thanks for having me! #ARGov #ARPX http://t.co/x8cipIDYgc,137,5,2,2,0,0,1,4703,2
70,2014-10-21,524628342407168000,"Honored to have the endorsement of my friend David Keene, the immediate past president of the NRA. #ARGov http://t.co/tocPU7uNss",128,5,3,1,0,0,1,4703,1
71,2014-10-21,524699706195075072,It was an honor to speak to the AR Independent Producers and Royalty Owners' 6th Annual Meeting today! #ARGov http://t.co/92gJvN3ztj,132,1,2,1,0,0,1,4703,1
72,2014-10-22,524979532743573505,Great visit w/Greenwood Schools this morning sharing my plan for computer science! Thanks for having me! #AsaPlanTour http://t.co/yqoBsdXUlv,140,1,2,1,0,0,1,4703,1
73,2014-10-22,524712358984175616,"Big game for @RedWolvesFBall tonight! Watch now on #ESPN2! Good luck &amp; bring home a ""W""! #WeHowl #ARGov http://t.co/MNXadMq8cW",130,6,8,3,0,1,1,4703,4
74,2014-10-22,524907391414833152,"I have a proven record of taking on the tough fights. I'm Asa. As Gov, we'll hit the ground running &amp; never look back http://t.co/Y9JWMruqrK",144,9,2,0,1,0,0,4703,1
75,2014-10-22,524915628545540098,Today I'm kicking off my #AsaPlanTour to make our state more competitive! RETWEET to support the Asa Plan! #ARGov http://t.co/IVcCvhwr3K,136,17,4,2,0,0,1,4703,2
76,2014-10-22,524967076998688768,"NEW AD: I take on the tough fights. As Gov, we'll hit the ground running &amp; never look back. RETWEET if you're w/ me! https://t.co/t3uxtDD7cw",144,11,1,0,1,0,0,4703,1
77,2014-10-22,524978038334029824,Just finished up our first stop in Greenwood on the #AsaPlanTour! Thank you for the support! #ARGov http://t.co/mOVkfGbBTh,122,6,5,2,0,0,1,4703,2
78,2014-10-22,525015103243313153,Great stop in #FortSmith on the #AsaPlanTour! Lots of excitement &amp; early voters! #ARGov #ARPX http://t.co/rv6XfOeV8D,120,4,2,4,0,0,1,4703,4
79,2014-10-22,525037661459730432,"It was great to visit Van Buren on the Asa Plan tour today and meet
new friends and supporters! #ARGov http://t.co/1biRne4FAz",125,4,0,1,0,0,1,4703,1
80,2014-10-22,525057060853923841,"""Our endorsement for governor goes to Asa Hutchinson, a man whose professional life has prepared him for executive leadership."" - @nwaonline",140,12,7,0,0,1,0,4703,1
81,2014-10-23,525374121891622912,"Our 3rd stop on the #AsaPlanTour is Springdale and it was great to
meet some of the folks that run small businesses! http://t.co/YChHgxRTTv",139,4,2,1,0,0,1,4703,1
82,2014-10-23,525278025147879425,The #AsaPlanTour is off to a great start! I am enjoying traveling around Arkansas &amp; sharing my plan for the future! http://t.co/BTDjL0XfUP,142,7,4,1,0,0,1,4703,1
83,2014-10-23,525385748556812288,Fayetteville is #AsaPlanTour stop #4 today! Excited to tour Nerdies and stop by Frickin Chicken! #ARGov http://t.co/GXZBRDGP7O,126,4,2,2,0,0,1,4703,2
84,2014-10-23,525324840320770048,"Im in Bentonville for the Asa Plan tour today! First stop, visiting my daughter in laws store. Im so proud of her! http://t.co/ypJ8MBDhaz",137,3,1,0,0,0,1,4703,0
85,2014-10-23,525325660487942144,Fantastic way to kick off day 2 of the  #AsaPlanTour on the square in Bentonville! It's great seeing everyone! #ARGov http://t.co/SsyYZh1Xyy,140,4,3,2,0,0,1,4703,2
86,2014-10-23,525334783094558720,Such a great stop in #Bentonville on day 2 of the #AsaPlanTour! Thank you for the early votes &amp; support! #ARGov http://t.co/T4cQcFla2C,138,3,3,3,0,0,1,4703,3
87,2014-10-23,525345100092948480,Rogers was the 2nd stop of the day on the #AsaPlanTour. Thanks to everyone for their hospitality! #ARGov http://t.co/OGftbroUeo,127,5,2,2,0,0,1,4703,2
88,2014-10-23,525099662056120320,Great night at the Benton County Lincoln Day Dinner! Enjoyed seeing everyone&amp; sharing my plan for AR's future! #ARGov http://t.co/pPY2syOmkC,144,3,5,1,0,0,1,4703,1
89,2014-10-24,525710786350833665,"Thanks to my wife, Susan, @RepDianeBlack, @ARSenMissyIrvin &amp; all of YOUR support at our #WomenForAsa event! #ARGov http://t.co/l5NJKmEmKK",141,9,5,2,0,2,1,4703,4
90,2014-10-24,525640364929974272,Dont forget - you can vote today! Early Voting will be going on until 11/3. RETWEET to tell everyone that you are voting Asa for Governor!,138,18,5,0,0,0,0,4703,0
91,2014-10-24,525695646897283073,"Kicking off #WomenForAsa with my wife, Susan, and our special guest @RepDianeBlack | #ARGov",91,14,5,2,0,1,0,4703,3
92,2014-10-24,525700390558642176,Blessed to have my amazing wife help me kick things off at our #WomenForAsa event! #ARGov http://t.co/LKp4uTuO18,112,9,7,2,0,0,1,4703,2
93,2014-10-24,525795477217091584,Honored to be part of the Women's Own Worth event tonight. Such an important issue. #ARGov http://t.co/TyxvOqfduv,113,3,3,1,0,0,1,4703,1
94,2014-10-25,526025466558164993,The polls are open 10:00AM to 4:00PM today for Early Voting! RETWEET if you have already voted #AsaForGovernor!,111,20,6,1,0,0,0,4703,1
95,2014-10-25,526142783585656832,Great turnout for the Get Out The Vote rally in Paris today! Thanks to Reps. Gossage &amp; Eubanks for organizing! #ARGov http://t.co/dfGCkV9R9l,144,9,5,1,0,0,1,4703,1
96,2014-10-25,526124886310543360,Great day in Southern Arkansas! Next stop Paris for our GOP Rally @ the Logan County fair grounds! Come out &amp; say hello! #ARGov #AsaPlanTour,144,5,3,2,0,0,0,4703,2
97,2014-10-25,526107180513370113,Enjoyed participating in all the Fall Fest activities in #Magnolia! Mayor Vann is a great sport! #ARGov http://t.co/SttXOwPsLd,126,2,3,2,0,0,1,4703,2
98,2014-10-25,526093612778811392,Great meeting all of our supporters at the #Magnolia Fall Fest! | #ARGov #AsaPlanTour http://t.co/KLcOdrvsVZ,108,3,2,3,0,0,1,4703,3
99,2014-10-25,526080789457682433,Great day to be in #Magnolia! I enjoyed meeting everyone at the Flying Burger -- thanks for the support! #ARGov http://t.co/37QN42yk5S,134,6,1,2,0,0,1,4703,2
100,2014-10-25,526044305652477952,Beautiful day in Glenwood for the Freedom Festival Parade! Thanks to our wonderful volunteers &amp; supporters! #ARGov http://t.co/SZAoLrl3fG,141,5,1,1,0,0,1,4703,1
101,2014-10-25,526039210848186368,It's an early morning kickoff in #Fayetteville -- but a win makes it all worth it! Let's #CallThoseHogs! #WPS #ARGov http://t.co/yHU2GgWn3j,139,11,5,4,0,0,1,4703,4
102,2014-10-25,526037598989729792,Our fantastic volunteers working hard at the Grand Prairie Rice Festival! Stop by &amp; say hello! #ARGov http://t.co/DHf2ewGN9y,128,1,1,1,0,0,1,4703,1
103,2014-10-25,525817034702336000,Had a great time at the Friendly Chapel Fish Fry in North Little Rock! Good food &amp; fellowship! #ARGov http://t.co/xud5vexDHW,128,7,4,1,0,0,1,4703,1
104,2014-10-25,525814074844905472,"@Juliab1996 @MistyBrida 
Thank you Julia!!",42,0,0,0,0,2,0,4703,2
105,2014-10-26,526380285986754560,We are so blessed to live in the beautiful state of Arkansas. Happy Sunday friends! http://t.co/lKIHL4KqgM,106,9,17,0,0,0,1,4703,0
106,2014-10-26,526163807727394819,Thanks to everyone who came out to support the GOTV rally in Logan County this evening! #ARGov http://t.co/oZxD89L5q4,117,8,8,1,0,0,1,4703,1
107,2014-10-27,526740155260878848,Thank you to everyone who came out to the meet and greet in Lowell this morning! Great to see everyone! #ARGov http://t.co/LMGUsloS3H,133,6,7,1,0,0,1,4703,1
108,2014-10-27,526756596215734272,"Just early voted with my wife, Susan! There's still time for you to early vote, too: http://t.co/rg0ra5ZZLG #ARGov http://t.co/IpLMPxhqst",137,17,17,1,1,0,1,4703,2
109,2014-10-27,526833370236731393,"Join me for a GOTV rally in Little Rock! 10/29, 2-3 pm, 3600 Cantrell Road, 2nd floor. Help us get out the vote! http://t.co/5nrMYTdIGl",135,11,5,0,0,0,1,4703,0
110,2014-10-27,526879027965882368,"Thanks to everyone who came out tonight for the meet and greet in
Harrison! #ARGov http://t.co/UsvBduffNd",105,3,2,1,0,0,1,4703,1
111,2014-10-27,526852810113970176,Good to be at Neighbor's Mill Bakery in Harrison today for the #AsaPlanTour! Enjoyed meeting everyone! #ARGov http://t.co/hUsNdlBNQW,132,4,5,2,0,0,1,4703,2
112,2014-10-27,526727572139167744,The last week of early voting begins today! RETWEET if you have already voted #AsaforGovernor! https://t.co/jmj1ZirA4X,118,11,1,1,1,0,0,4703,2
113,2014-10-28,527210069784821761,Great meeting folks at our stop in #Booneville! Thank you for the support! #ARGov #AsaPlanTour http://t.co/8ic4Z3iDLj,117,4,2,3,0,0,1,4703,3
114,2014-10-28,527089949128916992,There are 5 more days of early voting - have you voted yet? RETWEET to tell your friends you voted Asa for Governor! http://t.co/2OA6x08J59,139,15,4,0,0,0,1,4703,0
115,2014-10-28,527140581072322561,Good to continue the #AsaPlanTour in Fort Smith today! Had a great stop at Georges! #ARGov http://t.co/JEKWpwpfXI,113,6,4,2,0,0,1,4703,2
116,2014-10-28,527185884568092672,New Radio Ad: Honored to have the support of @MLB star @toriihunter48. Please share with your friends. #argov https://t.co/aZ5uogFZdD,133,18,7,1,1,2,0,4703,4
117,2014-10-28,527243470365532162,"Please join me and current and former governors at a GOTV rally! Friday, 10/31, 7:30AM, 524 S Church St., Jonesboro http://t.co/IaHzmG7obv",138,9,7,0,0,0,1,4703,0
118,2014-10-29,527582729119203328,"Thanks to @LT &amp; @THV11 for having me on this morning! If you missed my interview, watch it here &gt;&gt; http://t.co/Mw19XKb0Gy | #ARGov #ARPX",146,9,6,2,1,2,0,4703,5
119,2014-10-29,527425167040188416,About to go on with @LT on @THV11! Tune in to watch! #ARGov http://t.co/fybk7KWvqr,82,2,5,1,0,2,1,4703,3
120,2014-10-29,527452328668823552,"I have a plan to create jobs for Arkansass future. Dont forget, you can vote today! https://t.co/LHK4QQi7DP",107,3,2,0,1,0,0,4703,1
121,2014-10-29,527462460492484609,NEW AD I know exactly what I want to do as #ARGov &amp; that is provide unlimited opportunities to all our kids #AsaPlan https://t.co/d6K4ZeLOjO,144,15,5,2,1,0,0,4703,3
122,2014-10-29,527532192269094912,Carve an #AsaForGovernor pumpkin! Get your template here: http://t.co/VZfvP1uxbr http://t.co/BiI9bv7CTk,103,5,0,1,1,0,1,4703,2
123,2014-10-29,527548350858805249,Honored to speak to a great crowd at the GOTV rally in Little Rock today! #ARGov http://t.co/u5tdRSVqph,103,7,7,1,0,0,1,4703,1
124,2014-10-29,527579030267367425,"@NKDiMichele 
Thanks Nicole! !",30,0,1,0,0,1,0,4703,1
125,2014-10-29,527589276037705729,"Thanks to RoofConnect in Sheridan for hosting us on the #AsaPlanTour!
Good to meet everyone! #ARGov http://t.co/vMK8cYz6LC",122,4,2,2,0,0,1,4703,2
126,2014-10-30,527941574945431553,It was good to visit with the folks at ASU-Searcy on the #AsaPlanTour today! http://t.co/zBxeMzkYVc,99,2,3,1,0,0,1,4703,1
127,2014-10-30,527779594485903360,"Talking politics &amp; pancakes this morning w/ @AaronNolanNews, @MalloryHBrooks, @NatWaltersWX &amp; @GregDeeWeather on @KARK4News at 6:15! #ARGov",147,4,5,1,0,5,0,4703,6
128,2014-10-30,527785660728770560,The pancakes have been flipped &amp; now for the taste test w/ @AaronNolanNews &amp; @MalloryHBrooks | #ARGov @KARK4News http://t.co/rjOBa2izmb,143,3,3,1,0,3,1,4703,4
129,2014-10-30,527814759500894209,We are so close to crossing the finish line - just five more days to get out the vote! RETWEET and Vote Asa! http://t.co/6JTVq0zJoR,131,23,7,0,0,0,1,4703,0
130,2014-10-30,527825395404390400,I enjoyed speaking to the Arkansas Association of Development Organizations in Little Rock today. #ARGov http://t.co/DTvue0iOYN,127,3,1,1,0,0,1,4703,1
131,2014-10-30,527849539315589121,"Thanks to @4029Ben for putting together a great story of me &amp; Susan. If you missed it, watch here: http://t.co/jPt7gVzG6Q | #ARGov #ARPX",140,4,2,2,1,1,0,4703,4
132,2014-10-30,527857787900948480,It was great to speak to the Arkansas Environmental Federation in Hot Springs today! Thanks for having me! #ARGov http://t.co/SzzNyWSi9x,136,3,1,1,0,0,1,4703,1
133,2014-10-30,527901509020045313,Great to be at the Honeycomb in Arkadelphia on the #AsaPlanTour! http://t.co/RN4ILxzdEk,87,1,3,1,0,0,1,4703,1
134,2014-10-30,527961214446759936,Our next stop on the #AsaPlanTour in Searcy was at Ag Chem Direct &amp; Lake Ice Company. Thanks for letting us say hi! http://t.co/MC9Zmwtegq,142,4,5,1,0,0,1,4703,1
135,2014-10-31,528255900268908544,Great crowd in Mountain Home for the GOTV rally! Thanks for the welcome! #ARGov http://t.co/EYy8Ilg9kU,102,4,5,1,0,0,1,4703,1
136,2014-10-31,527976257259335680,"Bald Knob was next on the #AsaPlanTour today! Stopped by Who
Dat's Cajun Restaurant and the Bulldog Restaurant! http://t.co/erkuapPBkX",134,6,6,1,0,0,1,4703,1
137,2014-10-31,528157940872519680,New Radio Ad: I'm honored and humbled to have the support of Mrs. Annie Abrams. #ARGov https://t.co/cfsa6v8UXq,110,6,2,1,1,0,0,4703,2
138,2014-10-31,528177136134139906,"When you vote Asa for Governor, you vote for AR values and AR common sense. Our state deserves a leader with a plan. https://t.co/k57b2p0yYx",140,7,2,0,1,0,0,4703,1
139,2014-10-31,528200907272749057,Thanks to the huge crowd of supporters who came out to the #GOTV Rally in #Jonesboro this morning! #ARGov http://t.co/eSO5oVInTM,128,12,7,3,0,0,1,4703,3
140,2014-10-31,528218063246983168,I am honored to announce that I have received the endorsement of the well-respected Arkansas Democrat-Gazette. http://t.co/wKH7RQ0JZa,133,15,13,0,0,0,1,4703,0
141,2014-10-31,528231036707028992,Good to speak to the Delta Grassroots Caucus in Helena-West Helena today! Thanks for having me. #ARGov http://t.co/zv5cq3ZaA3,125,3,3,1,0,0,1,4703,1
142,2014-10-31,528305185991716864,Having a great time at Trick or Treat on the Square in Fayetteville. It's been a great day and it's not over yet! http://t.co/q9qvyNVj0E,136,4,4,0,0,0,1,4703,0
143,2014-11-01,528594457797877760,Jonesboro: Join me for a GOTV rally Monday from 5:00-7:00 PM! We will be at ASU Farmers Market on Aggie Road. I hope to see you there!,134,5,3,0,0,0,0,4703,0
144,2014-11-01,528345454421872640,Thanks to all the Victory volunteers for working to make sure Tuesday is a winning day for our GOP ticket! #ARGov http://t.co/jzusSm69Hj,136,5,3,1,0,0,1,4703,1
145,2014-11-01,528561943129620480,Great time with a lot of excited supporters at the East End Parade! Thank you all! #ARGov http://t.co/jW819cXlnS,112,3,5,1,0,0,1,4703,1
146,2014-11-01,528562148268470272,"Its the last weekend of the campaign, and you can vote today! The polls are open from 10:00 AM to 4:00 PM. https://t.co/IJuXGoYlRc",130,5,0,0,1,0,0,4703,1
147,2014-11-01,528579043441266688,Unbelievable crowd at the East End Parade! I am honored to have all of this great support! #ARGov http://t.co/wbyXE83kih,120,4,5,1,0,0,1,4703,1
148,2014-11-01,528594276125790208,"North Little Rock: Join me for a GOTV rally Monday from 11:30 AM-1:00 PM! We will be at Burns Park, Pavilion 10. I hope to see you there!",137,2,0,0,0,0,0,4703,0
149,2014-11-01,528599711591464960,"Fort Smith: Join me for a GOTV rally Monday from 7:30-9 AM! We'll be at Fort Smith Convention Center, Exhibition Hall A1 at 55 South 7th St.",140,5,0,0,0,0,0,4703,0
150,2014-11-01,528608925407379457,"Friends, I am counting on your vote to put me over the top in this election. Click below to find your polling place! https://t.co/QBMcFwa6DE",140,6,4,0,1,0,0,4703,1
151,2014-11-01,528627288381083648,Great time at the @UAPBAthletics Tailgate in #PineBluff! Good seeing everyone! #ARGov http://t.co/nAijkstUiY,108,3,3,2,0,1,1,4703,3
152,2014-11-01,528650400539226113,Almost game time for the Arkansas State Red Wolves football team! Watch the game on ESPN3!  #WeHowl #ARGov http://t.co/2F0wsR2Uu9,129,27,34,2,0,0,1,4703,2
153,2014-11-01,528655551304302592,Great turnout in #Fayetteville for Hot Rods &amp; Heroes! Grateful to be part of it. #ARGov http://t.co/7wXYNXg4QY,114,3,3,2,0,0,1,4703,2
154,2014-11-01,528678567740076033,Its Razorbacks vs. Mississippi State at 6:15! Let's #CallThoseHogs! #WPS #ARGov http://t.co/cRDIYsi0Yn,102,7,5,3,0,0,1,4703,3
155,2014-11-01,528695754513448961,Fantastic turnout in Lowell tonight for our rally &amp; #Hogs watch party! Thank you for the unbelievable support! #ARGov http://t.co/Ywyfy4WRnW,144,4,5,2,0,0,1,4703,2
156,2014-11-02,528977038565076992,Thanks to the amazing crew of volunteers who came out to support Get Out The Vote efforts yesterday! #ARGov http://t.co/c3WuBWXpMO,130,4,3,1,0,0,1,4703,1
157,2014-11-02,528932089614200833,"We are blessed beyond words, friends. http://t.co/WZbIfU5Ckg",60,20,20,0,0,0,1,4703,0
158,2014-11-02,528974125445156864,"Reminder: Fort Smith - Join me for a GOTV rally tomorrow 7:30-9 AM! Fort Smith Convention Center, Exhibition Hall A1, at 55 South 7th St.",137,5,1,0,0,0,0,4703,0
159,2014-11-02,528974327803559936,"Reminder: North Little Rock - Join me for a GOTV rally tomorrow from 11:30 AM-1:00 PM! Burns Park, Pavilion 10 http://t.co/45QWOpo978",133,7,2,0,0,0,1,4703,0
160,2014-11-02,528974401321332736,Reminder: Jonesboro - Join me for a GOTV rally tomorrow from 5:00-7:00 PM! We will be at ASU Farmers Market on Aggie Road.,122,5,6,0,0,0,0,4703,0
161,2014-11-03,529354586625429505,Incredible turnout &amp; support at our Central Arkansas #GOTV Rally! Thank you! #ARGov #Momentum http://t.co/YaIyrFuaUu,120,6,5,3,0,0,1,4703,3
162,2014-11-03,529419149408100352,I'll be visiting with voters at the Dunkin' Donuts at 10721 Kanis Road in Little Rock tomorrow morning at 8:30! Stop in &amp; say hello! #ARGov,143,6,2,1,0,0,0,4703,1
163,2014-11-03,529083922626654208,"@MistyBrida 
Wow!  Thank you! !
Asa",35,0,1,0,0,1,0,4703,1
164,2014-11-03,529279109810384897,Great way to start off the last day of early voting! Thank you #FortSmith! Let's #GOTV! #ARGov http://t.co/2ZDdSMQP2V,117,5,4,3,0,0,1,4703,3
165,2014-11-03,529279376815185921,"Today is the LAST DAY of early voting. If you want to skip the election day lines, today is your day to vote! https://t.co/yEn0HKCDV2",133,4,5,0,1,0,0,4703,1
166,2014-11-03,529282968796147712,GOTV RALLY TODAY CENTRAL AR: Please join me at 11:30 Burns Park Pavilion 10 Special guests @TomCottonAR &amp; GOP ticket http://t.co/7NWRullXYL,143,14,6,0,0,1,1,4703,1
167,2014-11-04,529632731970674688,Thanks to Dale Hoffman &amp; Mountain Talk Radio in #MountainHome for having me on this morning! #ARGov #ElectionDay,116,1,3,3,0,0,0,4703,3
168,2014-11-04,529633315750690816,Great visiting with @GregDeeWeather this morning on @FOX16News! Enjoyed it! #ARGov #ElectionDay http://t.co/Tk1L1xM7SD,118,4,2,2,0,2,1,4703,4
169,2014-11-04,529635301900447744,I'll be visiting w/ voters at Dunkin' Donuts at 10721 Kanis Rd in Little Rock this morning at 8:30! Stop in &amp; say hello! #ARGov #ElectionDay,144,0,5,2,0,0,0,4703,2
170,2014-11-04,529639558858567681, Arkansas:  Please vote 4 @TomCottonAR @AsaHutchinson @TGforArkansas @LeslieRutledge @ElectFrench @bruce_westerman and ,119,68,0,0,0,6,0,4703,6
171,2014-11-04,529641782900822016,Do you know where your polling place is? Confirm here: http://t.co/3ZuTEHYxSy #AsaForGovernor #ElectionDay,106,5,5,2,1,0,0,4703,3
172,2014-11-04,529646703121813504,Great turnout @ Dunkin' Donuts on Kanis this morning. Good meeting everyone! Stop in for a visit! #ARGov #ElectionDay http://t.co/vvsV4jSfFA,140,3,6,2,0,0,1,4703,2
173,2014-11-04,529653655834984448,Thanks to Conan &amp; Ashley Watters for their hospitality this morning at Dunkin' Donuts! #ARGov #ElectionDay http://t.co/1AFMH8DshG,133,3,3,2,0,0,1,4703,2
174,2014-11-04,529664396964790272,Why are you voting #AsaForGovernor? Tweet your reason and tag @AsaHutchinson! #ElectionDay,90,3,1,2,0,1,0,4703,3
175,2014-11-04,529679543129219073,Team Asa - I am depending on you to help me GOTV today! Tweet and tag @AsaHutchinson to spread the word! #ElectionDay,117,5,1,1,0,1,0,4703,2
176,2014-11-04,529777642237460481,"If you just got off work and havent voted yet, you still have 2 hours left! Find your polling place: http://t.co/3ZuTEHYxSy #AsaForGovernor",139,6,0,1,1,0,0,4703,2
177,2014-11-04,529680508679364609,"@JimHendren1 
Thanks Jim.  We have a great team!",48,1,0,0,0,1,0,4703,1
178,2014-11-04,529694602635145216,Use your lunch break to get to the polls and vote #AsaforGovernor! #ElectionDay http://t.co/4sa4GKEtfg,102,7,2,2,0,0,1,4703,2
179,2014-11-04,529709711172440064,"This is it, friends. The finish line is near. Get to the polls before it's too late! #AsaForGovernor #ElectionDay",113,5,0,2,0,0,0,4703,2
180,2014-11-04,529724840245071872,RETWEET to tell your friends that you support Asa Hutchinson to become the next Governor of Arkansas! #AsaForGovernor http://t.co/AaFpbdRzyO,140,26,4,1,0,0,1,4703,1
181,2014-11-04,529739931317313536,"Im depending on YOUR vote to put me over the top. Lets finish this, friends! #AsaForGovernor #ElectionDay",105,9,10,2,0,0,0,4703,2
182,2014-11-04,529762560283656192,The polls are open for three more hours - dont miss your chance to vote! #AsaForGovernor #ElectionDay http://t.co/s3MvRcfgnL,124,6,6,2,0,0,1,4703,2
183,2014-11-04,529741304855822336,"Great to be at Neals Caf in Springdale on Election Day! If you havent yet, please go vote! #ARGov http://t.co/7AcUzpabaQ",120,8,6,1,0,0,1,4703,1
184,2014-11-04,529434373435969537,"I'll also be visiting with voters at Neal's Cafe in #Springdale tomorrow for lunch at 12pm. Stop in, grab a bite &amp; say hello! #ARGov #ARPX",142,10,6,3,0,0,0,4703,3
185,2014-11-04,529439477538648064,Thanks to everyone who came out for the GOTV rally in Jonesboro tonight! Let's win tomorrow! #ARGov http://t.co/b6yRM1uQZu,122,5,7,1,0,0,1,4703,1
186,2014-11-04,529610695042936832,Set to go on with @KATVNews at @MugsCafeArgenta in Little Rock at about 6:30. Tune in to watch! #ARGov #ElectionDay,115,4,2,2,0,2,0,4703,4
187,2014-11-04,529614351611990017,"Thanks to @AlysonCourtney, @ChrisKane007 &amp; @KATVNews for having me on this morning. What a great tradition! #ARGov #ElectionDay",131,2,3,2,0,3,0,4703,5
188,2014-11-04,529616199408451584,"Next stop, Community Bakery to visit with @THV11! Tune in at around 6:50 to watch! #ARGov #ElectionDay",102,2,1,2,0,1,0,4703,3
189,2014-11-04,529623238977282048,"If you're in Texarkana, tune your radio to KTFS at 7:18. I'll be on with Jeff &amp; John. #ARGov #ElectionDay",109,4,5,2,0,0,0,4703,2
190,2014-11-04,529625478085488642,"Thanks to @LT, @TBBrannon &amp; @THV11 for having me on this morning! Great visiting with you! #ARGov #ElectionDay http://t.co/QzFxZOJcQf",137,6,8,2,0,3,1,4703,5
191,2014-11-04,529625978222673920,Talking #ElectionDay with Dale Hoffman on Mountain Talk Radio in #MountainHome at 7:30! Tune in! #ARGov,103,1,4,3,0,0,0,4703,3
192,2014-11-04,529626636753186816,ELECTION DAY IS HERE! The polls are open  - get out and vote Asa for Governor! RETWEET to spread the word! http://t.co/0iPoeu4eXL,129,22,9,0,0,0,1,4703,0
193,2014-11-04,529630838418599936,Joining @GregDeeWeather on @FOX16News coming up at 7:51. Tune in! #ARGov #ElectionDay,85,2,3,2,0,2,0,4703,4
