,date,tweet_id,tweet_text,tweet_length,retweet_count,favorite_count,hashtag_count,url_count,user_mentions,media_count,follower_count,total_entities
0,2014-10-26,526510226892013569,http://t.co/uuhZ9uGuWl,22,0,1,0,1,0,0,7321,1
1,2014-10-26,526516228584509440,Are you libertarian? Take the quiz. http://t.co/IxGaYphkKs,58,0,1,0,1,0,0,7321,1
2,2014-10-26,526516547984965634,https://t.co/IGQCeWXRi8 http://t.co/sjabUjtTtn,46,0,1,0,2,0,0,7321,2
3,2014-10-26,526519323804717056,"As Governor, I will immediately demand that the Federal Congress clarify and implement Immigration (becoming a... http://t.co/KEvVuy8rit",136,0,1,0,1,0,0,7321,1
4,2014-10-26,526520807766237184,"How do Libertarians, Republicans, and Democrats differ? http://t.co/w4tdQddKpL",78,0,1,0,1,0,0,7321,1
5,2014-10-26,526485109051228160,@brahmresnik @VoteReagan You don't put the woman who tried to cheat the People out of their voting choices (HB2305)--in charge of elections!,140,1,0,0,0,2,0,7321,2
6,2014-10-26,526509781188882432,Only one who can see the invisible; can do the impossible  Bernard Lown,71,0,0,0,0,0,0,7321,0
7,2014-10-26,526510947742277632,Lets take a new road to Arizonas future. http://t.co/PIf1B9vLyY,63,0,1,0,1,0,0,7321,1
8,2014-10-27,526535432209977345,"10-9-14 My final stop was a ""Conversations with the candidates"" with the League of Women Voters. Of course,... http://t.co/b9CHoFUhQp",133,0,0,0,1,0,0,7321,1
9,2014-10-27,526535898826305536,"Sunday October 12th 2014 Love Guns &amp; Freedom Radio Show
11 AM PST on KTOX 1340 and 7pm on GMN
First Hour special... http://t.co/uOKj3IYvxZ",142,0,0,0,1,0,0,7321,1
10,2014-10-27,526536433813970944,"All of a sudden, instead of a few here and there, it's a tidal wave...many of them came with a note about today's... http://t.co/QJlCggeWAW",139,0,1,0,1,0,0,7321,1
11,2014-10-27,526536566924406784,http://t.co/lPI28Vvw8w,22,0,1,0,1,0,0,7321,1
12,2014-10-27,526537553483407362,"On Thursday, October 9th, my 2nd stop was to join Lorraine Rivera on KUAT (Tucson) for a chat on the issues. She... http://t.co/aX2oiwr5S5",138,1,1,0,1,0,0,7321,1
13,2014-10-27,526537930253541376,"I appreciated the opportunity to re-visit the majesty of Arizona's stark beauty on the drive to Yuma, but It was... http://t.co/MrWgmGV6uG",138,1,1,0,1,0,0,7321,1
14,2014-10-27,526538635886465024,Great bumpersticker! ;-) http://t.co/c4Bqc9sMci,47,0,1,0,1,0,0,7321,1
15,2014-10-27,526538967098077184,Join the fastest growing political party in Arizona by registering Libertarian. http://t.co/n7kQZzkdit,102,0,1,0,1,0,0,7321,1
16,2014-10-27,526539407437103105,Why would anyone even watch a 'debate' that ONLY allows the same old Republican-Democrats to participate? Even in... http://t.co/l11YnplYAN,139,1,1,0,1,0,0,7321,1
17,2014-10-27,526539815043751937,"It got so busy that I almost didn't share my talk on 10-15-14, up in SnowFleake, Arizona. My Republican-Democrat... http://t.co/nKJIbOksF3",138,0,1,0,1,0,0,7321,1
18,2014-10-27,526540418088185856,"FLA endorses Kevin Morrow, Barry Hess, Jerry Nabours.... http://t.co/8AumeanH5g",79,0,1,0,1,0,0,7321,1
19,2014-10-27,526541013951975425,"This is some brilliant writing. Isn't it interesting that back then, people developed their critical thinking... http://t.co/EAu5QMXyQT",135,0,1,0,1,0,0,7321,1
20,2014-10-27,526541352923062272,"Here's what he said about it: ""Take a listen to AZ Libertarian Candidate for Governor Barry Hess, as he explains... http://t.co/8F7w9IuTYE",138,1,1,0,1,0,0,7321,1
21,2014-10-27,526541790196027392,"Do you want more of the incompetence, cover ups and lies by your public officials? Well, all you gotta do is vote... http://t.co/zueT6bfAT9",139,1,1,0,1,0,0,7321,1
22,2014-10-27,526541967925452800,Many thanks to John Brakey for his tireless efforts! All Arizonans owe a debt of gratitude. I am proud to be a... http://t.co/a66YtKV5xQ,136,0,1,0,1,0,0,7321,1
23,2014-10-27,526542672908267520,"I love this stuff. The Huffington Post did this and blasts that it is an 'un-biased' Guide. Well, I got news, in... http://t.co/GEkJDsWGKv",138,0,1,0,1,0,0,7321,1
24,2014-10-27,526543479011569664,"Hey, lookey here--this fine magazine published my op-ed, in regard to the future of solar in Arizona. I believe... http://t.co/6E6UsxQMj9",137,0,1,0,1,0,0,7321,1
25,2014-10-27,526543706737098752,I forgot that I had written this piece in 2009. It was brought to my attention that despite all the promises of... http://t.co/fBmstCD4ul,137,1,1,0,1,0,0,7321,1
26,2014-10-27,526543926342467585,The People need to be aware that this is how the game is played. Then all they have to decide is whether they... http://t.co/G0Ekg4qVNk,135,0,1,0,1,0,0,7321,1
27,2014-10-27,526544294577205249,"Gianluca Zanna:
""sorry guys I am late... to listen the show from my site go to... http://t.co/HAPqSm5vWO",104,0,0,0,1,0,0,7321,1
28,2014-10-27,526544623603576832,All we need are enough people who understand that 'party loyalty' necessarily means 'family and country... http://t.co/5BDDWeC7wu,129,1,0,0,1,0,0,7321,1
29,2014-10-27,526545382193786881,The We Own Arizona program http://t.co/mT8ovJAPjq,49,0,0,0,1,0,0,7321,1
30,2014-10-27,526546495575949312,"AZ Family TV (Channel 3, KTVK) has graciously made the actual video of the FIRST TELEVISED GUBERNATORIAL DEBATE... http://t.co/7f19obLM2Y",137,1,1,0,1,0,0,7321,1
31,2014-10-27,526551980534013952,"@GreenTimesMag I believe each individual has the absolute right to do, or put into their body whatever they deem appropriate.",125,1,0,0,0,1,0,7321,1
32,2014-10-27,526552225510748160,"@GreenTimesMag I am anti-prohibition. I believe we need to completely de-criminalize all currently banned substances--that includes, MMJ",136,1,0,0,0,1,0,7321,1
33,2014-10-27,526602468961320960,They try to deny the inevitable... http://t.co/rbkGZHMGaM,57,0,1,0,1,0,0,7321,1
34,2014-10-27,526684440999624706,Did you know? That our website if fully designed for mobile and smart phone devices and tablets? Bookmark my page... http://t.co/6l7eB1WlL2,139,0,0,0,1,0,0,7321,1
35,2014-10-27,526878546657288192,"What is the ""We Own Arizona"" project, you ask?  Here it is...
http://t.co/62W6UpBU2r http://t.co/8UkqrkI6bp",107,0,0,0,2,0,0,7321,2
36,2014-10-27,526866772679749633,"Here's the last time the Republican showed up for a real debate to face ALL of his competitors. Sad, isn't it?... http://t.co/H6zJxDsrAj",136,0,1,0,1,0,0,7321,1
37,2014-10-27,526531657621573633,http://t.co/Mkm8BYFyXI,22,0,1,0,1,0,0,7321,1
38,2014-10-27,526533810893369346,"We had a fun evening social put on by the Scottsdale Leadership Council, hosted at Jordan and Jason Rose' place.... http://t.co/pU0GatUc3w",138,0,1,0,1,0,0,7321,1
39,2014-10-27,526534023892713472,"It was good to get out and meet some folks yesterday. There are some terrific ideas out there. (Mike S., Barry... http://t.co/cCDCFrqkpr",136,0,1,0,1,0,0,7321,1
40,2014-10-27,526534229510090752,"So, EVERYBODY needs a world-class education, huh? http://t.co/Scusq6TPrs",72,0,1,0,1,0,0,7321,1
41,2014-10-27,526534437815980032,"Yesterday was a long (5 events) day, and here's where it started, at KFYI 550 AM on the 'Nearly Famous, Barry... http://t.co/y9ehbUL5kM",135,0,1,0,1,0,0,7321,1
42,2014-10-27,526534818029649920,"Runaway Doug Ducey refused to participate in the ASU Student Veterans debate on October 8th, but the show went on... http://t.co/LiHXZa267Q",139,0,1,0,1,0,0,7321,1
43,2014-10-27,526535131801321473,"10-9-14, Yet another stop in Tucson with Craig Smith of KGUN9 in Tucson. It was a good talk. It was an... http://t.co/KOewHcoA8C",128,0,1,0,1,0,0,7321,1
44,2014-10-28,526991430657794050,"Here's another event that got lost in the shuffle.  The SRP PERA picnic.  It's always a lot of fun, and it's a... http://t.co/Km9k8GOeaE",136,0,0,0,1,0,0,7321,1
45,2014-10-28,527000874996875264,Hess for Governor Facebook profile picture... (y) http://t.co/L8kW1zJdkv,72,0,0,0,1,0,0,7321,1
46,2014-10-28,526991892400324608,Speaking to Chaparral High School on 10-23-14 was one of the best events yet.  Those young people give me hope... http://t.co/pQIwBqTHpw,136,0,0,0,1,0,0,7321,1
47,2014-10-28,526921748466647040,Older interview about Education and the American Revolution... Enjoy. http://t.co/c91edbOInF,92,1,0,0,1,0,0,7321,1
48,2014-10-28,526920024989376512,Lets take a new road to Arizonas future. http://t.co/M8EtLzE8H9,63,0,0,0,1,0,0,7321,1
49,2014-10-28,526917766209486848,http://t.co/71PFLdRlz6,22,0,0,0,0,0,1,7321,0
50,2014-10-28,526917701298429953,http://t.co/BHmC3xXRbn,22,1,0,0,0,0,1,7321,0
51,2014-10-28,526917579093200897,http://t.co/a5uCy4gIuI,22,0,0,0,0,0,1,7321,0
52,2014-10-28,526917469944827904,http://t.co/6cLjn3NrWG,22,1,0,0,0,0,1,7321,0
53,2014-10-28,526910859025473536,I posted a new photo to Facebook http://t.co/K5wO0K6yHh,55,0,0,0,1,0,0,7321,1
54,2014-10-28,526910855070240768,I posted a new photo to Facebook http://t.co/OGuMyPN3ec,55,0,0,0,1,0,0,7321,1
55,2014-10-28,526910852373286912,I posted a new photo to Facebook http://t.co/MktZBXGlen,55,0,0,0,1,0,0,7321,1
56,2014-10-28,526909398208094209,"POSTERS ""They're here""!!! There are 3 posters to choose from... The 2 horizontal ones are sized for 24x18 inches... http://t.co/ZlnAqMIi4C",138,0,0,0,1,0,0,7321,1
57,2014-10-28,526909240003559424,"""They're here""!!! There are 3 posters to choose from... The 2 horizontal ones are sized for 24x18 inches as well... http://t.co/qQHUmXVEC7",138,0,0,0,1,0,0,7321,1
58,2014-10-29,527589237844361217,Here's the video comparing Gubernatorial candidates KGUN9 produced in Tucson. http://t.co/1ab0bPYFIh,100,0,0,0,1,0,0,7321,1
59,2014-10-29,527321582604386304,"If you knew we were all in the 20%-30% range, and we were only separated by 7 points...what would (will) YOU do?... http://t.co/8FTxUoMI89",138,0,0,0,1,0,0,7321,1
60,2014-10-29,527385871205797888,It was real good of Joe Hartig to let me share some thoughts and ideas with his listeners. I hope I was able to... http://t.co/66z11wd117,137,0,0,0,1,0,0,7321,1
61,2014-10-29,527387756583223296,It was real good of Joe Hartig to let me share some thoughts and ideas with his listeners. I hope I was able to... http://t.co/NUBXPcuM6H,137,0,0,0,1,0,0,7321,1
62,2014-10-29,527388352103088129,It was real good of Joe Hartig to let me share some thoughts and ideas with his listeners. I hope I was able to... http://t.co/GAKR2DhYhx,137,0,0,0,1,0,0,7321,1
63,2014-10-29,527554123315806208,We had what appears to be the last time all four of the Gubernatorial candidates will be at the same event last... http://t.co/irMrBBigxm,137,0,0,0,1,0,0,7321,1
64,2014-10-29,527555089293377536,It was a humbling experience to take the tour at the Phoenix Dream Center...so many great and giving people... http://t.co/bKmsK3FyW6,133,0,0,0,1,0,0,7321,1
65,2014-10-29,527590863006752768,"You have to be able to see the future, before you can build it; and I can see it. If you cant see it, then I ask... http://t.co/4CAYkKV0YG",138,0,0,0,1,0,0,7321,1
66,2014-10-30,527703337958125568,Thanks to our great team! We have increased our total #Facebook reach by 5457.6%. That is 54+ thousand people! #Teamwork #Hess #Arizona,135,0,0,4,0,0,0,7321,4
67,2014-10-30,527706919390035968,I see a nearly crime-free Arizona that has benefited dramatically by the realization that in an armed society;... http://t.co/7r6WbelKTu,136,0,0,0,1,0,0,7321,1
68,2014-10-30,527710677470052352,I see a State-owned technology campus where it benefits hi-tech companies to contribute expertise to evaluate... http://t.co/cmJ8kXlHYI,135,1,0,0,1,0,0,7321,1
69,2014-10-30,527716189598797824,"""I believe each individual has the absolute right to do to, or put into their body whatever they deem... http://t.co/eGH07Oe8Lf",127,0,0,0,1,0,0,7321,1
70,2014-10-30,527833192451956736,http://t.co/cdgXS4wleZ,22,0,0,0,1,0,0,7321,1
71,2014-10-30,527849651399966720,"I sincerely hope that you will share my vision, and will help us achieve these goals.",85,0,0,0,0,0,0,7321,0
72,2014-10-30,527850088362934272,Education has always been my personal priority.  My objective has always been to graduate competent young men and... http://t.co/2GPAdRC4gq,139,0,0,0,1,0,0,7321,1
73,2014-10-30,527969814569291776,http://t.co/BxkmUwhR90,22,0,0,0,1,0,0,7321,1
74,2014-10-30,527850656799805440,"As Governor, I will be looking for new and practical sources of revenue to fund government necessities:

Contract... http://t.co/dGghKurJqd",139,0,0,0,1,0,0,7321,1
75,2014-10-30,527646222241103872,"Considering the resources we spend on educating Arizonas student population, that is an inexcusable result; and... http://t.co/M2jetABb56",137,0,0,0,1,0,0,7321,1
76,2014-10-30,527646622310617088,"As Governor, I will immediately demand that the Federal Congress clarify and implement Immigration (becoming a... http://t.co/sfFSfzWe3n",136,0,0,0,1,0,0,7321,1
77,2014-10-30,527646789135265792,Follow me on Twitter. http://t.co/6LlxyHhaoA,44,0,0,0,1,0,0,7321,1
78,2014-10-30,527647109172834304,"""Health care is another pressing concern. Unlike the president and current Governor, I am less concerned with... http://t.co/MRO8mhAC8V",135,0,0,0,1,0,0,7321,1
79,2014-10-30,527647572244955136,"""Its small business that creates over 90% of all jobs. Removing prohibitive regulations and taxes that have... http://t.co/CSvno2PEY8",133,0,0,0,1,0,0,7321,1
80,2014-10-30,527647847253299200,Private Property http://t.co/ZOd0X3IWi0,39,0,0,0,1,0,0,7321,1
81,2014-10-30,527647937552080896,The way I see it http://t.co/ailuW0oMsi,39,1,0,0,1,0,0,7321,1
82,2014-10-31,527991711105318912,"Here's the last time the Republican showed up for a real debate to face ALL of his competitors. Sad, isn't it?... http://t.co/sNJSSJyqlP",136,1,1,0,1,0,0,7321,1
83,2014-10-31,527991922389180416,"AZ Family TV (Channel 3, KTVK) has graciously made the actual video of the FIRST TELEVISED GUBERNATORIAL DEBATE... http://t.co/aLSboIWldE",137,0,0,0,1,0,0,7321,1
84,2014-11-01,528613024660484096,"This was sent today! Thank you, whoever you are! Be part of the R3volution! A bar of soap, and YOU can be a... http://t.co/6mCZJK342d",133,0,0,0,1,0,0,7321,1
85,2014-11-01,528365738776866817,I know a lot of folks who are dependent on the State government school system for their livelihoods aren't... http://t.co/MlxAPSUaDf,132,1,1,0,1,0,0,7321,1
86,2014-11-01,528402344090689536,"Easily accessible education is coming, with or without my efforts. It's already started... http://t.co/YFe2k5BZ7q",113,0,0,0,1,0,0,7321,1
87,2014-11-01,528402851437899776,"As Governor, I will immediately demand that the Federal Congress clarify and implement Immigration (becoming a... http://t.co/zpfiXlflpd",136,0,0,0,1,0,0,7321,1
88,2014-11-01,528403117696880641,On the go? Follow me on Twitter... http://t.co/SptOip1tlt,57,0,0,0,1,0,0,7321,1
89,2014-11-01,528472861594251265,"Pass it on, please, or make it your profile picture for the last few days. http://t.co/lVCP3n8DfC",97,2,1,0,1,0,0,7321,1
90,2014-11-01,528473571178201089,ATTN LIBERTARIANS: NATIONAL CAMPAIGN PUSH #INVISIBLECANDIDATES The Libertarian Party is about the individual and... http://t.co/lGAf35DPJb,138,0,0,1,1,0,0,7321,2
91,2014-11-01,528634158193840128,"Pass it on, please; or make this your profile picture for the last few days, and/or soap up your car windows (or... http://t.co/bGIXHwzxvx",138,0,0,0,1,0,0,7321,1
92,2014-11-01,528670472196861952,"Somebody from back home noticed, and the response from friends has been overwhelming. This article was published... http://t.co/3OvVhOJIIh",138,0,0,0,1,0,0,7321,1
93,2014-11-02,528714943009681408,Here are some of the government agencies here in Arizona...wanna get rid of some of them?  That's why I am the... http://t.co/JwIgtYyEst,136,0,0,0,1,0,0,7321,1
94,2014-11-03,529084498877894656,Brilliant in it's simplicity...glaring in its Truth. http://t.co/9J22yRjQUK,75,0,0,0,1,0,0,7321,1
95,2014-11-03,529157105086107648,"HESS FOR GOVERNOR, 2014

                                                  http://t.co/D0kohoiVTZ

First, and... http://t.co/SwKj6o5t1K",135,0,0,0,2,0,0,7321,2
96,2014-11-04,529779211246915584,"It is a privilege for me to not just be registered as a #Libertarian, but to actually be one, as well.  I will do... http://t.co/Mp6PSzpS2p",139,0,1,1,1,0,0,7321,2
97,2014-11-04,529777733711065088,#HESS for #Arizona http://t.co/8aZ0suv9YX,41,0,0,2,1,0,0,7321,3
98,2014-11-04,529777324435054594,We can give the #democrats and #Republicans  a run for their money... If you knew we were all in the 20%-30%... http://t.co/w9QLvPxcvN,134,0,0,2,1,0,0,7321,3
99,2014-11-04,529776256003231744,#Follow me on #Twitter http://t.co/9sxJFcwnXz,45,0,0,2,1,0,0,7321,3
100,2014-11-04,529776101749293056,#Follow us on #Facebook.  #HESS for #Arizona http://t.co/OIARlu3WQU http://t.co/OhavVWKn6Y,90,0,0,4,2,0,0,7321,6
101,2014-11-04,529775602954293248,#Vote #HESS for #Arizona... Just over 3 hours left... It is time for a change! Make 2014 the year we take Arizona... http://t.co/822vkfw3u4,139,0,0,3,1,0,0,7321,4
102,2014-11-04,529773813895299072,"Health care is another pressing concern.  Unlike the president and current Governor, I am less concerned with... http://t.co/4cnwhGLbZU",135,1,2,0,1,0,0,7321,1
103,2014-11-04,529773723357048832,Education has always been my personal priority.  My objective has always been to graduate competent young men and... http://t.co/hDvOHvQxvm,139,1,1,0,1,0,0,7321,1
104,2014-11-04,529773552954638337,I simply cant endorse governments thievery through confiscatory taxation.  There is simply no reconciling the... http://t.co/lWnRS9EdqD,135,0,1,0,1,0,0,7321,1
105,2014-11-04,529591000126464000,"I love this stuff. The Huffington Post did this and blasts that it is an 'un-biased' Guide. Well, I got news, in... http://t.co/bisTcqDqpJ",138,1,0,0,1,0,0,7321,1
106,2014-11-04,529592979686965248,"I will work for YOU, the individual; and not the government itself, or the corporations and special interests who... http://t.co/f5zztwbWSa",139,1,1,0,1,0,0,7321,1
107,2014-11-04,529773366320705536,My objective is to stop criminals from hurting anyone.  It only makes sense that all individuals inherently... http://t.co/Ecazs9jSLF,133,1,1,0,1,0,0,7321,1
108,2014-11-04,529762599580487681,We still have 4 hours left to get those votes in. Vote HESS it is not too late.,79,2,3,0,0,0,0,7321,0
109,2014-11-04,529783762985316352,Arizona Capitol Times See something missing here? The truth is they do not want you to know we are all in the... http://t.co/VVtlt4uS6z,135,0,0,0,1,0,0,7321,1
110,2014-11-04,529510080535068672,"One of these is not like the others...
VOTE #HESS FOR #GOVERNOR! Better ideas, for a Better #Arizona! http://t.co/7bfhncHM5g",124,2,3,3,1,0,0,7321,4
111,2014-11-04,529531233613910016,Lets bring some vibrance to the new Arizona... 1...2...3... VOTE HESS! It is that easy... Time for a paradigm... http://t.co/BseoOoe3II,135,1,2,0,1,0,0,7321,1
