,date,tweet_id,tweet_text,tweet_length,retweet_count,favorite_count,hashtag_count,url_count,user_mentions,media_count,follower_count,total_entities
0,2014-10-07,519588798724702208, .@walkerforakgov visits #Unalaska for hot dogs and handshakes: http://t.co/nYJnfc3SZo http://t.co/wo4vzoKuz7,109,1,0,1,1,2,1,600,4
1,2014-10-07,519589646917853185,I had a great visit in Unalaska last week: http://t.co/x8hIFf3vvi,65,0,0,0,1,0,0,600,1
2,2014-10-11,521002831482851328,@BergmanKevin Thank you Kevin!,30,1,1,0,0,1,0,600,1
3,2014-10-15,522521839457677312, Rasmussen poll has independent challenger Bill Walker leading Republican Alaska Gov. Sean Parnell by 9 points http://t.co/jRg4,127,8,0,0,1,1,0,600,2
4,2014-10-24,525697491266588672, Independent @walkerforakgov 'Alaska First Unity' Ticket Leads Governor's Race: http://t.co/dvoT63dG3M,102,14,0,0,1,2,0,600,3
5,2014-10-25,525903519690158080," Ran into another friendly face at #AFN2014, our next Governor, Mr. Bill Walker! @walkerforakgov http://t.co/DRUMYc9U2f",119,4,0,1,0,2,1,600,3
6,2014-10-29,527287495428288512,"Alaskans, don't be buffaloed! Every day the opposition comes up w/ a different attack ad, misleading poll, misquote: http://t.co/OgBexRYdRy",139,5,3,0,1,0,0,600,1
7,2014-11-04,529521727466795008," Lots of honking and ""YMCA"" playing at @walkerforakgov sign waving. #ktuu http://t.co/JY6mbkFC2P",96,3,0,1,0,2,1,600,3
