,date,tweet_id,tweet_text,tweet_length,retweet_count,favorite_count,hashtag_count,url_count,user_mentions,media_count,follower_count,total_entities
0,2014-10-09,520318724876693505,"Happy to join @HankookUSA in Clarksville today to break ground on their 1st U.S. facility - 1,800 jobs coming and 11M tires a year. #jobs4tn",140,15,14,1,0,1,0,41810,2
1,2014-10-10,520579728571641856,"TN native MT @Space_Station:""Earth complements TN flag unfurled on ISS. Tribute 2 1st raising 10/10/1911 #AstroButch http://t.co/XqhlpuQVu0",139,49,33,1,0,1,1,41810,2
2,2014-10-15,522411044149657600,The new #MTSU science building will help us in our #Driveto55 and #Jobs4TN by providing more STEM graduates for future jobs in TN. #TrueBlue,140,49,37,4,0,0,0,41810,4
3,2014-10-22,525033270204194816,We've surpassed 40k applicants for @TNPromise. Click here http://t.co/bDV4fdd1X9 2 join our &gt;6k mentors who have signed up 2 help #Driveto55,143,33,16,1,1,1,0,41810,3
4,2014-10-31,528233347559206912,Happy to share that TN was the No. 1 state in the U.S. for foreign direct investment job commitments in '13 http://t.co/haJBB2wqo1 #Jobs4TN,139,23,19,1,1,0,0,41810,2
5,2014-11-02,529035002278084610,"We had 56,571 of 71k hs seniors sign up for the 1st year of @TNPromise - this sends an incredible statement. Thank you! #Driveto55 #Jobs4TN",139,61,71,2,0,1,0,41810,3
6,2014-11-04,529765362406285312,Very grateful to be able to spend time with these 2 this afternoon. Make sure to vote if you haven't already. #GoVote http://t.co/Vlh8hdIzS5,140,19,74,1,0,0,1,41810,1
