,date,tweet_id,tweet_text,tweet_length,retweet_count,favorite_count,hashtag_count,url_count,user_mentions,media_count,follower_count,total_entities
0,2014-10-05,518561603793338368, Ballots drop soon. Volunteer today to help @bobbeauprez &amp; the entire GOP ticket: http://t.co/OLDYIt3NrH #COPolitics http://t.c,131,4,0,1,1,2,1,3692,4
1,2014-10-06,519198552606904320,The Hickenlooper / Polis commission is a solution in search of a problem. It does nothing to remove uncertainty for Colorado job creators.,138,1,0,0,0,0,0,3692,0
2,2014-10-06,519198751609880576,"Colorado has a solution to resolve setbacks, and it's worked for decades. Again: the Polis Commission is a solution in search of a problem.",139,1,0,0,0,0,0,3692,0
3,2014-10-06,519199740438016000,There has been a complete lack of will by either party to resolve illegal immigration. Governors must stand up and push for a solution.,135,3,1,0,0,0,0,3692,0
4,2014-10-06,519196568239747072,"Colorado deserves a governor who will honestly address Colorado's education issues, not say ""well, maybe next year."" #copolitics",128,2,0,1,0,0,0,3692,1
5,2014-10-06,519200405453283328,.@hickforco talks about someday possibly talking about conversations about a problem. We need a governor who will get to a solution.,132,1,0,0,0,1,0,3692,1
6,2014-10-06,519201071944986626," @bobbeauprez ""It's always after the election"" #HereHere #NoTimeToWait",70,1,0,2,0,2,0,3692,4
7,2014-10-06,519201482349228032,Colorado releases prisoners who threaten to go on shooting sprees - The Denver Post http://t.co/c0smmu7AUt #copolitics,118,9,4,1,1,0,0,3692,2
8,2014-10-06,519202245972623360,John Hickenlooper has a blind spot to public safety. It is an issue our governor must address. #copolitics,106,4,2,1,0,0,0,3692,1
9,2014-10-06,519196136545198080,FACT SHEET: John Hickenlooper Gets An 'F' for Education Policy http://t.co/g5qBgV4Kc0 #copolitics,97,1,1,1,1,0,0,3692,2
10,2014-10-06,519196043498749952,Common Core will lower standards for Colorado students. It's wrong for Colorado. #copolitics,92,1,2,1,0,0,0,3692,1
11,2014-10-06,519195822203076608,"John Hickenlooper both says you can't remove regulations, then says that he has. Which is it? #copolitics",105,1,0,1,0,0,0,3692,1
12,2014-10-06,519195629919412224,Does anyone believe the problem with our economy is that we aren't regulated enough? #copolitics,96,2,0,1,0,0,0,3692,1
13,2014-10-06,519197824576389122,.@hickforco acknowledges failure to get federal tax dollars back for education. Offers no solution. It's a pattern. #copolitics,127,3,0,1,0,1,0,3692,2
14,2014-10-06,519203116680351745,"Question to @hickforco: Why does your administration refuse to address, even trying to hide, issues on public safety? #copolitics",129,3,0,1,0,1,0,3692,2
15,2014-10-06,519203438828072960,.@hickforco acknowledges they have not addressed issues to keep dangerous criminals off of our streets. #copolitics,115,3,1,1,0,1,0,3692,2
16,2014-10-06,519205313107742721," @bobbeauprez ""What we really have to do is get the whole economy moving again."" #bizdebateco",93,5,1,1,0,2,0,3692,3
17,2014-10-06,519208660569165825,"CO deserves a governor who will represent the whole state, who will encourage economic growth, who will address public safety. #copolitics",138,12,6,1,0,0,0,3692,1
18,2014-10-06,519214685909172226," Beauprez: ""Governors have a responsibility to be decisive. You won't always agree w/ me, but you'll know where I stand."" #C",124,9,0,1,0,1,0,3692,2
19,2014-10-06,519249071023087616,Beauprez Presses Hickenlooper on Public Safety at Chamber Debate http://t.co/Z4DnesK3Kp #copolitics,99,4,0,1,1,0,0,3692,2
20,2014-10-06,519196911317032961,Colorado passed the READ Act. The tools are there to improve early childhood literacy. The problem is that @hickforco hasn't implemented it.,140,2,0,0,0,1,0,3692,1
21,2014-10-07,519617023811133441,"Tune in to @FoxNews now to watch @BretBaier live from Denver, highlighting the #cosen and #cogov races. #copolitics",115,7,7,3,0,2,0,3692,5
22,2014-10-07,519536658056613889,@ACSCAN_Colorado Can you please email the questionnaire to bob@bobbeauprez.com? We'll take a look right away.,109,0,0,0,0,1,0,3692,1
23,2014-10-07,519546480458084352,"Hickpocrisy: ""The Buck Stops Here"" vs. ""It's The Staffer's Fault"" http://t.co/HtI5EI4opY #copolitics",100,6,3,1,1,0,0,3692,2
24,2014-10-07,519278456623104000,Public Safety Falters Under John Hickenlooper's Failed Leadership http://t.co/WYCK2pSjWL #copolitics,100,9,3,1,1,0,0,3692,2
25,2014-10-07,519503776534003712,The Polis Commission: Did Polis have appointment power? Who was left off? http://t.co/cXIMHjs1Ea #copolitics,108,2,1,1,1,0,0,3692,2
26,2014-10-07,519536124906074112," Next #9NEWS debates:
7PM-Ch.20
Thurs, Oct. 9 - @hickforco &amp; @bobbeauprez
Wed, Oct. 15 - @MarkUdall &amp; @repcorygardner h",127,4,0,1,0,5,1,3692,6
27,2014-10-08,519912671056232448,"In just two years, @hickforco has increased regulations on Colorado by 25,000 pages: http://t.co/XFHKm4CJ6G #copolitics",119,5,2,1,1,1,0,3692,3
28,2014-10-09,520319063508398082,"Hickenlooper silent as ""DGA Rips Beauprez"" http://t.co/sy3uxPTYGb #copolitics",77,3,3,1,1,0,0,3692,2
29,2014-10-10,520409984278884352, @bobbeauprez great job BB you looked and sounded smart and in charge!  #copolitics #copol @CompleteCO,102,1,0,2,0,3,0,3692,5
30,2014-10-10,520364451212431361,"Colorado's Surrogate Governors: Bloomberg, Polis, and Obama http://t.co/xIOQUrkwVN #copolitics",94,4,2,1,1,0,0,3692,2
31,2014-10-10,520376179757297665, Tune in now to Ch.20 &amp; http://t.co/nZ3mhpIRsL for the @hickforco &amp; @bobbeauprez debate. Starts at 7:00pm sharp. #COgov,127,5,0,3,1,3,0,3692,7
32,2014-10-10,520379710090399744,.@hickforco starts the debate with continued Hickpocrisy: http://t.co/KDqVO1EZaK #copolitics,92,6,1,1,1,1,0,3692,3
33,2014-10-10,520380083501297664,There's a difference in a contrast ad and lying about someone. @hickforco should denounce the DGA's attack ads. #fcdebate,121,1,1,1,0,1,0,3692,2
34,2014-10-10,520380325231611904,Polis Admits Fracking Issues Likely on the 2015 Ballot http://t.co/ARbCiHejTc #copolitics #fcdebate,99,3,1,2,1,0,0,3692,3
35,2014-10-10,520381557237104640,The Polis Commission is a solution for a problem that doesn't exist. We already have solutions to manage local impact of oil &amp; gas dev.,139,0,1,0,0,0,0,3692,0
36,2014-10-10,520383083267514368,Very glad that Construction Defects has become part of this debate. Reform is critical to restore affordable housing in CO.,123,1,1,0,0,0,0,3692,0
37,2014-10-10,520385021203714048,"As same sex marriage is now the law in Colorado, we must be sure to protect the 1st Amendment civil liberties of faith communities.",131,2,1,0,0,0,0,3692,0
38,2014-10-10,520385101394632704,We must also ensure equal treatment under the law. #fcdebate #copolitics,72,3,0,2,0,0,0,3692,2
39,2014-10-10,520385876510388225,"In @hickforco's view, ""10s of millions of dollars"" in education funding is ""a drop in the bucket"" #fcdebate #copolitics",119,3,1,2,0,1,0,3692,3
40,2014-10-10,520387413328539648,"Colorado needs to be a state where anyone can achieve, pursue opportunity, and realize their American Dream. #fcdebate #copolitics",130,13,0,2,0,0,0,3692,2
41,2014-10-10,520390086387830784,".@hickforco on water: ""I'll talk to lawyers, and **if I can take a position** I will take a position."" #fcdebate #copolitics",124,2,0,2,0,1,0,3692,3
42,2014-10-10,520390447030861824,FACT: John Hickenlooper Leaves Municipalities Hanging After Disasters http://t.co/RPauYasPui #fcdebate #copolitics,114,4,0,2,1,0,0,3692,3
43,2014-10-10,520390940041957377,FACT: John Hickenlooper's Policies Hurt Our Economy http://t.co/F6MznoCFQw #copolitics #fcdebate,96,11,3,2,1,0,0,3692,3
44,2014-10-10,520391686602903554,"Contrary to @hickforco's assertion, homicide rates have gone up in Colorado on his watch: http://t.co/aFNhOuAJ9D #fcdebate #copolitics",134,4,0,2,1,1,0,3692,4
45,2014-10-10,520396592785133568,"Thank you to @9NEWS, CSU and the @Coloradoan for hosting tonight's debate. Working together, we can build a stronger Colorado. #fcdebate",136,3,5,1,0,2,0,3692,3
46,2014-10-10,520404947490590720,Proud to have championed a new hospital for our nation's veterans during my time in Congress. http://t.co/OGWzJ2or3S #fcdebate,126,3,5,1,1,0,0,3692,2
47,2014-10-10,520409807329980416,Thank you Rob! RT @RobDouglas3: @bobbeauprez Great job this evening.,68,0,0,0,0,2,0,3692,2
48,2014-10-10,520411157408927744, @BrandonRittiman @bobbeauprez  Won @hickforco lost,51,1,0,0,0,4,0,3692,4
49,2014-10-10,520413419934343168,Join our coalition! Veterans stand beside Beauprez http://t.co/XjYlHNVIyy #copolitics,85,0,3,1,1,0,0,3692,2
50,2014-10-10,520613933464694784,"The answer from #fcdebate that @hickforco doesn't want you to hear: ""If I can take a decision, I'll take a decision"" http://t.co/e7JyUwAbNV",139,0,1,1,1,1,0,3692,3
51,2014-10-10,520688119377825792,Grateful for the support of so many law enforcement leaders in Colorado. http://t.co/e6eZc6K2RH #copolitics,107,10,4,1,1,0,0,3692,2
52,2014-10-11,520734300258701312,"He still believes ""transparency creates problems""? Hick campaign spokesman threatens reporter with arrest http://t.co/vJNImk5lff #copolitics",140,24,4,1,1,0,0,3692,2
53,2014-10-11,521038807865774081,Keeping Colorado Communities Safe: http://t.co/2NSwF3dfLx #copolitics,69,2,1,1,1,0,0,3692,2
54,2014-10-11,521071664058998784," .@BobBeauprez, @coffmanforco &amp; team @RNCLatinos before we head out to get more votes! #COPolitics http://t.co/6cxvUlFISe",125,17,0,1,0,4,1,3692,5
55,2014-10-12,521088182361014272," .@bobbeauprez, @coffmanforco &amp; team @RNCLatinos before we head out to get more votes! #COPolitics http://t.co/FfTakozqeJ",125,3,3,1,0,4,1,3692,5
56,2014-10-12,521403231541268480," FINAL: #Broncos 31, @nyjets 17
#DENvsNYJ http://t.co/QNXEuMu5gy",64,2168,0,2,0,2,1,3692,4
57,2014-10-13,521679380217884672,Beauprez emphasizes public safety in Colorado Springs http://t.co/KUfG4EHR09 #copolitics,88,1,0,1,1,0,0,3692,2
58,2014-10-14,522031322353926144,"This morning, @hickforco failed to address issues concerning rural CO. Said HB 252 was A complicated bill that rural CO didnt appreciate.""",138,5,3,0,0,1,0,3692,1
59,2014-10-14,522031789549027329,Colorado deserves a governor who will stand up for all Coloradans. #copolitics,78,4,5,1,0,0,0,3692,1
60,2014-10-14,522043739686969344, We briefly interrupt coverage of the congressional debate to bring you this latest #cogov dust-up: http://t.co/1zJn0hM,119,1,0,1,1,2,0,3692,4
61,2014-10-14,522168743753826304, Cory Gardner and Bob Beauprez fist bump before helping prep food at the Denver Rescue Mission #cosen http://t.co/ExU8JB9Xih,124,19,0,1,0,1,1,3692,2
62,2014-10-15,522430009978662912,Grateful for the support of the CO Springs Police Protective Association. Keeping CO Communities Safe: http://t.co/WO7gGLEN5x #copolitics,137,5,3,1,1,0,0,3692,2
63,2014-10-16,522564727776768000,Coloradans know better what to do with their dollars than government. #copolitics,81,2,1,1,0,0,0,3692,1
64,2014-10-16,522799736345333760, EDITORIAL: Endorsement goes to @bobbeauprez http://t.co/sOODSMK8MZ #copolitics http://t.co/E6ZMkohJFd,102,15,0,1,1,2,1,3692,4
65,2014-10-16,522599181173530624,"A lot of us were surprised tonight when John said ""I'm no big fan of the ACA"" #Obamacare https://t.co/jyc3rD8iHo #copolitics",124,4,1,2,1,0,0,3692,3
66,2014-10-16,522575072847208448,Gov. Hickenlooper statement on Obamacare U.S. Supreme Court ruling http://t.co/kTJlu3EWSC #copolitics,101,2,2,1,1,0,0,3692,2
67,2014-10-16,522573445725700097,"More Coloradans will benefit when the Affordable Care Act is fully implemented in 2014, Hickenlooper said. #copolitics #Hickpocrisy",131,35,18,2,0,0,0,3692,2
68,2014-10-16,522573211528351744,"Before tonight, John Hickenlooper's ""full-throated defense"" of Obamacare http://t.co/P7tA7YM9Tm #copolitics",107,18,6,1,1,0,0,3692,2
69,2014-10-16,522571771095302144,"Entrepreneurs and innovators are developing great solutions to combat climate change. We should celebrate them, not regulate and tax them.",138,1,1,0,0,0,0,3692,0
70,2014-10-16,522571432468160513,"SeedPaths is a perfect example of innovation in education, yet John Hickenlooper's administration tried to shut it down. #Hickpocrisy",133,1,0,1,0,0,0,3692,1
71,2014-10-16,522570650498912257,"Homelessness is a problem we face in Colorado, and it's only getting worse. The solution is a robust growing economy that lifts people up.",138,4,4,0,0,0,0,3692,0
72,2014-10-16,522568834562408448,"John Hickenlooper has been to Colorado Springs ""at least"" 30 times. There you have it folks. #leadership #copolitics",116,0,3,2,0,0,0,3692,2
73,2014-10-16,522566223792730113,"The solution to grow energy jobs in Colorado is to provide certainty, not continue to kick the can down the road. #copolitics",125,3,3,1,0,0,0,3692,1
74,2014-10-16,522565229319053312,"Shorter Hickenlooper on TABOR refunds: ""Just too hard to figure out refunds. So gov't should just keep the money."" #copolitics",126,7,1,1,0,0,0,3692,1
75,2014-10-16,522563234545795073,Business Insiders - The 50 US State Economies From Worst To Best - Colorado is #21 #copolitics,94,3,1,1,0,0,0,3692,1
76,2014-10-16,522562631065161728,"Colorado is a special state, but we don't have the opportunity we used to have, and I think we can do better. #copolitics",121,6,4,1,0,0,0,3692,1
77,2014-10-16,522561851910258689,"Thank you to UCCS, the Gazette, KKTV, the Independent, the CSBJ and everyone who helped organize this debate. #copolitics",121,1,3,1,0,0,0,3692,1
78,2014-10-16,522541931604094976," Hickenlooper and Beauprez supporters outside auditorium, ready to go for tonight's #debate at #UCCS.",101,2,0,2,0,1,0,3692,3
79,2014-10-17,523220705266372608, EDITORIAL: Endorsement goes to @bobbeauprez http://t.co/F2uAYmFwXL #copolitics http://t.co/uhkMaOVIVn,102,4,3,1,1,2,1,3692,4
80,2014-10-17,523128843314688000, Great @csgazette endorsement for @bobbeauprez: http://t.co/F2uAYmFwXL  http://t.co/uhkMaOVIVn #COPolitics #COGov,113,5,1,2,1,3,1,3692,6
81,2014-10-17,523167716702949376,"In 2012, @hickforco told us More Coloradans will benefit when the Affordable Care Act is fully implemented in 2014. http://t.co/otB1lqPxwu",138,1,1,0,1,1,0,3692,2
82,2014-10-17,523167986564476928,"Hickenlooper's ""reckless"" support for Obamacare leads to more policy cancellations in CO: http://t.co/pcSxnAhzJ5 #copolitics",124,13,2,1,1,0,0,3692,2
83,2014-10-17,523169150748098560,"Thank you! RT @steve_walden: Cast my #vote today for @bobbeauprez, @CoryGardner and @GeorgeLeing. Good luck to each of you.",123,0,1,1,0,4,0,3692,5
84,2014-10-18,523283018736476160,@naema100 Yes: http://t.co/XHIxUGfIyN,37,0,0,0,1,1,0,3692,2
85,2014-10-18,523263475762872320,Health-care cancellation avalanche hits Colo. Democrats weeks before election http://t.co/QNpQUZOBnN #copolitics,112,23,4,1,1,0,0,3692,2
86,2014-10-18,523489967629422592,Get a FREE Obamacare Hick-pocrisy Ringtone: http://t.co/YPoJxZqze1 #copolitics,78,2,0,1,1,0,0,3692,2
87,2014-10-20,524016240767938560,509!!! #GoBroncos http://t.co/FPbhNV0tUY,40,7,11,1,0,0,1,3692,1
88,2014-10-20,524262682414055424,"New #COGov poll from @GravisMarketing (10/16-16): Beauprez (R) 48%, Hickenlooper (D) 44% http://t.co/X8ztwdei4o #copolitics",123,8,5,2,1,1,0,3692,4
89,2014-10-21,524617515956445184,Hickenlooper remains quiet on negative ads boosting campaign http://t.co/zLAyvAeCXm #copolitics,95,1,0,1,1,0,0,3692,2
90,2014-10-21,524574943158480896, Hey #copolitcs my 19 yr old son is voting for @CoryGardner  and @bobbeauprez. He makes his own informed choices.,113,0,3,1,0,3,0,3692,4
91,2014-10-21,524578350757855234,"John Hickenlooper broke his ""no negative ads"" pledge in the same breath as his stunt at the Denver Post debate: http://t.co/tBF7uBF9od",134,2,0,0,1,0,0,3692,1
92,2014-10-21,524669019643981824,"""Somebody within the governor's office didn't want this question on the ballot on the same year in as his election."" http://t.co/TzCMSM8RtW",139,1,2,0,1,0,0,3692,1
93,2014-10-22,524713028387090432,So great to share the @SeedPaths story! Stark contrast in how gov't and entrepreneurs view gov't role... http://t.co/hu3oEQfRlW #copolitics,139,5,4,1,1,1,0,3692,3
94,2014-10-22,525030181313200129,"Poll: GOP gains ground for Colorado senator, governor http://t.co/GajYsBQTVo #copolitics #StrongerCO",100,8,4,2,1,0,0,3692,3
95,2014-10-23,525352445674004480,"It's important for CO job creators that we stand up to trial lawyers and more regulations, not enable and support their agenda. #copolitics",139,2,1,1,0,0,0,3692,1
96,2014-10-23,525323756504637441,"The most important question in this race: Have Hickenlooper's policies made you safer, or less safe? Our latest ad: http://t.co/CYlg9KDnCp",138,3,0,0,1,0,0,3692,1
97,2014-10-23,525348776769507328,"Polis Commission chair helped found a group that sees energy regulation as a ""street fight"":  http://t.co/7DUNaDrPlY #copolitics",128,5,2,1,1,0,0,3692,2
98,2014-10-23,525349287841243137,"Gwen Lachelt co-founded the San Juan Citizen Alliance, who wants to ""make it as difficult as possible to develop."" http://t.co/pYPKNcdRu0",137,0,1,0,1,0,0,3692,1
99,2014-10-23,525350072687812608,"Colorado is currently 200,000 jobs short of where we should be if we had a truly growing economy with full employment. #copolitics",130,9,3,1,0,0,0,3692,1
100,2014-10-23,525351699503149058,"John Hickenlooper supported the ""trial lawyer full employment bill."" I will not. #copolitics",92,4,2,1,0,0,0,3692,1
101,2014-10-23,525366651433541632,"Proud to stand with public safety leaders in CO, calling for stronger leadership to keep our families safe. #cogov http://t.co/P3lgKuwHUx",137,3,0,1,0,0,1,3692,1
102,2014-10-25,526116400113254400,Now is the time. Now is our moment to change history. #10days #StrongerCO #copolitics http://t.co/wg0s3MdH2h,108,8,7,3,0,0,1,3692,3
103,2014-10-25,525801449763377152,Backgrounder on John Hickenlooper's public safety record: http://t.co/aTJBYPpdr4 #copolitics,92,5,1,1,1,0,0,3692,2
104,2014-10-25,525802672243634176,"Polis Commission success is ""dependent upon it ending in regulation. http://t.co/M3lOrp07hd #copolitics",103,1,2,1,1,0,0,3692,2
105,2014-10-25,525802887444975617,CO has long had a system for addressing issues of local control in energy development via MOUs. Polis commission in search of a problem.,136,3,0,0,0,0,0,3692,0
106,2014-10-25,525803445190926336,Colorado needs a governor who will work to grow the economy across the state. Our current recovery is spotty. #StrongerCO #copolitics,133,8,2,2,0,0,0,3692,2
107,2014-10-25,525804293677670400,"John Hickenlooper has added 2,000 new regulations since taking office. Regulations he cut? At the Boxing Commission. #copolitics",128,14,3,1,0,0,0,3692,1
108,2014-10-25,525809887440539648,Colorado Violation Decision Making Process (CVDMP) User's Guide: http://t.co/ye4s515Fe8 #copolitics #cogov,106,2,2,2,1,0,0,3692,3
109,2014-10-25,525811908742766592,John Hickenlooper continues to dishonor efforts on behalf of Colorado veterans. #copolitics,91,2,0,1,0,0,0,3692,1
110,2014-10-25,525878324300509184,CBS4 Debate Shock: http://t.co/U5VDHIQl6y #copolitics,53,8,3,1,1,0,0,3692,2
111,2014-10-25,526043045674754049,Great to be with @CoryGardner and so many volunteers in Douglas Co. this morning! 10 days! #copolitics #StrongerCO http://t.co/AxhWidD0BQ,137,4,3,2,0,1,1,3692,3
112,2014-10-25,526067360566759424, .@CoryGardner @bobbeauprez &amp; @JillRepella rallying volunteers in JeffCo! #copolitics #cosen http://t.co/5jmzdHbh8l,119,14,0,2,0,4,1,3692,6
113,2014-10-25,526095013675950081,Great rally in JeffCo! Volunteers turning out throughout the state. Thank you for your support for our candidates up and down the ballot!,137,7,3,0,0,0,0,3692,0
114,2014-10-27,526865503617568768,Grateful for the support of Mesa County District Attorney Pete Hautzinger and public safety leaders across the state. http://t.co/eN1Tx2ql8v,140,7,3,0,1,0,0,3692,1
115,2014-10-28,527111347193257984,"John Hickenlooper's allies continue their false, negative attacks. Colorado deserves better. Get the facts: http://t.co/uQOS6MAU8L",130,8,2,0,1,0,0,3692,1
116,2014-10-28,527113332000825344,Ill be on with Dan Caplis at 9:30 this morning. Make sure youre tuned in to 710 KNUS. #copolitics,97,5,1,1,0,0,0,3692,1
117,2014-10-28,527203680538595328,"Latest Rasmussen: Beauprez (R) 49%, Hickenlooper (D) 47% http://t.co/aKldiSlobi #copolitics",91,7,7,1,1,0,0,3692,2
118,2014-10-29,527589543080230912, It was great to meet with Hispanic business leaders today in Colorado with @CoryGardner and @BobBeauprez! https://t.co/iWAjOdB,127,23,0,0,1,3,0,3692,4
119,2014-10-29,527607781163937792, The barn is filling up for our GOTV rally w @CoryGardner @bobbeauprez @jebbush &amp; the entire GOP ticket! #copolitics http://t.c,131,12,0,1,0,4,1,3692,5
120,2014-10-30,527668151467511809, Me and @Kim9news trying to do a Common Core subtraction problem on the air musta been like watching monkeys try to build a c,125,8,0,0,0,2,0,3692,2
121,2014-10-30,527621938936434689, Our next LT Gov &amp; Douglas County's very own @JillRepella! #copolitics http://t.co/wEtUwi3ghD,97,8,0,1,0,2,1,3692,3
122,2014-10-30,527841244811378689,"""The Closer"" -- Our Final Ad: http://t.co/yrRl9Yso7V #copolitics #cogov",71,6,3,2,1,0,0,3692,3
123,2014-10-30,527882814671556609,Colorado's Condo Market Suffers from John Hickenlooper's Failure to Take a Position http://t.co/FIJHjvNTxu #copolitics,118,6,3,1,1,0,0,3692,2
124,2014-10-31,528284120791941121,Beauprez transportation plan means a better infrastructure for Colorado - Denver Business Journal http://t.co/bcP76mqHH7 #copolitics,132,4,3,1,1,0,0,3692,2
125,2014-10-31,528200208967282689,"""Only Bob Beauprez has laid out a clear agenda for our schools"" http://t.co/p2l4195yk7 #copolitics",98,7,4,1,1,0,0,3692,2
126,2014-10-31,528241375511584768,Haven't mailed your ballot yet? Drop it off to make sure it's in on time. Locations are at http://t.co/kyaz5cWHEo: http://t.co/5eCFbH6f5j,137,2,1,0,2,0,0,3692,2
127,2014-10-31,528290405708996608,The Colorado Statesmen: And the Heat is On http://t.co/E1x0zgXolB #copolitics,77,4,2,1,1,0,0,3692,2
128,2014-10-31,528333111588044800,Coloradoan: Beauprez's education platform earns thumbs up from Bob Schaffer: http://t.co/V3rQCD5LTt #copolitics,111,6,6,1,1,0,0,3692,2
129,2014-11-01,528367054437376000," Ready for #TrickOrTreating-Kids get candy; parents get campaign lit for @bobbeauprez, @CoryGardner &amp; @cologop! #cosen http:/",129,9,0,2,0,4,1,3692,6
130,2014-11-01,528644176485691393,Our next Lt. Governor and Senator together in Aurora! #copolitics http://t.co/Qw7khc2sii,88,13,9,1,0,0,1,3692,1
131,2014-11-02,529047186055888898,"Enjoyed seeing our team between walklists today in Denver. Every vote counts. Oh, and #GoBroncos! #copolitics http://t.co/toLgeXfWjM",132,6,9,2,0,0,1,3692,2
132,2014-11-03,529302192667521024,Viewpoint: Beauprez transportation plan means a better infrastructure for Colorado: http://t.co/ieKWNy1G8u #copolitics,118,6,0,1,1,0,0,3692,2
133,2014-11-04,529682876842147840,http://t.co/uqjJhDyjqg,22,7,1,0,0,0,1,3692,0
134,2014-11-04,529435426453729280,"Thanks Team Coffman! RT @coffmanforco: Bracketing for Bob Beauprez

#COpolitics http://t.co/yzzHMrD2t5",102,7,7,1,0,1,1,3692,2
135,2014-11-04,529707395606274050,"""We must dare to be great; and we must realize that greatness is the fruit of toil and sacrifice and high courage.""
Theodore Roosevelt",134,21,18,0,0,0,0,3692,0
