,date,tweet_id,tweet_text,tweet_length,retweet_count,favorite_count,hashtag_count,url_count,user_mentions,media_count,follower_count,total_entities
0,2014-10-05,518760604241506305,Daily Herald endorses Rauner for Governor http://t.co/2zxLHdjnDx,64,19,10,0,1,0,0,3992,1
1,2014-10-06,519141785806053376,ICYMI: Tribune finds more wasted NRI funds ahead of hearing http://t.co/bEvEipz5mD,82,11,0,0,1,0,0,3992,1
2,2014-10-06,519199876169875456,Do you know Quinn? He claims to be a reformer... but he is a career politician &amp; will do anything to retain power. https://t.co/5LkfFiTag6,142,14,1,0,1,0,0,3992,1
3,2014-10-07,519544504857399296,ICYMI: Rauner blames Quinn for DCFS child deaths http://t.co/lGeEkeyQCt,71,8,0,0,1,0,0,3992,1
4,2014-10-07,519497056956989440,Quinn campaign can spin but cant deny DCFS record http://t.co/WmqXxBUVB1,72,7,1,0,1,0,0,3992,1
5,2014-10-07,519467971052584960,New Ad: Just Children http://t.co/GmTXDS3FNO http://t.co/UpBL4naVhW,67,17,0,0,2,0,0,3992,2
6,2014-10-07,519515754807717888,ICYMI: High child death rate continues under Quinn http://t.co/XATAJrUQt8,73,12,0,0,1,0,0,3992,1
7,2014-10-07,519599126556594181,"Rauner Sides with Shakman, Renews Call for Federal Hiring Monitor at IDOT http://t.co/rtdw8YOgKB",96,15,4,0,1,0,0,3992,1
8,2014-10-07,519547638958788608,Great support at Women for Rauner event! Make sure your voice is heard - register to vote: http://t.co/83b6xlO1Bt https://t.co/Qd6YtJt6Ck,137,11,0,0,2,0,0,3992,2
9,2014-10-08,519915849537585152,BREAKING: Emails from Quinns chief of staff expose politics behind NRI http://t.co/1Kuok5N1jb,93,34,5,0,1,0,0,3992,1
10,2014-10-08,519842161781903360,New Web Ad: NRI Blues http://t.co/5JH8YZEKtz https://t.co/8uAdtPfmKE,68,8,3,0,2,0,0,3992,2
11,2014-10-10,520387953387114496,FACT CHECK: Quinn cut IllinoisCaresRx hurting our most vulnerable seniors #ILGov2014 #twill,91,11,8,2,0,0,0,3992,2
12,2014-10-10,520388341251182592,FACT CHECK: Pat Quinn stopped investigation into Medicaid fraud #ILGov2014 #twill,81,25,9,2,0,0,0,3992,2
13,2014-10-10,520391503827709953,FACT CHECK: Quinn secretly released 230 violent criminals #ILGov2014 #twill,75,37,12,2,0,0,0,3992,2
14,2014-10-10,520398027060969473,Rauner Campaign Statement on Tonights Debate http://t.co/6JWB5YJRXz,67,12,8,0,1,0,0,3992,1
15,2014-10-10,520538761911107584,New TV Ad: Corruption http://t.co/ahH5t0uzWy http://t.co/sJZcoeTrlo,67,15,5,0,2,0,0,3992,2
16,2014-10-10,520614564090892288,.@ChicagoTribune Endorses Rauner for Governor http://t.co/erGJ7UEutG,68,28,16,0,1,1,0,3992,2
17,2014-10-10,520554507844214784,.@CrainsChicago Endorses Rauner for Governor http://t.co/3XicuEplF1,67,21,11,0,1,1,0,3992,2
18,2014-10-10,520384670014660608,FACT CHECK: Quinn has cut MAP grants by nearly $16 million #ILGov2014 #twill,76,32,8,2,0,0,0,3992,2
19,2014-10-10,520383048559628288,"FACT: ISBE noted in Apr that yrs of education cuts have led to the loss of thousands of teachers &amp; aides, increased class sizes #ILGov2014",142,18,9,1,0,0,0,3992,1
20,2014-10-10,520382997569499136,FACT CHECK: Pat Quinn has cut education funding by $500 million. #ILGov2014 #twill,82,22,9,2,0,0,0,3992,2
21,2014-10-10,520381909210529795,FACT CHECK: Pat Quinn and his allies kicked term limits off the ballot #ILGov2014 #twill,88,27,10,2,0,0,0,3992,2
22,2014-10-10,520381470394040321,"FACT CHECK: Illinois is down 47,400 manufacturing jobs since Pat Quinn took office #ILGov2014 #twill",100,22,11,2,0,0,0,3992,2
23,2014-10-10,520385291757314048,FACT CHECK: Pat Quinn pressured Chi City Council to delay raising min wage to help his campaign #ILGov2014 #twill,113,18,8,2,0,0,0,3992,2
24,2014-10-10,520385506518249474,FACT CHECK: Bruce Rauner has a plan to raise the minimum wage; Pat Quinn does not #ILGov2014 #twill,99,19,11,2,0,0,0,3992,2
25,2014-10-10,520386004189196288,FACT CHECK: Pat Quinn supported taxing services in 2009 #ILGov2014 #twill,73,27,17,2,0,0,0,3992,2
26,2014-10-10,520386522651316224,FACT CHECK: Lavin emails show that NRI was political from the start #ILGov2014 #twill,85,15,7,2,0,0,0,3992,2
27,2014-10-10,520387614885806082,FACT CHECK: Illinois Manufacturers Association says workers compensation rates are still far too high http://t.co/PanEH5n6Ty #ILGov2014,135,17,6,1,1,0,0,3992,2
28,2014-10-11,520927722336694272,ICYMI: Shaw Media Endorses Bruce Rauner http://t.co/kgrK5gcscb,62,16,6,0,1,0,0,3992,1
29,2014-10-11,520970451028574208," Quinn took over for Blagojevich and picked up right where he left off
https://t.co/mn1PiGOkPa",94,46,0,0,1,1,0,3992,2
30,2014-10-12,521331379406381056,Quinnocchio Alert: Quinn lies about his patronage past http://t.co/3cwEtemlWo,77,13,10,0,1,0,0,3992,1
31,2014-10-13,521750179914186753,Its not too late to vote from home. Request a vote from home application today! http://t.co/8MygLuFesD http://t.co/UhPw6q2quH,125,9,2,0,1,0,1,3992,1
32,2014-10-13,521627667414929408,New TV Ad: Gonna Happen http://t.co/1YhKbZiGmt http://t.co/2VeSGIjUMg,69,14,3,0,2,0,0,3992,2
33,2014-10-14,522161745352077312,"FACT CHECK: In 2013, Illinois African-American unemployment rate was the third-highest in the nation. #cbs2gov #twill",117,19,4,2,0,0,0,3992,2
34,2014-10-14,522162952544456704,Flashback: The Economic Empowerment Forum Endorses Rauner for Governor http://t.co/xXxC9fdotX,93,11,5,0,1,0,0,3992,1
35,2014-10-14,522163640762654720,WATCH: Lula Ford endorse Bruce Rauner https://t.co/5PF42ad6YJ,61,9,4,0,1,0,0,3992,1
36,2014-10-14,522164138131611648,FACT CHECK: Bruce Rauner has a plan to raise the minimum wage; Quinn's using it as a political football #cbs2gov #twill,119,33,12,2,0,0,0,3992,2
37,2014-10-14,522164321183621120,FACT CHECK: Pat Quinn pressured Chi City Council to delay raising min wage to help his campaign #cbs2gov #twill,111,29,9,2,0,0,0,3992,2
38,2014-10-14,522164946936008704,ICYMI: Harold Washington on Pat Quinn https://t.co/T1i0jPfKYS,61,12,4,0,1,0,0,3992,1
39,2014-10-14,522165063483146240,FACT CHECK: Pat Quinn supported taxing services in 2009 #cbs2gov #twill,71,24,9,2,0,0,0,3992,2
40,2014-10-14,522166305617891328,FACT CHECK: Pat Quinn is pushing for a tax hike right after the election #cbs2gov #twill,88,22,8,2,0,0,0,3992,2
41,2014-10-14,522167163919282177,"Pat Quinn wants to talk about Bruce's taxes, because he wants you to forget that he increased your taxes #cbs2gov #twill",120,35,14,2,0,0,0,3992,2
42,2014-10-14,522167644783656961,FACT CHECK: Pat Quinn has cut education funding by $500 million. #cbs2gov #twill,80,30,6,2,0,0,0,3992,2
43,2014-10-14,522169486783545345,"FACT: From 2009 to 2013, % of African-American population in IL living below poverty line increased from 28.6% to 31.6% #cbs2gov #twill",135,21,4,2,0,0,0,3992,2
44,2014-10-14,522171136239759360,"FACT CHECK: 17,157 Illinoisans exited the workforce in July, 3rd largest drop in the labor force since at least 2004. #cbs2gov #twill",133,18,2,2,0,0,0,3992,2
45,2014-10-14,522171968146395138,"FACT CHECK: Quinn signed a budget that leaves a $4.4 billion hole on January 1, 2014 #cbs2gov #twill",100,17,2,2,0,0,0,3992,2
46,2014-10-14,522173514133299200,FACT CHECK: Pat Quinn expanded video gambling in Illinois #cbs2gov #twill,73,19,4,2,0,0,0,3992,2
47,2014-10-14,522170334695669760,FACT CHECK: Lavin emails show that NRI was political from the start #cbs2gov #twill,83,20,3,2,0,0,0,3992,2
48,2014-10-14,522139915921149952,ICYMI: Quinn using taxpayer funds to boost campaign http://t.co/Z6KrzgbJKz,74,4,3,0,1,0,0,3992,1
49,2014-10-15,522175424101883904,Rauner Campaign Statement on Tonights Debate http://t.co/j1hDY0W6cf,67,20,6,0,1,0,0,3992,1
50,2014-10-15,522223222662889472,"Pat Quinn left no doubt in voters' minds - he intends to increase taxes AGAIN, right after the election.
https://t.co/23IqMc82ns",128,25,9,0,1,0,0,3992,1
51,2014-10-15,522380853507551232,Today's front page says it all. Quinn wants to raise your taxes - win or lose! Watch video: https://t.co/AOnp9nBWxK http://t.co/IwINNA6XZH,138,18,1,0,1,0,1,3992,1
52,2014-10-15,522395260773994496,New TV Ad Starring Diana Rauner http://t.co/TREuVicLYI https://t.co/9poIhnqyuV,78,10,3,0,2,0,0,3992,2
53,2014-10-15,522438096642916353,"In case you missed last nights debate, here is a recap in 60 seconds. https://t.co/HTBHLkoBCm",93,22,6,0,1,0,0,3992,1
54,2014-10-15,522457685787443202,National Troopers Coalition Endorses Bruce Rauner http://t.co/ZddiTrMP4m,72,13,4,0,1,0,0,3992,1
55,2014-10-19,523857512106577920,Chicago Sun-Times Endorses Rauner http://t.co/ZnezFVES6u,56,23,8,0,1,0,0,3992,1
56,2014-10-19,523860980355596289,Peoria Journal Star Endorses Rauner http://t.co/0tMo4TjMnx,58,13,1,0,1,0,0,3992,1
57,2014-10-19,523862791430885376,Champaign News-Gazette Endorses Rauner http://t.co/MxiJZy1FCL,61,11,1,0,1,0,0,3992,1
58,2014-10-19,523864622580105216,Belleville News-Democrat Endorses Rauner http://t.co/0q1xW03w0s,63,13,1,0,1,0,0,3992,1
59,2014-10-19,523867436043730946,Rauner Sweeping Endorsements Across Illinois http://t.co/IkiHU7haoh,67,25,7,0,1,0,0,3992,1
60,2014-10-20,524183052797628418,What Theyre Saying About Bruce Rauner http://t.co/0IIzoM41Lh  https://t.co/2MDV30jyJ7,85,12,1,0,2,0,0,3992,2
61,2014-10-20,524187454539309056,What Theyre Saying About Pat Quinn http://t.co/OTdnm2CrXE,57,12,2,0,1,0,0,3992,1
62,2014-10-21,524365038149046272,FACT CHECK: Illinois has one of the worst job creation rates in the country since the recession ended. #twill,109,15,3,1,0,0,0,3992,1
63,2014-10-21,524709509609320448,Pat Quinn wants to raise your taxes. https://t.co/eUJyUSwRwA,60,18,3,0,1,0,0,3992,1
64,2014-10-21,524584098686595073,New TV Ad: Endorsed http://t.co/4hqBeRfkPg https://t.co/T5Bo9fRqMT,66,7,3,0,2,0,0,3992,2
65,2014-10-21,524562960480739328,Quinn made it clear last night that he is going to push to make tax hike permanent after election  win or lose. https://t.co/5BsrJ9X2Ux,135,14,2,0,1,0,0,3992,1
66,2014-10-21,524556652167856130,Watch Pat Quinn dodge the truth  he is determined to raise your taxes in TWO WEEKS even if he loses. https://t.co/1lLtOTYyeS,124,17,3,0,1,0,0,3992,1
67,2014-10-21,524384599548248064,"For the 7th time in 6 days, @QuinnForIL refuses to admit that he is going to make tax hike permanent after election. https://t.co/VO5p3BPOL7",140,18,6,0,1,1,0,3992,2
68,2014-10-21,524380323396595712,Rauner Campaign Statement on Final Debate http://t.co/exoZSnGZZx,64,6,5,0,1,0,0,3992,1
69,2014-10-21,524375123814400000,"FACT: In 2013, the average unemployment rate in Illinois for African-Americans was 17%, a decrease of 0.1% since Quinn became gov. #twill",137,25,8,1,0,0,0,3992,1
70,2014-10-21,524374301651111936,FACT CHECK: Quinn has cut MAP grants by nearly $16 million  #twill,66,15,5,1,0,0,0,3992,1
71,2014-10-21,524373566934892546,"BREAKING: Even if he loses, Pat Quinn is determined to raise taxes #twill",73,21,7,1,0,0,0,3992,1
72,2014-10-21,524372124866080768,FACT CHECK: Pat Quinn and his allies kicked term limits off the ballot  #twill,78,20,5,1,0,0,0,3992,1
73,2014-10-21,524371344700358656,FACT CHECK: Pat Quinn pressured Chi City Council to delay raising min wage to help his campaign  #twill,103,21,5,1,0,0,0,3992,1
74,2014-10-21,524370891254157312,"FACT CHECK: Bruce supports raising Illinois minimum wage, coupled with pro-business reforms. #twill",99,11,2,1,0,0,0,3992,1
75,2014-10-21,524370683975835649,FACT CHECK: Bruce Rauner has a plan to raise the minimum wage; Pat Quinn does not  #twill,89,13,5,1,0,0,0,3992,1
76,2014-10-21,524368700694986752,FACT CHECK: Pat Quinn has cut education funding by $500 million.  #twill,72,27,7,1,0,0,0,3992,1
77,2014-10-21,524368499699752960,"FACT CHECK: Illinois is down 47,400 manufacturing jobs since Pat Quinn took office  #twill",90,20,5,1,0,0,0,3992,1
78,2014-10-21,524365763327430656,FACT CHECK: Pat Quinn is pushing for a tax hike right after the election  #twill,80,20,4,1,0,0,0,3992,1
79,2014-10-22,525038214579752960, Vote early! Find your early voting location and make a difference today: http://t.co/4Tic57wRgp http://t.co/gUHqAdLo5e,119,51,0,0,1,1,1,3992,2
80,2014-10-22,524942775050321920,Rauner Statement on Federal Hiring Monitor at IDOT http://t.co/Gi2SXqvKRl,73,11,2,0,1,0,0,3992,1
81,2014-10-22,524945067602362368, Pat Quinn call ur office MT @moniquegarcia: U.S. Magistrate Judge has ruled court monitor be appointed 2 investigate pol,121,42,0,0,0,2,0,3992,2
82,2014-10-22,524957357798092800,ICYMI: Chicago Tribune: Federal judge deals Quinn ethics blow on IDOT patronage hiring http://t.co/gSGYlY2U6V,109,8,3,0,1,0,0,3992,1
83,2014-10-22,524981590590775296," Things you don't want to hear when you're gov ""Less than 2 weeks before the election an ethics blow to Pat Quinn"" https:",121,53,0,0,1,1,0,3992,2
84,2014-10-22,524982486343122945,TV Breaking News: Ethics blow for Pat Quinn http://t.co/sH7KL8Ra0D,66,19,4,0,1,0,0,3992,1
85,2014-10-23,525347166043504640,"Less than 2 weeks before the election, and an ethics blow to Governor Pat Quinn. https://t.co/AXGigqPhOa",104,14,2,0,1,0,0,3992,1
86,2014-10-23,525277563921637377,Jewish Newspapers Endorse Rauner for Governor http://t.co/foW61aRvGY,68,9,2,0,1,0,0,3992,1
87,2014-10-23,525291128942522368,New Ad: Labor leader backs Rauner http://t.co/3Bwvt3ec0z https://t.co/RALutYUqDu,80,8,3,0,2,0,0,3992,2
88,2014-10-23,525291393770856448, . @BruceRauner surges into the lead as Quinn support collapses according to new Chicago Tribune poll.,102,22,0,0,0,2,0,3992,2
89,2014-10-23,525301189911789570," ""Bruce Rauner has made significant inroads among suburban voters, especially women, a new Chicago Tribune poll shows",117,49,0,0,0,1,0,3992,1
90,2014-10-23,525358626123558913, .@BruceRauner's got the mo!  2 polls that had Pat Quinn up last month now show Rauner w/ lead (Chicago Tribune &amp; Rasmuss,125,37,0,2,0,2,0,3992,4
91,2014-10-24,525736998804652032, The Rauner surge continues! IL chamber poll shows Bruce leading Pat Quinn 45%-41%. #twill,90,62,0,1,0,1,0,3992,2
92,2014-10-24,525642169286410241,ICYMI: Rauner rips Quinn on IDOT patronage oversight http://t.co/4A4WgzIn4x,75,14,3,0,1,0,0,3992,1
93,2014-10-24,525689437116964864, Quinn is hoping you don't vote  we cant let him win. Find your location &amp; vote early today! http://t.co/W5tgBsCEjY http:,125,57,0,0,1,1,1,3992,2
94,2014-10-24,525737301385957376," Another day, another poll w Bruce Rauner winning. Chamber of Commerce has Rauner up 45-41%. Taken over last 3 days. #ilg",121,65,0,3,0,1,0,3992,4
95,2014-10-26,526356418254090240,Decatur Herald-Review Endorses Rauner http://t.co/iFBNmPcGcw,60,13,2,0,1,0,0,3992,1
96,2014-10-26,526348806296985600,State Journal-Register Endorses Rauner for Governor http://t.co/f3iW7prCeV,74,17,5,0,1,0,0,3992,1
97,2014-10-26,526363114598858752,Quad-City Times Endorses Rauner http://t.co/ZgfBnRwqNQ,54,14,1,0,1,0,0,3992,1
98,2014-10-26,526371418888749056,Bloomington Pantagraph Endorses Rauner http://t.co/pntMypMs6C,61,14,1,0,1,0,0,3992,1
99,2014-10-26,526500471142633474," SJR: ""We believe Rauners ambitious, growth-minded reforms may be the medicine this state needs to revive itself"" http:/",120,45,0,0,1,1,0,3992,2
100,2014-10-26,526500490939736064," Rauner endorsement domination cont'd: Springfield State Journal-Register, Decatur Herald &amp; Review, Bloomington Pantagrap",125,49,0,0,0,1,0,3992,1
101,2014-10-26,526500507276541952," Decatur Herald &amp; Review: ""Drastic change is needed &amp; Rauner has the skills to make that change happen."" http://t.co/Cjuf",129,57,0,2,1,1,0,3992,4
102,2014-10-26,526500518924144640," Quad-City Times: ""Illnois requires the kind of shake up Rauner promises."" #endorsementdomination http://t.co/vWKKEPVCaI",120,36,0,1,1,1,0,3992,3
103,2014-10-27,526825451420139520,Rauner expresses concern over Quinn refusal to support travel ban applied to countries affected by Ebola http://t.co/l4egNAlHCc,127,18,4,0,1,0,0,3992,1
104,2014-10-28,527141306142040065,"ICYMI: Rauner stops in Arlington Hts., talks Ebola ban http://t.co/5PJQdS2nAF",77,7,2,0,1,0,0,3992,1
105,2014-10-28,527098872557215746,ICYMI: Rauner expresses concern over Quinn refusal to support travel ban applied to countries affected by Ebola http://t.co/l4egNAlHCc,134,10,1,0,1,0,0,3992,1
106,2014-10-28,527118409549766656,Rauner Campaign Launches New TV Ad http://t.co/ClTw33RsCV https://t.co/a28ShEnuKa,81,11,1,0,2,0,0,3992,2
107,2014-10-28,527135855002267648,Kirk Statement on Quinn Opposition to Ebola Travel Ban http://t.co/9iKgGUKBS4,77,7,0,0,1,0,0,3992,1
108,2014-10-29,527543721207029760,Quinn on buying votes with taxpayer money: Is that a crime? http://t.co/9AFyEm1tQE,82,18,1,0,1,0,0,3992,1
109,2014-10-29,527446203987152896,".@ChicagoTribune backs Rauner, Kirk, Shimkus on Ebola travel ban http://t.co/PNVk4r1aXr",87,13,0,0,1,1,0,3992,2
110,2014-10-29,527520394874720257,Do you know Pat Quinn? https://t.co/VTuvyB4yq9,46,13,0,0,1,0,0,3992,1
111,2014-10-29,527590206002978816,"You might not know Pat Quinn, but you know what hes done to Illinois. https://t.co/3RTnQTkD3Z",93,25,8,0,1,0,0,3992,1
112,2014-10-30,527879281436028928," Quincy Herald-Whig endorses Bruce Rauner. IL ""is in need of bold,decisive leadership"" #endorsementdominationcontinues
ht",121,32,0,1,1,1,0,3992,3
113,2014-10-30,527799328115785728,ICYMI: Dem lawmaker runs away from Quinn in debate http://t.co/jIOds5eTfK,73,12,0,0,1,0,0,3992,1
114,2014-10-30,527825354564861952,Quinn to celebrate Rauners UI Labs accomplishment http://t.co/37pQGJKMha,72,7,1,0,1,0,0,3992,1
115,2014-10-30,527867240625242112,Just In: Quincy Herald-Whig Endorses Rauner @WhigNews http://t.co/FY3j1MRmDI,76,9,1,0,1,1,0,3992,2
116,2014-10-30,527933904607379456, RETWEET if you voted early for Bruce! http://t.co/1tU9qNaioX,61,251,0,0,0,1,1,3992,1
117,2014-10-31,528241658534830080," Jim Edgar to help lead Bruce Rauner's final barnstorm of the state #twill #ilgov #ilgov2014
http://t.co/yFGNAllKER",115,58,0,3,1,1,0,3992,5
118,2014-10-31,528161356944400385,"Chicago Tribune Editorial: Quinn just like Rod Blagojevich, George Ryan http://t.co/gGQBRWFBbV",94,27,7,0,1,0,0,3992,1
119,2014-11-01,528620346170425345, Another full office @ the Rauner office in McHenry County-final weekend of a long campaign season! #BringBackIL http://,120,18,0,1,0,1,1,3992,2
120,2014-11-02,529009150941200384," George Will calls #ILGOV ""2014s most important election""
http://t.co/sG7swnMkxP #twill",87,61,0,2,1,1,0,3992,4
121,2014-11-03,529103691601960960, Arlington Heights is ready to #bringbackil w @BruceRauner http://t.co/oCnFmEDfNc,81,17,0,1,0,2,1,3992,3
122,2014-11-03,529318420802965504, Awesome turnout at the GOTV rally for @BruceRauner in McLean County this morning! http://t.co/wtadDT2a9J,105,41,0,0,0,2,1,3992,2
123,2014-11-03,529094694945718272, Plainfield is ready to #bringbackil http://t.co/hLxlsoAsVy,59,16,0,1,0,1,1,3992,2
124,2014-11-04,529643132754096128, Proud Macomb High students voting for their futures! #BringBackIL http://t.co/1GvZG58UGy,89,23,0,1,0,1,1,3992,2
