,date,tweet_id,tweet_text,tweet_length,retweet_count,favorite_count,hashtag_count,url_count,user_mentions,media_count,follower_count,total_entities
0,2014-10-05,518562535612895232,#ofi #SignBloom in Teton County! We love seeing Otter for Idaho signs up across the state! #idgop #idpol http://t.co/QcfJP1Fc6Q s,129,1,0,4,1,0,0,1165,5
1,2014-10-05,518845717990080512,Looking forward to the God &amp; Country Candidate Forum tonight in Meridian and the opportunity to chat with voters. #ofi #idgop #idpol,136,1,0,3,0,0,0,1165,3
2,2014-10-06,518914954976849920,"#ofi #SignBloom in Tetonia, ID - signs with a view! Keep sending us your pics! #idgop #idpol http://t.co/3paFJrOJOY http://t.co/J55lN1XKrA",138,0,0,4,2,0,0,1165,6
3,2014-10-06,519237772058836993,Thanks to all who came out for the debate in CDA. Next up: Idaho Falls on Thurs. #OFIdebates  http://t.co/6KF0WOPUMm http://t.co/CGoms2y5wQ,139,0,0,1,2,0,0,1165,3
4,2014-10-06,519142675912855552,#ofi #SignBloom in Ada County. We appreciate your support! #idgop #idpol http://t.co/Xd94vkQzuk,95,0,0,4,1,0,0,1165,5
5,2014-10-06,518967787914805249,Gov. Otter got the chance to visit with hundreds of voters at tonight's God &amp; Country Forum! #ofi #idgop #idpol http://t.co/obydyo9y3f,138,1,0,3,0,0,1,1165,3
6,2014-10-06,519239803028926464,"#ofi #SignBloom along Hwy 12 in Kooskia. Thanks for the pictures, Skip Brandt! http://t.co/QmXoBFcje3 http://t.co/2bR0yAsEsm #idgop #idpol",138,0,0,4,2,0,0,1165,6
7,2014-10-07,519496236274319361,Thanks for the pictures Mike Hanna! #ofi #SignBloom in Orofino! #idgop #idpol http://t.co/xdRqPsrb1Y http://t.co/enp2JdoeT5,123,0,0,4,2,0,0,1165,6
8,2014-10-07,519547872929267714,Have you seen this video yet? It features incredible aerial shots from across our beautiful state! #ProudIdahoan #ofi http://t.co/14Y4FdTSy7,140,0,0,2,1,0,0,1165,3
9,2014-10-07,519637056624943104,Governor Otter discusses his plans for workforce development in today's #TopicTuesday. #ofi #idgop #idpol http://t.co/46K5x8i7PV,128,0,0,4,1,0,0,1165,5
10,2014-10-08,519862232940052481," ""That's called governing."" Statesman endorsement of @OtterforIdaho http://t.co/VFXtDb12JH",90,1,0,0,1,2,0,1165,3
11,2014-10-08,519892652222054400,We've made it easy to cast your vote! Click on the link to request an absentee ballot: http://t.co/zTfAdC7sNe #ofi #idgop #idpol,128,0,0,3,1,0,0,1165,4
12,2014-10-08,519913224956018690, @IdahoStatesman endorsed @OtterforIdaho stating his opponents are not up to the challenge. #ofi #idpol #idgop http://t.co/IoB,126,1,0,3,1,3,0,1165,7
13,2014-10-08,519914177729949696,Idaho ranks 3rd in the nation for return on investment in education. More here: http://t.co/ExqmnmGHnJ #ofi #idgop #idpol,121,0,0,3,1,0,0,1165,4
14,2014-10-08,519918833067638784," Idaho Statesmen endorses GOP Governor @ButchOtter for re-election: ""We look forward to Otter 3.0."" http://t.co/7Ps0PdaKoC #IDG",127,2,0,1,1,2,0,1165,4
15,2014-10-08,519920391675203584, Thursday! Join us to watch Butch Otter and A.J. Balukoff debate at City Club of I.F. Details (corrected link): http://,119,6,0,0,1,1,0,1165,2
16,2014-10-08,519980649630162944,Don't forget tonight's Ada County Volunteer Meeting at 6pm at the #idgop field office on Fairview in Boise. See you then! #ofi #idpol,133,0,0,3,0,0,0,1165,3
17,2014-10-08,519650941939613698,Gov. Otter's plans to increase the earning capability of Idahoans is already off to a great start! #ofi #TopicTuesday http://t.co/hPC8mG927T,140,0,0,2,1,0,0,1165,3
18,2014-10-08,519666020743516161,The Ada Cty Volunteer Mtg is tomorrow @ 6pm @ the #idgop field office in Boise! Thanks again to all of our volunteers! #ofi #idpol,130,0,0,3,0,0,0,1165,3
19,2014-10-08,519863943859539968,"Thanks to the Statesman Ed Board for your Endorsement! ""A 3.0 version of Otter is best for Idaho."" #ofi #idgop #idpol http://t.co/VDKSJfp6UQ",140,1,2,3,1,0,0,1165,4
20,2014-10-09,520285557063426049,FACT: #1 in the nation for growth in personal income #OFIdebates #idgop #idpol #ccboi,85,0,1,4,0,0,0,1165,4
21,2014-10-09,520288246962868224,Balukoff thanks Governor Otter for his work on the state health exchange. No rebuttal needed. #OFIdebates #idgop #idpol #ccboi,126,1,1,4,0,0,0,1165,4
22,2014-10-09,520288939975118849,We need to create an environment for businesses here to flourish and one that attracts new businesses #OFIdebates #idgop #idpol,127,0,1,3,0,0,0,1165,3
23,2014-10-09,520289266803679232,Medicaid: When we launch into an entitlement program like that - we need to make sure it's sustainable #OFIdebates #idgop #idpol #ccboi,135,0,0,4,0,0,0,1165,4
24,2014-10-09,520290351576547328,Medicaid: History proves we can't rely on continued funding/promises from Feds. Need to make sure we can sustain it #OFIdebates,127,0,0,1,0,0,0,1165,1
25,2014-10-09,520290954813911040,Every large business in Idaho started out as a small business. ie: @MicronTech - Obviously we focus on growing Idaho businesses #OFIdebates,139,0,1,1,0,1,0,1165,2
26,2014-10-09,520291209445908480,FACT: Idaho voted 2nd best place to start a small business . #OFIdebates #idgop #idpol #ccboi,93,0,0,4,0,0,0,1165,4
27,2014-10-09,520291672824233984,I took an oath to defend the state constitution - not the things that I like or don't like- I have to defend it in its entirety #OFIdebates,139,0,0,1,0,0,0,1165,1
28,2014-10-09,520292768053460993,Add the Words: Next year you will see a hearing on this. #OFIdebates #idgop #idpol #ccboi,89,2,0,4,0,0,0,1165,4
29,2014-10-09,520226012907728896,Looking forward to today's debate in Idaho Falls - We'll be live tweeting the event beginning at 12:20pm #OFIdebates #ofi #idgop #idpol,135,0,0,4,0,0,0,1165,4
30,2014-10-09,520276610302611457,Thx again to City Club of IF for hosting today's debate and to @IdahoPublicTV for making it possible for @cityclubofboise to view it LIVE!,138,0,0,0,0,2,0,1165,2
31,2014-10-09,520278642522615808,Gov. Otter will give his opening statement after Balukoff who is speaking now. #OFIdebates #idgop #idpol #ccboi,111,0,0,4,0,0,0,1165,4
32,2014-10-09,520279543865933824,Governor Otter is giving his opening statement now #OFIdebates #idgop #idpol #ccboi,83,0,0,4,0,0,0,1165,4
33,2014-10-09,520279752205422592,One of my top priorities: take advantage of Idaho's assets - INL is great example of that #OFIdebates #idgop #idpol #ccboi,122,0,0,4,0,0,0,1165,4
34,2014-10-09,520279866219175936,"The dialogue has changed with the Dept of Energy. Rather than confrontation, we now have collaboration. #OFIdebates #idgop #idpol #ccboi",136,0,0,4,0,0,0,1165,4
35,2014-10-09,520280242817363968,I have consistently sought to invest in the future &amp; great opportunities - even throughout the recession #OFIdebates #idgop #idpol #ccboi,141,0,0,4,0,0,0,1165,4
36,2014-10-09,520280339814834176,But let's look at the facts - #OFIdebates #idgop #idpol #ccboi,62,1,1,4,0,0,0,1165,4
37,2014-10-09,520280382277963776,FACT: ID 8th graders are tied for 8th in the nation in reading and 15th in the nation in math.  #OFIdebates #idgop #idpol #ccboi,128,0,1,4,0,0,0,1165,4
38,2014-10-09,520280436367695872,"FACT: The # of ID H.S. students taking college courses doubled in 2 yrs, from 16,000 in '12 to 31,000 in '13  #OFIdebates #idpol #ccboi",135,0,1,3,0,0,0,1165,3
39,2014-10-09,520281296980160512,Balukoff provides no concrete long term plans to pay for education. Taxpayers beware! #OFIdebates #idgop #idpol #ccboi,118,1,0,4,0,0,0,1165,4
40,2014-10-09,520281441599774720,FACT: Idaho ranks 3rd in the nation for the best Return on Investment in K-12 Educational Effectiveness. #OFIdebates #idgop #idpol #ccboi,137,0,0,4,0,0,0,1165,4
41,2014-10-09,520282005872058368,Governor lead efforts to get technology to every school district in the state - $40 million in funding to do so #OFIdebates #idgop #idpol,137,0,0,3,0,0,0,1165,3
42,2014-10-09,520282166874611712,We are making sure every child in Idaho gets an equal opportunity #OFIdebates #idgop #idpol #ccboi,98,0,0,4,0,0,0,1165,4
43,2014-10-09,520282555430756352,There has never been an effort to replace teachers with technology- nor will there ever be. #OFIdebates #idgop #idpol #ccboi,124,0,1,4,0,0,0,1165,4
44,2014-10-09,520282597336047616,FACT: Idaho ranks 12th in the nation among the Best States for Teachers. (WalletHub) #OFIdebates #idgop #idpol #ccboi,117,0,1,4,0,0,0,1165,4
45,2014-10-09,520283347088834560,Higher Ed: We provide a top notch education at a great price - especially when compared w/ others in the NW #OFIdebates #idgop #idpol #ccboi,140,1,1,4,0,0,0,1165,4
46,2014-10-09,520285032460877824,Beware!  Balukoff will eventually look to taxpayers to cover the bills for his plans #OFIdebates #idgop #idpol #ccboi,117,0,1,4,0,0,0,1165,4
47,2014-10-09,520285320898969600,Average wage doesn't tell the whole story- the average HOUSEHOLD income does #OFIdebates #idgop #idpol #ccboi,109,0,0,4,0,0,0,1165,4
48,2014-10-09,520294517363462144,Again - Gov. Otter took an oath to protect the IDAHO constitution. How do you pick &amp; choose what to follow when you take an oath? You dont.,143,0,1,0,0,0,0,1165,0
49,2014-10-09,520294827620311040,Our job as public servants: keep improving processes &amp; set goals that are achievable. #OFIdebates #idgop #idpol #ccboi,122,0,0,4,0,0,0,1165,4
50,2014-10-09,520295202788241408,Idaho the republic is in great hands! #OFIdebates #idgop #idpol #ccboi,70,0,0,4,0,0,0,1165,4
51,2014-10-09,520295407998734336,The past 8 years prove it - check out accomplishments here: http://t.co/arg7h2C70k #OFIdebates #idgop #idpol #ccboi,115,1,1,4,1,0,0,1165,5
52,2014-10-10,520717643578626049,The latest NY Times / CBS News / YouGov Battleground Poll shows Governor Otter up by 24! http://t.co/KaCPWsEuFZ #ofi #idgop #idpol,130,5,1,3,1,0,0,1165,4
53,2014-10-10,520364356769300480,Governor Otter scores in 2nd debate with examples of his proven conservative leadership: http://t.co/75mkJgNXHa #OFIdebates #idpol #idgop,137,0,0,3,1,0,0,1165,4
54,2014-10-10,520403425658695680,#ofi #SignBloom in District 30 - Thanks Wendy Horman! http://t.co/IaVz6rtKjk,76,0,0,2,1,0,0,1165,3
55,2014-10-10,520588375381008384,@IdahoStatesman asked Governor Otter why voters should re-elect him. Here is his response: http://t.co/L1NykVmXGX #ofi #idgop #idpol,132,0,0,3,1,1,0,1165,5
56,2014-10-10,520629972390928386,Thanks to Dick and Val Brooks for your continued support! #ofi #SignBloom #idgop #idpol http://t.co/3G2z695FdX,110,0,1,4,1,0,0,1165,5
57,2014-10-10,520714480599465984, YouGov/CBS/NYT Battleground Poll (Sept. 20 to Oct. 1) has @OtterforIdaho up big. http://t.co/v6scGqB9ux #idpol,111,1,0,1,1,2,0,1165,4
58,2014-10-11,520996027374260226,Click on the link for an absentee ballot request form: http://t.co/b27rjAs1yf #VoteOtter #ofi #idgop #idpol http://t.co/Oztc5Ju2dl,130,0,0,4,2,0,0,1165,6
59,2014-10-11,520952329550704640,"The SkyWest groundbreaking in Boise is a sign of things to come, thx to Gov. Otter's leadership: http://t.co/8VwLetqfF7  #ofi #idgop #idpol",139,0,0,3,1,0,0,1165,4
60,2014-10-11,520970588698206208,Thank you to @Raul_Labrador for his support &amp; endorsement. Plz make sure to vote on Nov 4th. http://t.co/EOa2tqEouh #ofi #idgop #idpol,138,0,0,3,1,1,0,1165,5
61,2014-10-11,520983493757911041,It's Homecoming Game Day @ the College of Idaho! Gov. Otter is a proud alum! He was the football team's linebacker before graduating in '67.,140,0,1,0,0,0,0,1165,0
62,2014-10-11,521082883604504576,#ofi #SignBloom in Kamiah! #idgop #idpol http://t.co/PM6jHylLvL,63,0,0,4,1,0,0,1165,5
63,2014-10-12,521386177782640640,#ofi #SignBloom in Lewis County! Thanks for the support! #idgop #idpol http://t.co/eBBWebMS12,93,1,0,4,1,0,0,1165,5
64,2014-10-12,521384915385200641,"#ofi is hitting the road for the #idgop #BusTour across the state this week! Check out the schedule:
 http://t.co/3Dy9DfZdIf #idpol",131,1,0,4,1,0,0,1165,5
65,2014-10-12,521436462114693120,Gov. Otter announces expanded opportunities for the groundbreaking research at INL's CAES: http://t.co/6VFigwpA1w #ofi #idpol #BrightFuture,139,1,0,3,1,0,0,1165,4
66,2014-10-13,521771134497611777,The news is out: Our #ofi #idGOP #BusTour kicks off Wed. Check out our schedule. We'd love to see you! #idpol http://t.co/eLw74w0JMi,132,1,0,4,1,0,0,1165,5
67,2014-10-13,521665519536340993,In TWO DAYS - #ofi is hitting the road for the #idgop #BusTour across the state! Check out the schedule: http://t.co/3Dy9DfZdIf #idpol,134,0,0,4,1,0,0,1165,5
68,2014-10-13,521697004674887680,#ofi #SignBloom in Idaho County! Thanks for the pictures Skip Brandt! #idgop #idpol http://t.co/HixNSTQTPR,106,0,0,4,1,0,0,1165,5
69,2014-10-13,521708383616122880,@Tressadodge we appreciate your support! It's a great pic! RT: @OtterforIdaho Pretty excited I made the website #otterforidaho,126,1,0,1,0,2,0,1165,3
70,2014-10-13,521719573675245569,Have you seen our new ad? It highlights the Governor's accomplished leadership: http://t.co/QhLfOU9MZO #ofi #idgop #idpol #BrightFuture,135,1,0,4,1,0,0,1165,5
71,2014-10-13,521744554857611265,"@davlinnews - Of course! RT: Dear @IdahoGOP, can I please sit on the bus for part of the tour? I'll bring snacks.",113,0,2,0,0,2,0,1165,2
72,2014-10-13,521790136275591168,Gov. Otter has created more community college &amp; career training opportunities for Idahoans. http://t.co/BfCEravaMC #idpol #ofi #BrightFuture,144,0,0,3,1,0,0,1165,4
73,2014-10-14,522105954859745280,#TopicTuesday: How Governor Otter puts Idaho families first when it comes to balancing the budget. http://t.co/fqO9dbVGhK #ofi #idgop #idpol,140,0,0,4,1,0,0,1165,5
74,2014-10-14,522031873518993408,We're gearing up for tonight's debate in Nampa. It will air live on KTVB @ 8pm - 9pm &amp; online at http://t.co/lNmxQPWErB. #ofi #idgop #idpol,143,0,0,3,1,0,0,1165,4
75,2014-10-14,522168789275017216,We're ready! Check out the #ofi #idGOP #BusTour schedule here: http://t.co/Twu7lu3aoA #idpol http://t.co/j8StByKwfi,115,0,0,4,2,0,0,1165,6
76,2014-10-14,522075677382963201,#ofi #SignBloom in Bonneville County! Thanks for the support! #idgop #idpol http://t.co/hIlpfOQ1yN,98,0,0,4,1,0,0,1165,5
77,2014-10-14,522099905150853120," ""Republicans Must Stand Together in November"" @Labrador4Idaho endorses @OtterforIdaho read why here: http://t.co/Z0Ksb3aBLm #",126,3,0,2,1,3,0,1165,6
78,2014-10-14,522132302206619649,Big Day! Live Debate tonight on KTVB @ 8 - then up early tomorrow to kick off the statewide #ofi #idGOP #BusTour - http://t.co/W2vqi9A5O4,137,1,0,3,1,0,0,1165,4
79,2014-10-15,522455883855720448,Thanks to the Nampa Senior Center for being such gracious hosts! Next stop: the Nampa Civic Center then on to Kuna! #ofi #idgop #BusTour,136,0,0,3,0,0,0,1165,3
80,2014-10-15,522196570302074881,Thanks to our #ofi supporters for a great greeting ahead of tonights debate! Were live tweeting @ 8! #idgop #idpol http://t.co/wT9vkNsSRf,137,0,0,3,1,0,0,1165,4
81,2014-10-15,522206896124870656,Lofty goals are nothing without concrete plans  Experience counts. #OFIdebates #idgop #idpol,92,1,0,3,0,0,0,1165,3
82,2014-10-15,522207277919780864,Facts don't lie - Gov. Otter lead the state out of tough times #OFIdebates #idgop #idpol,88,0,1,3,0,0,0,1165,3
83,2014-10-15,522207558032183296,The Ed Task Force came up with great plans for the future - first time we've had plan that has bipartisan support #OFIdebates #idgop #idpol,139,0,0,3,0,0,0,1165,3
84,2014-10-15,522207968360939520,Great partnerships will carry the state forward. Cooperation is key. #OFIdebates #idgop #idpol,94,0,0,3,0,0,0,1165,3
85,2014-10-15,522208781355483136,"Gov. Otter values the oath of office - follows state law, the will of the people #OFIdebates #idgop #idpol",106,1,1,3,0,0,0,1165,3
86,2014-10-15,522208911500529665,How do you pick and choose what to follow when you take an oath? You dont. #OFIdebates #idgop #idpol,100,1,1,3,0,0,0,1165,3
87,2014-10-15,522209980783808513,"Balukoff offers NO long term funding solutions for education. Again, taxpayers beware! #OFIdebates #idgop #idpol",112,0,0,3,0,0,0,1165,3
88,2014-10-15,522210315254374401,It's not how much money you spend but how you spend the money. #OFIdebates #idgop #idpol,88,0,1,3,0,0,0,1165,3
89,2014-10-15,522211201447890944,Balukoff says the good teachers have left the state  Otter disagrees  we have great teachers in ID &amp; plan to pay them more.  -#OFIdebates,141,0,1,1,0,0,0,1165,1
90,2014-10-15,522211699961921537,Balukoff's budget doesn't add up. #OFIdebates #idgop #idpol,59,0,0,3,0,0,0,1165,3
91,2014-10-15,522211786909814784, AJ talks about who he talks to but nothing specific about what he would do.,76,1,0,0,0,1,0,1165,1
92,2014-10-15,522212517515649024,Balukoff favors repealing the 2006 property tax cut #OFIdebates #idgop #idpol,77,0,0,3,0,0,0,1165,3
93,2014-10-15,522213353121656832,When Balukoff talks about education he always references Boise - Does he know there are other school districts in Idaho? #OFIdebates #idgop,139,0,2,2,0,0,0,1165,2
94,2014-10-15,522213565823217664,The Governor supports choices in schools including charter schools #OFIdebates #idgop #idpol,92,0,0,3,0,0,0,1165,3
95,2014-10-15,522214175138148352,We have created more jobs - but we need to make sure our workforce is prepared for those jobs. Solution: Gov. created CWI &amp; other programs,142,0,1,0,0,0,0,1165,0
96,2014-10-15,522216379764985857,Gov. Otter is focused on Idaho companies and bringing in more opportunity to the state as well. #OFIdebates #idgop #idpol,121,1,1,3,0,0,0,1165,3
97,2014-10-15,522216736788320256,Gov. Otter's plans are already in motion - Skywest broke ground on Friday and will bring more good jobs to Idaho #OFIdebates #idgop #idpol,138,1,1,3,0,0,0,1165,3
98,2014-10-15,522217421739143168,We need to question the solvency of Federal funding before we jump in to something #OFIdebates #idgop #idpol,108,1,0,3,0,0,0,1165,3
99,2014-10-15,522218285899984896,Governor Otter has proven he can work with the legislature to get results. #OFIdebates #idgop #idpol,100,0,0,3,0,0,0,1165,3
100,2014-10-15,522219749737250816,The Governor appreciates the endorsement of the @IdahoStatesman  #OFIdebates #idgop #idpol,90,1,1,3,0,1,0,1165,4
101,2014-10-15,522219840137089024,Idaho citizens work hard to do right by their families: they dont want government to solve their problems. #OFIdebates #idgop #idpol,132,1,0,3,0,0,0,1165,3
102,2014-10-15,522219872257073152,The source of Idahos greatness is our people #OFIdebates #idgop #idpol,70,1,1,3,0,0,0,1165,3
103,2014-10-15,522219913730338816,"Together we can achieve our vision of safer, more prosperous and more united Idaho #OFIdebates #idgop #idpol",108,0,0,3,0,0,0,1165,3
104,2014-10-15,522219968721874945,Im Butch Otter and Im humbly asking for your vote to continue as your Governor.  #OFIdebates #idgop #idpol,106,0,0,3,0,0,0,1165,3
105,2014-10-15,522220386902372352,More proof after tonight's debate that Gov. Otter is a #TrueIdahoan who loves this state and the people #ofi #idgop #idpol #OFIdebates,134,3,3,5,0,0,0,1165,5
106,2014-10-15,522232163442651136,Thank you to @KTVB for hosting tonight's debate! #OFIdebates #idgop #idpol #ofi,79,0,2,4,0,1,0,1165,5
107,2014-10-15,522392730639794177,A list highlighting Gov. Otter's accomplishments can be found here - grouped by category: http://t.co/p3r1Uw5qEo #ofi #Idgop #idpol,131,0,0,3,1,0,0,1165,4
108,2014-10-15,522408403625586688,"#ofi #idgop #BusTour kicks off in five minutes! Were headed to Ada, Canyon and Owyhee Counties today! #idpol http://t.co/F7wZr8DgLW",131,0,0,4,1,0,0,1165,5
109,2014-10-15,522413074574503937,First stop Pastry Perfection in Boise! #ofi #idgop #BusTour http://t.co/X6FIpIXHTW http://t.co/CrhpWHesWu,105,1,0,3,2,0,0,1165,5
110,2014-10-15,522424462034358272,Thanks to Pastry Perfection for hosting our first stop on the #ofi #idgop #BusTour - off to Meridian City Hall now! #idpol,122,1,0,4,0,0,0,1165,4
111,2014-10-15,522434776977129473,Thanks for the warm welcome Meridian! We're off to Nampa now! #ofi  #idgop #BusTour #idpol http://t.co/nEXYbK5c4t,113,0,1,4,0,0,1,1165,4
112,2014-10-15,522456157404037122, Spent the morning with many @IdahoGOP candidates. Hear their message tonight. @IdahoOnYourSide http://t.co/ZpAaP7BWIc,118,4,0,0,0,3,1,1165,3
113,2014-10-15,522467484864356353,We arrived @ the Nampa Civic Ctr in time to see U.S. Sen. @JimRisch speak to the Nampa Chamber #ofi #idGOP #BusTour http://t.co/rsvVRQ5zO9,138,0,0,3,0,1,1,1165,4
114,2014-10-15,522467925144666112,Now we're off to Kuna! #ofi #idGOP #BusTour #idpol http://t.co/WqVnHRTNwi,73,0,0,4,0,0,1,1165,4
115,2014-10-15,522471779273826305,@BetsyZRussell Accomplishments are grouped by category to the right of the bio. RT: @OtterforIdaho Wrong link? That one goes to bio page.,137,0,0,0,0,2,0,1165,2
116,2014-10-15,522472814428033024,Welcome to team #idGOP Dan Popkey! #OFI #BusTour #idpol http://t.co/v93GrMiRgQ,78,1,2,4,1,0,0,1165,5
117,2014-10-15,522482181814636544,Great food &amp; conversation at El Gallo Giro in Kuna! Check out the pic we found inside the restaurant #ofi #BusTour http://t.co/0T2SPf0Ruh,141,0,2,2,0,0,1,1165,2
118,2014-10-15,522488065181614080,The First Lady encouraged Melba High seniors to vote: You have to be part of the process &amp; the solution #BusTour http://t.co/kBvtCdCnDL,139,0,1,1,1,0,0,1165,2
119,2014-10-15,522492022880739329,Melba was great - we had the opportunity to speak w/ Melba High Seniors! Marsing is next! #ofi #idGOP #BusTour #idpol http://t.co/sgJuHMj0Gg,140,0,0,4,0,0,1,1165,4
120,2014-10-15,522501247610683393,Enjoying the view during the drive from Melba to Marsing! #OFI #idGOP #BusTour #LizardButte http://t.co/GpuGK5XgdV,114,0,0,4,1,0,0,1165,5
121,2014-10-15,522506327885881344,Quick stop in Marsing and now we are headed to Weiser. #OFI #idGOP #BusTour http://t.co/Ju6jym8WbM,98,2,0,3,1,0,0,1165,4
122,2014-10-15,522532477366444032,#ofi #idGOP #BusTour is en route to Caldwell - we loved the enthusiasm from the Parma crowd! Thanks for your support! http://t.co/FTxyg7Nvnf,140,0,0,3,1,0,0,1165,4
123,2014-10-15,522533751558270976,One of the goals of our #ofi #idgop #BusTour is to encourage voters to head to the polls on Election Day. #20days http://t.co/SmihGUcHxy,136,1,0,4,1,0,0,1165,5
124,2014-10-16,522886253528641536,#ofi #idGOP #BusTour made its way through the beautiful towns of Kooskia and Kamiah http://t.co/ioevfQyhl1,106,1,0,3,0,0,1,1165,3
125,2014-10-16,522552564416782336,A perfect end to Day 1 of the #ofi #idGOP #BusTour! Thanks to the Canyon Cty GOP for hosting tonight's dinner #idpol http://t.co/KFKDcj1XhM,139,0,0,4,1,0,0,1165,5
126,2014-10-16,522553174323126272,Day 2 of the #ofi #idGOP #BusTour kicks off bright and early tomorrow morning. Click on this link for the schedule: http://t.co/9vvypWzNay,138,0,0,3,1,0,0,1165,4
127,2014-10-16,522735826099531776,Good Morning! #ofi #idGOP #BusTour continues bright and early! First stop: Weiser. Heres the schedule: http://t.co/AXLrvYLn45 #idpol #day2,138,0,0,5,1,0,0,1165,6
128,2014-10-16,522748827217190915,Our view from the #ofi #idGOP #BusTour on the way to Weiser. Beautiful sunrise over the valley. http://t.co/xFgfyFSaTz,118,0,0,3,1,0,0,1165,4
129,2014-10-16,522763993547825152,Thx to Washington Cty Farm Bureau Ins. for hosting us during our #ofi #idGOP #BusTour Weiser stop. Next up- Cambridge http://t.co/H2Qe2j1wGD,140,0,0,3,0,0,1,1165,3
130,2014-10-16,522764431676411904,@KTVBbri Weiser was great! We said hello for you! RT: @OtterforIdaho Weiser is a good place. Be nice to all my people. #Wolverineforlife,136,0,0,1,0,2,0,1165,3
131,2014-10-16,522766240352583680,Download an absentee ballot request form by visiting: http://t.co/ZL4tZ3Yl5t #ofi #idgop #idpol http://t.co/59ppmBiUWt,118,3,0,3,2,0,0,1165,5
132,2014-10-16,522772194582347777,Enjoying the views of our beautiful state during our #ofi #idGOP #BusTour. Can you guess where this pic was taken? http://t.co/2Ie0bOxEin,137,1,0,3,1,0,0,1165,4
133,2014-10-16,522775849066848257,We had a great time visiting with Cambridge residents at Mrs. G's Ranch House! #ofi #idGOP #BusTour is off to Council http://t.co/hQ33q0IGVQ,140,0,0,3,0,0,1,1165,3
134,2014-10-16,522791136747077632,Heartlands Coffee Kitchen was the perfect place to warm up in Council. New Meadows is next! #ofi #idGOP #BusTour http://t.co/fLg8OAMNz6,135,0,0,3,0,0,1,1165,3
135,2014-10-16,522803951184261120,Thx to The Connection for the warm coffee in New Meadows. Next #ofi #idGOP #BusTour stop: Riggins. http://t.co/vigHKadg9X,121,0,0,3,0,0,1,1165,3
136,2014-10-16,522847241300484097,Had a great lunch at the River Rock Cafe in Riggins. Now in Grangeville. #ofi #idGOP #BusTour http://t.co/YDyABA1z6i,116,0,0,3,1,0,0,1165,4
137,2014-10-16,522851620158447616,#ofi #idGOP #BusTour stop in Grangeville. Now off to Kooskia! http://t.co/wQQsiKS2nD,84,0,0,3,0,0,1,1165,3
138,2014-10-16,522887960757170176,"A warm, sunny welcome in Orofino! #ofi #idGOP #BusTour is now headed to Lewiston. http://t.co/YNG8yYagZf",104,1,0,3,0,0,1,1165,3
139,2014-10-17,523158828633059328, AP Claims Inaccuracies In Democratic Gubernatorial Political Ad http://t.co/V0UebaVnwN,87,4,0,0,1,1,0,1165,2
140,2014-10-17,522912631381053440,On our way to the last event of #ofi #idGOP #BusTour Day 2. Check out some pics from the bus today! #IdahoBeauty http://t.co/eFPe3RFsAt,135,0,0,4,1,0,0,1165,5
141,2014-10-17,522957417185673216,Tonight's event at Lindsay Creek Vineyards in Lewiston was a perfect way to wrap up #ofi #idGOP #BusTour Day 2! http://t.co/JLWaDWGYl3,134,0,0,3,0,0,1,1165,3
142,2014-10-17,522957498186469376," @IdahoGOP Bus Tour stop in Council with @OtterforIdaho, @LtGovBradLittle, @Labrador4Idaho and Chairman @YatesDCIA! http://t.c",126,4,0,0,0,6,1,1165,6
143,2014-10-17,523111558210392064,Day 3 of the #ofi #idGOP #BusTour. We have one surprise stop in the morning and then we are headed to Hayden. http://t.co/F5xY1GfnsR,132,0,0,3,1,0,0,1165,4
144,2014-10-17,523138020963532801,We took a detour this morning from the #ofi #idGOP #BusTour to check out Idaho's 1st Capitol in Lewiston. http://t.co/5lJsef7LMu,128,0,0,3,1,0,0,1165,4
145,2014-10-17,523173881574879233,The #ofi #idGOP #BusTour stopped at Super 1 Foods in Hayden - it was great visiting with our friends! On to Athol. http://t.co/9KUpVtzG5l,137,2,1,3,0,0,1,1165,3
146,2014-10-17,523175165849792512, Idaho GOP members take bus tour across Treasure Valley to drum up support http://t.co/OYjh3l2LiJ #IdahoOYS @IdahoOnYou,119,2,0,1,1,2,0,1165,4
147,2014-10-17,523182074006892544,Thanks to those who greeted us in Athol! The #ofi #idGOP #BusTour is now off to Sandpoint! http://t.co/m7MvoC9W1e,113,0,0,3,0,0,1,1165,3
148,2014-10-17,523210094436450305,We had a great visit and lunch in Sandpoint! #ofi #idGOP #BusTour is in Priest River now for a special presentation. http://t.co/SLiFmsPadb,139,0,0,3,0,0,1,1165,3
149,2014-10-17,523220788791750656,"Gov. Otter got to help Farmer's Ins. award a Priest River Teacher with a ""Thank a Million Teachers"" $2,500 grant. http://t.co/BFAIpP0O7V",136,0,0,0,0,0,1,1165,0
150,2014-10-17,523230911417290752,#ofi #idGOP #BusTour in Spirit Lake. Now on to Rathdrum. #idpol http://t.co/bcBkgTz68k,86,0,0,4,0,0,1,1165,4
151,2014-10-17,523243409734385664,"#ofi #idGOP #BusTour also known as ""the Republican express for success"" is off to Post Falls. Thx Rathdrum! http://t.co/Oyf7nUu5dn",130,1,1,3,0,0,1,1165,3
152,2014-10-17,523246893447782400,Inside the #OFI #idGOP #BusTour http://t.co/3B1eEsnmxk #idpol,61,0,0,4,1,0,0,1165,5
153,2014-10-17,523258430359105536,"Students in Priest River were excited to snap a ""Selfie"" with the Governor. #GovSelfie #ofi  http://t.co/zoMlWErFM6 http://t.co/6YexUx59c1",138,0,0,2,2,0,0,1165,4
154,2014-10-18,523281302825750528,Day 3 of the #ofi #idGOP #BusTour is in the books! Tomorrow we're headed to Moscow for U of I Homecoming events and then on to Cascade!,135,0,0,3,0,0,0,1165,3
155,2014-10-18,523490700374327299,#ofi #idGOP #BusTour is on the road again. We are just leaving CDA - headed to Moscow for homecoming celebrations! http://t.co/MtWydFsHr6,137,1,2,3,1,0,0,1165,4
156,2014-10-18,523514349986803712,We made it to Moscow! Getting ready for the Homecoming parade now. #ofi #idGOP #BusTour http://t.co/flkzi3eumW,110,0,0,3,1,0,0,1165,4
157,2014-10-18,523515853678325761,The Latah Cty Republicans put together an impressive float for the UI Homecoming parade. #ofi #idGOP #BusTour http://t.co/lOeZZbZXnk,132,2,1,3,1,0,0,1165,4
158,2014-10-18,523266790332588032,A huge thank you to Buck Knives for hosting our stop in Post Falls. Off to the last stop of #ofi #idGOP #BusTour Day 3 in CDA!,126,0,0,3,0,0,0,1165,3
159,2014-10-18,523271364879605760,Beautiful evening in CDA! #ofi #idGOP #BusTour http://t.co/U3PcCqVwC9,69,1,1,3,1,0,0,1165,4
160,2014-10-19,523630241223569409, @OtterforIdaho @LtGovBradLittle on the bus tour in Hayden http://t.co/XynKbn1fyb,81,1,0,0,0,3,1,1165,3
161,2014-10-19,523643138876129280,Had a great time at @uidaho Homecoming today! The University is celebrating 125 yrs! #ofi #idGOP #BusTour,105,0,2,3,0,1,0,1165,4
162,2014-10-19,523648499947429889,Thank you to the American Legion in Cascade for hosting dinner! The #ofi #idGOP #BusTour hits the road again on Monday.,119,0,1,3,0,0,0,1165,3
163,2014-10-19,523916542313259009,Idaho's unemployment continues to fall-  Another sign Gov. Otter's leadership is propelling Idaho forward http://t.co/hwtD8Vzwzu #idpol #ofi,140,4,3,2,1,0,0,1165,3
164,2014-10-19,523626267007270912,Looking forward to seeing Mitt Romney this week! I'm very appreciative of his endorsement: http://t.co/8tnjzZqtc9 #ofi #idgop #idpol,132,2,0,3,1,0,0,1165,4
165,2014-10-19,523629389674999809, .@OtterforIdaho in the #vandalhomecoming parade in @CityofMoscowId. http://t.co/T7GKbpSnkl,91,1,0,1,0,3,1,1165,4
166,2014-10-20,524312154258669568,Standing room only at Sammy's in Mackay!! Thanks for the support! #ofi #idGOP #BusTour rolls on to Arco! http://t.co/Ei0VnPdUqh,127,0,0,3,0,0,1,1165,3
167,2014-10-20,524322063964971008,Quick stop in Arco! Now on to Terreton and then to our last stop in Idaho Falls. #ofi #idGOP #BusTour http://t.co/ddoJm35jDj,124,0,0,3,0,0,1,1165,3
168,2014-10-20,524346163382976512,Thank you to our friends in Terreton who came out to visit with us during our stop! #ofi #idGOP #BusTour http://t.co/2AgNdoe7Ds,127,1,1,3,0,0,1,1165,3
169,2014-10-20,524325513964584960, The countdown continues with only 15 days until Election Day. Remember to vote Republican on Nov. 4th! #idpol #idgop http://t,126,13,0,2,0,1,1,1165,3
170,2014-10-20,523993303424204802,The #ofi #idGOP #BusTour is hitting the road again tomorrow. We're headed east - check out the schedule here: http://t.co/mxxJXbNr4B,132,0,0,3,1,0,0,1165,4
171,2014-10-20,524192436567171073,Good Morning! #ofi #idGOP #BusTour is en route to Mountain Home! #idpol http://t.co/PyHDAlYveD,94,0,0,4,1,0,0,1165,5
172,2014-10-20,524293161414184961,Just passing by a well known spot in Idaho - can you guess where we are? #OFI #idGOP #BusTour http://t.co/QqvYLVyn7s,116,0,0,3,1,0,0,1165,4
173,2014-10-20,524212193592868864,Thanks to Lucky Perk for hosting our first stop in Mt Home! #ofi #idGOP #BusTour is off to Fairfield! http://t.co/QeFItCpv4x,124,1,1,3,0,0,1,1165,3
174,2014-10-20,524242097214615552,Thanks to all who greeted us in Fairfield including the h.s. seniors! #ofi #idGOP #BusTour is headed to Blaine Cty http://t.co/Iea1l3lUef,137,1,1,3,0,0,1,1165,3
175,2014-10-20,524281218700148736,Leaving Picabo - #ofi #idGOP #BusTour is headed for Carey. http://t.co/C8A0BpMC0W,81,0,0,3,0,0,1,1165,3
176,2014-10-20,524246066188025856,Beautiful fall day in the Wood River Valley. #OFI #idGOP #BusTour http://t.co/urvaWcsLM8,88,0,0,3,1,0,0,1165,4
177,2014-10-20,524266630537543680,The deadline to send in absentee ballots is approaching quickly. Request yours here: http://t.co/ZL4tZ3Yl5t #idpol #ofi #idgop,126,0,0,3,1,0,0,1165,4
178,2014-10-20,524269473747189761,Here are some pics from our stop in Bellevue at the Splash and Dash #ofi #idGOP #BusTour http://t.co/2V2QonHnQi,111,0,0,3,0,0,1,1165,3
179,2014-10-20,524269833857560577,We had a great lunch in Hailey at the Connection senior ctr! #ofi #idGOP #BusTour is off to Picabo! http://t.co/PGHpJHvHpw,122,1,1,3,0,0,1,1165,3
180,2014-10-20,524305448606777344,Meet Al! Hes our bus driver who always gets us to our stops on time! Thanks Al for all you do! #OFI #idGOP #BusTour http://t.co/XqrGbCfEZn,138,0,0,3,1,0,0,1165,4
181,2014-10-21,524564698189295617,Governor Otter is taking a proactive approach when it comes to the threat of Ebola. #ofi #idgop #idpol http://t.co/GqwQPDVCph,125,2,1,3,1,0,0,1165,4
182,2014-10-21,524704339668271104,Quick stops in St. Anthony and Sugar City. #ofi #idGOP #BusTour is wrapping up the day now in Rexburg. http://t.co/VBq9Brf6kG,125,0,0,3,0,0,1,1165,3
183,2014-10-21,524672137249193985,Thanks to N. Fremont High students in Ashton for your great questions. #ofi #idGOP #BusTour is off to St. Anthony. http://t.co/CcFGWtvUut,137,0,0,3,0,0,1,1165,3
184,2014-10-21,524649950018564096,Here are a few pics from the Geotourism Center in Driggs. #ofi #idGOP #BusTour next stop: Ashton http://t.co/LBcYx5zmJ2,119,1,0,3,0,0,1,1165,3
185,2014-10-21,524649325759303680,"We toured the Geotourism Center in Driggs. It opened Aug 1 &amp; has had 3,000 visitors from every state &amp; 31 countries. #ofi #idGOP #BusTour",145,1,0,3,0,0,0,1165,3
186,2014-10-21,524637853255737344,Thanks to those who organized our #ofi #idGOP #BusTour lunch break in Victor. Next stop: Driggs. http://t.co/7F6nRlobPQ,119,1,0,3,0,0,1,1165,3
187,2014-10-21,524627550237360129,"""Otter has been a staunch supporter of our 2nd Amendment rights &amp; hunting heritage."" NRA Endorsement, more here: http://t.co/TAZTWIIGMv #ofi",144,0,0,1,1,0,0,1165,2
188,2014-10-21,524618562619850752,Swan Valley is a beautiful area! Now off to Victor. #ofi #idGOP #BusTour http://t.co/sJa7HAF2Ed,95,0,0,3,0,0,1,1165,3
189,2014-10-21,524612435073044481,Storm clouds and beautiful scenery as we travel through Eastern Idaho. #ofi #idGOP #BusTour http://t.co/OTYGXmbdcm,114,0,0,3,0,0,1,1165,3
190,2014-10-21,524609136546562050,Request your absentee ballot here: http://t.co/9sYUppEg7x #ofi #idgop #idpol,76,0,0,3,1,0,0,1165,4
191,2014-10-21,524605849516662784,Thanks to Broulim's for hosting our first #ofi #idGOP #BusTour stop of day 6 in Rigby. Now we're off to Swan Valley. http://t.co/pLInGmrVJT,139,0,0,3,0,0,1,1165,3
192,2014-10-21,524587207093678080,Today's #TopicTuesday is a Voter View - what a biz owner has to say about Gov. Otter's leadership: http://t.co/yy9c7adOrb #idgop #idpol #ofi,140,0,0,4,1,0,0,1165,5
193,2014-10-21,524426382278156289, Excited to welcome @OtterforIdaho &amp; @LtGovBradLittle to Teton Valley on Tuesday. Victor Park at 12:30. Driggs Plaza at,123,6,0,1,0,3,0,1165,4
194,2014-10-21,524370256534712321,Gov Otter meeting with future voters in IF #ofi #idGOP #BusTour http://t.co/5r7UFlqB2k,86,0,1,3,0,0,1,1165,3
195,2014-10-21,524367519910748160,Wrapped up Day 5 in IF with a great celebration! Thx to all who helped make it possible #ofi #idGOP #BusTour http://t.co/hYygCRGHqE,131,0,0,3,0,0,1,1165,3
196,2014-10-21,524354559796576256,The Idaho Falls high school band did a fantastic job welcoming us to Idaho Falls! #OFI #idGOP #BusTour http://t.co/5D5N57w1Tc,125,1,2,3,0,0,1,1165,3
197,2014-10-22,524940792000159745,"@KMVTNews caught up with the #ofi #idGOP #BusTour this week. Here's more on the ""Express for Success"": http://t.co/uiTiJdUhDr #idpol",132,0,0,4,1,1,0,1165,6
198,2014-10-22,524948335439118336," #Idaho has 5th fastest growing #economy in the U.S., says @OtterforIdaho #Boisetradebiz http://t.co/Oao2vFNcFD",111,1,0,3,0,2,1,1165,5
199,2014-10-22,524987518266400768,Election Day is 13 days away! Otter for Idaho! #ofi #idgop #idpol http://t.co/BWlKrOSq6X,88,0,0,3,1,0,0,1165,4
200,2014-10-22,525010051799719936,Idaho ranked 2nd in the West for total net farm income in 2012 - http://t.co/jIhtGJeeul  #ofi #idgop #idpol,107,1,1,3,1,0,0,1165,4
201,2014-10-22,525027624218005506,@Larador4Idaho on why he supports Gov. Otter during an #ofi #idGOP #BusTour speech: http://t.co/Dvxse3t4Uq #idpol,113,2,2,4,1,0,0,1165,5
202,2014-10-22,525030449052020736,Gov. Mitt Romney made a quick stop to support Gov. Otter &amp; encourage Idahoans to get out &amp; vote #ofi #Idgop #idpol http://t.co/FkQ1OAl3KB,145,4,3,3,0,0,1,1165,3
203,2014-10-22,525045027169640448, Mitt Romney was in Boise campaigning for @OtterforIdaho see what he had to say at 4 on @KBOITV #IDElection http://t.co/x,121,2,0,1,0,3,1,1165,4
204,2014-10-22,525070512280440832,"Romney says Otter's strong, conservative leadership makes him the right choice for Idaho! #idgop #idpol #ofi http://t.co/J87dkaGfAQ",131,3,0,3,0,0,1,1165,3
205,2014-10-22,525073901848907776, Mitt Romney in town campaigning for @OtterforIdaho coming up at 530 on @KBOITV hear what he had to say http://t.co/1G2u7,121,3,0,0,0,3,1,1165,3
206,2014-10-22,525073988192858112, Great event today w/  @MittRomney who made it clear why we need to reelect @ButchOtter @OtterforIdaho #idpol #idgop http://,124,5,0,2,0,4,1,1165,6
207,2014-10-22,524724396683190272,Wrapped up the #ofi #idGOP #BusTour Day 6 in Rexburg. Thanks to those who put together tonight's event! http://t.co/KYoeSSxBcS,126,0,0,3,0,0,1,1165,3
208,2014-10-22,524755742595616768, Has the @IdahoGOP bus tour helped to pull party together? We asked chair Steve Yates: http://t.co/TP8onolGLa #idpol,116,2,0,1,1,2,0,1165,4
209,2014-10-22,524931206455263232,Looking forward to seeing Governor Mitt Romney today. #ofi #idgop #idpol http://t.co/1JeEjWYIKw,95,1,1,3,1,0,0,1165,4
210,2014-10-22,524948235857965056,"Day 7 of the #ofi #idGOP #BusTour is a ""work day"" in IF. We have a team of volunteers working hard to educate voters. http://t.co/qCdS6gdNjT",140,0,0,3,1,0,0,1165,4
211,2014-10-23,525387322473590785,"Great crowd in Preston! #ofi #IdGOP #BusTour is headed to McCammon, American Falls then Burley. http://t.co/XMqb3CG1N7",118,0,0,3,0,0,1,1165,3
212,2014-10-23,525388859237216258,Another study ranks Idaho 5th in economic outlook! Thanks Governor Otter! http://t.co/uMPEVPqYto #idgop #ofi #idpol #BrightFuture,129,0,0,4,1,0,0,1165,5
213,2014-10-23,525392520591986688,This is a great video outlining Governor Otter's Accelerate Idaho initiative. http://t.co/gJqiCDLxsu #ofi #idgop #idpol,119,0,0,3,1,0,0,1165,4
214,2014-10-23,525400059849236481,We are enjoying the states beautiful landscape on the #ofi #idGOP #BusTour Can you guess where this pic was taken? http://t.co/DCCCw0w4yB,137,0,0,3,1,0,0,1165,4
215,2014-10-23,525422670461280256,Thanks American Falls! #ofi #idGOP #BusTour is headed to our last stop of the day in Burley! http://t.co/3r6pGcsSIU,115,1,0,3,0,0,1,1165,3
216,2014-10-23,525410852200267777,We got to tour the newly renovated Harkness Hotel in McCammon - it's a great local treasure! #ofi #idGOP #BusTour http://t.co/WkGxsGkQcP,136,0,0,3,0,0,1,1165,3
217,2014-10-23,525080462323372033,"""Romney and Risch gave stump speeches praising Otter for his work in Idaho's economic recovery..."" http://t.co/3iwPQ1gQnG #ofi #idgop #idpol",140,1,0,3,1,0,0,1165,4
218,2014-10-23,525108172085018624,The deadline to request an absentee ballot is one week from today. Request yours here: http://t.co/7FXVapRv4L #idgop #idpol #ofi,128,1,0,3,1,0,0,1165,4
219,2014-10-23,525154464320462848, .@mittromney stopped in Boise today. He appeared at the Trade and Business Conference and campaigned for @OtterforIdaho.,121,1,0,0,0,3,0,1165,3
220,2014-10-23,525288146167402496,Here is what Romney had to say during his campaign stop in support of Governor Otter yesterday: http://t.co/aIUz4e2PPc #idgop #idpol #ofi,137,0,0,3,1,0,0,1165,4
221,2014-10-23,525293631947952128,@KTVB story on Romney's visit to Boise including his campaign stop in support of Governor Otter: http://t.co/Ki9xPcWSWo #ofi #idgop #idpol,138,0,0,3,1,1,0,1165,5
222,2014-10-23,525300683130810369,#ofi #idGOP #BusTour is on the road for Day 8. First stop: Blackfoot! http://t.co/ybuxjVUQRC,92,0,0,3,1,0,0,1165,4
223,2014-10-23,525301477586530304,Gov. Otter's leadership stands out - Idaho is 1 of only 15 states w/ an unemployment rate below 5% http://t.co/jUiWAJMW47 #ofi #idgop #idpol,140,0,0,3,1,0,0,1165,4
224,2014-10-23,525319383275823104,A perfect way to kick off #ofi #idGOP #BusTour day 8 with an enthusiastic crowd including many students in Blackfoot http://t.co/KJVzWdyU3I,139,1,10,3,0,0,1,1165,3
225,2014-10-23,525335222582521856,#ofi #idGOP #BusTour stop in Chubbuck - now off to Pocatello http://t.co/0w5ei8Rbbp,83,0,0,3,0,0,1,1165,3
226,2014-10-23,525342279121514496,Meet Jack &amp; Mary Jane. They've volunteered on #idGOP campaigns for over 20 yrs. We appreciate them!! #ofi #BusTour http://t.co/8yLHZBgh5Q,141,0,0,3,1,0,0,1165,4
227,2014-10-23,525346043542900737,Thx to the voters who showed up to chat with our candidates in Pocatello. #ofi #idGOP #BusTour on to Soda Springs! http://t.co/mT2vweGE38,137,0,0,3,0,0,1,1165,3
228,2014-10-23,525350956582834176,"Click on the link to hear from Romney, Risch and Governor Otter: http://t.co/Jun0Kjy79Z #ofi #idGOP #idpol",106,0,0,3,1,0,0,1165,4
229,2014-10-23,525365114044952576,A chilly afternoon in Soda Springs! Thanks to all who showed up to greet the #ofi #idGOP #BusTour http://t.co/8oiIZkbqTz,120,0,0,3,0,0,1,1165,3
230,2014-10-24,525699999221686272,The Magic Valley GOP Women and The Body Works organized a great stop in Buhl! Next #ofi #idGOP #BusTour stop: Jerome http://t.co/cSta1p8VWU,139,0,0,3,0,0,1,1165,3
231,2014-10-24,525453550483435520,Thanks to all who organized our dinner in Burley! #ofi #idGOP #BusTour kicks off tomorrow in Twin Falls. http://t.co/5wS6RWAwPF,127,0,0,3,0,0,1,1165,3
232,2014-10-24,525648489544699904,#ofi #idGOP #BusTour Day 9 kicks off in 30 minutes - here's the schedule: http://t.co/cGcXwW8Pnl,96,0,0,3,1,0,0,1165,4
233,2014-10-24,525667033628024833,"Romney: ""What's happening under Butch Otter should happen in every state."" Read more here: http://t.co/7E4hO0tW4Q  #ofi #idgop #idpol",133,0,0,3,1,0,0,1165,4
234,2014-10-24,525670499322703872,Thank you to the Twin Falls GOP for putting together the first event of #ofi #idGOP #BusTour Day 9. Off to Kimberly! http://t.co/LGsxhIPtwN,139,0,0,3,0,0,1,1165,3
235,2014-10-24,525680370956894209,The sun is out and it's a beautiful day in Kimberly! #ofi #idGOP #BusTour is headed to Filer. http://t.co/pvlxIQOy2M,116,0,1,3,0,0,1,1165,3
236,2014-10-24,525690506572222464,Thanks to everyone who greeted us in Filer! It was great seeing all of you! #ofi #idGOP #BusTour http://t.co/UQlIO4NCGd,119,0,0,3,0,0,1,1165,3
237,2014-10-24,525697087716196353,Thank you Senator John Goedde! I appreciate your support! http://t.co/JvtyLRWJMq #ofi #idgop #idpol,99,1,0,3,1,0,0,1165,4
238,2014-10-24,525700404290789376, Great turnout at the @IdahoGOP Bus Tour stop in Filer! #idpol #idgop #BusTour http://t.co/oJZ1lrQQde,101,1,0,3,0,2,1,1165,5
239,2014-10-24,525705858274299904,More good news for our economy - HP bringing new jobs to Idaho. More from HP's Meg Whitman here: http://t.co/CAqw081JMG #ofi #idpol #idgop,138,0,0,3,1,0,0,1165,4
240,2014-10-24,525715693048963072,Lunch in Jerome &amp; then to Shoshone. #ofi #idGOP #BusTour has 9 stops today as we make our way to BSU Stadium. http://t.co/4Ct4ODxdJd,136,0,0,3,0,0,1,1165,3
241,2014-10-24,525733864938176513,Thanks to those who greeted the #ofi #idGOP #BusTour in Shoshone! http://t.co/ENg1vH33KP,88,0,0,3,0,0,1,1165,3
242,2014-10-24,525736242982711296,A patriotic and spirited welcome from the students at North Valley Academy in Gooding! #ofi #idGOP #BusTour http://t.co/qwAzhHDDvq,130,1,0,3,0,0,1,1165,3
243,2014-10-24,525754312946114561,"""This is a man who deserves another term as Governor."" Thanks for the support Sen. Jim Risch! http://t.co/8sJ4qGuScA #ofi #idgop #Idpol",135,1,1,3,1,0,0,1165,4
244,2014-10-24,525772217913991168,Thanks to everyone in Glenns Ferry and Wendell for your support! #ofi #idGOP #BusTour is off to Bronco Stadium! http://t.co/hyzAAMMxC5,134,1,0,3,0,0,1,1165,3
245,2014-10-25,526143549403070466,Thx to the team in Fruitland for organizing a great potluck! It was the perfect way to wrap up #ofi #idGOP #BusTour http://t.co/j6zE07RLVg,138,0,1,3,0,0,1,1165,3
246,2014-10-25,525810816940277761,Go Broncos! #ofi #idGOP #BusTour day 9 is a wrap! http://t.co/ik3w6l0on8,72,1,0,3,0,0,1,1165,3
247,2014-10-25,526025726848692224,It's the FINAL DAY of the #ofi #idGOP #BusTour - We've had a great tour! Here's today's schedule:,97,0,0,3,0,0,0,1165,3
248,2014-10-25,526032066375614464,Good morning! A great start to #ofi #idGOP #BusTour day 10 - our last day! http://t.co/eYGUPoOSXT,97,0,0,3,1,0,0,1165,4
249,2014-10-25,526052920669003777,Our first #ofi #idGOP #BusTour stop of the day was fantastic! Thanks to our many volunteers &amp; supporters!! http://t.co/aDGTpRj0Pa,133,0,0,3,0,0,1,1165,3
250,2014-10-25,526062830748192768,#ofi #idGOP #BusTour stop at City Hall in Star. Now we are headed for Middleton. http://t.co/ccCQaAbY2G,103,1,0,3,0,0,1,1165,3
251,2014-10-25,526075155714670594,Thank you to Ridley's &amp; to our supporters for a fun stop in Middleton! #ofi #idGOP #BusTour is off to Simplot Stadium http://t.co/BUpoc6JUwe,144,0,0,3,0,0,1,1165,3
252,2014-10-25,526075779835523072,News coverage of our #ofi #idGOP #BusTour stop in Rexburg - including Gov. Otter's plans to keep Idaho moving forward http://t.co/6DVeKH8r1i,140,1,0,3,1,0,0,1165,4
253,2014-10-25,526091648904998912,Go Yotes! #ofi #idGOP #BusTour is headed from Caldwell to Emmett! http://t.co/2PQWlklO8a,88,0,0,3,0,0,1,1165,3
254,2014-10-25,526112278685704194,Humbled by the support of Governor Mitt Romney! #ofi #idgop #idpol http://t.co/9nYted5V7w,89,3,2,3,1,0,0,1165,4
255,2014-10-25,526113019039055873,We had two stops in Emmett! First #ofi #idGOP #BusTour stop was at Husky Park. http://t.co/E0tt08r4xf,101,1,1,3,0,0,1,1165,3
256,2014-10-25,526117018890952704,Our 2nd Emmett stop was at KT's Bowling lanes. Now the #ofi #idGOP #BusTour is headed for our last stop in Fruitland. http://t.co/sz55oKMxji,140,1,1,3,0,0,1,1165,3
257,2014-10-25,526148475160100865,Our view home after 89 stops and 10 days on the #ofi #idGOP #BusTour across Idaho. We cant thank everyone enough! http://t.co/UILrSZNGmW,136,0,0,3,1,0,0,1165,4
258,2014-10-26,526436962853720065,The deadline for absentee voting is approaching quickly! Request yours here: http://t.co/Jr1CVFxkSH #ofi #idgop #idpol,118,2,0,3,1,0,0,1165,4
259,2014-10-26,526165171694497793,@IdahoStatesman shot video at our campaign event w/ Romney &amp; Risch - hear what a voter had to say: http://t.co/60EIM3qQWM #ofi #idgop #idpol,144,2,0,3,1,1,0,1165,5
260,2014-10-26,526411737629990912,Thank you for your support! Here are some photos to share or use for a profile pic #ofi #idgop http://t.co/Jxa7mEKObX http://t.co/8Ciy8zgCO1,140,0,0,2,2,0,0,1165,4
261,2014-10-26,526412709320228864,Great news coverage of our final #ofi #idGOP #BusTour stop in Fruitland. http://t.co/8DUI2KkGDT #idpol,102,2,0,4,1,0,0,1165,5
262,2014-10-26,526503602769375232,Governor Otter's opponent has already failed Idahoans - here are the facts: http://t.co/iLzbN9JPuR #idgop #idpol #ofi,117,0,0,3,1,0,0,1165,4
263,2014-10-27,526794293735063553,Curious why Gov. Otter is running for a 3rd term? Here's your answer: http://t.co/f8fpWGFEWa #ofi #idgop #idpol,111,0,0,3,1,0,0,1165,4
264,2014-10-27,526754316590514176,"I appreciate the @IdahoPressTrib endorsement and the recognition for governing ""the Idaho way."" http://t.co/BdosIgvxsP #idgop #idpol #ofi",137,1,1,3,1,1,0,1165,5
265,2014-10-27,526856449692295170,Gov. Otter is getting ready to go live on KBOI 670 with Nate Shelman. Hell be on until 5pm http://t.co/ABDfuurhJK #ofi #idGOP #idpol,132,0,0,3,1,0,0,1165,4
266,2014-10-28,527197780616675328," NYT/CBS/YouGov released a poll today for Oct 16-23 which, once again, has @OtterforIdaho up big. http://t.co/v6scGqB9ux #",122,1,0,1,1,2,0,1165,4
267,2014-10-28,527105206262444033,#TopicTuesday Voter View: A Melba teacher sets the record straight about education in Idaho. http://t.co/oCI2BLCEzC #ofi #idgop #idpol,134,0,0,4,1,0,0,1165,5
268,2014-10-28,527157891267325953,"Coverage of the #ofi #idGOP #BusTour in Twin Falls- ""The Express for Success"": http://t.co/3zFEB2SVES  #idpol",109,0,0,4,1,0,0,1165,5
269,2014-10-28,527194423181205506,"#TopicTuesday Voter View on the Economy - A local biz owner calls Gov. Otter a ""shining example"" http://t.co/XHn52IdHb0 #idgop #idpol #ofi",138,0,0,4,1,0,0,1165,5
270,2014-10-28,527205711101833217,Gov. Otter's opponent can't remember who he voted for in the 2008 Presidential Election: http://t.co/LLohBsLot0 #ofi #idgop #idpol,130,1,1,3,1,0,0,1165,4
271,2014-10-29,527532843048919040,Your vote is important on Nov. 4th - watch this video to learn why: http://t.co/9RQx1WsYk3 #ofi #idgop #idpol #6days,116,0,0,4,1,0,0,1165,5
272,2014-10-29,527259794407964672,#ofi #SignBloom in Jerome! We love seeing yellow Otter for Idaho signs up across the state! http://t.co/HexhPywGgk #idgop #idpol,128,0,0,4,1,0,0,1165,5
273,2014-10-29,527605878267318272,#TopicTuesday was designed to educate voters. Check out what Gov. Otter had to say here: http://t.co/7FrcmpahBh #idgop #idpol #ofi,130,0,1,4,1,0,0,1165,5
274,2014-10-29,527467596665589760,Here's what Gov. Otter had to say when it comes to good vs. bad trends: http://t.co/o6NfE22qkp #ofi #idgop #idpol #BrightFuture,127,1,0,4,1,0,0,1165,5
275,2014-10-29,527492134484840448, College Republicans making phone calls to remind people to vote November 4th! http://t.co/4yboLyJ8f3,101,1,0,0,1,1,0,1165,2
276,2014-10-29,527494567189549056,Today is the last day to request an absentee ballot - click on the link for the request form. http://t.co/dLhwPGLpWR #idgop #idpol #ofi,135,0,0,3,1,0,0,1165,4
277,2014-10-29,527516702637314048,The Gov's new Tax Reimbursement Incentive has attracted another business to Idaho. More here: http://t.co/FShxKu8s0I #ofi #idgop #idpol,135,0,0,3,1,0,0,1165,4
278,2014-10-29,527524177604247552,"Do you have your ""I Voted for Otter"" sticker yet for your social media sites?  Here it is! http://t.co/0zp9xPG0ib http://t.co/nhM90yi3MN",136,0,0,0,2,0,0,1165,2
279,2014-10-29,527561479923720193,Gov. Otter's opponent finally recalls his 2008 vote - OBAMA - which fits his liberal agenda: http://t.co/z9LDN0z8AI #ofi #idgop #idpol,134,0,0,3,1,0,0,1165,4
280,2014-10-30,527839996179656704,Thanks for the support Mitt Romney! Here's a letter he sent to the @IdahoPressTrib on my behalf: http://t.co/iaf1z0IM9B #ofi #idgop #idpol,138,1,1,3,1,1,0,1165,5
281,2014-10-30,527624695907368961,I appreciate the support of the ID Lodging &amp; Restaurant Association - Thanks for your endorsement! http://t.co/hQ5uh0BNrY #ofi #idgop #idpol,144,1,0,3,1,0,0,1165,4
282,2014-10-30,527661602628468736,More GOTV phone calls tonight! If you want to help get out the vote - email bbrocksome@otter4idaho.com #idgop #ofi http://t.co/OgFDu3fTEj,137,0,0,2,0,0,1,1165,2
283,2014-10-30,527833645504270336,Tonight is the final Gubernatorial debate of the general election. It will be live on @IdahoPublicTV from 7pm - 8:30pm #ofi #idgop #idpol,137,0,0,3,0,1,0,1165,4
284,2014-10-30,527860559119937536,"Thx for the support, Andy! It's great to read your perspective, as an educator and Superintendent http://t.co/5RdOowynom #ofi #idgop #idpol",139,0,0,3,1,0,0,1165,4
285,2014-10-30,527873213704175616,Thank you to our volunteers in Latah County!! #GOTV #5days #ofi #idgop #idpol http://t.co/w8KnRDmZ7f http://t.co/fwEzzHSR1c,123,0,1,5,2,0,0,1165,7
286,2014-10-30,527873349117304833, The debate between @IdahoGOP @OtterforIdaho &amp; his Democrat opponent is tonight @ 7pm. Watch the debate here! http://t.co/joqR,130,2,0,1,1,3,0,1165,5
287,2014-10-30,527886420414066688,Nov. 4 is in #5days and we're getting out the vote #GOTV Want to help? Email bbrocksome@otter4idaho.com #ofi #idgop http://t.co/GN8mLKLAPC,138,0,0,4,1,0,0,1165,5
288,2014-10-30,527891500970307584,Election day is 5 days away! The facts don't lie: http://t.co/ysIP91gwfh #ofi #idgop #idpol,91,0,0,3,1,0,0,1165,4
289,2014-10-30,527926737557282816,#ofi #SignBloom in Ada County! Love seeing the yellow Otter for Idaho signs! #idgop #idpol http://t.co/j6Zbk44BKL,113,0,0,4,1,0,0,1165,5
290,2014-10-31,527998759779979264,FACT: ID 8th graders are tied for 8th in the nation in reading and 15th in the nation in math #OFIdebates #idgop #idpol,119,0,1,3,0,0,0,1165,3
291,2014-10-31,527979854730629120,Thx to those who came out to greet the Governor before his final debate! Watch it live on IPTV @ 7. #OFIdebates http://t.co/RGLaYRZcPl,134,0,0,1,0,0,1,1165,1
292,2014-10-31,527987328925835264,"Thanks to @IdahoPublicTV, @IdahoPress, League of Women Voters &amp; Boise State for hosting tonights LIVE debate #OFIdebates #idgop #idpol",138,0,0,3,0,2,0,1165,5
293,2014-10-31,527987540239073280,This is the Governors fourth and final debate of the general election. #OFIdebates #idgop #idpol,96,0,0,3,0,0,0,1165,3
294,2014-10-31,527987815049863168,Tune in to @IdahoPublicTV to see the debate LIVE #OFIdebates #idgop #idpol http://t.co/knQmQBQGXS,97,0,0,3,0,1,1,1165,4
295,2014-10-31,527989399162986496,Governor Otter's opponent kicks off debate talking about the Governor - not about plans for the future. #ofidebates #idgop #idpol,129,0,0,3,0,0,0,1165,3
296,2014-10-31,527989541903560705,He's already finding ways to avoid talking about his liberal agenda #ofidebates #idgop #idpol,93,0,0,3,0,0,0,1165,3
297,2014-10-31,527989941016723456,"FACT: #1 in personal income growth, #2 best place to start a biz, one of the top states for economic outlook #ofidebates #idgop #idpol",134,1,0,3,0,0,0,1165,3
298,2014-10-31,527990231887540224,The Otter Administration has produced the state's first 5-year ed plan that has bipartisan support #ofidebates #idgop #idpol,124,0,0,3,0,0,0,1165,3
299,2014-10-31,527990492613861376,The legacy we will have is a well educated workforce that is prepared for opportunities out there #ofidebates #idgop #idpol,123,0,0,3,0,0,0,1165,3
300,2014-10-31,527991079866761216,By the way: Idaho ranks 3rd in the nation for the best Return on Investment in K-12 Educational Effectiveness. #OFIdebates #idgop #idpol,136,1,0,3,0,0,0,1165,3
301,2014-10-31,527991429822681088,The Governors Tax Reimbursement Incentive has generated a substantial pipeline#OFIdebates #idgop #idpol,103,0,0,3,0,0,0,1165,3
302,2014-10-31,527991527323492352,"Dozens of companies looking to expand/relocate to Idaho = 3,800 additional jobs and $2.9 billion in capital investment. #OFIdebates #idgop",138,0,0,2,0,0,0,1165,2
303,2014-10-31,527992711014797312,"CCA Facts: As soon as we found there were irregularities we ordered an audit, the state took control and then ordered the FBI investigation",139,0,0,0,0,0,0,1165,0
304,2014-10-31,527994859114999808,"FACT: The # of ID H.S. students taking college courses doubled in 2 yrs, from 16,000 in '12 to 31,000 in '13  #OFIdebates #idpol #idgop",135,0,0,3,0,0,0,1165,3
305,2014-10-31,527995174316953600,Every high school is now connected to broadband #OFIdebates #idgop #idpol,73,0,0,3,0,0,0,1165,3
306,2014-10-31,527996038431649792,FACT: Idaho ranks 4th in the nation in the % of state dollars that make up local school districts budgets #OFIdebates #idgop #idpol,131,1,0,3,0,0,0,1165,3
307,2014-10-31,527997076609966080,Another irony of Balukoff's campaign ad: he says all of good teachers have left the state but he features one who moved here to teach - hmmm,140,0,0,0,0,0,0,1165,0
308,2014-10-31,527997591574020096,Gov. Otter's liberal opponent continues to avoid specifics on where he would get money #OFIdebates #idgop #idpol,112,0,0,3,0,0,0,1165,3
309,2014-10-31,527998683825315840,It's not how much money you spend but how you spend the money #idgop #idpol #ofidebates,87,0,1,3,0,0,0,1165,3
310,2014-10-31,527999116111282176,The task force included all stakeholders in education #OFIdebates #idgop #idpol,79,0,1,3,0,0,0,1165,3
311,2014-10-31,527999374803361793,Governor otter is making sustainable investments in education. #OFIdebates #idgop #idpol,88,0,1,3,0,0,0,1165,3
312,2014-10-31,528000606523641856,FACT: We're the 5th fastest growing economy in the nation  Heartland Institute #OFIdebates #idgop #idpol,104,1,0,3,0,0,0,1165,3
313,2014-10-31,528001653325430784,Wow! Balukoff is using pre-recession stats to try and tell his story - more proof he'll do anything to spin the story #ofidebates #idgop,136,1,0,2,0,0,0,1165,2
314,2014-10-31,528001857114079232,He has no clue about what's going on NOW in Idaho's economy #idgop #ofidebate #idpol,84,0,0,3,0,0,0,1165,3
315,2014-10-31,528002534582284288,FACT: Idaho is #1 in personal income growth #OFIdebates #idgop #idpol,69,0,0,3,0,0,0,1165,3
316,2014-10-31,528002812433948673,Company Balukoff mentioned that is moving out of state - is not moving and did not want min. wage raised. Governor has letter to prove it.,138,1,0,0,0,0,0,1165,0
317,2014-10-31,528003552032337920,"More job opps in Sandpoint, Pocatello and Boise as a result of Tax Reimbursement Incentive - all good paying jobs #OFIdebates #idgop #idpol",139,0,0,3,0,0,0,1165,3
318,2014-10-31,528004103776251904,"The plan for more high paying jobs is already in motion - Dozens of companies looking to expand/relocate to Idaho = 3,800 additional jobs",137,0,0,0,0,0,0,1165,0
319,2014-10-31,528006024280956930,It's going to take some courage and someone who can work with the legislature to solve the transportation funding issue #idpol #idgop #ofi,138,0,0,3,0,0,0,1165,3
320,2014-10-31,528006495443902464,Nobody in Idaho is in favor of discrimination #OFIdebates #idgop #idpol,71,0,0,3,0,0,0,1165,3
321,2014-10-31,528006816182329344,Majority of Idahoans voted to define marriage to be between a man and woman as part of states constitution #OFIdebates #idgop #idpol,132,0,0,3,0,0,0,1165,3
322,2014-10-31,528008331118792704,Gov. Otter values the oath of office he took to uphold the state constitution #OFIdebates #idgop #idpol,103,0,0,3,0,0,0,1165,3
323,2014-10-31,528008852927963136,We need to question and examine the solvency of funding from feds #OFIdebates #idgop #idpol,91,0,0,3,0,0,0,1165,3
324,2014-10-31,528009063079346177,Balukoff is using his entire closing statement to talk about Gov. Otter - not about his plans for Idaho #OFIdebates #idgop #idpol,129,0,0,3,0,0,0,1165,3
325,2014-10-31,528009670964043777,Idaho's greatness is because of it's people #OFIdebates #idgop #idpol,69,0,0,3,0,0,0,1165,3
326,2014-10-31,528009954264100864,Im Butch Otter and Im humbly asking for your vote to continue as your Governor.  #OFIdebates #idgop #idpol,106,2,0,3,0,0,0,1165,3
327,2014-10-31,528010020823511040,#TrueIdahoan #Lovesthisstate #ofi #idgop #idpol,47,0,0,5,0,0,0,1165,5
328,2014-10-31,528010575293743104,The final debate is over - Gov. Otter proved he is the ONLY choice - with a proven record &amp; plans for the future #ofi #idgop #idpol,135,1,0,3,0,0,0,1165,3
329,2014-10-31,528010657892147201, Make sure to vote on November 4th.,35,5,0,0,0,1,0,1165,1
330,2014-10-31,528010790729973760," Otter: Idaho is a good place to live, raise a family. The legislature got us through the recession by doing the conser",119,1,0,0,0,1,0,1165,1
331,2014-10-31,528031424935632897,Thx for your support tonight! Be sure to vote Nov. 4th! If you want to help #GOTV email bbrocksome@otter4idaho.com http://t.co/cxyUTMKUTr,137,0,1,1,0,0,1,1165,1
332,2014-10-31,528177363327385600,Looking forward to joining Kevin Miller on @580KIDO this morning just after 8! #ofi #idgop #idpol,97,0,0,3,0,1,0,1165,4
333,2014-10-31,528192355829309441,"Mitt Romney speaking about Governor Otter: ""You're lucky to have this man as your Governor"" http://t.co/mOfulFEnJP  #ofi #idgop #idpol",134,0,1,3,1,0,0,1165,4
334,2014-10-31,528213628437405697,Want to help get out the vote? Here are the details if you want to volunteer #GOTV #4days #ofi #idgop #idpol http://t.co/fdB5Jk20D5,131,0,0,5,1,0,0,1165,6
335,2014-10-31,528230435516854273,Join us tonight for Trick or Treating at the Capitol! 4pm - 6:30pm. We'll see you there! http://t.co/QlKKiWObvj,111,0,0,0,1,0,0,1165,1
336,2014-10-31,528247604510220288,#ofi #SignBloom along I-84 in Ada County! Vote Otter for Idaho in 4 days! #idgop #idpol http://t.co/onFMvzKeG0,110,0,0,4,1,0,0,1165,5
337,2014-11-01,528346702022197248,Happy Halloween! Miss Lori and I enjoyed the Trick or Treat event tonight at the Capitol. http://t.co/3LB8v5WGy6,112,2,2,0,0,0,1,1165,0
338,2014-11-01,528656515323162624,"Gov. Otter proved to be the clear winner in the final debate - w/ facts, results &amp; plans for the future http://t.co/io7RUjoKg2 #ofi #idgop",142,2,1,2,1,0,0,1165,3
339,2014-11-01,528616580650131457,I had a great time going door-to-door this morning and visiting with voters! #GOTV #ofi #idgop #idpol http://t.co/SnPoQpyCIt,124,0,0,4,1,0,0,1165,5
340,2014-11-02,528969941626925056,Curious how Gov. Otter stands on different issues? Check out our site: http://t.co/GLKtLaeeti to learn more. #ofi #idgop #idpol #GOTV,133,0,0,4,1,0,0,1165,5
341,2014-11-02,528984923328479232,The Governor's response to the Times-News Editorial Board endorsement: http://t.co/tJB58S7SBP #ofi #idgop #idpol,112,1,0,3,1,0,0,1165,4
342,2014-11-02,529007661451595776,#ofi #SignBloom in Meridian! Election day is less than 2 days away! #GOTV #ofi #idgop #idpol http://t.co/bnZg7qSbSC http://t.co/NwpqWCnNkR,138,0,0,6,2,0,0,1165,8
343,2014-11-02,529013889808490497,Our volunteers are working hard to get out the vote - Here's some info if you want to help #GOTV #ofi #idgop #idpol http://t.co/x118Gq5eZS,138,1,0,4,1,0,0,1165,5
344,2014-11-02,529040317795020800,Thank you to the Idaho State Pharmacy Association for your endorsement! I appreciate your support! http://t.co/rhEDYgnvPP #ofi #idgop #idpol,140,1,2,3,1,0,0,1165,4
345,2014-11-02,529056650712596483,@KTVB's story on the Governor's efforts to help #GOTV -Make sure you head to the polls on Tuesday! http://t.co/EBXVW5Tuzo #idgop #idpol #ofi,140,0,0,4,1,1,0,1165,6
346,2014-11-02,528711852759728129,We can't thank our volunteers enough! Here's some info if you want to help get out the vote: #GOTV #ofi #idgop #idpol http://t.co/x118Gq5eZS,140,0,0,4,1,0,0,1165,5
347,2014-11-02,528726962735681536,Feel free to share or use these images as your profile pic! #GOTV #ofi #idgop #idpol http://t.co/Hl6wUOZ9xA http://t.co/kvgemS6TYV,130,0,0,4,2,0,0,1165,6
348,2014-11-03,529404124522373120,"I appreciate @Labrador4Idaho 's support! ""Butch Otter is my governor, my nominee, and Im supporting him 100%"" http://t.co/ixjBBs3dIa #ofi",137,0,0,1,1,1,0,1165,3
349,2014-11-03,529414547212627968,My liberal Democrat opponent wants to raise min. wage but admitted to @nateshelman he starts some employees at min. wage #ofi #idgop #idpol,139,1,0,3,0,1,0,1165,4
350,2014-11-03,529407762259017728,Rep. Hartgen supports Gov. Otter we're lucky again hes willing to step forward &amp; see ID shine even more brightly http://t.co/TWju7Wnvoq,139,0,0,0,1,0,0,1165,1
351,2014-11-03,529422615228592128,My liberal opponent who voted for Obama is showing his support for Obamacare on KBOI with @nateshelman #ofi #GOTV #idgop #idpol,127,1,0,4,0,1,0,1165,5
352,2014-11-03,529295390353666049,Thx to our volunteers who worked so hard over the weekend! If you want to help #GOTV email bbrocksome@otter4idaho.com http://t.co/kvL9pSQodE,140,1,1,1,0,0,1,1165,1
353,2014-11-03,529299549832368131,Election Day is tomorrow! Don't forget to head to the polls! #GOTV #idpol #idgop #ofi http://t.co/e5WLiXyUn3,108,0,1,4,1,0,0,1165,5
354,2014-11-03,529312070601551872,"NRA Endorses Governor Otter because he is a consistent champion of the Second Amendment."" http://t.co/A7KWxjfYfR #GOTV #ofi #idgop #idpol",137,2,1,4,1,0,0,1165,5
355,2014-11-03,529344804191494147,"The Idaho Statesman Editorial Board Endorses Gov Otter:
""A 3.0 version of Otter is best for Idaho"" http://t.co/OH1GNgzhlA #GOTV #ofi #idgop",139,1,2,3,1,0,0,1165,4
356,2014-11-03,529351177067323392,Click the link to learn about significant economic news for Idaho -thx to Gov. Otter's leadership: http://t.co/hV3CfQyLEa #ofi #idgop #idpol,140,0,1,3,1,0,0,1165,4
357,2014-11-03,529362664506785792,"ID Press Tribune endorsement: ""Otter continues to champion economic policies that are helping Idahoans"" http://t.co/Y1SVj4h9W2 #ofi #GOTV",137,0,1,2,1,0,0,1165,3
358,2014-11-03,529370070108348417,"NFIB - comprised of over 4,500 small Idaho biz endorses Otter ""praising his stewardship of the state"" http://t.co/aZUbFvPKbz #ofi #GOTV",135,0,1,2,1,0,0,1165,3
359,2014-11-03,529381604125581312,Thx to all of our volunteers who are working hard to #GOTV - Polls are open tomorrow from 8am-8pm.#ofi #idgop #idpol http://t.co/2W3wUklFyv,139,1,0,4,0,0,1,1165,4
360,2014-11-03,529387567826087937,Dave Smith in Meridian sets the record straight when it comes to Education stats in Idaho: http://t.co/PU4gqLoIpF #ofi #idpol #idgop #GOTV,138,0,0,4,1,0,0,1165,5
361,2014-11-04,529723494041653248, Join us at our Election Night Victory Party at the Riverside Hotel in Boise from 7-11 pm!  #idpol #idgop #ElectionDay http://,126,2,0,3,0,1,1,1165,4
362,2014-11-04,529755251600265216,Polls close at 8pm. If you aren't sure where your polling place is located visit http://t.co/dRbMeb9zSe http://t.co/bDAYr7l94N #ofi #GOTV,137,2,0,2,2,0,0,1165,4
363,2014-11-04,529434201582743552,I appreciate Brent's support: We currently have a governor willing to stand up for the citizens of Idaho http://t.co/2tEgBfQqJ7 #ofi #GOTV,138,1,0,2,1,0,0,1165,3
364,2014-11-04,529455528649715712,"Check out Governor Otter's complete list of endorsements, here:  http://t.co/3gOoCS8RNX http://t.co/7NaZCMHw6n",110,2,0,0,2,0,0,1165,2
365,2014-11-04,529645657548939264,The polls are about to open! Hours are 8am - 8pm - You can find more information here: http://t.co/CYe97IGa8f #ofi #idgop #idpol #GOTV,134,2,1,4,1,0,0,1165,5
366,2014-11-04,529658100417331200,What's wrong w/ 8 years of a balanced budget w/out raising taxes? Vote for Otter! Here's more from the Gov:  http://t.co/2ac1vorpJy #GOTV,137,0,2,1,1,0,0,1165,2
367,2014-11-04,529780163840446464,Facts don't lie- Idaho's economy is on a roll! Let's continue moving forward - Vote Otter! Polls close @ 8 #ofi #GOTV http://t.co/QDjjxxR96l,140,0,0,2,1,0,0,1165,3
368,2014-11-04,529668329175523328,"Feel free to share or use the ""I Voted Otter"" image as your profile pic! Polls are open until 8pm. http://t.co/o4wvEJkSTf #ofi #idgop #GOTV",139,1,1,3,1,0,0,1165,4
369,2014-11-04,529701692175306752,Polls are open until 8pm. Vote for a bright future - Vote Governor Otter! #GOTV #ofi http://t.co/bsPKa5pan9,107,1,1,2,1,0,0,1165,3
370,2014-11-04,529719763392823298,In our first #TopicTuesday video Gov. Otter discussed his plans for the future: http://t.co/5aUbnmowPK #GOTV #ofi #idgop #idpol,127,0,0,5,1,0,0,1165,6
371,2014-11-04,529731763363651584,Click on the link to see highlights from the #ofi @IdahoGOP #BusTour - Vote Otter for Idaho! Polls close @ 8pm #GOTV http://t.co/cvu05rJfyb,139,0,0,3,1,1,0,1165,5
