,date,tweet_id,tweet_text,tweet_length,retweet_count,favorite_count,hashtag_count,url_count,user_mentions,media_count,follower_count,total_entities
0,2014-10-26,526468666359943168,Thanks Will!,12,0,0,0,0,0,0,20,0
1,2014-10-26,526413937642729473,@TheWillManuel @AK_Jim4Congress @MsLibertarian @AKRepublicans @AlaskaDemocrats,78,0,0,0,0,5,0,20,5
2,2014-10-26,526414410512740353,"@TheWillManuel @AK_Jim4Congress @AKRepublicans @AlaskaDemocrats  Thanks for the tweet, Will.  I am CareClift for Alaska governor.",129,1,1,0,0,4,0,20,4
3,2014-10-28,527103218212696065,I just have a dum phone so hard!,32,0,0,0,0,0,0,20,0
4,2014-10-28,527091665522020352,Follow@MsLibertarian,20,0,0,0,0,0,0,20,0
5,2014-10-28,527093552434917376,Follow@libertarianwing,22,0,0,0,0,0,0,20,0
6,2014-10-28,527102084152172544,"@TheWillManuel @AlaskaDemocrats @AlaskaCCRW Thanks, Will!  Now if I only knew how to tweet!",91,1,1,0,0,3,0,20,3
7,2014-10-29,527562842778902528,Sign waving Anchorage NLblvd overpass 430 pm  plz share,55,0,0,0,0,0,0,20,0
8,2014-10-29,527394844491390976,Follow@screwthestate,20,1,0,0,0,0,0,20,0
9,2014-11-01,528567198520840192,Thx.   ktuu today may be on news in pm,38,0,0,0,0,0,0,20,0
10,2014-11-01,528586538460790785," #Alaska choose liberty, elect @MsLibertarian CareClift 4 #Governor, @AK_Jim4Congress McDermott 4 #Congress. #AKelect #AK",121,1,0,7,0,3,0,20,10
11,2014-11-02,528777950229848067,@TheWillManuel @AKCannabisClub @VoteYesOn2AK @AK_Jim4Congress   Lots of positive talk today!,92,0,1,0,0,4,0,20,4
12,2014-11-02,528813162733125632," #Alaska, vote for liberty, vote for @MsLibertarian Clift 4 #AK Governor #InvisibleCandidates #AKelect #AKgov #AKleg #AKs",121,1,0,7,0,2,0,20,9
13,2014-11-02,528971035085766656, I voted early 4 @MsLibertarian Clift 4 #AKgov &amp; @AK_Jim4Congress McDermott 4 Congress! #AKelect #AKleg #AKdems #AKgop ht,125,1,0,5,0,3,1,20,8
14,2014-11-03,529330839159468032, #libertarian #conservative &amp; #liberal alike come out to support @MsLibertarian Carolyn Clift for @Alaska Governor #AKele,125,1,0,6,0,3,0,20,9
15,2014-11-04,529687550219132929,@WomenforGJ Thanks for support!,31,0,1,0,0,1,0,20,1
16,2014-11-04,529664315318878208,Thx !,5,0,0,0,0,0,0,20,0
