,date,tweet_id,tweet_text,tweet_length,retweet_count,favorite_count,hashtag_count,url_count,user_mentions,media_count,follower_count,total_entities
0,2014-10-05,518851763693436928,Face painting at the Topsfield Fair. Great for kids - not so much for candidates! http://t.co/WV6wXoXK8I,104,3,18,0,0,0,1,40186,0
1,2014-10-05,518852997573787649, #Rozzie parade @KarynPolito signing up a couple who want a @CharlieForGov lawn sign http://t.co/49LQTjdZmJ,107,7,0,1,0,3,1,40186,4
2,2014-10-05,518854903956246528,@rmdefeojr @Editor_JMike - we have over 20 field offices - they are all listed on our website - http://t.co/3iCEIaMwzn. They have lots.,135,6,6,0,1,2,0,40186,3
3,2014-10-05,518851533254193152,"Bees at the Topsfield Fair - lots and lots of bees. Tons of great people, animals, local businesses &amp; food too. http://t.co/FjwOGGXU5e",138,5,4,0,0,0,1,40186,0
4,2014-10-06,519197759187210241,"NEW VIDEO: ""Taking action to make things better for people is what Charlie is all about"" http://t.co/AGdpkxKK4V -Team CB #mapoli #magov14",137,19,14,2,1,0,0,40186,3
5,2014-10-07,519528844114804736,Make sure to tune into the first Boston TV debate tonight at 7PM! -Team CB #magov14 #mapoli #wbzdebate http://t.co/o70CgZAj8F,125,8,9,3,0,0,1,40186,3
6,2014-10-07,519621085860331520,"Watch the #wbzdebate here: http://t.co/Vvm5FcedKS

For fact checks &amp; information during the debate, follow @terrymaccormack from our team",141,11,5,1,1,1,0,40186,3
7,2014-10-07,519624573247946753," ""The most important thing the next governor will have to do is follow through and execute"" -@CharlieForGov #wbzdebate ",119,20,0,2,0,2,0,40186,4
8,2014-10-07,519626139296219136,"""There should be nothing more important than child welfare agencies doing what they're supposed to do"" #wbzdebate #mapoli #magov14",130,21,15,3,0,0,0,40186,3
9,2014-10-07,519626708236775424,"""The children served by DCF would have been better served if the agency was fixed. And I have a plan"" #wbzdebate https://t.co/L13fjiQ4Nl",136,22,20,1,1,0,0,40186,2
10,2014-10-07,519627768460357633,"""Taxes under a Baker administration will go down.""#wbzdebate #mapoli #magov14",77,30,26,3,0,0,0,40186,3
11,2014-10-07,519628854298570752,"""We need to create full transparency on health care price and quality"" #wbzdebate #mapoli #magov14",98,17,15,3,0,0,0,40186,3
12,2014-10-07,519629792509820929,"""I'm so proud of the work we did to save Harvard Pilgrim Health Care and thousands of jobs"" 

http://t.co/Na9Y4JQyjn 

#wbzdebate #mapoli",137,13,18,2,1,0,0,40186,3
13,2014-10-07,519632379946618881,"""As governor, no single priority should be higher than public safety"" #mapoli #magov14 #wbzdebate",97,26,23,3,0,0,0,40186,3
14,2014-10-07,519634548145930241,"""I support a waiver for Massachusetts from the federal health care reform law"" #mapoli #magov14 #wbzdebate",106,17,13,3,0,0,0,40186,3
15,2014-10-07,519637419281244161,"""If the legislature wants to raise the gas tax, the legislature should vote to raise the gas tax"" #mapoli #magov14 #wbzdebate",125,35,28,3,0,0,0,40186,3
16,2014-10-08,519677934571757570," Hey @CharlieForGov - I found your ""cocoon of horror""!   #wcvb #debate http://t.co/cWbH4YYgTv",93,21,0,2,0,2,1,40186,4
17,2014-10-08,519680809188339712,"It's been a long day, so it was nice to look up &amp; see a beautiful moon out tonight. #harvestmoon http://t.co/T2yIVOAgbJ",123,11,23,1,0,0,1,40186,1
18,2014-10-08,519913928164655104,"Last night, Charlie made clear we needs a governor who follows through for MA. WATCH: http://t.co/niuTmCWcD1 -Team CB http://t.co/8Q9m2mpmDQ",140,27,32,0,1,0,1,40186,1
19,2014-10-08,519976810059431937, More Dems for @CharlieForGov http://t.co/fuomcJKEyv Dropkicks Ken Casey on team #magov #magov14,96,12,0,2,1,2,0,40186,5
20,2014-10-09,520204529728749568,"And the C's open with a W, too. Good stuff. http://t.co/7EXvL78mwg",66,3,4,0,1,0,0,40186,1
21,2014-10-09,520277774263922688, Look what we found in our travels for @CharlieForGov #Priscos #Bridgewater #mapoli #magov @VoteAngelo @KeikoOrrall http://,123,6,0,4,0,4,1,40186,8
22,2014-10-09,520278149838692353,@dbernstein - saw them at Gillette on the American Idiot tour with my entire family. One of the best concerts ever.,115,0,4,0,0,1,0,40186,1
23,2014-10-09,520204186043318272,Nice way for the B's to open their season. http://t.co/NV6Ftontpd,65,3,9,0,1,0,0,40186,1
24,2014-10-10,520641477677187072,"NEW TV AD: Massachusetts can be a leader in jobs again. 

Watch here: http://t.co/Dg6dkA9HHV -Team CB #mapoli #magov14",118,50,25,2,1,0,0,40186,3
25,2014-10-11,520955344332546050,Good story by Globe's Jay Fitzgerald about how MA missed chance to stave off huge electric bill increases on families. Where was AG?,132,23,17,0,0,0,0,40186,0
26,2014-10-11,520951812246233089,Here is the price for the failed Health Connector website. Why 1 party govt is a bad idea. No public accountability. http://t.co/CzHJghBFdV,139,15,12,0,1,0,0,40186,1
27,2014-10-12,521117678468362240,The moon over King's Beach in Lynn / Swampscott. Beautiful. http://t.co/ZWBEsEVFov,82,7,15,0,0,0,1,40186,0
28,2014-10-12,521291775827542016, @Richard_Tisei stopping for a quick breakfast with longtime supporter George at Brothers Deli in Lynn. #MA6 http://t.co/4dsIvV7,128,11,0,1,0,2,1,40186,3
29,2014-10-12,521293671854264320," 15,500  #mapoli @WorcesterHerald @telegramdotcom @dbernstein @CMassPolitics @WMRC1490 @CharlieForGov  @milforddaily http:/",123,3,0,1,0,8,1,40186,9
30,2014-10-12,521332653795336192,Had a great visit w/folks from the extended Chinatown community in &amp; around Boston. Thanks for your warmth &amp; support. http://t.co/VKPzTeQfvt,148,10,9,0,0,0,1,40186,0
31,2014-10-12,521346778080497664,Thanks to the crowd that turned out to support us at the Columbus Day parade in East Boston! http://t.co/PyuzNm6WZI,115,10,11,0,0,0,1,40186,0
32,2014-10-12,521361923578011648,Greeting voters at the East Boston Columbus Day Parade -Team CB #mapoli #magov14 http://t.co/QecKI6Rx6M,103,13,6,2,0,0,1,40186,2
33,2014-10-12,521439575848521730, Thanks to Team @CharlieForGov for a great showing today! East #Boston rocks! #mapoli #magov #Columbus Day #Italian http://,123,11,0,5,0,2,1,40186,7
34,2014-10-12,521439620337500160, Positive response for sprinting @CharlieForGov at East Boston #ColumbusDay Parade http://t.co/P2GnCOyT8Y,105,11,0,1,0,2,1,40186,3
35,2014-10-12,521439802714255360, Never seen so many people jump into a parade for a hi-5 #Eastie comes out huge today for @CharlieForGov @KarynPolito ht,120,10,0,1,0,3,1,40186,4
36,2014-10-13,521488744952918017, @CharlieForGov..My daughter was so excited that he stopped and gave her a high five! Thank you! http://t.co/ptjULEC2ot,119,13,0,0,0,2,1,40186,2
37,2014-10-13,521637476256198656, Can't get over the great reception for @CharlieForGov yesterday at the Columbus Day parade #mapoli #magov http://t.co/IlsjC,124,11,0,2,0,2,1,40186,4
38,2014-10-13,521657619736707072,PHOTOS: Charlie and Karyn marched in the East Boston Columbus Day parade http://t.co/np2B8kN7W5 -Team CB #mapoli http://t.co/J2GpUf2Ner,135,13,10,1,1,0,1,40186,2
39,2014-10-14,522128243865174016,@marthacoakley - congratulations to you and Tom. The spouses of people in public life are very special.,103,4,9,0,0,1,0,40186,1
40,2014-10-15,522403306761883648," ""These are not Republican, Independent, or Democratic ideas"" -@CharlieForGov on Urban Agenda #mapoli #magov14 http://t",119,10,0,2,0,2,1,40186,4
41,2014-10-15,522404455577559040,"""These communities deserve a state gov't as focused on opportunity in their neighborhoods as everywhere else"" #mapoli http://t.co/yoMTqKJgmP",140,44,19,1,0,0,1,40186,1
42,2014-10-15,522449971657064448,Lowell City Council chambers in the very majestic Lowell City Hall.  #theresalottolikeaboutlowell http://t.co/3l8shLHJGA,120,5,8,1,0,0,1,40186,1
43,2014-10-15,522486448193560577," On visit @CharlieForGov said ""you folks must have a lot of fun here."" We agreed but added that were helping #entrepreneurs",123,4,0,1,0,2,0,40186,3
44,2014-10-15,522496316417802240,Massachusetts has an opportunity gap. Our Urban Agenda is a blueprint for closing it. -Team CB #mapoli #magov14 http://t.co/lWbtykZM3n,134,47,16,2,1,0,0,40186,3
45,2014-10-15,522516514440613888, Another Dem endorses Charlie Baker  http://t.co/QKjHatsQVZ #magov #mapoli,74,33,0,2,1,1,0,40186,4
46,2014-10-15,522399750277328896, Former Sen. Bill Owens (D) praises @CharlieForGov's work in health care. #mapoli #magov14 http://t.co/TLmPKI2tLN,113,33,0,2,0,2,1,40186,4
47,2014-10-17,523194102956167168,"NEW VIDEO: Charlie and Nam Pham of Dorchester's VietAID talk helping MA families get ahead -Team CB #mapoli

WATCH: http://t.co/3pjvO8bSSB",138,8,3,1,1,0,0,40186,2
48,2014-10-17,523197464682430467, New @CharlieForGov video spotlights VietAID's Nam Pham of Fields Corner. He's pushed hard for Baker/GOP #mapoli https:/,120,9,0,1,1,2,0,40186,4
49,2014-10-17,523200572254879745,"Watch the #UMassDebate here http://t.co/KmKBEsN5x2

For information and fact checks during the debate, follow @terrymaccormack from our team",140,4,6,1,1,1,0,40186,3
50,2014-10-17,523206063043002369,"""To be clear, the AG thinks we should just raise taxes forever to pay for these projects"" #UMassDebate #mapoli -Team CB",119,17,9,2,0,0,0,40186,2
51,2014-10-17,523207897732628481,Charlie has a plan for continued growth in the clean tech sector and increased efficiency https://t.co/CYLwq1CH1k -Team CB #UMassDebate,135,4,4,1,1,0,0,40186,2
52,2014-10-17,523208631786168322,"Charlie's economic plan for the South Coast: more market rate housing, stronger voc. tech schools, and vibrant cities -Team CB #UMassDebate",139,9,7,1,0,0,0,40186,1
53,2014-10-17,523210705370370048,"""Only one candidate in this race has committed to not cutting local aid. And that's me."" -Team CB #UMassDebate https://t.co/46f1r0B5iA",134,11,11,1,1,0,0,40186,2
54,2014-10-17,523210792930660352,"""We need to take advantage of expanded voc. tech schools down here."" -Team CB #UMassDebate #mapoli",98,13,13,2,0,0,0,40186,2
55,2014-10-17,523213836648992768,"On opportunity and job growth: ""We have to play to win. In my administration we will."" -Team CB https://t.co/YBI3xKg67u #UMassDebate #mapoli",140,18,12,2,1,0,0,40186,3
56,2014-10-17,523215027739041792,"""It's troubling to me that we can learn more about a washing machine than a health care procedure"" -Team CB #UMassDebate #mapoli",128,12,7,2,0,0,0,40186,2
57,2014-10-17,523215491515822081, .@CharlieForGov has a serious plan to tackle the addiction crisis: https://t.co/nAl4ACLldo #mapoli #UMassDebate,112,13,0,2,1,2,0,40186,5
58,2014-10-17,523216808644734976,"""What people want more than anything is for their government to work"" -Team CB #UMassDebate #mapoli",99,11,11,2,0,0,0,40186,2
59,2014-10-17,523217252813123585," .@CharlieForGov: MA families ""care more about how government works on the ground than in the rhetoric of Beacon Hill"" ",119,7,0,2,0,2,0,40186,4
60,2014-10-18,523262938745167872, City of Champions is on the move w great leaders. @CharlieForGov ready 2 partner @MayorBillCarp #mapoli #magov http://t.co,123,14,0,2,0,3,1,40186,5
61,2014-10-18,523263016427855872, Another great endorsement..NE Police Bevevolent Assoc  @KarynPolito @CharlieForGov #mapoli #magov #Dracut http://t.co/4,120,32,0,3,0,3,1,40186,6
62,2014-10-18,523520571787993088, @MV_Merrimack going strong today for @CharlieForGov. Every call &amp; door knock closer to Victory #mapoli #magov http://t.co/,127,12,0,2,0,3,1,40186,5
63,2014-10-18,523528239307046912, Packed in #Quincy for @CharlieForGov and Super Saturday! #mapoli #magov14 http://t.co/6fmAK6sSOm,97,6,0,3,0,2,1,40186,5
64,2014-10-18,523593873193697280, We are here safely in Massachusetts campaigning for @CharlieForGov! #MApoli #MAgov http://t.co/VbFa1rUi5G,106,15,0,2,0,2,1,40186,4
65,2014-10-18,523594048192659456, #magov14 @CharlieForGov at Reggie Lewis Center Gala w Keith McDermott. Ppl snapping photos of him constantly http://t.co/,122,13,0,1,0,2,1,40186,3
66,2014-10-18,523594202991845376, @CharlieForGov @johnchapman2014 lots of positive calls for you today in Falmouth! http://t.co/WpYkeCQ8q1,105,7,0,0,0,3,1,40186,3
67,2014-10-18,523262869614628865, We're working hard for our next #magov14 @CharlieForGov @KarynPolito &amp; @shauntoohey for State Senate! #mapoli #masen h,123,10,0,3,0,4,1,40186,7
68,2014-10-19,523674470738034689, Team Baker ladies ready to ROCK @CharlieForGov @KarynPolito @KReganMA #mapoli #magov http://t.co/7DL1X9hpdx,108,8,0,2,0,3,1,40186,5
69,2014-10-19,523862420985749504, Muscular Dystrophy ride #Everett to #Salem brings bikers and veterans 2gether for good cause #mapoli #magov http://t.co/Pr,123,8,0,4,0,1,1,40186,5
70,2014-10-19,523896144293003264, New Bedford Times endorses @CharlieForGov as the right person to lead our state forward #mapoli #magov  http://t.co/YUyKEs,123,14,0,2,1,2,0,40186,5
71,2014-10-19,523896200471515136, Beautiful day in Peabody Square for @CharlieForGov @KarynPolito #mapoli #magov @paisleyannie @jaclyncorriveau http://t.co/kP,125,6,0,2,0,5,1,40186,7
72,2014-10-19,523918884462944256," We knock all doors, even car doors @KarynPolito @CharlieForGov #Stoneham #mapoli #magov http://t.co/PwAnZAUvEr",111,10,0,3,0,3,1,40186,6
73,2014-10-19,523935056356974592,ENDORSEMENT: New Bedford Standard-Times endorses Charlie for governor https://t.co/DrSK8UwYEC -Team CB #mapoli #magov http://t.co/S2e3SVHeYu,140,45,23,2,1,0,1,40186,3
74,2014-10-20,524178845306740736, The game was changed forever 48 years ago today when the greatest player ever made his @NHLBruins debut. #BobbyOrr http://,123,60,0,1,0,2,1,40186,3
75,2014-10-20,524278233702088704,"Charlie was in Chinatown this weekend. Thanks Frank Chin, Rep. Wong for the support! -Team CB https://t.co/hj4d61M9Y7 http://t.co/Ldqaylnoqg",140,11,7,0,1,0,1,40186,1
76,2014-10-20,524148797497409536, Lots of fun on Super Weekend for @CharlieForGov &amp;@KarynPolito now off to work! #mapoli #magov Hey Moon! http://t.co/gFcgATkO,129,5,0,2,0,3,1,40186,5
77,2014-10-21,524575822364282880,"The @BostonHerald: ""this state desperately needs Charlie Baker in the Corner Office"" -Team CB https://t.co/Y38ii7YJTY http://t.co/jFt0E1y1GE",140,30,26,0,1,1,1,40186,2
78,2014-10-21,524646391583612928,@fox25news - Bravo @lawrence_MA Mayor Dan Rivera for not releasing the children's names.,88,2,13,0,0,2,0,40186,2
79,2014-10-21,524708848951885824,"""There are 40,000 kids on charter school waiting lists, and those parents need choices"" #mapoli #MAGov14",104,38,22,2,0,0,0,40186,2
80,2014-10-21,524707866616532992, .@CharlieForGov endorsed by MAMLEO President Larry Ellison this month http://t.co/mAzwcYZ7mU #mapoli #MAGov14,110,13,0,2,1,2,0,40186,5
81,2014-10-21,524706735920279553,"""The Attorney General should have done what was best for children"" #MAGov14 #mapoli",83,15,15,2,0,0,0,40186,2
82,2014-10-21,524706070787522561,"""The Commonwealth had an opportunity to fix DCF four years ago, and AG Coakley chose not to fix it"" #MAGov14 #mapoli",116,27,22,2,0,0,0,40186,2
83,2014-10-21,524705361132261376,"""We made a series of recommendations around domestic violence reform after the Remy case"" https://t.co/vhj4dLE4c7 #MAGov14 #mapoli",130,8,8,2,1,0,0,40186,3
84,2014-10-21,524702626785812480,"""My entire career has been about helping people"" #MAGov14",57,17,20,1,0,0,0,40186,1
85,2014-10-21,524700426936279040,"""The last thing small employers need is another 4 years of being nickeled and dimed to death"" #MAGov14 #mapoli",110,15,7,2,0,0,0,40186,2
86,2014-10-21,524699903193538561,"""The Attorney General has proposed over $1 billion in new spending; she's going to have to figure out how to pay for it"" #MAGov14 #mapoli",137,22,16,2,0,0,0,40186,2
87,2014-10-21,524698971894472704,"""The problem is that there are two sets of rules: one for people in state government, and one for everyone else"" #MAGov14 #mapoli",129,23,12,2,0,0,0,40186,2
88,2014-10-21,524698667358633984,Charlie has a detailed plan to create jobs and bring prosperity to every corner of MA https://t.co/9kAGL8rVMP -Team CB #MAGov14,127,17,11,1,1,0,0,40186,2
89,2014-10-21,524697961595695105,"""Leadership requires making tough decisions"" #MAGov14",53,15,13,1,0,0,0,40186,1
90,2014-10-21,524693101114589185,"Watch the #MAGov14 debate here: http://t.co/Q3LgCYxxVb

For info/fact checks during the debate follow @terrymaccormack from our team -TeamCB",140,8,8,1,1,1,0,40186,3
91,2014-10-21,524646903578120192,"NEW TV AD: Only one candidate has a detailed plan to create jobs and reform government for a brighter future -Team CB
http://t.co/Eb7lmuvpXq",140,40,19,0,1,0,0,40186,1
92,2014-10-23,525315321222397952,"GOTV is underway! Change your profile picture, and sign up at http://t.co/BsoZyu1QcS -Team CB #mapoli #magov14 http://t.co/wR7XMaeeYf",133,95,27,2,1,0,1,40186,3
93,2014-10-23,525423339108827136,"Heard the news about former Boston Mayor Tom Menino.  My thoughts &amp; prayers are w/him, Angela &amp; their family.",117,11,17,0,0,0,0,40186,0
94,2014-10-23,525238984608587776,"This was sent to me by a 6th grade classmate.  First time I wore that jacket.  Probably the last, too! #tbt http://t.co/ODcsfyrfNf",130,13,25,1,0,0,1,40186,1
95,2014-10-24,525437789698281473,"Watch the #WWLPdebate here: http://t.co/90wn902RTt

For updates and fact checks, follow @terrymaccormack from our team #mapoli",126,5,4,2,1,1,0,40186,4
96,2014-10-24,525440257056317440,Charlie has a comprehensive plan to tackle family homelessness #mapoli #magov14 -Team CB https://t.co/XxWYsDW6GK,112,8,13,2,1,0,0,40186,3
97,2014-10-24,525445766001995777,"""We won't be a great state if we starve our communities"" #mapoli #magov14 

https://t.co/46f1r0B5iA",99,18,18,2,1,0,0,40186,3
98,2014-10-24,525447998881681409," Clear differences between candidates on taxes https://t.co/ZRJ6qwXeVW

@CharlieForGov will lower, @marthacoakley will ",119,68,0,1,1,3,0,40186,5
99,2014-10-24,525450831794290689, .@CharlieForGov has a specific plan to address family homelessness: https://t.co/DylmZw7stz #mapoli,100,64,0,1,1,2,0,40186,4
100,2014-10-24,525451204219109376,"""I want state government to work..for people who pay the bills, and for people who depend on the services the Commonwealth provides"" #mapoli",140,25,24,1,0,0,0,40186,1
101,2014-10-24,525603671879737345,Visited the updated version of Hub Folding Box yesterday in Mansfield. Employs 300+ people &amp; constantly innovating. http://t.co/i9I2DMmsqV,142,12,11,0,0,0,1,40186,0
102,2014-10-24,525649758862712832,"The @LowellSunNews endorses Charlie, ""the type of leader this state sorely needs"" -Team CB https://t.co/o6FgYV4kcS http://t.co/ddEztU1mRL",137,42,29,0,1,1,1,40186,2
103,2014-10-24,525719841890906112, @hillarychabot @HeraldRadio @joebattenfeld Thanks for opportunity to discuss @CharlieForGov plans for New Direction #mapoi,123,12,0,1,0,5,0,40186,6
104,2014-10-25,526134609193742336, The #NorthEnd is Polito/Baker country.. for sure @KarynPolito @CharlieForGov #Boston http://t.co/dzfhEX6vQ1,108,13,0,2,0,3,1,40186,5
105,2014-10-25,526155823354224641, All thumbs up for @CharlieForGov UCANE 60th Anniv. Appreciate support from Utility Construction #mapoli #magov http://t.co,123,67,0,2,0,2,1,40186,4
106,2014-10-25,526157023466258432,Lauren &amp; I will be at the DJ Henry Dream Fndtn gala tonight. Dan &amp; Angella working to make something good out of tragedy. Honored to help.,146,9,9,0,0,0,0,40186,0
107,2014-10-25,526035592405336064," .@CharlieForGov's ""clear thinking, history of accomplishment, specific administrative plans... are inspiring"" http://t.c",121,13,0,1,1,2,0,40186,4
108,2014-10-26,526200690465832962,Honored to be w/Dan &amp; Angella Henry @ the DJ Dream Foundation gala. Kudos to Cong Joe K for joining. http://t.co/dnJ3VnK38t,127,11,18,0,0,0,1,40186,0
109,2014-10-26,526404894908248064, #magov14 @CharlieForGov is doing a Mattapan walk-around with Jean Claude Sanon. -- Le pouvoir Haitien avance ben fort !,120,5,0,1,0,2,0,40186,3
110,2014-10-26,526463039751852032,The Springfield Republican/ @masslivenews endorsed Charlie today. Read more: https://t.co/brhyvNLYir -Team CB #mapoli http://t.co/g0sgpFucoE,140,48,28,1,1,1,1,40186,3
111,2014-10-27,526857179165638656,Make sure your friends and family VOTE- check out our new tool for finding your polling location at http://t.co/JdymdWEqKB -Team CB #mapoli,139,14,9,1,1,0,0,40186,2
112,2014-10-27,526881005492518912,"Watch the #NECNdebate here: http://t.co/BHnbTi5ROe

For fact checks and updates, follow @terrymaccormack from our team -Team CB #mapoli",135,9,4,2,1,1,0,40186,4
113,2014-10-27,526530026343510018,"""MA needs a governor whos focused on steady management and demonstrable results""-@BostonGlobe
http://t.co/x8O8dnAnUJ http://t.co/8k9nsdcUVs",139,93,81,0,1,1,1,40186,2
114,2014-10-28,526888424046088192,"""The @BostonGlobe has come out and endorsed Charlie"" -Latoyia Edwards http://t.co/x8O8dnAnUJ #mapoli #NECNDebate",112,15,19,2,1,1,0,40186,4
115,2014-10-28,526888934241234945,"""I would be an enthusiastic supporter of those reforms"" https://t.co/qsIsbP5kf3 #mapoli #NECNdebate",99,6,7,2,1,0,0,40186,3
116,2014-10-28,526890868633264129,"""If you really think our economy is singing, @marthacoakley, you really need to get out of the office more"" #mapoli #NECNdebate",127,38,28,2,0,1,0,40186,3
117,2014-10-28,526891182581121024,"""I won't raise your taxes, the AG will"" #NECNdebate #mapoli",59,17,21,2,0,0,0,40186,2
118,2014-10-28,526891729816150016,"""My goal is to get the income tax back to 5 percent"" #NECNdebate #mapoli",72,14,21,2,0,0,0,40186,2
119,2014-10-28,526894807562858497,"""We saved 1,000's of jobs in the commonwealth and I'm proud of the work that we did"" #NECNdebate #mapoli",104,13,11,2,0,0,0,40186,2
120,2014-10-28,526895342303051777,"""Given that track record, how does state government not need to be fixed?"" #NECNdebate #mapoli",94,10,10,2,0,0,0,40186,2
121,2014-10-28,526896312202297344,"""When I got into this race, I said I'd chase 100% of the vote and I meant it"" #NECNdebate #mapoli",97,9,13,2,0,0,0,40186,2
122,2014-10-28,526896423384924160,"""My administration will be populated at the highest level by women"" #NECNdebate #mapoli",87,14,19,2,0,0,0,40186,2
123,2014-10-28,526897236471742465,"""My economic development plan is built around initiatives in gateway cities"" https://t.co/9kAGL8rVMP #NECNdebate #mapoli",120,6,7,2,1,0,0,40186,3
124,2014-10-28,526897831538593794,"""If the legislature wants to raise taxes they can vote on it. That's what democracy is all about"" #mapoli #NECNdebate",117,21,30,2,0,0,0,40186,2
125,2014-10-28,526899221778415616,"""I was proud to stand on Blue Hill Ave with urban leaders to announce my plan"" https://t.co/xBvOVFkU7U #mapoli #NECNdebate",122,12,18,2,1,0,0,40186,3
126,2014-10-28,526900273881837569,"""I got in this race because I want government to work better"" #NECNdebate #mapoli",81,24,20,2,0,0,0,40186,2
127,2014-10-28,526900779249332224,"""I'm proud to have been endorsed by seven newspapers across the state"" https://t.co/KTv2BJq2gh #NECNdebate #mapoli",114,15,25,2,1,0,0,40186,3
128,2014-10-28,526934832325341184, Working your way through 300 plus fans takes a while @CharlieForGov @KarynPolito #Worcesterfans #mapoli #magov http://t,120,63,0,3,0,3,1,40186,6
129,2014-10-28,527064084479746048, .@NECN: #magov #magov14 @CharlieForGov http://t.co/h0GsWgvFsj,62,36,0,2,0,3,1,40186,5
130,2014-10-28,527182836642873344,The MetroWest Daily News joins 7 other papers across MA in endorsing Charlie -Team CB https://t.co/F0Kvw6Y00F #mapoli http://t.co/LQ2XpgOqOs,140,38,29,1,1,0,1,40186,2
131,2014-10-28,527233526966800384,"Watch the final debate: http://t.co/PzPuRP6cgv

For updates and fact checks during the debate, follow @terrymaccormack from our team -TeamCB",140,17,8,0,1,1,0,40186,2
132,2014-10-28,527235168151814144,"""The state has to be faster, smarter, and better as a partner with businesses"" #mapoli",86,31,22,1,0,0,0,40186,1
133,2014-10-28,527239846822412289,"""Our plan is to improve the economy, schools, and communities, and bring fiscal discipline to Beacon Hill"" #mapoli #magov14",123,29,28,2,0,0,0,40186,2
134,2014-10-28,527243286109761537,"""People across the Commonwealth are sick of being nickled and dimed"" #mapoli",76,40,45,1,0,0,0,40186,1
135,2014-10-28,527243945294987264,"""I will absolutely not raise the state income tax""",50,34,53,0,0,0,0,40186,0
136,2014-10-29,527467401294905344,Sidebar - huge dog I met at the Haunted Castle on Castle Island in So. Boston on Sunday. #bigwoof http://t.co/flGv06SqPo,120,15,28,1,0,0,1,40186,1
137,2014-10-29,527470890205085696,"NEW TV AD: ""For the last year, Ive had the privilege of traveling our remarkable state"" 

WATCH: http://t.co/baEJC66As0 -Team CB #mapoli",136,57,18,1,1,0,0,40186,2
138,2014-10-29,527573258317860867,"With just 6 days to go in this election, we need your help! Find your local field office here: http://t.co/4YkPtOWmSo -Team CB #mapoli",134,29,19,1,1,0,0,40186,2
139,2014-10-29,527466731678482432, .@capecodtimes endorses @CharlieForGov http://t.co/Omyq4pxnCZ #magov #magov14,78,16,0,2,1,3,0,40186,6
140,2014-10-30,527869088203550720,"For two decades, Tom Menino threw himself into the job of Mayor. Lauren and I are so sad to see him gone so soon. http://t.co/p5rA7LCmlz",136,23,17,0,1,0,0,40186,1
141,2014-10-30,527852398094856192,"Out of respect for the passing of Mayor Menino, we are suspending public events for today and tomorrow - Team CB",112,64,67,0,0,0,0,40186,0
142,2014-10-31,528328609707347968,Halloween is a ton of fun in our neighborhood. Hope people are having a nice night. #kidsincostumes http://t.co/MiQeokF4j3,122,21,33,1,0,0,1,40186,1
143,2014-10-31,528282245925470208,Ran into one of my all-time favorite frontmen today - Sal Baglio from Boston's own The Stompers. #coasttocoast http://t.co/HW3qJfmjYP,133,5,12,1,0,0,1,40186,1
144,2014-11-01,528502820002357248,Big night for the Swampscott Big Blue fball team. Congrats guys! NE Conf did well - Marblehead &amp; Peabody won too. http://t.co/47JebLyMTP,140,3,5,0,1,0,0,40186,1
145,2014-11-01,528555726885900288,Support across the Commonwealth is growing. Join the team: http://t.co/BsoZyu1QcS -Team CB #mapoli #magov14 http://t.co/a1a8KEMo16,130,58,28,2,1,0,1,40186,3
146,2014-11-01,528556285881757696,Lauren selfies with a friend / supporter at Russ's Breakfast &amp; Lunch in Chicopee. http://t.co/CLInALaDm9,108,3,5,0,0,0,1,40186,0
147,2014-11-01,528556561527238656,The folks at Russ's Breakfast &amp; Lunch in Chicopee were welcoming &amp; supportive. Thanks! http://t.co/BIGgVuUOxp,117,9,11,0,0,0,1,40186,0
148,2014-11-01,528556929707421696,Halloween - there are always a few costumes that stand out above the rest. #sesamestreet http://t.co/RAS4ArqoIS,111,9,12,1,0,0,1,40186,1
149,2014-11-01,528574125519155200," ""@CharlieForGov gaining traction with urban voters"" -@BayStateBanner https://t.co/4DTz2nLS1S #mapoli #magov14",110,13,0,2,1,3,0,40186,6
150,2014-11-01,528586027494301698,"NEW VIDEO: It's time to make MA great. Support across the state is growing. http://t.co/cItzOgHOlU

Join us: http://t.co/BsoZyu1QcS -Team CB",140,18,8,0,2,0,0,40186,2
151,2014-11-01,528586772041969664, A little rain doesn't deter the @CharlieForGov team. #mapoli #magov14 http://t.co/78W4pNTRdo,93,18,0,2,0,2,1,40186,4
152,2014-11-01,528603692355047425, Shrewsbury turned out to see @CharlieForGov #magov #magov14 http://t.co/l7bLewuurK,83,8,0,2,0,2,1,40186,4
153,2014-11-01,528603757740048384, Cutest @KarynPolito  and @CharlieForGov supporter! http://t.co/zEdjtLTNTq,74,8,0,0,0,3,1,40186,3
154,2014-11-02,528929799969177601,Wow - it is now officially snowing in Stoneham.  Hard to believe it was 70 degrees out a few days ago.  Good Patriot FB weather.,128,3,11,0,0,0,0,40186,0
155,2014-11-02,528933561186140160,Lauren &amp; I attended The Dimock Center's Steppin' Out gala - something we've been doing for years. Great show &amp; cause. http://t.co/xd2smIrkrR,148,4,7,0,0,0,1,40186,0
156,2014-11-02,528938366822531072,Lauren &amp; I visited Jubilee Church. Moving words &amp; music. Appreciate the welcome we've received @ all Boston churches. http://t.co/PAnHGVm5V8,148,5,6,0,1,0,0,40186,1
157,2014-11-02,528955804456878080,"Just two days until Election Day - sign up to help out in your community! -Team CB

Join: https://t.co/d9askiG94f http://t.co/jdVe2OevBk",136,17,8,0,1,0,1,40186,1
158,2014-11-02,528921960538198017, Hizzoner. http://t.co/UbKWZiYHof,33,8,0,0,0,1,1,40186,1
159,2014-11-03,529065045024866305, Great seeing friends along the trail @CharlieForGov @KarynPolito @MartinJKeogh @edcoppinger #WestRoxbury #mapoli http:/,120,7,0,2,0,5,1,40186,7
160,2014-11-03,529092339307118592, How to have fun on the run #W4C @CharlieForGov @KarynPolito @chrisvnr @bukedebell #LetsBeGreat #mapoli #magov http://t.,120,12,0,4,0,5,1,40186,9
161,2014-11-03,529284878488317953,Ginger Betty's Bakery in Quincy had a great gift waiting for me in Braintree at Kristin's. #gingerbreadman http://t.co/BerU2uyyJc,129,17,38,1,0,0,1,40186,1
162,2014-11-03,529285516093845504,My bride Lauren getting into one of many great convos we had at the Senior Appreciation lunch @ Woburn HS yesterday. http://t.co/mR5dbOZBkO,139,7,13,0,0,0,1,40186,0
163,2014-11-03,529378934132342784,"FINAL TV AD: Watch Charlie make his closing argument to voters in this 90-second TV ad -Team CB #mapoli

WATCH: http://t.co/2k6cH8lIJ4",134,72,46,1,1,0,0,40186,2
164,2014-11-04,529644802619768834,Voted at the Congo Church - where we've voted for the past 20 years. Big crowd of friends with &amp; behind us. #bigblue http://t.co/SBvjQdSWQf,143,41,68,1,0,0,1,40186,1
165,2014-11-04,529658376691912704,VOTE today for a better future for MA. Find your polling place: https://t.co/sulVEskKyI -Team CB #mapoli #magov14 http://t.co/cWIhnmOY5v,136,61,32,2,1,0,1,40186,3
166,2014-11-04,529700522497179648,"VIDEO: ""I want us to be great everywhere"" http://t.co/VMAsG8Ha1O

WATCH what this race is about, then VOTE: http://t.co/JdymdWEqKB -Team CB",139,18,13,0,2,0,0,40186,2
167,2014-11-04,529720765651120128,Talking to a voter fr/Mendon - home of the Southwick Zoo &amp; the Mendon Drive-In. He's a yes vote. Dedham office rocks. http://t.co/aOlopra0KP,144,9,11,0,0,0,1,40186,0
168,2014-11-04,529721309476163585,Talked to a voter fr/Mendon - home of the Southwick Zoo &amp; the Mendon Drive-In. He is a yes vote. Dedham office rocks. http://t.co/MXtPXdnfDx,144,11,17,0,0,0,1,40186,0
169,2014-11-04,529756240000589824,Polls close in a few hours -help us make MA great! Find your polling place: https://t.co/sulVEskKyI -Team CB #mapoli http://t.co/DFbETj0qzF,139,54,51,1,1,0,1,40186,2
170,2014-11-04,529631878249467905,Election Day morning in Swampscott. A beautiful day. Let's do it team! http://t.co/z0ZV7ylsLp,93,47,66,0,0,0,1,40186,0
