,date,tweet_id,tweet_text,tweet_length,retweet_count,favorite_count,hashtag_count,url_count,user_mentions,media_count,follower_count,total_entities
0,2014-10-05,518843623115194368,Eid Mubarak -- and warm wishes to those performing the Hajj this year. May your celebrations be joyful and your journeys peaceful!,130,6,6,0,0,0,0,25205,0
1,2014-10-05,518775149458255872,Great column from @TBOcom - it's never been about right vs left for me. It's always about right vs wrong. http://t.co/TOG5hWdy2v,128,25,17,0,1,1,0,25205,2
2,2014-10-05,518757108838588416,"Animals talking about vote by mail? I love this!! http://t.co/VAoIppJhge 

Watch - then sign up: http://t.co/k6ZDbdqXTD",119,10,6,0,2,0,0,25205,2
3,2014-10-05,518876332390744064,Incredible -- @VTorres48 rides his bike every single day proudly sporting his #TeamCharlie sign! http://t.co/I7NgYMYWNd,119,15,19,1,0,1,1,25205,2
4,2014-10-05,518853392026701824,Thank you for your vote! Voting by mail is the best: http://t.co/RHZRlA4EJ3 RT @rcmfla: @CharlieCrist Charlie FTW! http://t.co/khaLxX7GS1,137,29,18,0,1,2,1,25205,3
5,2014-10-06,519114750907924481,Today is the voter registration deadline!! Make sure you're registered: http://t.co/x3EKCIFZxT http://t.co/dCbndo44kD,117,40,13,0,1,0,1,25205,1
6,2014-10-06,518938374129090561,".@JennaCTosh Thank you, Jenna! Great to have @FLWaW on #TeamCharlie.",68,3,6,1,0,2,0,25205,3
7,2014-10-06,519210784291708928,".@RisingPolitico That's great! Voting by mail is so quick and easy. Will you ask a few friends to sign up, too? http://t.co/RHZRlA4EJ3",134,9,2,0,1,1,0,25205,2
8,2014-10-06,519199972676206592,Vamos! RT @Annette_Taddeo: Hoy es la fecha lmite. Inscrbete para votar ya! http://t.co/WiByAQMlU0 #VotoLatino http://t.co/G3DCrE0pHM,132,18,4,1,1,1,1,25205,3
9,2014-10-06,519229694739496960,Got a new shirt from my friends @GoIUPAT - love it! http://t.co/RwiXMmTZpT,74,16,8,0,0,1,1,25205,1
10,2014-10-06,519199949133594624," Happy Monday, Miami! On the MUST-do list today - register to vote. Today is the last day! http://t.co/zfCCsZBLPn",113,8,1,0,1,1,0,25205,2
11,2014-10-06,519148307911028736, The Florida voter registration deadline is today. Don't miss your chance to make your voice heard in Nov! http://t.co/GvAqvK,125,49,0,1,1,1,0,25205,3
12,2014-10-06,519140285108871169,Go! MT @JayBuz24: #TeamCharlie is tabling on the breezeway @ FAU and outside the library @LynnUniversity w/ voter reg forms starting at 11!,139,9,4,1,0,2,0,25205,3
13,2014-10-06,519133199621165056,College is simply out of reach for too many Floridians. http://t.co/r5chhV5zr6,78,28,15,0,1,0,0,25205,1
14,2014-10-07,519476512505200640, How many court orders will it take for #ShadyRick to make public records public? http://t.co/mu4M2u3Uer #30again. http:/,121,19,0,1,1,1,1,25205,3
15,2014-10-07,519637706083561473,"Polls don't affect me. People like Barbara, who are struggling to make ends meet -- that's what drives me every day. http://t.co/yND7wATTdU",139,53,50,0,0,0,1,25205,0
16,2014-10-07,519619229918576640, Sofia's calling voters. :) http://t.co/frJK1t7UV3,50,10,0,0,0,1,1,25205,1
17,2014-10-07,519608364112678912,.@PolitifactFL has ruled this ad true - see what they're talking about: http://t.co/ttX3twXgJp  http://t.co/eHPBUgtzVl,118,13,5,0,2,1,0,25205,3
18,2014-10-07,519592308698664962,Raising the minimum wage could help so many FL families - we have to get it done. http://t.co/1PikqJdYKv http://t.co/63ktHZSktC,127,84,37,0,1,0,1,25205,1
19,2014-10-07,519564601998848001,"Voting by mail is so easy! Sign up here: http://t.co/RHZRlA4EJ3 RT @markos: Handy, dandy vote-by-mail tool http://t.co/S78xdDbb0T",129,9,4,0,2,1,0,25205,3
20,2014-10-07,519553306763730944,"Great to meet the Rabbi who puts the ""kosher"" in to @BensKosherDeli in Boca Raton! http://t.co/mYuCQCW1hx",105,7,7,0,0,1,1,25205,1
21,2014-10-07,519536930740912128,John Schilling blew the whistle on Rick Scott's fraud. His story is chilling: http://t.co/eJV1jQdyhJ http://t.co/zmRXGzncyT,123,47,21,0,1,0,1,25205,1
22,2014-10-07,519457203875766273,"Incredible - great work, team. MT @NatiDanielle: I'm so proud of all of our #GatorsForCharlie who registered over 250 people to vote today!",139,11,8,1,0,1,0,25205,2
23,2014-10-07,519306676122714112,AMAZING! RT @DemsUCF: We registered over 200 people to vote today with the Charlie Crist campaign! Good job guys and keep moving forward!,137,35,30,0,0,1,0,25205,1
24,2014-10-07,519292890942799872,Thank you for voting by mail! RT @kaityballgame: Got my absentee and ready to vote for @CharlieCrist and make this a @ScottFreeFLA!,131,9,17,0,0,3,0,25205,3
25,2014-10-08,519925453318918144,Duke Energy is ripping off small businesses and churches -- this is unacceptable! http://t.co/MNMWHY0n0o,104,30,10,0,1,0,0,25205,1
26,2014-10-08,519894041320632320,Bless you - it's time to bring equality to Florida! RT @RealJohanaPerez: Just voted for my dude @CharlieCrist! #EqualityForAll #LGBT,132,7,7,2,0,1,0,25205,3
27,2014-10-08,519891702338052096," #ShadyRick has shielded more than $200 million in assets, in violation with the FL constitution, via @TB_Times: http://t.",122,20,0,1,1,2,0,25205,4
28,2014-10-08,519834911218208769,"I'll keep fighting for you! RT @historiteacher: Bye bye @FLGovScott ""Hello"" @CharlieCrist #teachersdontforget http://t.co/gHzXNrBQ1m",132,24,27,1,0,3,1,25205,4
29,2014-10-08,519994183293997056,Hi Blondell! Bless you and keep up the great work! @kc0219,58,5,3,0,0,1,0,25205,1
30,2014-10-08,519967227961806848, It's not a trick - it's an illusion! MT @ProgressFlorida: Scott weaves a web of financial wizardry: http://t.co/slhPShaBYK,123,14,3,0,1,2,0,25205,3
31,2014-10-08,519967227744096256,.@DukeEnergy I'll help business by lowering utility rates -- no consulting fee required!,88,24,8,0,0,1,0,25205,1
32,2014-10-08,519945131609190400,".@dazedreverie Thank you and bless you, Alyssa! I'll fight for you.",67,5,8,0,0,1,0,25205,1
33,2014-10-09,520301122918297600, RT @American_Bridge: More bad news about @ScottforFloridas latest scandal on last nights news. #flgov http://t.co/9HvuSLfuEa,125,20,0,1,1,3,0,25205,5
34,2014-10-09,520251625617641473,"What's he hiding? RT @ScottFreeFLA: #ShadyRick's ""blind trust"" is only blind to us...

Cartoon by @AndyMarlette. http://t.co/7NDn4Je6zD",135,22,6,1,0,2,1,25205,3
35,2014-10-09,520230168187904001,An important investigation by @WFTV - Rick Scott's financial disclosures only lead to more questions: http://t.co/AilPqkknlF,124,123,19,0,1,1,0,25205,2
36,2014-10-09,520217728171646976, So excited to join @CecileRichards today at 3pm @UCF! Will you be there? http://t.co/TiPSwqg8vM http://t.co/sIgIA1QgA3,119,33,0,0,1,3,1,25205,4
37,2014-10-09,520005489178865664,"Thank you, Paul! FL's future is in your hands. RT @pauldabb: Just turned 18 and I can't wait to vote for @CharlieCrist in my first election!",140,22,29,0,0,2,0,25205,2
38,2014-10-09,520338271302213632,1.1 million workers rely on CONNECT for unemployment benefits - but the site just doesn't work. We need to fix this: http://t.co/dQ0p9bw1FP,139,26,7,0,1,0,0,25205,1
39,2014-10-09,520317583363289088,"Yes we are! MT @CecileRichards: The next LG of FL, @Annette_Taddeo - she &amp; @CharlieCrist are ready to work for women! http://t.co/hhhMnenWNM",144,17,11,0,0,3,1,25205,3
40,2014-10-09,520357560264568832,Four weekends to go before Election Day! Will you volunteer with #TeamCharlie? http://t.co/GArTqwtnmy http://t.co/xijKvAKqyv,124,17,11,1,1,0,1,25205,2
41,2014-10-09,520275311162695682,#TBT ahead of our first debate... https://t.co/pe5UeWjMyC,57,12,7,1,1,0,0,25205,2
42,2014-10-10,520594661594120192," For people who own mansions like @FLGovScott, things seem okay. But regular Floridians are struggling. - @CharlieCrist at #T51",127,24,0,1,0,3,0,25205,4
43,2014-10-10,520366666337624066,"Ahead of tomorrow's #T51Debate, follow @ScottFreeFLA - the team will be holding Rick Scott accountable to the facts.",116,28,11,1,0,1,0,25205,2
44,2014-10-10,520372221684899841," For #ShadyRick, a higher wage for you makes him ""cringe"". Just a reminder. http://t.co/9s9p8Tjiph #RaiseTheWage http://t.",122,48,0,2,1,1,1,25205,4
45,2014-10-10,520372694299066368,That's right! http://t.co/DLqz3qnLMS MT @ProudFloridian: Hope everyone has signed up to vote by mail - its easy &amp; ballots are going out now!,144,21,10,0,1,1,0,25205,2
46,2014-10-10,520386018512355328,.@kenobikathy Kathy! This is wonderful. Thank you all - we're fighting for the future of OUR Florida!,101,5,3,0,0,1,0,25205,1
47,2014-10-10,520542361919578112," The GOP talks down to women and tells us to ""say yes to the dress."" We're talking about the issues that matter: http://",120,20,0,0,1,1,0,25205,2
48,2014-10-10,520548360411815937,"Ahead of the #T51Debate, make sure you're getting the facts. #FF @ScottFreeFLA, @Annette_Taddeo, @OmarDanielKhan and @FlaDems!",126,31,6,2,0,4,0,25205,6
49,2014-10-10,520567864856567809,"I've got your back! MT @EHSFLHSD: Hispanic HS student, Pepe, is willing to fight for a gov who fights for minorities. http://t.co/Pn7WJmksZg",140,18,16,0,0,1,1,25205,1
50,2014-10-10,520582324635705344,I'm taking the stage soon for the #T51Debate. No tweeting from the podium - so #TeamCharlie will take it from here. Let's go!,125,20,17,2,0,0,0,25205,2
51,2014-10-10,520583787743567873, Estoy muy emocionada de ver el debate entre @CharlieCrist y Rick Scott. Vamos Charlie! #T51Debate,98,11,0,1,0,2,0,25205,3
52,2014-10-10,520586810942963712,//t.co/ps4GKcHats,17,98,37,1,0,0,1,25205,1
53,2014-10-10,520590546415271936, Great crowd outside the #T51Debate - let's go #TeamCharlie! http://t.co/uIZXuZVlrD,83,24,0,2,0,1,1,25205,3
54,2014-10-10,520591069676044288,#T51Debate is about to begin! It'll be airing in Spanish tonight at 7pm on Telemundo. Stay tuned for facts and highlights.,122,23,3,1,0,0,0,25205,1
55,2014-10-10,520591989096869888,The debate won't be on the air or livestreamed at http://t.co/NtkSFD9DB7 until this evening - but follow it now with #T51Debate.,128,17,5,1,1,0,0,25205,2
56,2014-10-10,520593497821569024,Charlie's vision for Florida: He'll put your family first. http://t.co/E4iC3j1Uxd,81,19,7,0,0,0,1,25205,0
57,2014-10-10,520594133820252160,Rick Scott just said it: He doesn't support raising the minimum wage. Charlie Crist does. #T51Debate,100,24,7,1,0,0,0,25205,1
58,2014-10-10,520595621519306753,Rick Scott cut Bright Futures students in HALF. 50k students felt the impact - that's like wiping out the University of Florida. #T51Debate,139,48,6,1,0,0,0,25205,1
59,2014-10-10,520596709886660608, Rick Scott won't lift a finger to get Medicaid expansion done.  #T51Debate http://t.co/SXFhsm3cNx,98,35,0,1,0,1,1,25205,2
60,2014-10-10,520597232056557568,A governor is not responsible for a global economic meltdown. #T51Debate http://t.co/V3IRk7W88X,95,17,6,1,0,0,1,25205,1
61,2014-10-10,520597689873211392,Climate change is real. RT @ScottFreeFLA: Can't fix a problem if you won't admit it exists. #T51Debate http://t.co/UoAI185F3y,125,41,16,1,0,1,1,25205,2
62,2014-10-10,520598462875062272,Rick Scott has taken $$ from utility companies while they jack up your rates. http://t.co/JliycgopOu #T51Debate http://t.co/tTMZ6oOzUt,134,46,6,1,1,0,1,25205,2
63,2014-10-10,520598699773554688,It's time to expand Medicaid. It's just the right thing to do. #T51Debate http://t.co/UndUyHdiO1,96,126,62,1,0,0,1,25205,1
64,2014-10-10,520599686378307586, Un milln de nuestros compatriotas floridanos recibiran atencin si Rick Scott ampliara el Medicaid. #T51Debate,110,16,0,1,0,1,0,25205,2
65,2014-10-10,520600672413421569, Rick Scott is dodging the question on marriage equality. (Always.) #T51Debate,78,16,0,1,0,1,0,25205,2
66,2014-10-10,520601000865177600,Who are we to tell people who to love or who to marry? Even the Pope said it - who are we to judge? #T51Debate,110,69,49,1,0,0,0,25205,1
67,2014-10-10,520601911989637120," Rick Scott says ""everyone deserves health care"" - but he won't expand Medicaid? #T51Debate",91,33,0,1,0,1,0,25205,2
68,2014-10-10,520603495377149952,"""I didn't leave the Republican Party. The Republican party left me."" #T51Debate",79,28,13,1,0,0,0,25205,1
69,2014-10-10,520603973347446786," ""I've never pled the 5th in my life.""  @CharlieCrist 
#T51Debate",65,19,0,1,0,2,0,25205,3
70,2014-10-10,520604353905053696, Rick Scott has been dodging questions for decades. #T51Debate http://t.co/zXJY2aZXfE,85,47,0,1,0,1,1,25205,2
71,2014-10-10,520605468314857473,This is who Charlie is fighting for: http://t.co/DBcFvap2z7,59,31,13,0,1,0,0,25205,1
72,2014-10-10,520607941930393600,Hands down: Charlie won the #T51Debate. He's fighting for your familyRick Scott is fighting for himself. http://t.co/0niflCa2Fy,127,63,39,1,0,0,1,25205,1
73,2014-10-10,520611372686512129,The first debate is done and I feel good. Let's go! https://t.co/WnOQQBxOye,75,28,11,0,1,0,0,25205,1
74,2014-10-10,520616171075555328, The choice is clear. Rick Scott has not respected our community. @CharlieCrist will fight for you. #T51Debate http://t.,120,114,0,1,0,2,1,25205,3
75,2014-10-10,520650855348178944,I am honored and blessed to be endorsed by the @TB_Times: http://t.co/O5rjhq3cex,80,51,24,0,1,1,0,25205,2
76,2014-10-10,520667876018376704,#T51Debate will be streaming at 7pm in English at http://t.co/5sHf7Lhnfb &amp; in Spanish at http://t.co/NtkSFD9DB7 http://t.co/3SDw7sAg4f,138,62,21,1,2,0,1,25205,3
77,2014-10-10,520692145305690114," Sun Sentinel's Randy Schultz: Did Scott cut taxes? No, he actually raised them. http://t.co/YI6m0gqSPB #ShadyRick http://t.co/",127,31,0,1,1,1,1,25205,3
78,2014-10-10,520709721313914880,"This morning, Rick Scott &amp; I took the stage for #T51Debate. As it airs, I'll talk you through the debate (&amp; make sure you have the facts.)",146,18,9,1,0,0,0,25205,1
79,2014-10-10,520711833435774976, La visin de Charlie para la Florida: l colocar a las familias primero. #T51Debate #TNTweeters http://t.co/SOdPhT2B68,117,17,0,2,0,1,1,25205,3
80,2014-10-10,520712948130410496,I'm proudly in favor of raising the minimum wage - it's what I'll do on day one. Read more about my plan: http://t.co/YzDcYSPFjZ #T51Debate,139,102,51,1,1,0,0,25205,2
81,2014-10-10,520713196316155904,"Rick Scott just doesn't get it! For people who don't have money like he does, things are tough. #T51Debate http://t.co/zrAI5CxzAB",129,16,11,1,0,0,1,25205,1
82,2014-10-10,520713914544578560,How can DREAMers get the educations they deserve unless they can drive to class? It doesn't make sense. #T51Debate http://t.co/Hl2ePitVVI,137,48,19,1,0,0,1,25205,1
83,2014-10-10,520713990276935680," Rick Scott dijo una vez que le ""asusta"" aumentar el salario mnimo. #T51Debate #TNTweeters http://t.co/CJqieZVDwo",113,99,0,2,0,1,1,25205,3
84,2014-10-10,520714649109823489,He cut Bright Futures scholarships in half. Scott made it harder to afford college. Unacceptable. #T51Debate http://t.co/UhaIshceag,131,38,14,1,0,0,1,25205,1
85,2014-10-10,520714698866835456, Un gobernador no es responsable por el desastre de la economa mundial. #T51Debate #TNTweeters http://t.co/CaIQb0QbT0,117,23,0,2,0,1,1,25205,3
86,2014-10-10,520715276711895041,.@Annette_Taddeo is amazing. I'm grateful every day that she agreed to be my running mate. #T51Debate http://t.co/KeUGTA8hmi,124,40,34,1,0,1,1,25205,2
87,2014-10-10,520715442454036480,"Stay tuned! RT @nbc6: Due to technical difficulties, the video stream of the 1st gubernatorial debate will not be available at 7 p.m. (1/2)",139,2,1,0,0,1,0,25205,1
88,2014-10-10,520715657277870081,".@Annette_Taddeo The pleasure is mine, Annette. Truly. #T51Debate",65,4,3,1,0,1,0,25205,2
89,2014-10-10,520716184212480001,Climate change is real. Rick Scott may not be a scientist but he doesn't need to be to understand that. #T51Debate http://t.co/xyKVCUmkBX,137,163,81,1,0,0,1,25205,1
90,2014-10-10,520716352395702273," Get ready: Rick Scott is about to try and answer a question about climate change without EVER saying ""climate change."" #T",122,18,0,1,0,1,0,25205,2
91,2014-10-10,520716808438181888,"It all comes back to this: Rick Scott doesn't have your back. I do -- always have, always will. #T51Debate",106,30,15,1,0,0,0,25205,1
92,2014-10-10,520717207844962304,This part floored me - Rick Scott said he supported access to health care for all. But he won't expand Medicaid? Unconscionable. #T51Debate,139,62,24,1,0,0,0,25205,1
93,2014-10-10,520718265262571520,This question broke my heart. I'll try to bring accountability &amp; transparency back to DCF. We have to do better by our kids. #T51Debate,139,30,17,1,0,0,0,25205,1
94,2014-10-10,520719793419464704,Love is love. I want to help bring marriage equality to Florida. That's just the right thing to do. #T51Debate,110,113,120,1,0,0,0,25205,1
95,2014-10-10,520722417116004353,Rick Scott just can't be trusted. Have you all seen these? #T51Debate http://t.co/o6o81Gsgtv,92,36,8,1,1,0,0,25205,2
96,2014-10-10,520722599396278273," Necesitamos un gobernador que diga la verdad, no uno que se esconda de ella. #T51Debate #TNTweeters http://t.co/PbLuTNT",120,114,0,2,0,1,1,25205,3
97,2014-10-10,520724473444839424, A Rick Scott le hubiera ido mejor aprendiendo cmo luchar por los hispanos que tratando de memorizar algunas frases en ,119,23,0,1,0,1,0,25205,2
98,2014-10-10,520725145737261056,It was truly an honor to argue for the people in #T51Debate. I look forward to the next one on Wednesday - #TeamCharlie won't slow down!,136,31,21,2,0,0,0,25205,2
99,2014-10-11,520726461502984193, Estoy muy orgullosa de estar con el equipo del pueblo. Retweet s estas de acuerdo! #TeamCharlie http://t.co/hQ13m2xc0m,119,47,0,1,0,1,1,25205,2
100,2014-10-11,520729559860543488,Want to catch up on #T51Debate? @nbc6 has put it up in English here: http://t.co/iXdtdrcCa0 - see what you missed!,114,21,12,1,1,1,0,25205,3
101,2014-10-11,520732674261274624, No te olvides de votar por el candidato que gan el #T51Debate: http://t.co/bxQluMzbFQ #TNTweeters http://t.co/eMbXUQ7t,119,111,0,2,1,1,1,25205,4
102,2014-10-11,520913003001028608,Bless you! MT @ErinMurphy1: Excited to vote for @CharlieCrist. Sign up to votebymail: http://t.co/S5lH7lgxse http://t.co/58cKlxUr1Y,131,82,15,0,1,2,1,25205,3
103,2014-10-11,520945099669516288,Incredible morning with @MakingStrides of Broward. http://t.co/CkPjvHPsFN,73,25,18,0,0,1,1,25205,1
104,2014-10-11,520962318381764610,"Talking women's economic security with @CecileRichards &amp; @Annette_Taddeo. When women succeed, Florida succeeds. http://t.co/ZCHe5LCTuB",138,72,31,0,0,2,1,25205,2
105,2014-10-11,521069283326304258,".@rjbarbagallo Thank you, Ramona, for your time and energy - we love data of all kinds!!",88,5,3,0,0,1,0,25205,1
106,2014-10-11,520726762947633152,"If you think #TeamCharlie won #T51Debate, go vote here: http://t.co/105n1Pf9Bz",78,33,14,2,1,0,0,25205,3
107,2014-10-12,521426375052652544," Polls will change, but we know the race will come down to the work we do on the ground. http://t.co/ELkQzZNOPY http://t",120,37,0,0,1,1,1,25205,2
108,2014-10-12,521442470706429952,"Getting it done! RT @indulginfantasy: Fish, grits and phone banking #fieldwins #TURNOUTFORWHAT #teamcharlie http://t.co/1bx7Nd3dYU",130,14,7,3,0,1,1,25205,4
109,2014-10-12,521427731616378880," Excuse me, #ShadyRick, would you pee into this cup, please? http://t.co/6jkelhfqPe http://t.co/5tdc5DPDOY",106,36,0,1,1,1,1,25205,3
110,2014-10-12,521137452673556481,Rick Scott's company abused taxpayer money - then he pled the fifth 75 times to avoid jail. Florida deserves better. https://t.co/Kt8kWORshI,140,306,112,0,1,0,0,25205,1
111,2014-10-12,521274043081961473,Have you returned your vote-by-mail ballot yet? Say yes! http://t.co/2Wq1tFFmiq http://t.co/yiDel9bt1j,102,76,46,0,1,0,1,25205,1
112,2014-10-12,521284452207443968,".@MelissaBWrites Melissa, thank you! Voting by mail is so easy. Will you ask three friends to do it, too? http://t.co/RHZRlA4EJ3",128,15,3,0,1,1,0,25205,2
113,2014-10-12,521306834418692097,Want a ticket to see @JoeBiden in Boca Raton &amp; Broward tomorrow? Go to your local field office from 12-6pm today! http://t.co/Obz1mQYku6,140,45,18,0,1,1,0,25205,2
114,2014-10-12,521317874577580033,"Wishing all masbands &amp; masqueraders a safe &amp; enjoyable 30th anniversary @miabrocarnival! Remember to vote by mail, early &amp; on Election Day.",151,12,5,0,0,1,0,25205,1
115,2014-10-12,521343843484979200,Thank you! RT @altafahmed55: I already Cast my Vote.-by- Mail Ballot. I Voted Charlie Crist Governor Florida 2014. http://t.co/GVwKn2jeoG,137,12,9,0,0,1,1,25205,1
116,2014-10-12,521356676591390721,Rick Scott has used tax breaks to lure companies to FL - but those jobs still don't exist: http://t.co/7QChoBFNMm http://t.co/en3RoLXvNY,136,58,22,0,1,0,1,25205,1
117,2014-10-13,521784770460909568,"Amazing work, team! RT @JBaughmanFL: All of Broward 1 after the @JoeBiden &amp;@CharlieCrist rally today http://t.co/vENxmy6UE1",127,7,10,0,0,3,1,25205,3
118,2014-10-13,521477454863818752, The @FAU_Dems are super excited for the #Students4Charlie phonebank  with @Annette_Taddeo &amp; @DrBiden &amp; our photobooth http://,134,21,0,1,0,4,1,25205,5
119,2014-10-13,521691336077217792,I'm grateful &amp; blessed to have @JoeBiden &amp; @DrBiden here in Florida today. Are you meeting us on the road? Show me pics using #TeamCharlie!,147,24,19,1,0,2,0,25205,3
120,2014-10-13,521701590231953408," Thanks for visiting, &amp; discussing the importance of education! MT @cursoTBO: @DrBiden greets @USouthFlorida students http://t.",131,14,0,0,0,4,1,25205,4
121,2014-10-13,521710706786598912, The crowd is HUGE here in Boca to see @JoeBiden  and @CharlieCrist #TeamCharlie http://t.co/omnh9uRczi,103,47,0,1,0,3,1,25205,4
122,2014-10-13,521720846021578753,  RT @elyseivyy: Barbara waited 2 hours to see @charliecrist and @joebiden! Love the dedication on #TeamCharlie http://t.co/e,125,33,0,1,0,4,1,25205,5
123,2014-10-13,521722341815255040,The future of Florida!! RT @Mubinaaa: Bennett for @CharlieCrist http://t.co/DzCOPgoJRo,86,12,16,0,0,2,1,25205,2
124,2014-10-13,521726192450539520, Excited to be joined by @DrBiden today to discuss making college more affordable for all students. H/T @cursoTBO http:/,120,35,0,0,0,3,1,25205,3
125,2014-10-13,521751010365018112,"Incredible energy at the rally with @JoeBiden in Boca! #TeamCharlie, we're on our way to Broward -- see you soon!! http://t.co/p316NYG1fd",137,136,46,1,0,1,1,25205,2
126,2014-10-13,521809894739947520,Worth a read. RT @ScottFreeFLA: Read this carefully: Rick Scott got SERVED today. Someone's going to court... http://t.co/GeXEhr8IgG,132,50,16,0,1,1,0,25205,2
127,2014-10-14,522157170033311744,Is your ballot sitting on your counter? Commit right now to returning it in the next 7 days! http://t.co/imIq2Fd4fx http://t.co/0nIDhK30E5,138,35,19,0,1,0,1,25205,1
128,2014-10-14,521825236069933058," Wonderful to see you today, @DrBiden. Glad to have you on the People's Team! #TeamCharlie http://t.co/4KdDeJ6kKf",113,43,0,1,0,2,1,25205,3
129,2014-10-14,522009462748364800,Rick Scott is 1 million jobs short of his promise. Watch --&gt; http://t.co/Cg8YOaJNPL,86,45,8,0,1,0,0,25205,1
130,2014-10-14,522027868277075968," Rick Scott has got his shtick, and by god, he's sticking to it. Cartoon by @MorinToon. #ShadyRick http://t.co/tuTzKeB5Vs",121,56,18,1,0,2,1,25205,3
131,2014-10-14,522042429277347840,.@Tebow815 I do and I will! But don't wait until Election Day - you can vote early. Learn more: http://t.co/lxijQYLsJr,118,3,4,0,1,1,0,25205,2
132,2014-10-14,522085906443173888,"On Friday, @MichelleObama will be joining us in Orlando: http://t.co/nAlqx5Xbsj -- and Miami: http://t.co/dx6qxZXKjZ http://t.co/zwiP1KhH3l",139,98,47,0,2,1,1,25205,3
133,2014-10-14,522106074967449601,"So grateful for the support of my friend, @fasanomike. https://t.co/RMvo5AnK9p",78,5,6,0,1,1,0,25205,2
134,2014-10-14,522114913766875136,".@travisakers Bless you, and thank you for your service!",56,0,3,0,0,1,0,25205,1
135,2014-10-14,522134299701559298,"MT @PolitiFactFL: Crist ad says Rick Scott flipped on 700K jobs promise, lowering the bar. Truth-O-Meter says True. http://t.co/ecTFx2Lcgv",138,30,9,0,1,1,0,25205,2
136,2014-10-14,522143572150079489,".@ameliadgvl Your vote WILL matter - thank you, Amelia! Now ask a friend or two to vote by mail, too? http://t.co/RHZRlA4EJ3",124,3,7,0,1,1,0,25205,2
137,2014-10-14,522168028159414273,Tomorrow I'll take the stage to debate Rick Scott in the second #FLDebate. Learn more: http://t.co/bDZ8VhW3u9 http://t.co/Is35eM8mMK,132,118,28,1,1,0,1,25205,2
138,2014-10-15,522501474509942787,"What we can expect to see: RT @ScottFreeFLA: In ever job he's ever had, #ShadyRick has ducked the truth. #flgovdebate http://t.co/vlEJbjHwfi",140,18,10,2,1,1,0,25205,4
139,2014-10-15,522183080140742656,"Bless you, Mike! MT @fasanomike: Why I'm supporting Charlie. It's about the little guy and gal and not the Party. http://t.co/ASDQGt3oTU",136,7,4,0,1,1,0,25205,2
140,2014-10-15,522216972227203072,".@tophernoun That's wonderful! Thank you, your wife, and your son -- your votes WILL matter.",92,3,5,0,0,1,0,25205,1
141,2014-10-15,522383037259341825,The best way to watch tonight's debate is with #TeamCharlie - find a watch party near you! http://t.co/6WcDNE2bxd http://t.co/a2h2f78Woa,136,41,27,1,1,0,1,25205,2
142,2014-10-15,522405353980305408,.@Savanpl Thank you for being a voter! You have my heart. Make sure your friends know how easy vote-by-mail is - http://t.co/RHZRlA4EJ3,135,4,5,0,1,1,0,25205,2
143,2014-10-15,522424291288432640,"Great work, #teamcharlie! RT @TwinChaosCarey: Rain or Shine, @CharlieCrist! Canvassing Pre #fldebate TONIGHT @7pm!!! http://t.co/mdEm8jJioV",139,18,8,2,0,3,1,25205,5
144,2014-10-15,522435959238168576,Do you know where you're watching tonight's #FLGovDebate? Find a watch party or check the channel here: http://t.co/fnpsYaIFYI,126,22,7,1,1,0,0,25205,2
145,2014-10-15,522475694354608128, A gov. is NOT responsible for the global economic meltdown. Nor is a gov. responsible for the recovery. http://t.co/dZRxy,122,6,0,1,1,1,0,25205,3
146,2014-10-15,522482493954723840,Rick Scott is going to HAVE to answer questions tonight. Got anything you want to know? Use #FLGOVdebate &amp; the moderators might pick it up!,143,96,13,1,0,0,0,25205,1
147,2014-10-15,522486338440798208,As I prep for tonight's #FLGOVdebate I never want to forget who I'm fighting for: https://t.co/w8LwuuuEHR,105,21,5,1,1,0,0,25205,2
148,2014-10-15,522492418164137984,#FLGovDebate will air in every city in Florida as well as online. Find out where to watch! http://t.co/6raQrcdUaq http://t.co/W70rCrbinK,136,35,9,1,1,0,1,25205,2
149,2014-10-15,522501393006211072," Let's define ""Medicare fraud,"" shall we? #FLGovDebate http://t.co/YVHTL1fGyT",77,14,0,1,1,1,0,25205,3
150,2014-10-15,522511621730881536,Just finished the walk-thru for #FLGovDebate. My view from the podium (before the audience fills in.) Fired up! http://t.co/USDt5riSmE,134,22,21,1,0,0,1,25205,1
151,2014-10-15,522518591594192896,"15 minutes until go time, so I'm handing Twitter off to the team to take it from here. Let's go! http://t.co/6raQrcdUaq #FLGovDebate",132,23,26,1,1,0,0,25205,2
152,2014-10-15,522522054466490368,#FLGovDebate is about to begin - follow @Annette_Taddeo @FlaDems  and @ScottFreeFLA to get the facts and hold #ShadyRick accountable.,133,21,6,2,0,3,0,25205,5
153,2014-10-15,522522377805385728, So excited to watch @CharlieCrist in the #FLGovDebate! I'll be supporting #TeamCharlie in the audience &amp; my staff will tweet,129,45,0,2,0,2,0,25205,4
154,2014-10-15,522523931920846849,"""Are we really going to debate about the fan? Or are we going to debate education, and the issues?"" - Charlie Crist #FLGovDebate",128,164,98,1,0,0,0,25205,1
155,2014-10-15,522524682801524736,"""It's important for the future of FLorida that we get focused on the middle class."" #FLGovDebate",96,51,37,1,0,0,0,25205,1
156,2014-10-15,522525343224061952,RIck Scott cut education by 1.3 billion. You can't do that and expect our kids to get a good job. http://t.co/XoHtEfJkyV,120,62,19,0,0,0,1,25205,0
157,2014-10-15,522525630093475841,"""The people of Florida know that I didn't cause the global economic meltdown...People are smarter than that."" #FLGovDebate",122,131,88,1,0,0,0,25205,1
158,2014-10-15,522526150870835200,"""People are working two and three jobs to make ends meet. You deserve a governor who will fight for you.""#FLGovDebate",117,65,27,1,0,0,0,25205,1
159,2014-10-15,522526468895956992,FACT: Raising the minimum wage makes Rick Scott cringe. He doesn't support it. #FLGovDebate http://t.co/RsQfWh931m,114,162,57,1,0,0,1,25205,1
160,2014-10-15,522526817773555713,Once again - a governor can NOT cause the global recession. #FLGOVDebate http://t.co/OjHXyr2nVn,95,73,47,1,0,0,1,25205,1
161,2014-10-15,522527134506434560,Rick Scott promised to create 1 million jobs on top of normal economic growth. He failed. #FLGovDebate http://t.co/g7MGsaz9TJ,125,112,57,1,0,0,1,25205,1
162,2014-10-15,522527885316198400,Fact: College degrees cost more under Rick Scott. #FLGovDebate http://t.co/WOTk3G2X1L,85,66,25,1,0,0,1,25205,1
163,2014-10-15,522528373705162753,Rick Scott plead the fifth SEVENTY FIVE TIMES. http://t.co/hpTHNJEzZB,69,141,67,0,0,0,1,25205,0
164,2014-10-15,522528880876613632,"Charlie Crist secured 72,000 acres of Everglades land. #FLGovDebate http://t.co/9kgntZ75Fn",90,81,45,1,0,0,1,25205,1
165,2014-10-15,522529281121873922,Re: #fangate at #flgovdebate - here are the rules we signed. We'll just leave these here: http://t.co/kfythR8Ik6,112,158,65,2,1,0,0,25205,3
166,2014-10-15,522529706835316736,Expanding Medicaid would help 1 million Floridians. It's just the right thing to do. #flgovdebate http://t.co/To4KECp2BU,120,283,123,1,0,0,1,25205,1
167,2014-10-15,522531869036793857,RIck Scott will not say whether he believes in marriage equality. #FLGovDebate,78,71,43,1,0,0,0,25205,1
168,2014-10-15,522533402856005632,"""Stand Your Ground needs to be fixed."" #FLGovDebate",51,116,79,1,0,0,0,25205,1
169,2014-10-15,522534070371495936,Charlie's right. There's no excuse. #FLGovDebate http://t.co/gMvNh4QZuv,71,79,53,1,0,0,1,25205,1
170,2014-10-15,522534509044973568, It costs more to live in Florida thanks to #ShadyRick. THAT's true. #FLGovDebate http://t.co/FSY9nE7Z5s,104,151,0,2,0,1,1,25205,3
171,2014-10-15,522534715287302145," Homeowners are paying more for less insurance coverage under @FLGovScott, @CharlieCrist says. Mostly True. http://t.co/ix",122,84,0,0,1,3,0,25205,4
172,2014-10-15,522534987287908352,"""There's way too much testing in our schools today...We've got to get this right."" #FLGovDebate",95,54,44,1,0,0,0,25205,1
173,2014-10-15,522535204477353984,"When it comes to which candidate has teachers' backs, it's not even up for debate. #FLGovDebate http://t.co/CyB3y4sHH3",118,181,113,1,0,0,1,25205,1
174,2014-10-15,522536557274619906,After Rick Scott's puzzling answer to re: #fangate  we'll just leave these here: http://t.co/kfythR8Ik6 #FLGovDebate,116,74,44,2,1,0,0,25205,3
175,2014-10-15,522537372106252288,Great debate! Let's go #TeamCharlie - commit to vote now: http://t.co/ysvkXRw8VD http://t.co/ytQKSLujXb,103,84,55,1,1,0,1,25205,2
176,2014-10-16,522838950713384961,I'm in favor of all three! RT @ScottFreeFLA: The joke is that NONE OF THESE THINGS ARE WEIRD. #fangate http://t.co/VP37si7yCP,125,161,130,1,0,1,1,25205,2
177,2014-10-16,522538379532312576,Fired up! Let's go team. #flgovdebate  http://t.co/QKDxQEqhIf,61,24,25,1,1,0,0,25205,2
178,2014-10-16,522538969305980928,Glad to have you all on board! RT @TheDemocrats RT if you're on Team Charlie.  #FLGovDebate http://t.co/CjPzcs9e2D,114,360,181,1,0,1,1,25205,2
179,2014-10-16,522542400804487169," Rick Scott, not a fan of renewable energy... or fans #FLGovDebate #Fangate http://t.co/I7hJ3M1spe",98,589,299,2,0,1,1,25205,3
180,2014-10-16,522547630489214976, Rick Scott tries to explain #fangate https://t.co/MiKBAiIhJ7 (and in case you need a reminder: http://t.co/zzLKwxu8lP),119,95,0,1,2,1,0,25205,4
181,2014-10-16,522616721212190720,"#fangate - what a night! Now, let's get back to the issues that matter to Florida. 19 days. Say you're in - here: http://t.co/1CFlgKZJsQ",136,191,209,1,1,0,0,25205,2
182,2014-10-16,522720118502338560," RT @jamisonfoser: Rick Scotts explanation for not coming out for the debate is literally this: \_()_/
https://t.co/BZ",118,29,0,0,1,2,0,25205,3
183,2014-10-16,522752296548319232,.@JonathanAllan9 Thank you Jonathan! I agree -- it was pretty ridiculous. Appreciate your vote!,95,2,15,0,0,1,0,25205,1
184,2014-10-16,522768217031204864,No need to fear any of those things! RT @ScottFreeFLA: #fearthefan #fangate http://t.co/tqKrYOW0Ow,98,164,93,2,0,1,1,25205,3
185,2014-10-16,522776467529158656, A FAN-tastic collapse. #fangate https://t.co/V3Oau3CHjj,56,34,0,1,1,1,0,25205,3
186,2014-10-16,522788829988532224,.@Astronomy_Gal Thank you for your vote! It WILL matter.,56,6,7,0,0,1,0,25205,1
187,2014-10-16,522800933747445761,Fired up after #fangate? You can cast your ballot now! Just sign up here: http://t.co/RHZRlA4EJ3 http://t.co/Abhgh9kCg0,119,44,22,1,1,0,1,25205,2
188,2014-10-16,522803157223481347, The joke is that NONE OF THESE THINGS ARE WEIRD. #fangate http://t.co/uVXz4TObow,81,48,0,1,0,1,1,25205,2
189,2014-10-16,522813967341608960,Looking forward to it! RT @hardball_chris: @CharlieCrist - the man with the fan! - joins me on @hardball tonight at 7 PM.,121,19,15,0,0,3,0,25205,3
190,2014-10-16,522822724872577025, @CharlieCrist supports affordable healthcare &amp; raising the minimum wage. No wonder he has fans in FL. #FanGate http://t.co/psR3,132,183,0,1,0,2,1,25205,3
191,2014-10-16,522828418719559680,A critical moment from #FLGovDebate - when Rick Scott dodged the question on marriage equality: http://t.co/p4l5HZBFd5,118,42,21,1,1,0,0,25205,2
192,2014-10-16,522854353263407104,Looking forward to the rally with my buddy @fasanomike in Pasco - I'm his number one fan. (Can't resist a joke!) http://t.co/rryNDTvd8H,135,20,24,0,1,1,0,25205,2
193,2014-10-16,522875145342300160,Ridiculous. RT @ScottFreeFLA: Go ahead - ask Rick Scott about any of these topics &amp; see what happens! #fangate http://t.co/iJCsuAZOgM,137,88,55,1,0,1,1,25205,2
194,2014-10-17,523256704046080000,Proud to have the endorsement of the @MiamiHerald for governor. http://t.co/y6jh5278r6,86,57,64,0,1,1,0,25205,2
195,2014-10-17,523109203229949952,Want a fan of your own? http://t.co/u1Fo1EPW2g #fangate http://t.co/LaZAp3TrcG,78,179,96,1,1,0,1,25205,2
196,2014-10-17,523134582753726464, .@PolitifactFL takes on #flgovdebate: Notice a pattern? http://t.co/QZuvlO43ZF,79,14,0,1,1,2,0,25205,4
197,2014-10-17,523148949863944192,Honored to be endorsed by the @SunSentinel editorial board. http://t.co/xtQZjRLpJz,82,51,30,0,1,1,0,25205,2
198,2014-10-17,523163470330478592,Excited to be on the trail with @MichelleObama today! Welcome her to Florida: http://t.co/9s7zH9QtWB http://t.co/YILhdo2lkH,123,115,89,0,1,1,1,25205,2
199,2014-10-17,523168680440393728, Wonder why Rick Scott refused to debate @CharlieCrist? Take a guess --&gt; http://t.co/HJ18LST22P #fangate,107,21,0,1,1,2,0,25205,4
200,2014-10-17,523206067111481345,Incredible - just INCREDIBLE - to have @FLOTUS in Florida today. http://t.co/0dcPbfhLvE,87,236,174,0,0,1,1,25205,1
201,2014-10-17,523231515887403008,.@BeverlyBambury Bless you and thank you for your vote!,55,3,6,0,0,1,0,25205,1
202,2014-10-17,523236807350026241,.@FLOTUS and I stopped by Favored Touch Preschool in Orlando. We're fighting for these kids' futures! http://t.co/FTX9EaETmK,124,100,61,0,0,1,1,25205,1
203,2014-10-17,523086977311076352,"The beginning of #flgovdebate got a whole lot of attention - but I hope you'll watch how the debate ended, too: http://t.co/o4EMDDhQSL",134,43,25,1,1,0,0,25205,2
204,2014-10-18,523481725754560512,17 days left and #TeamCharlie isn't letting up for a minute! Sign up now to find a volunteer event near you: http://t.co/KZ2GEtNSZm,131,41,16,1,1,0,0,25205,2
205,2014-10-18,523518010972065792,Truly honored. MT @orlandosentinel: The Editorial Board endorses Charlie Crist for governor http://t.co/KdNUZHg9Z6 http://t.co/0RoJyMnu2T,137,123,73,0,1,1,1,25205,2
206,2014-10-18,523589625613279232,Thank you! RT @ShevrinJones: Doing call time for @CharlieCrist at the Hollywood campaign headquarters. #FLvote2014 http://t.co/9bgrBK6axk,137,23,22,1,0,2,1,25205,3
207,2014-10-18,523600736249053185,Go Noles! #FSUvsND http://t.co/VczaleBSRp,41,41,44,1,0,0,1,25205,1
208,2014-10-18,523611060733878272,Love this! RT @VinceEvans: Great to have @FSUDems supporting @CharlieCrist at today's game. http://t.co/tgeppD5PSY,114,35,49,0,1,3,0,25205,4
209,2014-10-18,523618817994276864,Great to meet Dolores from Volusia at the Dem. Hispanic Caucus of FL Gala - she doesn't let a broken leg stop her!! http://t.co/IlXMBFyAiE,138,23,27,0,0,0,1,25205,0
210,2014-10-19,523978670856081408,.@IAmMayaBrown Great to meet you! Thank you for being on #TeamCharlie,69,4,5,1,0,1,0,25205,2
211,2014-10-19,523688170672504833,"Amazing game. Way to go, Noles -- what a win! #FSUvsND",54,33,53,1,0,0,0,25205,1
212,2014-10-19,523818100433498112,"""Priorities, long-term planning make Crist best choice"" - thank to to the @pbpost for their powerful endorsement: http://t.co/XoxHaW45SM",136,51,28,0,1,1,0,25205,2
213,2014-10-19,523833202956173313,.@waltertainment Bless you and thank you!! Do you know where you're voting? Look it up here: http://t.co/am8JuHeQR3,115,9,8,0,1,1,0,25205,2
214,2014-10-19,523866922186584064,"Heartbreaking. Floridians shouldn't have to ""live with the pain"" of Rick Scott's economy. We can do better. http://t.co/1ml66pI9WC",130,43,27,0,1,0,0,25205,1
215,2014-10-19,523889109077458945,.@RafMBatista Thank you Rafael! Your support means the world to me. I'll fight for equality for all.,100,4,12,0,0,1,0,25205,1
216,2014-10-19,523901187209191424,"So easy! RT @MarlonAHill: #VotebyMail As easy as 1-2-3. Take ur time to do homework. Complete, sign &amp; mail http://t.co/U6SmlcLC6Z",133,18,7,1,0,1,1,25205,2
217,2014-10-19,523930021551816705,Tomorrow is Carole's birthday - it'd mean a lot to me if you'd sign our card for her! http://t.co/9HGrw1WDs0 http://t.co/QItR3TD1Uu,131,20,13,0,1,0,1,25205,1
218,2014-10-19,523931862524121090,Wonderful! Proud to fight for you. RT @kenobikathy: Nurses for Charlie @CharlieCrist #teamcharlie @AmyTidd http://t.co/0WQt8hMwR3,129,20,12,1,0,3,1,25205,4
219,2014-10-19,523957966743953408,"Early voting starts tomorrow! Find out where to vote, when, and what you need to bring: http://t.co/lxijQYLsJr http://t.co/X6xrplC5Wx",133,112,42,0,1,0,1,25205,1
220,2014-10-19,523968599761764354,"Scott's policy on the environment was ""helping businesses get what they want and avoid penalties for wrongdoing."" http://t.co/V16IaEfKeA",136,42,23,0,1,0,0,25205,1
221,2014-10-19,523984716953690112,I'll be voting early tomorrow -- how about you? Commit to vote right now and let me know: http://t.co/FcC8zde144 http://t.co/YwHdo60Cli,135,53,36,0,1,0,1,25205,1
222,2014-10-20,524319353731178497,Rick Scott's pattern of fraud carried over from his days at Columbia/HCA to his term as governor. Incredible read: http://t.co/bFxlkISFHt,137,72,31,0,1,0,0,25205,1
223,2014-10-20,523997309894287360,"#fieldwins! MT @penlovespaper: Well, @CharlieCrist vols are certainly eager. two calls already tonight to remind me to vote. #promiseIwill",138,5,8,2,0,2,0,25205,4
224,2014-10-20,524027509810028544, This is rich. #ShadyRickof health care fraud famevetoed funding to fight health care fraud. http://t.co/Nmp5vTAMaW http,120,143,0,1,1,1,1,25205,3
225,2014-10-20,524207143462141953,Early voting begins today! Do you know where you vote? Look it up here: http://t.co/gwE6zVZjAT http://t.co/ODPGsVsfTU,117,75,33,0,1,0,1,25205,1
226,2014-10-20,524212542777090048, Emily just voted early for @CharlieCrist and you can too! #teamcharlie http://t.co/BuPVWpAk88,94,11,0,1,0,2,1,25205,3
227,2014-10-20,524218745191804930,"I voted early this morning! It was quick, easy, fun -- can't beat it. Learn more: http://t.co/F7Wt8nIxzC http://t.co/yUFyf25rP5",127,191,83,0,1,0,1,25205,1
228,2014-10-20,524239913198170112," .@CharlieCrist is endorsed by almost every major paper in FL.
Rick Scott's got the support of a human trafficker! http://",122,36,0,0,1,2,0,25205,3
229,2014-10-20,524280034006401024, I voted early today for @CharlieCrist! You can too -- anywhere in your county: http://t.co/xNpMAVhWm4 http://t.co/2NHo5,120,142,0,0,1,2,1,25205,3
230,2014-10-20,524341338599194624, Early Vote is underway! Don't forget how #ShadyRick feels about you voting: http://t.co/0l71Mfhs0p http://t.co/K1EAsff6Qh,122,58,20,1,1,1,1,25205,3
231,2014-10-20,524291704925741057,Did you cast your ballot today? Add your name: http://t.co/h4Oqu4KtUH http://t.co/4enl89rxTK,92,68,30,0,1,0,1,25205,1
232,2014-10-20,524341141349875712,Tom Slade was a giant of Florida history. His memory lasts in the hearts of those who knew him.,95,6,4,0,0,0,0,25205,0
233,2014-10-21,524573133705977856,Thank you - schools need to be a priority again! RT @LeveHaiti: I support @CharlieCrist because I support education http://t.co/f6BAx9Pnbb,138,12,11,0,0,2,1,25205,2
234,2014-10-21,524710684186001408,"To see more on Charlie's jobs plan to create a better, more fair Florida, go to http://t.co/olaplu3i7D #FLDebate",112,58,22,1,1,0,0,25205,2
235,2014-10-21,524710477801086976,"""I believe in climate change."" #FLDebate",40,58,35,1,0,0,0,25205,1
236,2014-10-21,524710119221645312, Here's the difference on immigration reform. It's crystal clear. #FLDebate http://t.co/oEeSIWGLzm,98,83,0,1,0,1,1,25205,2
237,2014-10-21,524709813775638530,Rick Scott doesn't support a path to citizenship. Charlie does. #FLDebate,73,75,39,1,0,0,0,25205,1
238,2014-10-21,524709341304074241,"""We need to do everything we can to move comprehensive immigration reform forward."" #FLDebate",93,137,70,1,0,0,0,25205,1
239,2014-10-21,524708857348517888,"""The people on the island are suffering, and that's hard to hear."" #FLDebate",76,18,16,1,0,0,0,25205,1
240,2014-10-21,524707808768294912, Thanks to all of you watching the #FLDebate together! #TeamCharlie H/T http://t.co/1gdu2IjHJK,94,37,0,2,0,1,1,25205,3
241,2014-10-21,524707401149067265, Rick Scott is STILL NOT ANSWERING THE QUESTION. #typical #FLDebate http://t.co/2UArRfPuFi,90,57,0,2,0,1,1,25205,3
242,2014-10-21,524707042699665409," .@CharlieCrist did fight for jobs as governor. He saved the jobs of 20,000 teachers. http://t.co/hSkcxSDWvp",108,134,0,0,0,2,1,25205,2
243,2014-10-21,524706843021426688,"Read more on Charlie's plan to create jobs &amp; build a better, stronger Florida for all: http://t.co/vL4A1bHTkR #FLDebate",123,50,20,1,1,0,0,25205,2
244,2014-10-21,524706736460935168, Miami-Herald story that @CharlieCrist just referenced: http://t.co/6x0Z8VI71c #FLDebate,88,23,0,1,1,2,0,25205,4
245,2014-10-21,524706423242891264, Medicaid expansion is the right thing to do and Rick Scott won't do it. #FLDebate http://t.co/EWy0un7G3k,105,121,0,1,0,1,1,25205,2
246,2014-10-21,524705615348645888,"""He doesn't answer the questions. He just pleads the fifth."" #FLDebate",70,81,50,1,0,0,0,25205,1
247,2014-10-21,524705162854543361,"Delaying an execution for a political fundraiser doesn't sound like ""taking it seriously."" http://t.co/qORlv06BRe #FLDebate",123,91,49,1,1,0,0,25205,2
248,2014-10-21,524704861221187586, Rick Scott rescheduled an execution to accomodate a fundraiser. #FLDebate  http://t.co/sQu0WKRl4J,98,63,0,1,1,1,0,25205,3
249,2014-10-21,524704671521202177,"Sexual assault ""is a serious problem"" and it requires serious solutions. #FLDebate",82,30,21,1,0,0,0,25205,1
250,2014-10-21,524704039053709312,"""I support the medical marijuana amendment. It's the compassionate thing to do."" #FLDebate",90,188,139,1,0,0,0,25205,1
251,2014-10-21,524703926667333632," ""I've been in the health care business"" says Rick Scott. He means the fraud business. #FLDebate",96,62,0,1,0,1,0,25205,2
252,2014-10-21,524703039806918656,Who Charlie is fighting for: https://t.co/w8LwuuuEHR #FLDebate,62,37,15,1,1,0,0,25205,2
253,2014-10-21,524702222764867584,"""People are working two and three jobs to make ends meet. That's not an economy that's humming along."" #FLDebate",112,79,65,1,0,0,0,25205,1
254,2014-10-21,524702035103322112, Truly the #peoplesteam RT @TheDemocrats: .@CharlieCrist and @Annette_Taddeo stand with these Floridians. #FLGovDebate http:/,125,74,0,2,0,4,1,25205,6
255,2014-10-21,524701907554562049,"""He is against raising the minimum wage to $10.10 - and he says the very idea of it makes him cringe. Why?"" #FLDebate",117,46,22,1,0,0,0,25205,1
256,2014-10-21,524701535142293504, Rick Scott does not support raising the minimum wage. #FLDebate http://t.co/ec00R0MZMZ,87,73,0,1,0,1,1,25205,2
257,2014-10-21,524701332569997312, .@CharlieCrist saved us billions on property taxes when he was governor. #FLDebate http://t.co/FIZWN76BTg,106,58,0,1,0,2,1,25205,3
258,2014-10-21,524701314035363840, Politifact says Rick Scott is LYING to you on utility rates: http://t.co/7Ht00XlAld #FLDebate,94,32,0,1,1,1,0,25205,3
259,2014-10-21,524701081163399168, Rick Scott keeps coming back to money . . . but you know where he's coming from. #FLDebate http://t.co/91k80VvtDz,114,42,0,1,0,1,1,25205,2
260,2014-10-21,524700822051905536,"""I'm running to defend the middle class. Rick Scott is fighting for the big utility companies."" https://t.co/w8LwuuuEHR #FLDebate",129,80,30,1,1,0,0,25205,2
261,2014-10-21,524700582011867136," Rick Scott, refusing to answer questions. #typical #FLDebate http://t.co/RqTXwBUIYs",84,34,0,2,0,1,1,25205,3
262,2014-10-21,524700382929244160,Rick Scott made a promise to create jobs. He failed to keep it. #FLDebate  https://t.co/PZc3ZKyzsm,98,50,22,1,1,0,0,25205,2
263,2014-10-21,524700241782521856, Who owns the jet that Rick Scott flies on? #FLDebate http://t.co/cNSEwhZfzt,76,45,0,1,0,1,1,25205,2
264,2014-10-21,524700065428799489,"""I am on your side. Rick Scott is not."" #FLDebate",49,18,16,1,0,0,0,25205,1
265,2014-10-21,524699775501729792,Critical read on Rick Scott's shady behavior over the last 20 years: http://t.co/mx4dMjbsj4 #FLDebate,101,29,9,1,1,0,0,25205,2
266,2014-10-21,524699668433731584," Taking responsibility, a guide from Rick Scott. #ShadyRick #FLDebate http://t.co/fHAyDxuk5e",92,48,0,2,0,1,1,25205,3
267,2014-10-21,524698987320717312, Politifact on Medicare fraud: TRUE. http://t.co/xcxADOW6yR,59,24,0,0,1,1,0,25205,2
268,2014-10-21,524698814578311168,"""Rick Scott has never once taken responsibility for Columbia/HCA."" #FLDebate",76,73,26,1,0,0,0,25205,1
269,2014-10-21,524698481911271424,"""How do you know Rick is telling the truth? His company was charged w/ Medicare fraud and they paid a $1.7 billion fine for it."" #FLDebate",138,85,50,1,0,0,0,25205,1
270,2014-10-21,524698181112569857,"""It's important for women to make their own choices for their own bodies. Governor Scott has a different point of view."" #FLDebate",130,213,174,1,0,0,0,25205,1
271,2014-10-21,524694145076432898,"#FLDebate starts at 7:00 p.m., so I'm handing Twitter off to the team for a little bit. Fired up -- let's go!",109,23,17,1,0,0,0,25205,1
272,2014-10-21,524688050685632512,"Ahead of tonight's #FLDebate, make sure you're following @ScottFreeFLA, @Annette_Taddeo, and @FlaDems.",102,33,16,1,0,3,0,25205,4
273,2014-10-21,524682844312846336,My view from the podium for tonight's #fldebate. Looking forward to it! http://t.co/fLFN308z7u,94,17,25,1,0,0,1,25205,1
274,2014-10-21,524665583489396737," Rick Scott caught in another lie, this time about electric rates. http://t.co/9Lvpzdh6bD via @PolitiFactFL #ShadyRick http://t",127,82,0,1,1,2,1,25205,4
275,2014-10-21,524659404415594496,"Thank you, Andrew!! RT @AndrewKorge: I just early voted for @CharlieCrist and @Annette_Taddeo, you should too! http://t.co/1B5CXYC7rk",133,6,5,0,0,3,1,25205,3
276,2014-10-21,524647829831041024,Notes like this floor me. I'm so proud to be fighting for people like Mr. Nickell. http://t.co/zStzjufvvl http://t.co/xoEJDOBFlz,128,41,43,0,1,0,1,25205,1
277,2014-10-21,524625970125230082,Thank you!! Voting early is the best. RT @briannamignon: Rocked the vote for @CharlieCrist and @Annette_Taddeo! #earlyvoting,124,8,7,1,0,3,0,25205,4
278,2014-10-21,524624589834711041, Rick Scott NEVER took responsibility for the Medicare fraud committed under his watch. Never. #FLDebate http://t.co/ogP47,122,51,0,1,1,1,0,25205,3
279,2014-10-21,524607327769337856,Grateful for it! RT @browarddems: Nearly every major newspaper in Florida has endorsed Charlie Crist this week. http://t.co/KogftNvwKY,134,13,14,0,1,1,0,25205,2
280,2014-10-21,524585208952393728,"How many lies can Rick Scott tell in one minute? Too many! 

Great new ad from @FlaDems: http://t.co/lKdJfJ3mid",111,50,17,0,1,1,0,25205,2
281,2014-10-21,524573236106108928, Vote for @CharlieCrist! RT @gare_bear327: Time for a governor who fights for this little one's future! #TeamCharlie http://t.c,127,23,0,1,0,3,1,25205,4
282,2014-10-21,524564827394412544,You can vote early or by mail TODAY -- get all the info you need: http://t.co/lxijQYLsJr http://t.co/brt4tJBOgp,111,42,15,0,1,0,1,25205,1
283,2014-10-21,524554984952565760,It's day 2 of early vote in many counties across FL. Cast your ballot before the debate! http://t.co/F7Wt8nIxzC http://t.co/pgQuopcNUi,134,49,21,0,1,0,1,25205,1
284,2014-10-21,524530828626239489,Do you know where you're watching tonight's #FLDebate? Get the details: http://t.co/kEP34bHwcg http://t.co/zosqtYq7Un,117,46,10,1,1,0,1,25205,2
285,2014-10-21,524528568982728708, Day 2 of Early Voting: open until 3p today at 25 sites. Info &amp; access to customized sample ballot: http://t.co/touiY4PX6C,126,22,0,1,1,1,0,25205,3
286,2014-10-21,524523664947949568, Denial. Blame-shifting. Lying. It's all part of #ShadyRick's pattern of behavior. http://t.co/MworIQ7gja,105,11,0,1,1,1,0,25205,3
287,2014-10-21,524388576801210369,Thank you! RT @mrjeanortega: My absentee ballot is in. It's a little of what I can do to #StopTheGOP #TeamCharlie #democrat,123,12,16,3,0,1,0,25205,4
288,2014-10-22,525016559492685824,Thank you! RT @jordang2017: Watching the #FLGovDebate from last night makes me even more certain of my decision to vote for @CharlieCrist.,138,13,11,1,0,2,0,25205,3
289,2014-10-22,524711750566834176,"""I hope to earn your vote."" Learn more: http://t.co/lxijQYLsJr #FLDebate",72,54,40,1,1,0,0,25205,2
290,2014-10-22,524712753638817792, Rick Scotts Top Ten Debate Lies http://t.co/jeVZRliCDL #FLDebate http://t.co/eOTfhKNdhm,88,137,0,1,1,1,1,25205,3
291,2014-10-22,524714313806663680,Now it's on you. Commit to vote: http://t.co/FSJZbU5RT7 #FLDebate https://t.co/9MvJ8X8mT0,89,54,39,1,2,0,0,25205,3
292,2014-10-22,524725929440837632,I am proud to have argued for Florida's families tonight. You deserve someone who has your back. #FLDebate,106,129,120,1,0,0,0,25205,1
293,2014-10-22,524726375874187264,"When I was governor, I had no more solemn responsibility. #FLDebate http://t.co/cbjFoAH0vw",90,29,13,1,1,0,0,25205,2
294,2014-10-22,524911295842103297,Today's the third day of early voting in many counties -- do you know where to go? http://t.co/F7Wt8nIxzC http://t.co/Sz4YCjGICP,128,87,36,0,1,0,1,25205,1
295,2014-10-22,524939246935605249,.@rjbarbagallo Thank him and thank YOU! Early voting is quick and easy - definitely the way to go! http://t.co/F7Wt8nIxzC,121,10,6,0,1,1,0,25205,2
296,2014-10-22,524956590856609792,Wonderful morning with #TeamCharlie in Jacksonville. http://t.co/7k5sIQF9FN,75,19,16,1,0,0,1,25205,1
297,2014-10-22,524958423276740608,Thank you! http://t.co/F7Wt8nIxzC RT @DavidMKerner: We already voted for @CharlieCrist and @Annette_Taddeo! Have you? http://t.co/ErX0Vdpa1t,140,8,7,0,1,3,1,25205,4
298,2014-10-22,524966062492614658, The stunning moment from last night's #FLDebate: http://t.co/mSHDozaep4 https://t.co/ogTnXBAj8p,96,27,0,1,2,1,0,25205,4
299,2014-10-22,524968694909124608,Early vote means no lines! http://t.co/F7Wt8nIxzC MT @ben__America: It's time. @CharlieCrist #ivote #jaxpol #jaxdems http://t.co/mm9T5bsN5n,139,16,10,3,1,2,1,25205,6
300,2014-10-22,524990112619192320,"The team that votes together, wins together. Go vote with #TeamCharlie! Sign up now: http://t.co/WHSMy4y1d7 http://t.co/S8S5x3SYhq",130,58,27,1,1,0,1,25205,2
301,2014-10-22,525002130193518592, Rudy Giuliani is in FL with #ShadyRick today. Let's see what he said about Scott in 2010... http://t.co/FK2zyfS7EN http:/,122,218,0,1,1,1,1,25205,3
302,2014-10-22,525007198951198722,Thank you!! Every vote matters. http://t.co/F7Wt8nIxzC RT @CheriHaynie3435: @CharlieCrist just made my vote count for change in Florida.,136,7,6,0,1,2,0,25205,3
303,2014-10-22,525067346440753152,".@KnottyMary @deejayedee Bless you both for voting! Make sure you tell your friends, too -- every single vote will matter in this election.",139,20,14,0,0,2,0,25205,2
304,2014-10-23,525416690012524544,".@BenFriedman Please tell your mom thank you - we DO appreciate it! In a race this close, every single vote will count.",119,4,9,0,0,1,0,25205,1
305,2014-10-23,525245253813432321,".@southerntalker Thank you!! Now make sure your friends vote, too. Ask them to make the pledge: http://t.co/68A3QUXFkf",118,5,8,0,1,1,0,25205,2
306,2014-10-23,525254383832137728,"Wishing for a Florida full of light, peace, and prosperity -- happy Diwali to all who are celebrating!",102,12,18,0,0,0,0,25205,0
307,2014-10-23,525270181707137025,That's great! Thank you for making your voice heard. RT @billyjolie: On my way to vote! @CharlieCrist #FL,105,3,4,1,0,2,0,25205,3
308,2014-10-23,525279755206004736,"Time for a change. MT @fasanomike: Under Gov. Scott, its Utilities Gone Wild http://t.co/EnrQuqbPy3 - #sayfie #forthelittleguyandgal",132,24,6,2,1,1,0,25205,4
309,2014-10-23,525290072023646209,Thank you! Now take the next step &amp; volunteer: http://t.co/gMBcLmWgXw RT @gregorywoods4: Today my vote went to Charlie Crist for governor.,142,4,2,0,1,1,0,25205,2
310,2014-10-23,525300422936780804,".@JayeLee Call our voter assistance line at 844-FL-VOTES (844-358-6837) - if they can, they'll try and help!",108,16,2,0,0,1,0,25205,1
311,2014-10-23,525307647265083392,"Hard to forget a moment like this -- truly, it's one of the most solemn duties a governor has: http://t.co/MjO5zgextF",117,12,4,0,1,0,0,25205,1
312,2014-10-23,525320789050920962,Early voting opens in six more counties today -- find out where you can cast your ballot: http://t.co/F7Wt8nIxzC http://t.co/qmJiXu6e1H,135,84,24,0,1,0,1,25205,1
313,2014-10-23,525355740324577280,.@LizzBizz31514 Fantastic!! Do you have everything you need? http://t.co/F7Wt8nIxzC,83,5,2,0,1,1,0,25205,2
314,2014-10-23,525388367144701952, Ya comenz el voto anticipado en muchos condados. No esperes -- vota hoy! http://t.co/IVr7QLYr3i #VotoLatino http://t.,118,45,0,1,1,1,1,25205,3
315,2014-10-23,525394559610925056, This is unbelievable -- even for Rick Scott. http://t.co/pcwWus2OB0 #ShadyRick http://t.co/EjwPVH1v5z,102,65,0,1,1,1,1,25205,3
316,2014-10-23,525431629767245824,Great day on the campaign trail at Wynmoor &amp; Century Village. 12 more to go! http://t.co/J5HP9UVYSP,103,17,15,0,0,0,1,25205,0
317,2014-10-24,525604377675837440,Thank you Sam! Your vote matters! RT @SamCFriedman: @CharlieCrist as if there were any other choice... #TeamCharlie http://t.co/U4xBPEN7ev,138,10,12,1,0,2,1,25205,3
318,2014-10-24,525440519321960448, Be on the RIGHT side of equality! Vote for @CharlieCrist !! I do not want a governor like Rick Scott who doesn't believe ,122,20,0,0,0,2,0,25205,2
319,2014-10-24,525466439462158336,Excited to have @BillClinton in Tampa on Sunday. RSVP now: http://t.co/cpWu27ps9q http://t.co/rK1YXpMyJN,104,67,45,0,1,1,1,25205,2
320,2014-10-24,525620487880048640,Voting by mail is the best! RT @sallycohen1: Casually voting on this Thursday night. #absentee #FL #teamcharlie http://t.co/3GPRAkpMIv,134,16,8,3,1,1,0,25205,5
321,2014-10-24,525654680362561537, #ShadyRick RT @fineout: Steven Andrews brings a prop with him to no-go depo with @FLGovScott http://t.co/sh9EiOFB4b,116,9,0,1,0,3,1,25205,4
322,2014-10-24,525654741289017345, RIGHT NOW: Rick Scott should be giving a deposition in lawsuit over his secret email accounts http://t.co/u2kWVzbbl9 http://t.,127,71,0,0,1,1,1,25205,2
323,2014-10-24,525655251509346304," Then there's this: A giant Rick Scott puppet &amp; people yelling ""too shady for the Sunshine state."" https://t.co/iqz38vLWet",126,20,0,0,1,2,0,25205,3
324,2014-10-24,525655924867076096,"#ShadyRick was supposed to be deposed today. Instead, he's at a fundraiser. No accountability! http://t.co/AxYwrK2OBx http://t.co/tHpUskgvhq",140,53,26,1,1,0,1,25205,2
325,2014-10-24,525681438122065920,Amazing crowd to early vote in Deerfield Beach this morning! Get it done: http://t.co/gwE6zVZjAT http://t.co/epJRiUHqa6,119,19,11,0,1,0,1,25205,1
326,2014-10-24,525695782687502337,Why wait?! Mail it in today! RT @phebbs_: can't wait to send in my absentee ballot with a vote for @CharlieCrist  #GatorsforCrist,129,4,7,1,0,2,0,25205,3
327,2014-10-24,525700826820784128, Why do the private email accounts matter? Because #ShadyRick probably used them to do things like this --&gt; https://t.co/L,125,42,0,1,1,1,0,25205,3
328,2014-10-24,525719721162067969,Vote for her future: http://t.co/5YZguhY3yC http://t.co/VKL0yELsKx,66,30,12,0,1,0,1,25205,1
329,2014-10-24,525735250840670208,.@BabyLebby22 A perfect Friday for voting - thank you and bless you for caring about our Florida!,97,4,3,0,0,1,0,25205,1
330,2014-10-24,525740802970898432,Not for long. http://t.co/lxijQYLsJr RT @FLYoungDems: That's our shady Governor. #ShadyRick http://t.co/cWadeb9ASM,114,14,10,1,2,1,0,25205,4
331,2014-10-24,525753160011227136,Tickets are going fast for the rally with @billclinton - get yours now: http://t.co/qtWPfn1CAH http://t.co/MLvnAHTlF1,117,39,13,0,1,1,1,25205,2
332,2014-10-24,525770194476859392, Newsflash: Don't expect any climate leadership from #ShadyRick. http://t.co/WvHth0N09j http://t.co/svvF2nFbBs,110,43,0,1,1,1,1,25205,3
333,2014-10-24,525773971334381568, Voting for @CharlieCrist because it's embarrassing and disheartening that men &amp; women can't be paid the same amount as me,126,13,0,1,0,2,0,25205,3
334,2014-10-24,525774138406084608,".@Catherine_AJ Thank you for your vote, Catherine! Equal pay is important -- I'll fight for it from day one.",108,9,13,0,0,1,0,25205,1
335,2014-10-24,525778403828715520,"Bless you! RT @kads15: @CharlieCrist Voted for Charlie cause as a Senior woman who marched on Washington, I know are work is still not done!",140,15,15,0,0,2,0,25205,2
336,2014-10-24,525785044494086144,"It's homecoming at St. Petersburg High, my alma mater -- good luck, Green Devils!",81,15,14,0,0,0,0,25205,0
337,2014-10-24,525790151201406976,You deserve respect again! RT @63eeyore: Voting for @CharlieCrist because he supports Florida public school teachers. #Teachers4Crist,133,35,12,1,0,2,0,25205,3
338,2014-10-25,526135636705546241,Any issues casting your ballot today? Just call the voter assistance hotline: 844-FL-VOTES http://t.co/FO0sdvQkAs,113,83,20,0,0,0,1,25205,0
339,2014-10-25,526153526808821760,You can still RSVP for the rally with @billclinton - tickets will be available at the door! http://t.co/X10gLXqJE7 http://t.co/LoQsQjSjQp,137,80,31,0,1,1,1,25205,2
340,2014-10-25,525980384463302657,Go vote today! Just drop by any early vote site in your county - it's so convenient: http://t.co/nfJQmIWfSm http://t.co/EQgt7pBmFh,130,41,16,0,1,0,1,25205,1
341,2014-10-25,525994946545729537,Any questions about where to go or what you need at the polls? Just give the voter assistance hotline a call! http://t.co/3QXxgD9oZe,132,76,22,0,0,0,1,25205,0
342,2014-10-25,526003542058737666,",@FlaMama69 Thank YOU for voting early! Now take the next step - volunteer! http://t.co/uOvoz95h1Z",98,3,1,0,1,1,0,25205,2
343,2014-10-25,526013853251825665,Are you going to early vote today? Fantastic! http://t.co/F7Wt8nIxzC http://t.co/6E2O4Wc552,91,29,18,0,1,0,1,25205,1
344,2014-10-25,526038689571680256,Amazing! RT @gregg_weiss: WPB for @CharlieCrist  has a crew of 18 knocking doors this morning. We are going to bring the votes in!,130,9,7,0,0,2,0,25205,2
345,2014-10-25,526048088750710784,Great morning with early voters in Miami -- amazing energy out there! http://t.co/R5L0pay84i,92,19,14,0,0,0,1,25205,0
346,2014-10-25,526055860053630976,".@AraNavarrete_ Thank you so much, Ara! Congratulations on casting your vote -- feels good, doesn't it?",103,8,8,0,0,1,0,25205,1
347,2014-10-25,526062165292118017,Go team! RT @breanne_leigh: Hollywood volunteers are ready to go door to door to get out the vote for @CharlieCrist! http://t.co/Tk8TJWvHrF,139,21,11,0,0,2,1,25205,2
348,2014-10-25,526087595038478337,This is wonderful!!! RT @hannahwally: My mama just voted early for @CharlieCrist http://t.co/s8Jht8lTPq,103,18,20,0,0,2,1,25205,2
349,2014-10-25,526091102323879937,.@susiehoffman12 Thank you for your votes! Glad to have your support. Tomorrow's going to be GREAT!,99,3,4,0,0,1,0,25205,1
350,2014-10-25,526096113137623040,Honored to be joined by @SybrinaFulton in Riviera Beach. http://t.co/ynrw4UABSS,79,156,121,0,0,1,1,25205,1
351,2014-10-25,526101161493798912,Congratulations!! Your vote was for the future of our Florida! RT @Webber933: Proud my first vote ever was for @CharlieCrist! #FLGov,132,7,12,1,0,2,0,25205,3
352,2014-10-25,526118808574885888,".@GullabullCow Great work, Angel! Every vote counts. See you at the rally tomorrow!",83,6,6,0,0,1,0,25205,1
353,2014-10-25,526123756100804608, Had a great time with @DeFede on @CBSMiami  I only wish @LopezCantera had joined us! http://t.co/Ltmnx6ZtAu,108,11,0,0,1,4,0,25205,5
354,2014-10-25,526130090892349441,"When you hear Rick Scott say ""it's working,"" remember who it's working for. Watch: http://t.co/ejFOumg5W3",105,52,28,0,1,0,0,25205,1
355,2014-10-25,525804584481341441,"Thank you so much for voting early, @Dehreeus! @Annette_Taddeo is the Beyonce expert on the team -- I'll let her weigh in.",122,19,16,0,0,2,0,25205,2
356,2014-10-25,526146487764267008,"Yes!! RT @47samurai: I early voted for @CharlieCrist because I love my state. You should do the same, go Charlie go! http://t.co/OQGUpXmhSo",139,29,18,0,0,2,1,25205,2
357,2014-10-26,526509438799446017,Honored to have President @billclinton in Tampa today. Take your cue from him - go vote! http://t.co/PV01L67pXH http://t.co/OF3wGSxRXT,134,104,85,0,1,1,1,25205,2
358,2014-10-26,526516436970110976,".@AbilitiesGroup Thank you, Garrett! Your vote will matter. Make sure your friends vote, too -- it's on all of us to win this!",126,3,6,0,0,1,0,25205,1
359,2014-10-26,526164060174159874,Great sticker! RT @phebbs_: vote for @CharlieCrist and vote for a better Florida. #ScottFreeFlorida http://t.co/oSIa9421vY,122,25,19,1,0,2,1,25205,3
360,2014-10-26,526170643188830208,.@marysgirl_ That's what I like to hear! Thank you for being a voter. Make sure you bring a friend or two to the polls with you!,128,6,6,0,0,0,0,25205,0
361,2014-10-26,526340110967914496,Another beautiful day in the Sunshine State! Where are you going to vote? http://t.co/ESS2t5uuoC http://t.co/ydYZUMjUla,119,37,13,0,1,0,1,25205,1
362,2014-10-26,526359975527190528,.@lauradaniels85 Thanks for asking! It means you can go vote TODAY - no need to wait until 11/4! Learn more: http://t.co/gwE6zVZjAT,131,8,4,0,1,1,0,25205,2
363,2014-10-26,526377983594881025,Join @BillClinton &amp; me - 3:15 p.m. at Cyrus Greene Park in Tampa today - tix are available NOW at the park! http://t.co/pyPgsgts18,134,81,54,0,0,1,1,25205,1
364,2014-10-26,526395113623543808,Most people don't realize this - you can vote early anywhere in your county: http://t.co/gwE6zVZjAT http://t.co/20TWlZDLOk,122,143,43,0,1,0,1,25205,1
365,2014-10-26,526409590767099904,Hear it first: Our new radio ad featuring @FLOTUS! https://t.co/Q8QObUfxuX,74,24,10,0,1,1,0,25205,2
366,2014-10-26,526426038520524800,A beautiful day in our beautiful state! RT @AJKoski16: Door to door today in beautiful #Miami for @CharlieCrist http://t.co/q7ErhqxsSZ,134,28,16,1,0,2,1,25205,3
367,2014-10-26,526444934161657856,.@JeremyJones1121 Thank you! So grateful for your vote.,55,2,3,0,0,1,0,25205,1
368,2014-10-26,526453017629835264,Wear that sticker proudly! Thank you for voting early -- http://t.co/F7Wt8nIxzC RT @mavmor06: @CharlieCrist http://t.co/FiNRqUOxBK,130,29,12,0,1,2,1,25205,3
369,2014-10-26,526458228675444736,"Happy birthday to my friend, @HillaryClinton - thank you so much for lending us your husband on your special day!",113,55,63,0,0,1,0,25205,1
370,2014-10-26,526464088495652864,Thank YOU for your hard work! RT @amyeritter: Thank you @CharlieCrist and @DWStweets for believing in women's rights! http://t.co/86FC78dkf8,140,33,33,0,0,3,1,25205,3
371,2014-10-26,526491248316542976,".@EJRivera011984 @Bark252 Bless you both! Will you make sure all your friends vote early, too? http://t.co/rbKhJnGDb8",117,4,6,0,1,2,0,25205,3
372,2014-10-26,526515573996666881," RT @USRepKCastor: Happy Birthday, @HillaryClinton from Tampa Early Vote Rally! http://t.co/UYV3LY0Kvr",102,37,0,0,0,3,1,25205,3
373,2014-10-27,526869721556480000,"Amazing day at #FAUVotes and FIU with #TeamCharlie - with less than 8 days to go, the energy is THERE! http://t.co/awZM6D5bTO",125,36,21,2,0,0,1,25205,2
374,2014-10-27,526703270468014080,Your vote-by-mail ballot must be received by 7pm on 11/4 - put it in the mail TODAY! http://t.co/Ppbo4UZ99X http://t.co/InOEYzKPOz,130,199,37,0,1,0,1,25205,1
375,2014-10-27,526716245601574912,"Did you hear our new radio ad yet? I love this, from @FLOTUS! https://t.co/YEDbufnAU9",85,53,17,0,1,1,0,25205,2
376,2014-10-27,526754620434317314," Rick Scott releases Florida2020. So, let's talk 20/20! https://t.co/CFhbdeNiaX (h/t @kevincate)",96,8,0,0,1,2,0,25205,3
377,2014-10-27,526766461336170497," Then, and now, Rick Scott is just too shady for the sunshine state. Watch  http://t.co/6Kqx1HO9J1 #ShadyRick",109,31,0,1,1,1,0,25205,3
378,2014-10-27,526770002763210753,See you there! RT @nicole_nach: Come see @CharlieCrist at FAU! 12:30 at the free speech lawn! #FieldWins #TeamCharlie http://t.co/i9zeZlvhm5,140,12,9,2,1,1,0,25205,4
379,2014-10-27,526795728811614208,.@PirateWench Incredible! Take a look at some of the other forms of ID you can use: http://t.co/lxijQYLsJr -- and thank you!!,125,6,3,0,1,1,0,25205,2
380,2014-10-27,526807049204539392,.@THEmichaelcairo Great intro! Thank you for welcoming me to campus!!,69,8,13,0,0,1,0,25205,1
381,2014-10-27,526818174210027523,"Miami-Dade - did you know that this Monday thru Friday, early voting goes until 7pm? Go vote! http://t.co/F7Wt8nIxzC http://t.co/49bCVebO24",139,84,32,0,1,0,1,25205,1
382,2014-10-27,526829959549952000,Beautiful. RT @astro_reid: Oh my. #Florida and the #Bahamas a moment ago. Unbelievable beauty. http://t.co/P2bOot4s1F,117,14,15,2,0,1,1,25205,3
383,2014-10-27,526830967902973952,Rick Scott turned his back on women when they needed help the most. This is beyond shameful. http://t.co/r0J2s6Ty8W,115,49,20,0,1,0,0,25205,1
384,2014-10-28,527233603546013696,Great to see my friend and devoted public servant Bob Butterworth in Hollywood this morning! http://t.co/8iNpwkJMvt,115,18,25,0,0,0,1,25205,0
385,2014-10-28,526897281065558017,Amazing - thank you for your vote! RT @TomJ_93: Voted early tonight! #fauvotes @CharlieCrist @Sheldon_FL @FAU_Dems http://t.co/ULY6MCtlMt,137,16,17,1,0,4,1,25205,5
386,2014-10-28,526913049915977729,Agreed!  https://t.co/RMvo5AnK9p RT @DiegoTPestana: Just saw @fasanomike's ad for @CharlieCrist. Great stuff. #Elections2014 #FLGov,131,25,18,2,1,3,0,25205,6
387,2014-10-28,527061250166235136,It's an honor to show you our new ad from President @BillClinton: http://t.co/HfKviT5m32,88,68,22,0,1,1,0,25205,2
388,2014-10-28,527076074174181376,Do you know where you're voting today? Look it up! http://t.co/F7Wt8nIxzC http://t.co/8EOYy0isvG,96,65,16,0,1,0,1,25205,1
389,2014-10-28,527086909214838788,.@lovingcharmed Thank you! But winning isn't about luck - it's about YOU. Help get out the vote: http://t.co/MdE0FAnvdf,119,9,6,0,1,1,0,25205,2
390,2014-10-28,527122531254538241," Watch @WPLGLocal10's Michael Putney slam Rick Scott for his ""appalling"" fight against #MarriageEquality  http://t.co/2ac7UjsW",126,30,0,2,1,2,0,25205,5
391,2014-10-28,527127969760694272,"Yes! http://t.co/lxijQYLsJr RT @SteinBlaine: Every vote matters, get out and vote Florida! @CharlieCrist #EarlyVote http://t.co/o1PTjJWhrl",138,12,7,1,1,2,1,25205,4
392,2014-10-28,527136014028914688,".@Kelly_Heber Thank you for your vote, Kelly -- come back to our beautiful Florida soon!",88,2,4,0,0,1,0,25205,1
393,2014-10-28,527142107719688192, Rudy Giuliani on Rick Scott: http://t.co/p7TmqyO08f #ShadyRick http://t.co/geEXvJ79Uu,86,59,0,1,1,1,1,25205,3
394,2014-10-28,527161655726067712,The deadline to sign up and get your ballot mailed to you is tmrw at 5:00 p.m. Sign up now! http://t.co/RHZRlA4EJ3 http://t.co/Ss63b9tUKz,137,70,15,0,1,0,1,25205,1
395,2014-10-28,527173269963554817,"6 years ago today, I extended early voting hours over the opposition of my party. Making it easier to vote is always the right thing to do.",139,96,66,0,0,0,0,25205,0
396,2014-10-28,527192614114562049,"Virginia, born in 1922, sent us $5 in the mail today. Amazing. It all makes a difference! http://t.co/3ChYvGT3Ba http://t.co/E6IIxy6c0X",135,79,59,0,1,0,1,25205,1
397,2014-10-28,527211486318309376,Got questions about where to vote or what you need? Just call 844-FL-VOTES or check out http://t.co/lxijQYLsJr. http://t.co/xqbQK45nEj,134,44,12,0,1,0,1,25205,1
398,2014-10-28,527218785158037504,"Keep going, team! RT @AJKoski16: Volunteers making calls for @CharlieCrist and @Annette_Taddeo #TeamCrist http://t.co/Kx1Kui2a6I",128,18,15,1,0,3,1,25205,4
399,2014-10-28,527228099109216257,Thank you Lois! Great day. RT @LoisFrankel: Great rally for early voting with @CharlieCrist today in Boca Raton! http://t.co/Bm42HWtdmf,135,13,16,0,0,2,1,25205,2
400,2014-10-28,527241894032859136,Thanks @fljewishjournal for the endorsement! Proud to be a friend to the Jewish community: http://t.co/PWXZEwQorh http://t.co/92I9MKPgi1,136,89,52,0,1,1,1,25205,2
401,2014-10-29,527558790552776704,Bethune-Cookman students march to the polls to vote early. This is great: http://t.co/rqyz5ywOWk http://t.co/QdCvMLQPUw,119,158,97,0,1,0,1,25205,1
402,2014-10-29,527253264429879297,Thank you! I will. RT @LauraRouveyrol: @CharlieCrist  I sent my absentee ballot in and voted for you. Please stand up for public education.,139,25,15,0,0,2,0,25205,2
403,2014-10-29,527446104632487936,Gorgeous October day in Florida -- have you voted yet? Find out where to go: http://t.co/gwE6zVZjAT http://t.co/3k6Nz8It07,122,89,30,0,1,0,1,25205,1
404,2014-10-29,527455118833106944,".@harrelcat Thank you, Cathy!! Your vote will matter. Will you take the next step and help us win? http://t.co/MdE0FAnvdf",121,3,2,0,1,1,0,25205,2
405,2014-10-29,527472987230830592,Thank you!!! RT @jeffsetter: Just early voted in Florida for @CharlieCrist get out there @FlDemocrat and vote for change!,121,15,7,0,0,3,0,25205,3
406,2014-10-29,527483031536156673,Thank you to the @TDOnline for their endorsement! The lowpoints of Scott's term are truly astonishing: http://t.co/DGuGLIq4A1,125,18,8,0,1,1,0,25205,2
407,2014-10-29,527544758089285632,Incredible energy at @UF today!! Go Gators -- and go vote: http://t.co/gwE6zVZjAT  http://t.co/7DIy4siyfn,105,38,31,0,1,1,1,25205,2
408,2014-10-29,527547527005212672, Go vote for @CharlieCrist! Take 10 of your friends! Vote early so you don't have to worry about it on the day! http://t.,121,29,0,0,0,2,1,25205,2
409,2014-10-30,527958423623565312,".@iamjordanfolkes You did!! Congratulations -- now help get your friends out to the polls, too: http://t.co/MdE0FAnvdf",118,7,6,0,1,1,0,25205,2
410,2014-10-30,527613265854332928,President @BillClinton will be joining us for our final rally on Monday in Orlando. RSVP now: http://t.co/K5KTvEShJN http://t.co/SuLhJO9Cv5,139,95,45,0,1,1,1,25205,2
411,2014-10-30,527814940464148481,"Yesterday's great visit to @UF reminded me of this, from back in February: https://t.co/lZQXLjzkvF #TBT",103,12,3,1,1,1,0,25205,3
412,2014-10-30,527830934624944128,Do you know where to go vote today? Look it up now -- and take a picture when you do! http://t.co/gwE6zVZjAT http://t.co/CdnujRGHCg,131,130,23,0,1,0,1,25205,1
413,2014-10-30,527840144217219072,Thank you!! Now take the next step: http://t.co/MdE0FAnvdf RT @catae81: My vote is in @CharlieCrist #scottfreeflorida http://t.co/sKhWthYOl0,140,5,3,1,1,2,1,25205,4
414,2014-10-30,527853205678743552, No hay excusas para no votar. Aprovecha el voto anticipado. Busca tu sitio ms cercano: http://t.co/u5KmFMjyjE http://t,119,130,0,0,1,1,1,25205,2
415,2014-10-30,527868539974475776,Today's the last day you can donate to the campaign. Just $1 will make a difference: http://t.co/CahkmMNXGw,107,5,4,0,1,0,0,25205,1
416,2014-10-30,527872652736999425, Have a couple extra minutes during your lunch break? GO VOTE! Find the closest location here  http://t.co/LSGqU5YTem http://t,126,47,0,0,1,1,1,25205,2
417,2014-10-30,527873411385942017,Rick Scott keeps dodging questions on why he won't fight for equal pay for women. I'll get it done on day one. Watch: http://t.co/rM8ioZO8kL,140,101,37,0,1,0,0,25205,1
418,2014-10-30,527910612307697664,.@BrynnAxtell Absolutely right! Our kids deserve a governor who will fight for them. Thank YOU for your dedication!,115,7,9,0,0,1,0,25205,1
419,2014-10-30,527917382098907136,Great to see my friend @DWStweets at Century Village today! http://t.co/NbtM7eHpB6,82,10,8,0,0,1,1,25205,1
420,2014-10-30,527924703873077248,"5 days til the nightmare is over! RT @Charlieh0ch: Peace out, Ricky #ScottFreeFlorida #TeamCharlie http://t.co/o95pRKsgFb",121,39,43,2,0,1,1,25205,3
421,2014-10-30,527932065933967361,Enjoyed stopping by the @99JAMZWEDR studio - thanks for having me! http://t.co/kJa63HkCse,89,8,11,0,0,1,1,25205,1
422,2014-10-30,527939140017750016, Rumor has it Ted Cruz is campaigning with Rick Scott today. They have a lot in common! #besties http://t.co/tRXDz2qmmP,119,76,0,1,0,1,1,25205,2
423,2014-10-30,527951377708765184,.@TWaicul Raising the minimum wage is just the right thing to do. I'll fight for you!,85,19,19,0,0,1,0,25205,1
424,2014-10-30,527961232582905856, Rick Scott tiene el apoyo de Ted Cruz? No es el tipo de apoyo que necesitamos para nuestros #DREAMers. #TNTweeters htt,119,124,0,2,0,1,1,25205,3
425,2014-10-31,528207449736904704,Great morning canvassing with @fasanomike in Pasco! Will you knock a few doors? http://t.co/Wh6dXN0ReO http://t.co/rJNaAQKKGJ,125,27,16,0,1,1,1,25205,2
426,2014-10-31,527979018159550465,.@AbbyArrington Thank you! It's never been about right vs left for me. It's always been about right vs wrong. Glad to have you with us!,135,17,16,0,0,1,0,25205,1
427,2014-10-31,527989086213398528,"If you give me the honor of serving you, I promise to govern in the sunshine. Rick Scott makes no such guarantees: http://t.co/XezrosjkSI",137,81,66,0,1,0,0,25205,1
428,2014-10-31,528020668886319104,What a game! #GoNoles,21,63,53,1,0,0,0,25205,1
429,2014-10-31,528154718409744387,Four days left before Election Day - but you can vote NOW! Find out where: http://t.co/F7Wt8nIxzC http://t.co/BBrNr06p0K,120,45,16,0,1,0,1,25205,1
430,2014-10-31,528156863255150593," ""Its got to be the dumbest answer Ive ever heard."" - a GOP lobbyist, re: Rick Scott on climate change. http://t.co/BBv6",120,26,0,0,1,1,0,25205,2
431,2014-10-31,528188432426627072,"If you're voting by mail, your ballot must be received by 7pm on Tuesday. Mail it in today! http://t.co/yd9o3jB230 http://t.co/J2vdVk9ZGZ",137,64,18,0,1,0,1,25205,1
432,2014-10-31,528236582684594177, Excited to have @RepBecerra on #TeamCharlie and to see team Apopka fired up for GOTV! http://t.co/LlNWtAmVjj http://t.c,120,17,0,1,1,2,1,25205,4
433,2014-10-31,528248444767707136,Excited to join my friend @VP in South Florida this Sunday - will you be there? http://t.co/HSf2vLMctx http://t.co/XrWkzUvRVg,125,24,16,0,1,1,1,25205,2
434,2014-10-31,528276596642557953,"I'll fight for families like yours. Always have, always will. Watch our new ad --&gt; https://t.co/Jmg3XLxUUd",109,97,25,0,1,0,0,25205,1
435,2014-11-01,528670575816765440,Looking forward to it!! RT @FIUDems: Can't wait for @JoeBiden @JoeGarcia @CharlieCrist to GOTV this Sunday at FIU!! 10am this Sunday,132,28,17,0,0,4,0,25205,4
436,2014-11-01,528345206585049090, Everywhere I go on the trail I remind parents that @CharlieCrist will be a fighter for Florida's future. #teamcharlie http:/,125,38,0,1,0,2,1,25205,3
437,2014-11-01,528504280706060288,Early voting is open all across the state -- where are you going to vote? http://t.co/F7Wt8nIxzC http://t.co/hkgJAaHHjk,119,161,41,0,1,0,1,25205,1
438,2014-11-01,528548896860286976," Good morning Florida, it's a great day to vote early! http://t.co/uK7LT9f8xO #fieldwins #gotv #teamcharlie http://t.co/",120,25,0,3,1,1,1,25205,5
439,2014-11-01,528573081644986369, Beautifully brisk sunny day walking &amp; talking to @CharlieCrist voters! #TeamCharlie #Fieldwins http://t.co/j8sgwzB1Dd,122,8,0,2,0,2,1,25205,4
440,2014-11-01,528573771469189121,Great morning with @FAMU_1887 students -- go Rattlers! http://t.co/W8ZdQhXvvO,77,45,29,0,0,1,1,25205,1
441,2014-11-01,528586429912584192," Si tienes alguna pregunta sobre la votacin, contctanos. http://t.co/6iXcBaEoH8 #VotoLatino #EquipoDelPueblo http://t.",118,108,0,2,1,1,1,25205,4
442,2014-11-01,528590956858454017,"Good to see my friend @a_gillum  -- @FAMU_1887 alum, mayor-elect of Tallahassee, and all-around good guy! http://t.co/w6uVbGoyjH",128,64,52,0,0,2,1,25205,2
443,2014-11-01,528633092651499520,Not sure if it matters to vote? Think of her future. http://t.co/F7Wt8nIxzC http://t.co/chtoUAtqbI,98,47,23,0,1,0,1,25205,1
444,2014-11-01,528650439802118144,".@ooh_leanne Don't just wait, help make it happen! Sign up to help get out the vote: http://t.co/W46fp69MkJ",107,9,6,0,1,1,0,25205,2
445,2014-11-01,528686270856192000, Amazing day of get out the vote! Join #TeamCharlie tomorrow: http://t.co/LlNWtAmVjj H/T @CommishMDK http://t.co/LStvCx4,120,39,0,1,1,2,1,25205,4
446,2014-11-02,528984682306613248,"Great sticker! Thank you for voting, Eric. RT @ejromeo69: @CharlieCrist http://t.co/U4PnFrI4KY",94,16,18,0,0,2,1,25205,2
447,2014-11-02,528878003435368448,It's the last day to vote early in 12 counties - yours could be one of them! Go vote today: http://t.co/gwE6zVZjAT http://t.co/9zREAShv4F,137,83,39,0,1,0,1,25205,1
448,2014-11-02,528881319485636608," #ShadyRick has cut $1.3 billion from FL education. That's enough to buy 325 Super Bowl ads or 343,000,000 quarter pounder",122,53,0,1,0,1,0,25205,2
449,2014-11-02,528912223398137857,I'll put you first. It's that simple: http://t.co/4x8DAM0DO5,60,31,27,0,1,0,0,25205,1
450,2014-11-02,528930936742608897," This letter to the state has gone unanswered: http://t.co/KmZJARDzgk 
Why doesn't Rick Scott want to make it easier for F",122,58,0,0,1,1,0,25205,2
451,2014-11-02,528944640980840449,Will President @BillClinton and I see you in Orlando tomorrow night? http://t.co/YKsPChaog9 http://t.co/rs1LJUZEHl,114,50,33,0,1,1,1,25205,2
452,2014-11-02,529032194992660482,Incredible energy at the North Miami early vote site -- people in line &amp; voting an hour after polls closed. Amazing! http://t.co/c06hZPFPPG,143,89,46,0,0,0,1,25205,0
453,2014-11-03,529364694444675073,I'll always work for you. http://t.co/d6MefgTTgW,48,33,21,0,1,0,0,25205,1
454,2014-11-03,529080497121820672,Onward to Tuesday and #TeamCharlie is getting it done. Join us: http://t.co/Wh6dXN0ReO http://t.co/XGcFbnh7S5,109,131,41,1,1,0,1,25205,2
455,2014-11-03,529274366156996608,Got questions about where to go tomorrow or what you need to bring to the polls? Call 844-FL-VOTES (844-358-6837). http://t.co/CKb98Va8Kz,137,222,52,0,0,0,1,25205,0
456,2014-11-03,529296356377378817, Final days to get out the vote for #TeamCharlie. Make sure we finish strong! http://t.co/Gsd00IoBMm http://t.co/d1L3p4E,120,163,0,1,1,1,1,25205,3
457,2014-11-03,529305470407049216,A quick update from the People's Express: http://t.co/B59jcN0w2v,64,24,9,0,1,0,0,25205,1
458,2014-11-03,529313370545979392,Glad to have President @billclinton on our side. http://t.co/M9e726gFwJ,71,39,33,0,1,1,0,25205,2
459,2014-11-03,529326441914044416,Got time today? Make a few calls! http://t.co/uukf4eMiar http://t.co/qnESFnvWa3,79,24,14,0,1,0,1,25205,1
460,2014-11-03,529346787643912192,#TeamCharlie is feeling GOOD. Join us: http://t.co/MdE0FAnvdf http://t.co/jxeR2odPMS,84,35,28,1,1,0,1,25205,2
461,2014-11-03,529349128984096768," En slo un da, vamos a elegir un gobierno nuevo. Yo s que podemos contar contigo. http://t.co/kIqiAUUkpB #TeamCharlie",117,28,0,1,1,1,0,25205,3
462,2014-11-03,529368328784318465,Hugs. http://t.co/hSDomMSJ9s,28,34,32,0,0,0,1,25205,0
463,2014-11-03,529411553389731840, Tu voto es muy importante. #TeamCharlie cuenta contigo. http://t.co/zfF7ftdoCH #VotoLatino http://t.co/KkgLkPnu03,114,62,0,2,1,1,1,25205,4
464,2014-11-04,529749240893808641,Polls close at 7pm. Make a difference -- hop on the phone from home and help get out the vote: http://t.co/s7bk1gjtfg http://t.co/JWYiFw6v0B,140,72,38,0,1,0,1,25205,1
465,2014-11-04,529430745144918017,Getting ready to take the stage with President @BillClinton in just a few minutes - watch the rally live here! http://t.co/VycaaCQiXD,133,84,63,0,1,1,0,25205,2
466,2014-11-04,529592089689198592,Today is Election Day! Look up your polling place -- then go vote! http://t.co/TG280Ew2zX #TeamCharlie http://t.co/q12ZfbYuKx,125,97,37,1,1,0,1,25205,2
467,2014-11-04,529608836198699008,"Polls are open -- #TeamCharlie, who are you bringing to vote with you? http://t.co/TG280Ew2zX https://t.co/kK2d16zdUe",117,60,37,1,2,0,0,25205,3
468,2014-11-04,529629429622796288,You can vote from now until 7pm - confirm where to go: http://t.co/VnZ1DMLR9m http://t.co/5XSt5Ot3d9,100,393,302,0,1,0,1,25205,1
469,2014-11-04,529648795965874176," Si quieres una mejor Florida, vota por @CharlieCrist. Yo he votado. http://t.co/bw3PMbvb4Q http://t.co/UMTa1gxuFT",114,29,20,0,1,2,1,25205,3
470,2014-11-04,529665359435927552,Do you know what you need to bring to the polls? Double check: http://t.co/VnZ1DMLR9m http://t.co/XxEOdGkfXg,108,59,17,0,1,0,1,25205,1
471,2014-11-04,529674747810832387,"Got questions about where to vote, what you need to bring, or anything else? Just call us! 844-FL-VOTES http://t.co/8cHtYMKxFk",126,52,20,0,0,0,1,25205,0
472,2014-11-04,529687327950397440,Take a lunch break outside in the beautiful sunshine and go vote! http://t.co/VnZ1DMLR9m http://t.co/n751Eqe6Mp,111,48,25,0,1,0,1,25205,1
473,2014-11-04,529700116777545730,"Amazing rally last night with President @BillClinton. Fired up, ready to vote: http://t.co/VnZ1DMLR9m http://t.co/sxgNt5zrtj",124,81,59,0,1,1,1,25205,2
474,2014-11-04,529705915545427969,Just a quick update on what you can do right now: https://t.co/hin6FQLsM1,73,40,16,0,1,0,0,25205,1
475,2014-11-04,529720856331948032,This election is about you. Have a say in how it ends: http://t.co/TG280Ew2zX http://t.co/hu8lpgnsTp,100,69,36,0,1,0,1,25205,1
476,2014-11-04,529739409399111680,Polls are open until 7:00 p.m.-- double check where to go: http://t.co/VnZ1DMLR9m http://t.co/FbKThIL7Jf,104,47,38,0,1,0,1,25205,1
477,2014-11-04,529783622849400832,"Remember, if you're still in line when polls close, you can still vote. It's your right. #GoVote2014 http://t.co/XNc6uJy70s",123,211,123,1,0,0,1,25205,1
478,2014-11-04,529771648136650753,"If you're in line when polls close at 7pm, you can cast your ballot. It's time to vote: http://t.co/VnZ1DMLR9m http://t.co/LGE2BxGL7z",133,102,45,0,1,0,1,25205,1
479,2014-11-04,529757558664220673, #FL polls close at 7:00 p.m.! Text FIND to 30644 &amp; we'll text you the address for your polling place. There's still ti,123,25,0,1,0,1,0,25205,2
