,date,tweet_id,tweet_text,tweet_length,retweet_count,favorite_count,hashtag_count,url_count,user_mentions,media_count,follower_count,total_entities
0,2014-10-05,518837397749264388,"Honored to have the support of Lincoln Education Association Pres Jenni Benson: ""Hassebrook for higher ed"" http://t.co/MYT7VeDjNb #NEGOV",136,1,4,1,1,0,0,2261,2
1,2014-10-06,519244232444637184,Thanks to the Millard NSEA for having me this afternoon. Great group of educators and great questions #Negov http://t.co/hjRaqEbgPH,131,2,3,1,0,0,1,2261,1
2,2014-10-07,519606924640141312,"Nebraskans started voting yesterday!
Cast your ballot for Chuck for Gov &amp; @JaneRaybould for Lt. Gov by voting early! http://t.co/nVYSRWrb8W",143,6,0,0,1,1,0,2261,2
3,2014-10-07,519285094121746435, Raybould: Medicaid expansion is something @Vote4Chuck and I will be champions of if elected.,93,5,0,0,0,2,0,2261,2
4,2014-10-08,519655493388619778,Omaha --&gt; Grand Island --&gt; South Sioux. Great to be here for the Chamber's candidate forum. Thanks for hosting us! #negov,127,3,3,1,0,0,0,2261,1
5,2014-10-08,519657982867431424,Great news out of Omaha today from Councilmembers who voted 5-2 to support Initiative425 http://t.co/kfuqZbdslO #RaiseTheWage @BetterWagesNE,140,3,5,1,1,1,0,2261,3
6,2014-10-08,519823339112906752,"Good morning from the @OmahaChamber #BuyTheBigO Breakfast! It's an early day, but great to be with this group of business leaders -CH #negov",140,4,1,2,0,1,0,2261,3
7,2014-10-08,519828752763998208, @Vote4Chuck thank you for being here! #BigOShow,48,2,0,1,0,2,0,2261,3
8,2014-10-08,519834604673712128,Congrats to Specialized Garage Doors on being awarded the @OmahaChamber Oct Biz of the Month! #BuytheBigOShow,109,2,2,1,0,1,0,2261,2
9,2014-10-08,519835169617100800, Keystone of biz is valuing hard work and merit. Sounds like the argument to #RaiseTheWage! #BuytheBigOShow @Vote4Chuck @Bette,126,2,0,2,0,3,0,2261,5
10,2014-10-08,519835219248287744," @Vote4Chuck Hey Chuck, thanks for the follow and best of luck in the elections!",80,2,0,0,0,2,0,2261,2
11,2014-10-08,519835275682643968,.@GoldCoastOmaha thank you!  -ch,32,1,1,0,0,1,0,2261,1
12,2014-10-08,519835382968758273," @Vote4Chuck by the way Chuck, I Voted for you October 1st with an absentee ballot.",83,2,0,0,0,2,0,2261,2
13,2014-10-08,519835444704714752,@JamesFoyt .thanks for your vote! -ch,37,1,0,0,0,1,0,2261,1
14,2014-10-08,519835527999422464," Thanks for the follow, @Vote4Chuck! Can't wait to cast my vote for you on November 4th!",88,2,0,0,0,2,0,2261,2
15,2014-10-08,519835589534052352,.@iMadeSmartCool thanks for your vote!,38,2,0,0,0,1,0,2261,1
16,2014-10-08,519838049833066496, @megmandy @Vote4Chuck thanks for being here at the #BigOShow! We're thrilled to have you here!,95,3,0,1,0,3,0,2261,4
17,2014-10-08,519838135866638336, Team Hassebrook is working hard to elect @Vote4Chuck! #wedontcoast (hijacking that temporarily from @omahachamber #BuytheBigO,126,2,0,2,0,3,0,2261,5
18,2014-10-08,519839488915562496,Ready to start the forum @OmahaChamber #BuytheBigOShow http://t.co/vKL6tXHotH,77,1,0,1,0,1,1,2261,2
19,2014-10-08,519839811684016128,We can grow the economy and the middle class by working together to build a better future for all of our communities #BuytheBigOShow,132,1,0,1,0,0,0,2261,1
20,2014-10-08,519840289197142016,Half of businesses I helped as ED of CFRA were owned by women. #BuytheBigOShow #negov,85,1,0,2,0,0,0,2261,2
21,2014-10-08,519840344993959936, #Nebraska Governor candidates @RickettsForGov @Vote4Chuck at this morning's #Bigoshow breakfast! #Thankyou http://t.co/2S,122,9,0,3,0,3,1,2261,6
22,2014-10-08,519841656322138113, @Vote4Chuck join us on the hashtag #BigOShow! You are sharing some awesome stuff today!,88,3,0,1,0,2,0,2261,3
23,2014-10-08,519843498548535296,Mgmt and tough budget choices learned at CFRA and Univ of NE Board of Regents prepare me to be your next #negov #BigOShow,121,1,0,2,0,0,0,2261,2
24,2014-10-08,519843938845605888,"Public service must call on ""the better angels of our nature"" #BigOShow #negov (wise words from pres Abe lincoln)",113,1,0,2,0,0,0,2261,2
25,2014-10-08,519844153921114113,We must leave partisan battles of Washington there and work across party lines to make state govt work for Nebraskans #bigoshow #negov,134,1,2,2,0,0,0,2261,2
26,2014-10-08,519844542011678721,"I have helped small biz, farmers, and ranchers through regulatory issues that are burdensome for their businesses #bigoshow #negov",130,1,0,2,0,0,0,2261,2
27,2014-10-08,519846486411325440,We can continue to grow our communities by creating opportunities and preparing our own young people to succeed. #BigOShow,122,1,0,1,0,0,0,2261,1
28,2014-10-08,519846846081302528,Must invest in early childhood education to grow a prepared workforce and support their entrepreneurial dreams @omahachamber #BigOShow,134,3,2,1,0,1,0,2261,2
29,2014-10-08,519847415177023490,"Must keep increasing tuition assistance, keep college affordable, use loan forgiveness programs for NE students #bigoshow #negov",128,4,6,2,0,0,0,2261,2
30,2014-10-08,519848642409418752,"Must focus on making govt work better and smarter, invest in solutions rather than symptoms of problems. #bigoshow #negov",121,2,1,2,0,0,0,2261,2
31,2014-10-08,519900590844166144,It's a pleasure to join B'nai B'rith for lunch at the Jewish Community Center today. Happy Sukkot!,98,1,3,0,0,0,0,2261,0
32,2014-10-08,519901214667190272," @Vote4Chuck you have common sense, great ideas, exactly what Nebraska needs! Refreshing change of leadership in our state.  ",125,2,0,0,0,2,0,2261,2
33,2014-10-08,519901286305902592,.@kristakou thanks for your support! -CH #negov,47,1,2,1,0,1,0,2261,2
34,2014-10-08,519901349484711936," @Vote4Chuck I think you will make a great Governor, really help Nebraska! I am working the election &amp; encouraging people to ",129,3,0,0,0,2,0,2261,2
35,2014-10-08,519965233654558720,Hassebrook quotes statute on good time: http://t.co/diczGdMJQI #NEGOV,69,1,1,1,1,0,0,2261,2
36,2014-10-09,520252940502978560,Looking forward to walking throughout South Omaha this afternoon sharing my vision for the state. Join us! #SouthOCCC http://t.co/clwSN9QXL6,140,4,3,1,0,0,1,2261,1
37,2014-10-09,520267270845919232,Good food and good friends in south O. Join is at el rancho! -ch,64,1,4,0,0,0,0,2261,0
38,2014-10-09,520282892384337921,"Thanks for lunch, El Rancho! #negov #southomaha http://t.co/9Q5sKqdwaH",70,2,7,2,0,0,1,2261,2
39,2014-10-09,520288982467624960,Talking small biz at Plaza Latina #southo #negov http://t.co/NKlIrzMay9,71,1,3,2,0,0,1,2261,2
40,2014-10-09,520303498517549056,Speaking to students at South High School about jobs and educational opportunities.  #negov #southomaha,103,1,6,2,0,0,0,2261,2
41,2014-10-09,520335793140023296," Today, I have voted for @DaveDomina for US Senate, @Vote4Chuck Hassebrook for Governor, and @Patty4Nebraska Pansing Brooks",123,3,0,0,0,4,0,2261,4
42,2014-10-09,520058755187499008," @RoboFox666 Meet Chuck Hassebrook @Vote4Chuck tomorrow 3:30 p.m. El Alamo, #Omaha http://t.co/pb0PXjg6wj",105,2,0,1,1,3,0,2261,5
43,2014-10-10,520610363117928448,"One county, one school district? My opponent gets an ""F"" on his plans for education. http://t.co/flTpFQ3yFg #negov",114,3,1,1,1,0,0,2261,2
44,2014-10-10,520711985705779201, Go @Vote4Chuck! RT @nebraskasower: RT @DeenaNEWatchdog: #Omaha Democrats have big edge in early voting: http://t.co/CTWk7t,123,3,0,1,1,4,0,2261,6
45,2014-10-11,521000215894294528, .@areallycc This is why you should vote for Chuck Hassebrook @Vote4Chuck. http://t.co/fblOleaePv,97,2,0,0,1,3,0,2261,4
46,2014-10-11,521000263541592064," Yes @Vote4Chuck #Omaha! 
MT @ChrisProulx_OEA: Ive put up my Hassebrook yard sign. RT or DM if you want a sign! http://t.c",122,3,0,1,0,3,1,2261,4
47,2014-10-11,521028595071086592,"""Hassebrook will crack down on Corrections, Good Time"" http://t.co/DcnWxnoTAo #negov",84,2,0,1,1,0,0,2261,2
48,2014-10-11,520968985010266112,Thank you to @EmpowerOmaha for taking time to highlight the importance of voting this morning. Glad to be here! http://t.co/XfuJVOq8EE,134,8,7,0,0,1,1,2261,1
49,2014-10-12,521307338385686529,Thankful to be able to join @SalemOmaha in worship this morning http://t.co/70aYwyecWa,86,4,5,0,0,1,1,2261,1
50,2014-10-13,521784975746924544," Hey Nebraska, time to start ramping it up for @DaveDomina @Vote4Chuck!!!!! Let's rock the vote people!",103,6,0,0,0,3,0,2261,3
51,2014-10-13,521458806895939584, Thanks for delivering my yard sign @Vote4Chuck !,49,3,0,0,0,2,0,2261,2
52,2014-10-14,522018908744982528, @Vote4Chuck Thank you for attending the @LiveWellOmaha Candidate Forum. Important issues discussed today.,106,2,0,0,0,3,0,2261,3
53,2014-10-14,522018991049805824,@jules4110 Glad to be here! Thank you all for the invitation.,61,0,0,0,0,1,0,2261,1
54,2014-10-14,522019253579710464,Scenes from the @LiveWellOmaha candidate forum this morning http://t.co/5N5Sqbjfea,82,2,1,0,0,1,1,2261,1
55,2014-10-14,522019544853135361, @ljournalstar Endorses @Vote4Chuck Hassebrook for Governor! @OWHnews #NEGOV,76,6,0,1,0,4,0,2261,5
56,2014-10-14,522028617799598080,Honored to receive the endorsement of @JournalStarNews today. I look forward to serving as your next #NEGOV ! http://t.co/YJpV1HWboT -CH,136,12,13,1,1,1,0,2261,3
57,2014-10-15,522407176489299968,"""Our veterans deserve better"" - Chuck Hassebrook speaking to a group of veterans in Gibbon, NE this morning http://t.co/aqjkNDQ8W0",130,4,3,0,0,0,1,2261,0
58,2014-10-15,522436598907293696,Nebraska's next LG @janeraybould voted early (http://t.co/YORlRXqSrV) and so should you! Find out how here:  http://t.co/jsyvfmnkKS #NEGOV,138,1,3,1,2,1,0,2261,4
59,2014-10-15,522469649943105538, .@Vote4Chuck speaking at my company today. All (not just some) Nebraskans would benefit from his leadership. http://t.co/l,123,3,0,0,0,2,1,2261,2
60,2014-10-15,522470420017328128,Thank you to First National Bank for hosting an interactive meet and greet today. Keep the questions coming! http://t.co/HEsSyNOjgc,131,2,4,0,0,0,1,2261,0
61,2014-10-15,522177656281104385, MT @dennispcrawford: @Vote4Chuck @JournalStarNews LJS got it right on the Governor's race. Go Chuck! #negov,108,3,0,1,0,4,0,2261,5
62,2014-10-16,522564974057885697, STANCE is excited to have Chuck Hassebrook attend our Oct. 29 mtg to discuss his vision for education. #yorkdukes @Vote4,121,3,0,1,0,2,0,2261,3
63,2014-10-16,522565061299404800,@YorkDukePower looking forward to joining you!,46,2,0,0,0,1,0,2261,1
64,2014-10-16,522565098716803072," Just had a lifelong republican stop by the office to grab yardsigns for @vote4chuck, @DaveDomina, and @BradAshford14! Le",121,9,0,0,0,4,0,2261,4
65,2014-10-16,522565440103804928, We took your questions and now gubernatorial candidate @Vote4Chuck Hassebrook (D) answers them on @NTVNEWS tonight.,116,6,0,0,0,3,0,2261,3
66,2014-10-16,522565569867177985," Canvassing for @Vote4Chuck &amp; @yesforops bond campaign Saturday, October 18 at 10 a.m. meet at OEA Building. http://t.co/oZ71N",130,3,0,0,0,3,1,2261,3
67,2014-10-16,522797149374128128, .@MikelSevere Join #Husker Tommie Frazier and @Vote4Chuck Hassebrook today 5-7:30 pm http://t.co/1fKZyg3BWI #Omaha,115,3,0,2,1,3,0,2261,6
68,2014-10-16,522802565143355394, .@sterlingvision: Join #Husker Tommie Frazier and @Vote4Chuck Hassebrook today 5-7:30 pm http://t.co/aJVCqhtQVN #Omaha,119,2,0,2,1,3,0,2261,6
69,2014-10-16,522823007895846912, Nebraska candidate for Governor @Vote4Chuck lists Early Childhood Education as a top priority. #ECE #Bthru8 http://t.c,119,3,0,2,1,2,0,2261,5
70,2014-10-16,522823214943051776,.@terrylandmatrix Visit one of our offices to pick up a sign! http://t.co/KXOo9Q40U5,84,1,1,0,1,1,0,2261,2
71,2014-10-16,522836028483051520,Glad to join @NordquistNE @burkeharr @DaveDomina @BradAshford14 in fighting for the middle class #negov http://t.co/NT1ya9vCy3,126,4,7,1,0,4,1,2261,5
72,2014-10-16,522836345085915136,The contrast in this race couldn't be clearer. Do you want someone who will fight for you or do you want Pete Ricketts? #negov,126,11,7,1,0,0,0,2261,1
73,2014-10-16,522850641958690816, @Vote4Chuck @NordquistNE @burkeharr @DaveDomina @BradAshford14 Looks like a winning team to me! #Voteblue2014,110,5,0,1,0,6,0,2261,7
74,2014-10-16,522850654138560514, @Vote4Chuck just sent in my early ballot and I voted for you!  I hoping many many others will as well.,103,3,0,0,0,2,0,2261,2
75,2014-10-16,522850693443780608,.@kristakou thanks for your support! -CH,40,1,0,0,0,1,0,2261,1
76,2014-10-16,522851111569731584,Legendary Husker QB Tommie Fraizier is joining us for a campaign event tonight! Join us at 5:30pm. More info: http://t.co/pzbX6vQoYu #NEGOV,139,2,5,1,1,0,0,2261,2
77,2014-10-16,522854597585432576,"Well we won't have #FanGate here, but my opponent is ducking my request to debate one last time before Election Day. #DontDuckChuck #negov",138,5,4,3,0,0,0,2261,3
78,2014-10-16,522854928533192704,Do you think Pete will join us at our last attempt to debate in Omaha? RSVP to join me (or us?) for lunch on 10/23: http://t.co/U74xuq5CCX,138,3,4,0,1,0,0,2261,1
79,2014-10-16,522855781432295424, KRVN in Lexington rolled out the welcome mat for us today. Check us out  on Monday! http://t.co/l58wZcAfdN,107,5,0,0,0,1,1,2261,1
80,2014-10-16,522856443385745408, Im excited to be campaigning in Greater NE this weekend! http://t.co/JENPG7k61d,80,5,0,0,1,1,0,2261,2
81,2014-10-17,522906910908223488, @janet_chung @sterlingvision @Vote4Chuck Thanks for letting me know about the event. I was able to stop by for a few min,121,3,0,0,0,4,0,2261,4
82,2014-10-17,523139010253029376,Many thanks to LaMoine and Mary Smith from Minden for their support in the @kearneyhub ! http://t.co/hmGub9Za46 #negov,118,1,1,1,1,1,0,2261,3
83,2014-10-17,523139685942845440, Thanks to @Vote4Chuck for standing w/ working Nebraskans &amp; supporting a #MinimumWage increase in NE. Vote for Chuck! http:,127,4,0,1,1,2,0,2261,4
84,2014-10-17,523149252445634560,Also thanks to Walt Koziol of Elgin for his support! http://t.co/0RF5tIdF8M #negov,82,1,1,1,1,0,0,2261,2
85,2014-10-17,523157258809905152, @NordquistNE @Vote4Chuck Absolutely! #Voteblue2014,51,2,0,1,0,3,0,2261,4
86,2014-10-18,523531147742310401,LIVE on @kfabnews talking about the need for responsible leadership in state govt and education. Have a Q? Call in at 558-1110! #negov,134,2,2,1,0,1,0,2261,2
87,2014-10-18,523524264474214401,Just got to @kfabnews for an interview with Clint Bellows. Listen in and call with your Qs from 12:30-1pm! #negov,113,3,0,1,0,1,0,2261,2
88,2014-10-19,523895691144622080,Just stpped by the Hindu Temple to visit and join them for their lunch to raise funds for flood relief in India http://t.co/iZSCwIEpwK,134,11,10,0,0,0,1,2261,0
89,2014-10-19,523975400893202432,Full house tonight! Great to be back home in Columbus w/ family and friends &amp; NE's next Lt Gov @JaneRaybould! #negov http://t.co/WM2k0TBv6Q,143,5,3,1,0,1,1,2261,2
90,2014-10-19,523678470040481792,What a game! #FearAmeer #GBR #Huskers,37,3,12,3,0,0,0,2261,3
91,2014-10-20,524185924255891456,Starting the day off right with a big breakfast at Louie M's in south O! -CH #negov,83,5,6,1,0,0,0,2261,1
92,2014-10-20,524249331118120960,Thanks to Keith Station &amp; the Butler-Gast Y for the update on the great things happening with their program! http://t.co/qa01QZbXdD,135,2,3,0,0,0,1,2261,0
93,2014-10-20,524268706869039105,BREAKING: Hassebrook endorsed by Omaha Police Officers Association and Nebraska Fraternal Order of Police #negov,112,20,16,1,0,0,0,2261,1
94,2014-10-20,524292479227412480,"BREAKING: Omaha Police, Nebraska Fraternal Order of Police endorse Hassebrook  http://t.co/bXcPC8rHnm #negov",108,3,5,1,1,0,0,2261,2
95,2014-10-20,524292509325746176," Disappointed in @OWHnews for endorsing Pete Ricketts. @Vote4Chuck understands the needs of the average Nebraskan, not ",119,4,0,0,0,3,0,2261,3
96,2014-10-20,524305664600838145," Omaha Police Officers Association, Nebraska Fraternal Order of Police endorse Hassebrook http://t.co/1KiZytDRPL",112,4,0,0,1,1,0,2261,2
97,2014-10-20,524305746784034816, @KETV Go @Vote4Chuck!,22,2,0,0,0,3,0,2261,3
98,2014-10-20,524305760939823104," .@KETV: Omaha Police Officers Association, Nebraska Fraternal Order of Police endorse @Vote4Chuck Hassebrook http://t.co/",122,4,0,1,1,3,0,2261,5
99,2014-10-20,524305871652667392," As the election approaches, these words form FDR seem appropriate. @DaveDomina @Vote4Chuck @BradAshford14 http://t.co/UklSeRkw",127,10,0,0,0,4,1,2261,4
100,2014-10-20,524318258048950272, Tomorrow on the show we will be joined by @Vote4Chuck at 8:35 as it'll be exactly 2 weeks (!) until Election Day.,114,2,0,0,0,2,0,2261,2
101,2014-10-21,524553946808188929,In just a few minutes I will be live on KLIN w/ Jack and Dave to talk about my campaign for #negov,98,2,2,1,0,0,0,2261,1
102,2014-10-21,524554635282235392, @Vote4Chuck Thank you for participating in the candidate forum for Nebr. City Public Schools. Clearly you can make a differen,126,2,0,0,0,2,0,2261,2
103,2014-10-21,524563060011585536, Excellent Candidate Forum in Nebraska City Monday night. Great opportunity to see @Vote4Chuck and @amanda4auditor!,115,2,0,0,0,2,0,2261,2
104,2014-10-21,524595012580171776,"ICYMI @JournalStarNews ""Police Endorse Hassebrook for good-time stance"" http://t.co/DaHir5AETk",94,3,6,0,1,1,0,2261,2
105,2014-10-21,524651819445010433,BREAKING: Omaha Fire Fighters Endorse Hassebroook for #NEGOV http://t.co/UBoi2w3EiF,83,2,7,1,1,0,0,2261,2
106,2014-10-21,524652657886367744,Great to speak to students at Doane this morning! -CH #ngov http://t.co/aLXZMQeJm9,82,3,3,1,1,0,0,2261,2
107,2014-10-21,524652700852822016," @Vote4Chuck I just filled in a oval next to your name in my early ballot! #vote
Feels pretty good.",99,2,0,1,0,2,0,2261,3
108,2014-10-21,524652787259670528,.@NattyAK Thanks for your support!  It means a lot. -CH #negov,62,1,0,1,0,1,0,2261,2
109,2014-10-21,524652901818695680,.@JackandDaveKLIN Thanks for having me on the show this morning!,64,1,0,0,0,1,0,2261,1
110,2014-10-21,524708548396470272, @Vote4Chuck You're welcome. I've got a pretty cool yard too! http://t.co/S2uacF5bsh,84,2,0,0,0,2,1,2261,2
111,2014-10-22,524714419939713026," I just joined @Vote4Chuck's campaign for Governor -- you should, too!  #NEGov #1Nebraska  http://t.co/Chyk4fsaF4",113,3,0,2,1,2,0,2261,5
112,2014-10-22,525071088662085632, A vote for Chuck Hassebrook is a vote for women. @Vote4Chuck,61,7,0,0,0,2,0,2261,2
113,2014-10-22,525069342162300928, Honored to be co-hosting the @Vote4Chuck event at House of Loom this evening! Get out and V O T E! #Omaha,106,4,0,1,0,2,0,2261,3
114,2014-10-22,525045437452259328," The choice of the Omaha POA!
http://t.co/w644fvjgBR @voteterry @Vote4Chuck",75,4,0,0,1,2,0,2261,3
115,2014-10-22,525045277548621824, Nebraska: 2 Law Enforcement Groups Endorse Chuck Hassebrook @Vote4Chuck - http://t.co/VW5CwzAKC6 #p2 #NEgov,108,5,0,2,1,2,0,2261,5
116,2014-10-22,524985143686361088,Very proud to have the support of more than 130 NE farmers and ranchers and ag leaders. -CH #NEGOV http://t.co/ADeVggXiCL,121,4,5,1,1,0,0,2261,2
117,2014-10-22,524984981110915073,"More big news! BREAKING: Farmers and Ranchers, Ag Leaders Support Hassebrook for #NEGOV http://t.co/yh40f3NI2Y",110,4,4,1,1,0,0,2261,2
118,2014-10-22,524952018017075201, @Vote4Chuck: BREAKING: Hassebrook receives Nebraska Farmers Union endorsement for his campaign for #negov #DontDuckChuck,121,3,0,2,0,2,0,2261,4
119,2014-10-22,524951983984496641,"We hear you loud and clear, Nebraska. You want to know what Chuck will do as #negov? Watch the new ad and find out:  http://t.co/zUSfBV67eq",139,9,4,1,1,0,0,2261,2
120,2014-10-22,524941261007249408," .@YoungNebraskans for @Vote4Chuck Hassebrook @theHouseofLoom, Oct. 22 http://t.co/RaCdiaYu8f #Omaha #BensonSoulSociety",119,3,0,2,1,4,0,2261,7
121,2014-10-22,524941244049674240," ""@Vote4Chuck: BREAKING: Omaha Fire Fighters Endorse Hassebroook for #NEGOV http://t.co/mVC3ziUm71"" #TurnOutForWhat",115,3,0,2,1,2,0,2261,5
122,2014-10-22,524941202140168192,BREAKING: Hassebrook receives Nebraska Farmers Union endorsement for his campaign for #negov,92,6,14,1,0,0,0,2261,1
123,2014-10-23,525334956114210818,"Full house at the Omaha Press Club today for our ""Last Debate?"" event #negov http://t.co/tABxDRr1O7",99,5,9,1,0,0,1,2261,1
124,2014-10-23,525336880095969280, Listening to @Vote4Chuck speak today at @omahapressclub http://t.co/yNawMacgpp,79,2,0,0,0,3,1,2261,3
125,2014-10-23,525339314243514368, Getting my vote on! @DaveDomina @Vote4Chuck @BradAshford14 http://t.co/RO8LBrLPbP,82,5,0,0,0,4,1,2261,4
126,2014-10-23,525339426336305152,.@OMAHAGEMGIRL @DaveDomina @BradAshford14 thanks for your vote! -ch,67,3,3,0,0,3,0,2261,3
127,2014-10-23,525341424611782656," @Vote4Chuck @OMAHAGEMGIRL @DaveDomina @BradAshford14 Wife and I voted early, voted Democrat!",93,3,0,0,0,5,0,2261,5
128,2014-10-23,525397486706622464,I'm on with @TomBecka at 4:30 today!  Tune in to @1290KOIL or stream online to listen in #negov,95,2,2,1,0,2,0,2261,3
129,2014-10-23,525399614300905472, @Vote4Chuck joins me now at 4:30 to discuss why he should be governor. @1290KOIL,81,3,0,0,0,3,0,2261,3
130,2014-10-23,525402802823393280, #negov @TomBecka: @Vote4Chuck joins me now at 4:30 to discuss why he should be governor. @1290KOIL,99,3,0,1,0,4,0,2261,5
131,2014-10-23,525429425660514306," Hear @Vote4Chuck on #1290koil today. He wants to be #governor of #Nebraska
Find out why here: http://t.co/aBqwd2TAYY http://t",126,3,0,3,1,2,1,2261,6
132,2014-10-24,525461689710682112," .@Vote4Chuck Hassebrook, candidate for governor, speaking at @templeisraeloma. His opponent declined the invitation. http",122,9,0,0,0,3,1,2261,3
133,2014-10-24,525705811180654594,Taking a quick break to enjoy a burger and fries at one of my favorite spots in Omaha: Dinkers! -ch http://t.co/oBJatXjeUv,122,2,7,0,0,0,1,2261,0
134,2014-10-24,525724845964025858,"You deserve a leader who will fight for you. As Governor, that's exactly what I'll do. Watch the new ad here: http://t.co/lYAnx0A1TZ #NEGOV",139,3,6,1,1,0,0,2261,2
135,2014-10-25,526019964684496896, Photo (via @Huskermax) of the 1920 Nebraska vs. Rutgers matchup at the Polo Grounds in NYC. http://t.co/M9bS0HybZJ,115,22,0,0,0,2,1,2261,2
136,2014-10-25,526009698483724288,It's game day in Lincoln!  #GBR go @Huskers !,45,0,5,1,0,1,0,2261,2
137,2014-10-27,526748314239524864, Ordering my vote by mail ballot for @Vote4Chuck @yesforops Thanks to @nsea_org @OmahaOEA http://t.co/CWyC4Qhkod,112,2,0,0,0,5,1,2261,5
138,2014-10-27,526748486059180032,@smjbauman Thanks for your support!,35,1,0,0,0,1,0,2261,1
139,2014-10-27,526773557263466496,Stopped by the Azteca Market on my small business walk this morning in Grand Island and just had to buy a pastry! http://t.co/FzZsuUNROL,136,4,5,0,0,0,1,2261,0
140,2014-10-27,526841333621993473, Can't wait to hear from @Vote4Chuck tonight @ 7:50. Watch live at http://t.co/0Mo8O8xm0i #SCCandidateForum,107,2,0,1,1,2,0,2261,4
141,2014-10-27,526859071304269827,"Great to visit w/ voters in Grand Island, Hastings, and Norfolk. Now to La Vista for the Sarpy Co Forum w/ @PLHS_Broadcast! #negov",130,3,2,1,0,1,0,2261,2
142,2014-10-27,526538582610419712,Show your support for Chuck's campaign by adding a banner to your profile picture in two easy steps!: http://t.co/Dtp8qMfjYO #negov,131,1,1,1,1,0,0,2261,2
143,2014-10-28,526895203932975104," Candidates for Nebraska Governor will start at 7:45 at Sarpy Co Forum, Papio LV High, open to all. @RickettsForGov @Vot",120,5,0,0,0,4,0,2261,4
144,2014-10-28,526902107790921730," Sarpy County Forum continues with candidates for Nebraska Governor, @Vote4Chuck now speaking to crowd http://t.co/OJ6OF",120,4,0,0,0,2,1,2261,2
145,2014-10-28,526909261289639936, Both @DaveDomina &amp; @Vote4Chuck were present for the candidate Forum. @RickettsForGov &amp; @Sasse4Senate? Late &amp; not presen,132,8,0,2,0,5,0,2261,7
146,2014-10-28,527103380062486529,Speaking to retired teachers in Kearney this morning. Proud to have the support of 30k + teachers. -CH #negov http://t.co/EqjmctArmj,132,2,5,1,0,0,1,2261,1
147,2014-10-28,527104075335467009,My opponent just doesn't get it when it comes to education-he supports consolidating schl districts and using tax $ for private schls #negov,140,3,4,1,0,0,0,2261,1
148,2014-10-28,527107703957889024,"@norfolknews ""Hassebrook vows to keep focus on middle class"" http://t.co/g9gjZn5kXp #negov",90,2,0,1,1,1,0,2261,3
149,2014-10-28,527120317144395776, .@Vote4Chuck Meeting with Voters in Norfolk http://t.co/qwLeMq0G2U,67,2,0,0,1,2,0,2261,3
150,2014-10-28,527120419728687104, I just heard @Vote4Chuck speak at the @nsea_org retired teachers fall conference. @DaveDomina speaks at noon. Details ,119,3,0,0,0,4,0,2261,4
151,2014-10-28,527120430134726656," (1/2) Takeaway points from @Vote4Chuck 's address to retired teachers: Neb. needs to invest in early education, boost ",119,3,0,0,0,2,0,2261,2
152,2014-10-28,527164208027553792,Many thanks to State Farm for their invitation to speak to employees this afternoon about my campaign for #negov . -CH,118,2,2,1,0,0,0,2261,1
153,2014-10-28,527179991172538369,"My opponent's plans for agriculture support programs that I wrote. Thanks for your support, Pete! http://t.co/wIHOSJB1Dh #negov",127,12,6,1,1,0,0,2261,2
154,2014-10-28,527198282297401345," @KETV at 6 meet the LT GOV candidates who all want your vote: Foley w/ @RickettsForGov, Raybould w/ @Vote4Chuck &amp; Zimme",124,2,0,0,0,5,0,2261,5
155,2014-10-28,527241776969826304,"Already today we've been to Omaha, Kearney,  Lincoln, and Columbus. Now to Wayne! #negov",88,1,2,1,0,0,0,2261,1
156,2014-10-28,527242708075966464,Hey @DailyNeb @ASUN_UNL @UNLincoln -- join me on campus at the union from 11:30a-12:30p tomorrow! #negov,104,2,2,1,0,3,0,2261,4
157,2014-10-29,527290429939924992, @Vote4Chuck Keep up the good work!,35,2,0,0,0,2,0,2261,2
158,2014-10-29,527297465201205250, @Vote4Chuck Dropped off our early voting ballots today and voted for you! #negov,81,2,0,1,0,2,0,2261,3
159,2014-10-29,527446526935986176,"Great to be home again in Columbus and Lyons yesterday. -CH ""Hassebrook visits small business owners"" @col_tel http://t.co/deqId9WqUZ #negov",140,3,2,1,1,1,0,2261,3
160,2014-10-29,527452519174504448, @Vote4Chuck @Col_Tel We Nebraskans need to elect this guy.,59,3,0,0,0,3,0,2261,3
161,2014-10-29,527471189237985280,"What's better to do on a Wed. morning than vote-by-mail? Chuck just voted,  and you should too! #negov http://t.co/hQuVaBqmMo",125,8,8,1,0,0,1,2261,1
162,2014-10-29,527477113855934464, @Vote4Chuck wife and I voted early and voted for democrats!,60,2,0,0,0,2,0,2261,2
163,2014-10-29,527483074670768129,"""Hassebrook will implement current Good Time Law, fix Corrections""  http://t.co/R3ssYt78im #negov",97,1,1,1,1,0,0,2261,2
164,2014-10-29,527497239938482177, Mwt @Vote4Chuck . Proud to say I've been a supporter from the start! #negov,76,2,0,1,0,2,0,2261,3
165,2014-10-29,527513983168045056,Fun visit to @UNLincoln today and even got to have lunch with my youngest son! -ch #negov,89,1,1,1,0,1,0,2261,2
166,2014-10-29,527516393936531456, .@Vote4Chuck and @DaveDomina spoke to the @nsea_org Retired Teachers Fall Conf. yesterday. Details in today's Hub: htt,119,3,0,0,1,4,0,2261,5
167,2014-10-29,527516510169096192,.@JmdyHubReporter @DaveDomina @nsea_org great to meet you yesterday! -CH,72,1,0,0,0,3,0,2261,3
168,2014-10-29,527517850677030912,"""Hassebrook votes by mail"" @WOWT6News",37,1,1,0,0,1,0,2261,1
169,2014-10-29,527518759175860226," Gov. candidate voted by mail:""@Vote4Chuck What's better to do on a Wed. morning than vote-by-mail? Chuck just voted,  ",119,3,0,0,0,2,0,2261,2
170,2014-10-29,527553121443389440," @DaveDomina, @Vote4Chuck talk differences to state education group - Local - Kearney Hub http://t.co/FE6JIBYZ4x @nsea_o",120,2,0,0,1,4,0,2261,5
171,2014-10-29,527553162371411968, @Vote4Chuck @WOWT6News Thanks for your support of the USPS. No need to stand in line at the polls.  Mail it in.  #gochuckgo,124,3,0,1,0,3,0,2261,4
172,2014-10-29,527553202477350912," .@Vote4Chuck addressing NE Wind + Solar Conference now. @RickettsForGov ducked this one, too. #DontDuckChuck #negov",116,2,0,2,0,3,0,2261,5
173,2014-10-29,527555201826578433, Rocked the vote today for @Vote4Chuck !!!!! http://t.co/C6sNYFRlyd,67,3,0,0,0,2,1,2261,2
174,2014-10-29,527555253701709824,.@Jskenn Thanks for your support! #negov,40,2,2,1,0,1,0,2261,2
175,2014-10-29,527557014856409088,.@colburnfa @Jskenn you can vote early!,39,1,0,0,0,2,0,2261,2
176,2014-10-29,527558045560471552,"Talking job growth, economic development, prop tax relief as it relates to wind development @ NE wind conference. #negov",120,2,1,1,0,0,0,2261,1
177,2014-10-29,527579548289073152,"On with Chris Baker on @kfabnews at 5:05pm. Tune in to hear us talk about the campaign, good time, prison reform and more. #negov",129,1,0,1,0,1,0,2261,2
178,2014-10-30,527617763540729856, November 4th is relying on you Nebraskans! @Vote4Chuck @DaveDomina @BradAshford14,82,2,0,0,0,4,0,2261,4
179,2014-10-30,527620023624671232,Proud to have the support of Lincoln Firefighters! Thanks for everything you do to keep us safe. #negov http://t.co/SZIn3NCkyl,126,4,5,1,0,0,1,2261,1
180,2014-10-30,527634941082103808, RT @Zourah402: Mwt @Vote4Chuck . Proud to say Ive been a supporter from the start! #negov,90,2,0,1,0,3,0,2261,4
181,2014-10-30,527862351350214656,Thanks to Bear Guenther in West Point for his support! #negov http://t.co/8PkQxdYS9i,84,1,2,1,1,0,0,2261,2
182,2014-10-30,527867638832459776,Thanks to Dennis Demmel of Ogallala for his support! http://t.co/qqGbqIvtGi #negov,82,2,1,1,1,0,0,2261,2
183,2014-10-30,527944234582962176,".@siouxlandnews reports on the state of the #negov race, and Chuck's campaign for Governor http://t.co/ARXpyVXUsz #negov",120,4,1,2,1,1,0,2261,4
184,2014-10-30,527955375849750529," Today I voted for a leader that will work for my interests as a college student and Nebraskan. Good luck, @Vote4Chuck http:/",125,3,0,0,0,2,1,2261,2
185,2014-10-30,527955505046892545,".@Connord64 Thanks for your being a voter, for your support, and for voting early! -CH #negov",93,2,1,1,0,1,0,2261,2
186,2014-10-30,527955531638784000, Sent in my absentee ballot today!!!       vote for @Vote4Chuck @DaveDomina @MarkForNE #Nebraska #Democrat #vote,112,3,0,3,0,4,0,2261,7
187,2014-10-31,528192687451947008,"Looking forward to being @unkearney later, but first heading to Lincoln to talk econ dev w/ Mayor Beutler #negov http://t.co/M863qjYTmi",135,1,1,1,1,1,0,2261,3
188,2014-10-31,528193051916001280,". @unkantelope ""Meet governor candidate Hassebrook at UNK Friday"" @ 1pm http://t.co/DmMKuIflE4",94,2,1,0,1,1,0,2261,2
189,2014-10-31,528270954250915841,"""Hassebrook, Beutler talk brain drain, economic development"" http://t.co/KslxmZsGOB #negov",90,1,0,1,1,0,0,2261,2
190,2014-10-31,528291595842768897, Voted early while harvesting today- #RockTheVote @DaveDomina @Vote4Chuck @amanda4auditor @MarkForNE #TURNOUTFORWHAT htt,120,3,0,2,0,4,1,2261,6
191,2014-10-31,528317456625188864, @Vote4Chuck @UNKearney @NTVNEWS @KearneyHub  Large crowd of Hassebrook supporters today at UNK http://t.co/BEsLhjuUi2,118,2,0,0,0,5,1,2261,5
192,2014-10-31,528317545976438784, Read my endorsement of @Vote4Chuck for next week's election http://t.co/32g4aCrhQV,83,2,0,0,1,2,0,2261,3
193,2014-10-31,528317620253384704,.@RonnieDTurner Thanks so much for your support!  Remember to get out and vote on Tuesday!,90,2,1,0,0,1,0,2261,1
194,2014-10-31,528164854608056320," @NateJanulewicz @Vote4Chuck 
http://t.co/sd1LiSTqbA",52,2,0,0,0,3,1,2261,3
195,2014-11-01,528365372291162113,Happy #Halloween everyone!  Stay safe out there.,48,1,5,1,0,0,0,2261,1
196,2014-11-01,528596523471605760," OK, peeps. @Vote4Chuck @BradAshford14 @yesforops @Lathrop4Legis @BetterWagesNE #miketesar #ibikeivote",102,7,0,2,0,6,0,2261,8
197,2014-11-01,528625977841451008,Go big red! http://t.co/nwdoRG0gJ8,34,1,1,0,0,0,1,2261,0
198,2014-11-02,528944674808270848,First stop of the day - a Burger King in Lincoln. Jordan was excited. Never know who you will meet at BK #negov http://t.co/Cl4JlYuCEg,134,4,4,1,0,0,1,2261,1
199,2014-11-02,528947528084238336,"Today you can catch Chuck at a phone bank in Lincoln, Omaha, Beatrice or Crete! #GetOutTheVote #negov http://t.co/WtU4nLOtbA",124,2,1,2,0,0,1,2261,2
200,2014-11-02,528950262430724097, .@Vote4Chuck Hassebrook / @JaneRaybould Nov. 4! #NEGov #GOTV http://t.co/XZ2v47PdQC,84,4,0,2,0,3,1,2261,5
201,2014-11-02,528950284836683776, Let's bring it home @Vote4Chuck! #negov,40,4,0,1,0,2,0,2261,3
202,2014-11-02,528978423033524225,Crete phonebanking w/soup &amp; crackers! Thx to Phil Hardenburger for opening his home &amp; @amanda4auditor for joining us http://t.co/IadCNbRlrJ,147,3,3,0,0,0,1,2261,0
203,2014-11-02,528931331506720768," Vote Nov. 4! MT@SelmaTerzic1: Nebraskans, you need to vote for Dave Domina &amp; @Vote4Chuck Hassebrook who care for #Nebraska.",128,3,0,1,0,2,0,2261,3
204,2014-11-03,529304682473472001,"HAPPENING NOW: ""What's at stake in this election"" #negov http://t.co/0euIIg6arG",79,3,3,1,0,0,1,2261,1
205,2014-11-03,529305044760682496,"NSEA: ""Chuck Hassebrook is the right choice to serve as our next governor #negov",80,3,3,1,0,0,0,2261,1
206,2014-11-03,529305937124016129,"""Chuck's plan is about meaningful property tax relief for hardworking NE families. That's why we need to elect Chuck on Tues"" @NordquistNE",138,3,2,0,0,1,0,2261,1
207,2014-11-03,529306245736722432,"""Chuck has made a commitment that he will work with police agencies"" - John Wells - President, Omaha Police Officers Association",128,4,4,0,0,0,0,2261,0
208,2014-11-03,529306727477686273,Hassebrook: this is the most important vote you will cast for governor in a generation...your vote will count. #negov,117,4,4,1,0,0,0,2261,1
209,2014-11-03,529320940594016256, People speak and when they do they ask for more @DaveDomina and @Vote4Chuck #NESen #NEGov http://t.co/lnTeS4hkzI,113,5,0,2,1,3,0,2261,6
210,2014-11-03,529340153077436416,"Hassebrook, Raybould: What's at stake in this election:  http://t.co/bdPKw18Fyj #NEGOV",86,4,2,1,1,0,0,2261,2
211,2014-11-03,529350028939497472,Stopped by our Columbus office to make some calls #NEGOV http://t.co/1Ti5ICfrBC,79,2,2,1,0,0,1,2261,1
212,2014-11-03,529350515554267137, Jane heard a voter had a few questions! #NEGOV http://t.co/PuCbnbj0Gp,70,3,0,1,0,1,1,2261,2
213,2014-11-03,529360161186783232," Democrats may not be flying around state, but local Dems tell me they're excited by min wage plus @Vote4Chuck @DaveDomi",120,3,0,0,0,3,0,2261,3
214,2014-11-03,529367894426390529," Also, tomorrow vote @Vote4Chuck Hassebrook for #NEGOV . Experience w/nonprofits means he follows the mission, not the mon",122,6,0,1,0,2,0,2261,3
215,2014-11-04,529466748740063232,We finished our day at our North Omaha office. Meeting volunteers &amp; calling voters. Polls open at 8am 2morrow! #NEGov http://t.co/0rDyOn85w2,144,6,7,1,0,0,1,2261,1
216,2014-11-04,529639999449608192,Early morning at KMTV and now ready to fly to South Sioux to #GOTV! #NEGOV #VOTE #ELECTIONDAY,93,3,1,4,0,0,0,2261,4
217,2014-11-04,529664674426814464,Hello South Sioux City! Great to be here with my running mate @JaneRaybould  #negov http://t.co/3jdUUqPSKH,106,2,3,1,0,1,1,2261,2
218,2014-11-04,529665004354932736, Raybould: today is the day everyone has to get out and vote. It's critical #negov,82,3,0,1,0,1,0,2261,2
219,2014-11-04,529669631540490240, @Vote4Chuck On the board!!!!!!!! http://t.co/9vgqEQ7H19,56,1,0,0,0,2,1,2261,2
220,2014-11-04,529669652075778049, Get out there and make your voice heard! I voted @DaveDomina and @Vote4Chuck,77,2,0,0,0,3,0,2261,3
221,2014-11-04,529669768094445569, Happy Voting Day! Go exercise your right to vote  I voted for @DaveDomina and @Vote4Chuck. Your vote counts! http://t.co/GJ,124,5,0,0,0,3,1,2261,3
222,2014-11-04,529669842857910273," #IbikeIvote @BradAshford14 @Vote4Chuck @yesforops and if I coulda, @Lathrop4Legis. http://t.co/rvVaWMf2uF",106,3,0,1,0,5,1,2261,6
223,2014-11-04,529681356281102336, Cheering on my Nebraska homies from Cali today! VOTE @Vote4Chuck @DaveDomina @BradAshford14 @DennisPCrawford @amanda4aud,121,3,0,1,0,5,0,2261,6
224,2014-11-04,529720422473142272, Recent events in #Nebraska have proven how important the position of governor is. That's why #IVoted for @Vote4Chuck. h,120,9,0,2,0,2,1,2261,4
225,2014-11-04,529720474121801729,@iMadeSmartCool thanks for your support!,40,1,0,0,0,1,0,2261,1
226,2014-11-04,529720740363661312,Scottsbluff was great! Now on to North Platte! #GOTV #negov,59,2,0,2,0,0,0,2261,2
227,2014-11-04,529727974795640833, @mollimysek @Vote4Chuck!,25,2,0,0,0,3,0,2261,3
228,2014-11-04,529747306418278401," Let's do this, Chuck! RT @Vote4Chuck: @iMadeSmartCool thanks for your support!",79,2,0,0,0,3,0,2261,3
229,2014-11-04,529765039205810176, Cameras set up for @Vote4Chuck @BradAshford14 watch party! Live team coverage all night on @WOWT6News! http://t.co/iZaflH8kia,126,8,0,0,0,4,1,2261,4
230,2014-11-04,529784634880430081, MT @iMadeSmartCool: Recent events in #Nebraska have proven how important the governor is. @Vote4Chuck! http://t.co/jdi8iEA,123,3,0,2,0,3,1,2261,5
231,2014-11-04,529784652400041984, @Vote4Chuck and put Nebraska in good hands.,44,3,0,0,0,2,0,2261,2
232,2014-11-04,529784673480605696," #NEGov MT @DayanaaLopez: If you haven't already, vote for Chuck Hassebrook for #Nebraska's next Governor! @Vote4Chuck",118,2,0,2,0,3,0,2261,5
233,2014-11-04,529784701364359168, @MegaSugianto working hard on Election Night getting ready for the @Vote4Chuck party. http://t.co/JurziBTZSp,109,6,0,0,0,3,1,2261,3
234,2014-11-04,529784779911098368,.@JoeMcHale @MegaSugianto glad to have you both with us!,56,1,1,0,0,2,0,2261,2
