,date,tweet_id,tweet_text,tweet_length,retweet_count,favorite_count,hashtag_count,url_count,user_mentions,media_count,follower_count,total_entities
0,2014-10-06,519167647871934464,"In 2013, violent crime dropped by 10.8% in #CT - double the 5.4% national decline in violent crime",98,2,2,1,0,0,0,37842,1
1,2014-10-06,519167727127494656,"Crime in #CT is at a 40-year low, despite having a population that's 20% larger http://t.co/6D4brTJtg1",102,12,5,1,0,0,1,37842,1
2,2014-10-06,519167737294491648,Gov Malloy: The tremendous results we're seeing in reducing crime are to the credit of men &amp; women in law enforcement &amp; community leaders,145,3,1,0,0,0,0,37842,0
3,2014-10-06,519167792625750016,"For more details and to read the full 2013 ""Crime in #CT"" report, visit  http://t.co/ZcVWuTtS0U",95,4,1,1,1,0,0,37842,2
4,2014-10-06,519180247087206400, Grt news from @GovMalloyOffice with announcement of new #brownfields program targeting historic industrial sites http://,121,5,0,1,1,2,0,37842,4
5,2014-10-06,519208421607079937,"#SCOTUS decision today on #MarriageEquality is good news because when equality triumphs for one, it triumphs for all. http://t.co/wXaPiPcqwO",140,3,6,2,1,0,0,37842,3
6,2014-10-06,519208542348541952,There is one thing we know for sure: Six years of #MarriageEquality has made #CT a stronger state.,98,17,21,2,0,0,0,37842,2
7,2014-10-06,519167613885480960,"Today we released the state's annual ""Crime in #CT"" report, which shows an 8.6% overall drop in crime in 2013  http://t.co/ZcVWuTtS0U",133,5,2,1,1,0,0,37842,2
8,2014-10-06,519167669095112704,"Property crime in #CT dropped 7.6% in 2013, significantly more than the 5.4% national drop in property crime",108,2,1,1,0,0,0,37842,1
9,2014-10-07,519550597130117121, The JAX Genomic Medicine facility was designed and built to encourage scientific collaboration. http://t.co/pY9D44axsY #JAX,124,7,0,1,1,1,0,37842,3
10,2014-10-07,519555037467774976," .@GovMalloyOffice says @jacksonlab's presence here will ""change and save lives."" http://t.co/cROOOAj3Dh",104,4,0,0,0,3,1,37842,3
11,2014-10-07,519562054580318208," Now open: @JacksonLab for #GenomicMedicine, while construction on our new hospital tower continues #BioscienceCT http://t.",123,6,0,2,0,2,1,37842,4
12,2014-10-07,519555993844596736, .@GovMalloyOffice leads the ribbon cutting to dedicate the @JacksonLab for #GenomicMedicine on our campus http://t.co/ieM9,123,5,0,1,0,3,1,37842,4
13,2014-10-07,519498575815114752,Gov. Malloy has signed an order to assist #CT's emergency response in the event of an #Ebola infection or exposure http://t.co/K6nheorU8Z,137,11,4,2,1,0,0,37842,3
14,2014-10-07,519500656349302784, This afternoon @JacksonLab for #GenomicMedicine officially opens on our campus! http://t.co/DjYYL5R1LC http://t.co/jj6pLbB,123,10,0,1,1,2,1,37842,4
15,2014-10-07,519539150933225473,Today at 2PM we'll be celebrating the grand opening of @JacksonLab for #GenomicMedicine in #Farmington. Watch live: http://t.co/AnCNeMTEZA,138,5,1,2,1,1,0,37842,4
16,2014-10-07,519539174626848769,"Bioscience is an emerging industry that will pay long-term dividends for our state, positioning #CT as a global leader. @JacksonLab",131,5,3,1,0,1,0,37842,2
17,2014-10-07,519539192293244928,Our #BioscienceCT efforts are focused on attracting new business investment &amp; creating good-paying jobs w/ good benefits for #CT residents,142,5,0,2,0,0,0,37842,2
18,2014-10-07,519540498902810624, Our new #CT research facility will contribute to better #health for people everywhere. http://t.co/fN7BOcfb24 #jaxct http:/,124,7,0,3,2,1,0,37842,6
19,2014-10-07,519548246289809408,Happening Now: @JacksonLab grand opening ceremony in #Farmington. Watch live  http://t.co/AnCNeMTEZA #BioscienceCT,114,2,2,2,1,1,0,37842,4
20,2014-10-07,519548262937030656, A beautiful day to welcome Jackson Laboratory to CT @GovMalloyOffice Bioscience CT initiative =jobs &amp; economic growth http://t,131,5,0,0,0,2,1,37842,2
21,2014-10-08,519905586281193472,Congrats to #EastHartford 6th grade teacher Cara Quinn of Sunset Ridge School on being named #CT Teacher of the Year! http://t.co/9d2Orso58D,140,2,4,2,1,0,0,37842,3
22,2014-10-08,519684396631089153,Our prayers are with the #Hartford firefighters and their families tonight.,75,31,23,1,0,0,0,37842,1
23,2014-10-08,519686123367305216,Tonight's tragic events are another reminder of the incredible sacrifice that our state's first responders make on a daily basis,128,38,22,0,0,0,0,37842,0
24,2014-10-08,519861654436450304,Gov. Malloy has directed #CT flags to half-staff in honor of the #Hartford firefighter who passed away last night http://t.co/BSid7KugqH,136,14,1,2,1,0,0,37842,3
25,2014-10-08,519867961985998849,Gov. Malloy announces immediate action plan to address youth behavioral health needs  http://t.co/KZo4nciLZx,108,3,4,0,1,0,0,37842,1
26,2014-10-08,519886974271115265, Congratulations to Mrs. Cara Quinn on being selected as CT's Teacher of the Year! http://t.co/bE2orHESCw,105,3,0,0,0,1,1,37842,1
27,2014-10-08,519890465865609217,State awards funding for new microgrid projects to harden energy systems in #Milford &amp; #Bridgeport  http://t.co/MvQT9DysJ8,126,6,0,2,1,0,0,37842,3
28,2014-10-09,520328336984522753,Legacy of the #Whalers deserves a continued presence at #Hartford's @XLCenter http://t.co/uJboXtp5u9,100,34,30,2,1,1,0,37842,4
29,2014-10-10,520596696796250112, Honored RT @GovMalloyOffice This weekend has been officially designated as #HuskyHockey Weekend in the State of #CT  http:/,124,5,0,2,1,2,0,37842,5
30,2014-10-10,520588087089696769, .@GovMalloyOffice has already signed a bill to #RaiseTheWage. Time for Congress to follow suit and send a bill to the pres,123,1,0,1,0,2,0,37842,3
31,2014-10-10,520593455740116993,This weekend has been officially designated as #HuskyHockey Weekend in the State of #CT  http://t.co/AY8PlQWbCs @UConnMHOC,122,23,13,2,1,1,0,37842,4
32,2014-10-10,520593820539686912,Best of luck to @UConnMHOC as they begin the 2014-2015 season tonight as members of @hockey_east,96,6,13,0,0,2,0,37842,2
33,2014-10-10,520600426778226689," Just spoke with Coach Cavanaugh, on behalf of the program we want to thank @GovMalloyOffice for his support.  Tremendous hon",125,3,0,1,0,2,0,37842,3
34,2014-10-11,520882048337059841,Best of luck to all of the runners participating today in the #HartfordMarathon! @RunHMF,88,3,8,1,0,1,0,37842,2
35,2014-10-11,520965309101252608,Great to join @SargentLock to celebrate the manufacturing company's 150 years in #NewHaven! http://t.co/5vTZ84CrYJ,114,1,4,1,0,1,1,37842,2
36,2014-10-12,521144408306368512," October 11, 2014 has been declared Sargent Manufacturing Day in Connecticut by @GovMalloyOffice! #SARGENTNewHaven150 http:",123,6,0,1,0,2,1,37842,3
37,2014-10-14,522043691327041536,#CT's four Advanced Manufacturing Centers have become nationally recognized in this field,89,0,1,1,0,0,0,37842,1
38,2014-10-14,522043779566809090,Expanding manufacturing education throughout #CT's community college system will show manufacturers our commitment to this emerging sector,138,1,2,1,0,0,0,37842,1
39,2014-10-14,522056937421410304, Thrilled to join @GovMalloyOffice @ManchesterCC to celebrate $15m in fed fund for Adv Manufacturing at Comm Colleges htt,121,3,0,0,0,3,1,37842,3
40,2014-10-14,522098845053116417,Celebrating the opening of the new state-of-the-art fitness center at Maria Sanchez Elementary School in #Hartford http://t.co/UV9upG54bY,137,3,1,1,0,0,1,37842,1
41,2014-10-14,522080684283015168, Just one more week to use #CT online system to register to #vote for #ctelection2014 click here to sign up: http://t.co/C0,123,7,0,3,1,2,0,37842,6
42,2014-10-14,522043412816875520,At #Manchester Community College discussing plans to expand manufacturing programs at all community colleges in #CT http://t.co/PQHtWbyi18,138,4,1,2,0,0,1,37842,2
43,2014-10-14,522043662889676801,"Manufacturers need a workforce equipped w/ the tools necessary to fill some of these in-demand, modern technology manufacturing positions",137,1,1,0,0,0,0,37842,0
44,2014-10-15,522402718678523905,On #BlindAmericansEqualityDay we honor the achievements &amp; potential of CT citizens who are blind or visually impaired http://t.co/ksxYKb5EzP,144,4,2,1,0,0,1,37842,1
45,2014-10-15,522515147051782145,This afternoon we held a unified command meeting to continue coordination of precautionary &amp; prep measures on #Ebola http://t.co/OabageUuJp,143,20,10,1,0,0,1,37842,1
46,2014-10-16,522867243076825088,"While initial results are negative, @CTDPH Cmsr Mullen determined that the patient will remain isolated as we await official @CDCgov results",140,15,2,0,0,2,0,37842,2
47,2014-10-16,522784556932669440,"At 2PM, Gov Malloy will hold a media briefing to discuss precautionary measures CT is taking on #Ebola. Watch online: http://t.co/AnCNeMTEZA",140,19,2,1,1,0,0,37842,2
48,2014-10-16,522809306404896769,Watch Live: Gov. Malloy holding briefing right now on state's precautionary &amp; preparatory measures regarding Ebola  http://t.co/AnCNeMTEZA,142,6,2,0,1,0,0,37842,1
49,2014-10-16,522813064652259328,Gov. Malloy Outlines State's Efforts to Safeguard Against Ebola  http://t.co/zuqWmbUCnr,87,22,4,0,1,0,0,37842,1
50,2014-10-16,522834337138757634, ICYMI: You can watch @GovMalloyOffice's entire #Ebola press briefing here: http://t.co/8GfVZ8zfn1,98,10,0,1,1,2,0,37842,4
51,2014-10-16,522858341874147328, We've received preliminary notification that  patient admitted to YNHH late last night has tested negative for Ebola. http://t.co,130,151,0,0,1,1,0,37842,2
52,2014-10-16,522862381970366464, DPH: Statement from the Department of Public Health http://t.co/KVpsG7SO8I,75,14,0,0,1,1,0,37842,2
53,2014-10-16,522871793653387264, Gobernador Malloy (@GovMalloyOffice) Detalla Esfuerzos Estatales Contra Amenaza De bola: http://t.co/QjbkTBCAjK,112,3,0,0,1,2,0,37842,3
54,2014-10-17,523125430216589314, Huskies Play Hockey East Opener Saturday Night - Game Preview #BleedBlue @hockey_east http://t.co/lM6eVdMISu,109,4,0,1,1,2,0,37842,4
55,2014-10-17,523199459287891968," #Election Day is coming! Deadline is 10/21 to register to #vote by going online, click here to get started: http://t.co/jP",123,7,0,2,1,1,0,37842,4
56,2014-10-20,524245449113608192,"When you look at annual job growth on a monthly basis, #CT has gained jobs every single month during the Malloy admin http://t.co/PmLd6koxGG",140,9,6,1,0,0,1,37842,1
57,2014-10-20,524244802775568386,"#CT private sector employers added 10,000 new jobs in the state during September 2014  http://t.co/XuiSBFVdIH",109,6,3,1,1,0,0,37842,2
58,2014-10-20,524244854139027456,Today's jobs report is another sign that we are making steady progress in improving our state's economy,103,4,1,0,0,0,0,37842,0
59,2014-10-20,524245093688295425,"W/ addition of these 10k jobs, #CT employers added nearly 70k private sector jobs since Jan 2011; one of the best growth rates since the 90s",140,1,3,1,0,0,0,37842,1
60,2014-10-20,524245174793568256,There is still much more that must be done so our state is better prepared to continue this progress in the future.,115,0,2,0,0,0,0,37842,0
61,2014-10-20,524245199305060352,We can't be satisfied until everyone in our state who wants a job has one,73,2,4,0,0,0,0,37842,0
62,2014-10-20,524245793822478336," September 2014 Connecticut Labor Situation
State nonfarm jobs rebound to recovery high; unemployment rate falls... http:/",122,6,0,0,1,1,0,37842,2
63,2014-10-21,524693502228443136," Apples, pumpkins, and even pears are celebrated this weekend in Connecticut. What are your plans? Check out ideas: http://t.co",127,6,0,0,1,1,0,37842,2
64,2014-10-21,524567499237785600," #Election Day is coming! Deadline is TODAY to register to #vote by going online, click here to get started: http://t.co/qo",123,18,0,2,1,1,0,37842,4
65,2014-10-21,524658539558895616,Wearing a purple tie today to show support for domestic violence awareness. @CTCADV #DVAM #PurpleTieTuesday http://t.co/okKr46FcMX,130,6,4,2,0,1,1,37842,3
66,2014-10-22,525060817868173313,"To keep #CT residents informed about the #Ebola virus, we've launched a website at http://t.co/2YxDDH1MhB http://t.co/AUHnWr5BRo",128,16,1,2,1,0,1,37842,3
67,2014-10-22,525062067904999424,"While there are no cases of Ebola in #CT, we are taking safety measures to prevent the spread should someone in our state become sick",133,8,10,1,0,0,0,37842,1
68,2014-10-22,524993604956479489,Congrats to #Norwich elementary school principal Billie Shea on being named the First-Year Principal Award recipient! http://t.co/PlQcK7Del6,140,1,3,1,1,0,0,37842,2
69,2014-10-22,524958793973895168," You still have time to register to #vote in #CT before #ElectionDay download the form here, and get to your town hall http",123,11,0,3,1,1,0,37842,5
70,2014-10-22,524955546441756672,Stable housing leads to stable communities where families &amp; young professionals create a talented workforce that attracts employers,135,4,3,0,0,0,0,37842,0
71,2014-10-22,524954749893095424,"Creating &amp; rehabilitating affordable housing, revitalizes neighborhoods &amp; strengthens communities - enhancing quality of life for all in CT",147,6,0,0,0,0,0,37842,0
72,2014-10-22,524954420023689216,Gov. Malloy announces funds to support affordable housing throughout #CT  http://t.co/ZDZG8ry0nb,96,5,1,1,1,0,0,37842,2
73,2014-10-23,525345162156060672,The new @icahnmountsinai genomics research facility strengthens #CT's standing as a center of genomics research  http://t.co/rZqpE8hzFk,135,5,2,1,1,1,0,37842,3
74,2014-10-23,525345199292428290,"Industry leaders like @icahnmountsinai are growing high-quality jobs in #CT, competing in a 21st Century economy. #CTJobs #BioscienceCT",135,5,3,3,0,1,0,37842,4
75,2014-10-23,525309518113411073," To date, http://t.co/qn9nEsoHYm contains 270 data sets and 2.75 million rows of data. @OpenDataCT @GovMalloyOffice",115,1,0,0,1,3,0,37842,4
76,2014-10-23,525345076298657793,Great news: New state-of-the-art genomics facility is being created in #Branford by @icahnmountsinai that will create 142 new full-time jobs,140,2,1,1,0,1,0,37842,2
77,2014-10-24,525682372948553728,The #HartfordLine will provide commuter rail service from #NewHaven to #Springfield  http://t.co/ZQdeQr93fj @NHHSRail,117,2,3,3,1,1,0,37842,5
78,2014-10-24,525684400558981122,"The #HartfordLine, providing commuter rail between #NewHaven &amp; #Springfield, is scheduled to launch in late 2016 http://t.co/ZQdeQr93fj",139,15,10,3,1,0,0,37842,4
79,2014-10-24,525702854091501568,Gov. Malloy announced that he is appointing David Jimenez to serve as a member of the #CT Board of Regents http://t.co/sBzhbmd09T @ConnSCU,138,4,2,1,1,1,0,37842,3
80,2014-10-24,525713916140482560," Pleased the CT DOT is moving forward with the widening of I-84. The construction will bring good paying jobs to #CT
http://t.c",127,5,0,1,1,1,0,37842,3
81,2014-10-24,525725672044781568,All acute care hospitals in #CT have completed #Ebola preparedness drills per Gov. Malloy's directive  http://t.co/f5vPt465Gq,125,13,6,2,1,0,0,37842,3
82,2014-10-24,525748247189815296,"For continually updated info on #Ebola, visit our state's info website at http://t.co/DpFzegIjX5",96,6,3,1,1,0,0,37842,2
83,2014-10-24,525765715987419136,A document providing guidance to first responders on #Ebola is now available at http://t.co/G9fJlwx9r6,102,7,2,1,1,0,0,37842,2
84,2014-10-24,525761593758724096,Just reached out to @GovInslee and pledged any support they need during this difficult time. Our thoughts &amp; prayers are w/ the people of #WA,144,10,9,1,0,1,0,37842,2
85,2014-10-24,525682015212150784,"Today we announced start of construction for new @NHHSRail train stations in #Wallingford, #Meriden &amp; #Berlin  http://t.co/ZQdeQr93fj",137,3,2,3,1,1,0,37842,5
86,2014-10-24,525682173463232512,Today we also announced that the new @NHHSRail commuter service will be officially branded as the #HartfordLine http://t.co/LnbY6eJUJL,134,22,13,1,0,1,1,37842,2
87,2014-10-24,525682321903865856,#HartfordLine logo will be prominently displayed at all stations &amp; materials for the commuter rail service. @NHHSRail http://t.co/qVhBUtsdnp,144,9,8,1,0,1,1,37842,2
88,2014-10-27,526864275894444032,"Gov. Malloy outlines #CT's policies for monitoring travelers from Guinea, Liberia &amp; Sierra Leone  http://t.co/LQjAV6hliG",124,6,1,1,1,0,0,37842,2
89,2014-10-27,526747271371952128, Final #CT deadline to register to #vote in-person before #ctelection2014 is Tuesday 10/28 download the form here http://t.,123,19,0,3,1,1,0,37842,5
90,2014-10-27,526774333528883200, .@HartfordBiz highlights impact of @GovMalloyOffice's unprecedented commitment to #brownfield redevelopment across CT ht,121,2,0,1,1,3,0,37842,5
91,2014-10-27,526819711468965888, Dont wait till the last minute; discuss Halloween safety &amp; rules with your kids a few days ahead!  More at http://t.co/7ANSlXGj,132,5,0,0,1,1,0,37842,2
92,2014-10-27,526864311063691264,"#CT's policies more stringent than @CDCgov requirements: Mandatory monitoring for all travelers, quarantine for individuals based on risk",137,8,1,1,0,1,0,37842,2
93,2014-10-28,527117341382180864,Open space grants we're announcing will help communities perserve lands to be enjoyed by #CT families in perpetuity http://t.co/GZRdzpa59o,138,8,5,1,0,0,1,37842,1
94,2014-10-28,527116455972986880,"Gov. Malloy announces funding to preserve nearly 2,250 acres of open space in 25 communities throughout #CT  http://t.co/QlnUtJ7Fqz",131,8,4,1,1,0,0,37842,2
95,2014-10-28,527126465478148097, Thanks @GovMalloyOffice for nearly $250k to protect open space on Middletown's Mount Higby. Announced today.,109,7,0,0,0,2,0,37842,2
96,2014-10-29,527484875956580353,#CT's defense product and parts manufacturing sector is becoming increasingly important to the Pentagon's supply chain,118,3,1,1,0,0,0,37842,1
97,2014-10-29,527414553626542080,"On Oct. 29, 1764, the first issue of the @hartfordcourant was published. Happy 250th anniversary! http://t.co/mf5IsPWxUq",120,15,11,0,0,1,1,37842,1
98,2014-10-29,527414584672813056,#CT is proud to be the home of the nation's oldest continuously published newspaper. Here's to another 250 years! @hartfordcourant,130,14,16,1,0,1,0,37842,2
99,2014-10-29,527484513002479616,"#ElectricBoat is announcing plans to expand in #Groton and add 200 new jobs to its workforce of 8,700 #CT employees http://t.co/3OujCs0VYB",138,5,3,3,1,0,0,37842,4
100,2014-10-29,527485138415140865,#ElectricBoat's expansion &amp; the 100s of new jobs that come with it will strengthen our efforts to position CT for a manufacturing revolution,144,3,2,1,0,0,0,37842,1
101,2014-10-29,527497638904872960,Today's the 2nd anniversary of #StormSandy. We continue to make progress in our infrastructure resiliency efforts http://t.co/2q7GEd041Q,136,1,1,1,1,0,0,37842,2
102,2014-10-29,527548904049770496,"Today we announced over $4.7M for before/after-school progs in low-performing, high-poverty schools around the state http://t.co/3zJVDCWYlM",139,3,2,0,1,0,0,37842,1
103,2014-10-29,527554824360177664,#FuelCellEnergy just announced plans to expand their #Torrington facility &amp; add 325 new jobs to their workforce  http://t.co/WQFhuVDf45,139,3,0,2,1,0,0,37842,3
104,2014-10-29,527554908325957632,#FuelCellEnergy is a #Danbury-based company that has a manufacturing facility located in #Torrington http://t.co/XpN4oODpSN,123,1,1,3,0,0,1,37842,3
105,2014-10-29,527554969126600704,#FuelCellEnergy currently employs 538 people in Connecticut. Its two-phased expansion project will see it add 325 new jobs in #Torrington,137,2,2,2,0,0,0,37842,2
106,2014-10-29,527555009417080833,"Gov. Malloy: ""There is no better place for the renewable energy sector to grow &amp; create jobs than right here in #CT."" #FuelCellEnergy",137,9,7,2,0,0,0,37842,2
107,2014-10-29,527555290389311488," Breaking: FuelCell Energy to expand #Torrington manufacturing plant, plans to add more than 300 jobs - http://t.co/ejI",119,9,0,1,1,1,0,37842,3
108,2014-10-30,527798670084026368,Gov. Malloy will be in #NewHaven later today to make a big announcement about the site where the New Haven Coliseum was previously located,138,3,1,1,0,0,0,37842,1
109,2014-10-30,527802179990880256, Oxford Performance Materials will work with Yale to create 3D-printed biomedical products together. http://t.co/0jQUGS7rq3,123,3,0,0,1,0,0,37842,1
110,2014-10-30,527862521227911168,Gov. Malloy today announced funds to complete redevelopment of former #NewHaven Coliseum site http://t.co/aB7wYkF56l http://t.co/A6EaFEQFk2,139,15,7,1,1,0,1,37842,2
111,2014-10-30,527862920815067136,Redeveloping the #NewHaven Coliseum site is a vital component of rebuilding 5.5 acres of prime land in the heart of New Haven,125,3,1,1,0,0,0,37842,1
112,2014-10-30,527863261329641472,"Redevelopment project will attract 35-40 new small to mid-sized businesses and up to 25 seasonal incubator businesses, bringing 2,809 jobs",138,1,1,0,0,0,0,37842,0
113,2014-10-30,527863500962816000,"#NewHaven Coliseum site redevelopment will also generate 4,700 construction jobs &amp; $303M in income for construction workers over 7-10 years",143,6,4,1,0,0,0,37842,1
114,2014-10-30,527863792022347777,Today's announcement to redevelop #NewHaven Coliseum site underscores synergy to develop downtown-area neighborhoods http://t.co/aB7wYkF56l,139,2,1,1,1,0,0,37842,2
115,2014-10-30,527869292289982464, With @GovMalloyOffice @MayorHarp for announcement of $ to finish redevelopment of former Coliseum site http://t.co/kINtya0,123,6,0,0,0,3,1,37842,3
116,2014-10-30,527891994803458048,"Utilizing a new law, all @CT_STATE_POLICE troopers are now trained &amp; equipped to administer #Narcan to save lives http://t.co/y2CL2c0qZ7",140,9,3,1,1,1,0,37842,3
117,2014-10-30,527892217038655488,The state also recently held classes to provide #Narcan training to local PDs and fire departments throughout #CT,113,5,2,2,0,0,0,37842,2
118,2014-10-30,527892435738034176,We congratulate Trooper Steven Gardner for his quick life-saving action in administering #Narcan yesterday to save a man's life in #Griswold,140,7,5,2,0,0,0,37842,2
119,2014-10-30,527892635776999424,#Narcan is a medication used to help save lives by reversing the effects of overdosing on opioids. More info  http://t.co/y2CL2c0qZ7,132,4,1,1,1,0,0,37842,2
120,2014-10-30,527921151390285825," As we turn back the clocks this weekend, please remember to check the batteries in your Fire and CO alarms.",108,19,0,0,0,1,0,37842,1
121,2014-10-30,527927250545807360,Gov. Malloy just spoke w/ Trooper Gardner to thank him for his life-saving efforts yesterday in #Griswold and acknowledge his service to #CT,140,3,4,2,0,0,0,37842,2
122,2014-10-31,528315327067996160,Nice turnout this Halloween. Thankful for decent weather this year! http://t.co/jE1kihio7o,90,6,15,0,0,0,1,37842,0
123,2014-10-31,528323636516892674, Trick or treat @GovMalloyOffice http://t.co/7u2YdZQIam,55,2,0,0,0,2,1,37842,2
124,2014-10-31,528211634054238208,Great news: Today global company @PraxairInc announced plans to build their new worldwide HQs in #Danbury and grow up to 120 new jobs in #CT,140,3,0,2,0,1,0,37842,3
125,2014-10-31,528211891383177216,".@PraxairInc currently has 535 employees in #CT. The company plans on building a new 100,000 square-foot corporate facility in #Danbury.",136,2,1,2,0,1,0,37842,3
126,2014-10-31,528212402979209216,.@PraxairInc is investing $65M to grow their new global HQs in #CT  http://t.co/31H4ZNvyht http://t.co/8Myu2JN4ZR,113,1,1,1,1,1,1,37842,3
127,2014-10-31,528220558627209219, If not yet registered to #vote in #CT #election day registration is available! click here to see where in your town:  http,123,10,0,3,1,1,0,37842,5
128,2014-10-31,528249701309878272,#CT's long-term debt for teachers' pensions has been cut by $325M over the last two years  http://t.co/tZ17g7WUoW,113,3,1,1,1,0,0,37842,2
129,2014-10-31,528258984340631552," Great working with @CTDEMHS, @CTDPH,  @CTCorrections to get Narcan out on the road with State Troopers to save lives.",118,2,0,0,0,4,0,37842,4
130,2014-10-31,528269739827949568,An addt'l 445 schools will benefit from state funding announced today to improve school security  http://t.co/l1KMs3POsq,120,6,2,0,1,0,0,37842,1
131,2014-10-31,528286204715085824,.@UBS is re-affirming its commitment to #CT through 2021  http://t.co/LNJ9bpnDgY,80,4,3,1,1,1,0,37842,3
132,2014-10-31,528286601232019456,Extended @UBS agreement is about retaining quality jobs for #CT &amp; reaffirming the state's reputation as a leader in financial services,138,2,1,1,0,1,0,37842,2
133,2014-10-31,528314699788849152,Great to welcome some trick-or-treaters to the house! Happy Halloween everyone! http://t.co/6RvO6GbXtB,102,2,5,0,0,0,1,37842,0
134,2014-10-31,528324306934435840,@ctnewsjunkie UConn chocolate bars from Munsons,47,1,3,0,0,1,0,37842,1
135,2014-11-02,528977089954086912,Proud to thank our nation's veterans for their service today at the annual @CTVetsParade in #Hartford http://t.co/nkQ0wwm86i,124,4,5,1,0,1,1,37842,2
136,2014-11-02,528978712705138688,"Our prayers &amp; condolences go out to the family of Barbara Nappier, mother of State Treasurer Denise Nappier  http://t.co/pWTNVb69mA",135,5,5,0,1,0,0,37842,1
137,2014-11-02,528918031607812096,Today we'll be honoring our nation's veterans at the annual @CTVetsParade in #Hartford. Come join us at 12:30pm: http://t.co/917ACl39hv,135,2,2,1,1,1,0,37842,3
138,2014-11-02,528919011451748354, We are ready to march today at 12:30. Bundle up and come to say thank you to our veterans!,91,3,0,0,0,1,0,37842,1
139,2014-11-04,529611901727428608," Forget to register to #vote? In 2013 over 3,000 people voted using Election Day Registration. Will you be one today? http:",123,16,0,1,1,1,0,37842,3
140,2014-11-04,529606015244046337, Polls are open for #ctelection2014 -- go and vote!!!  check here to see if you're registered and where to vote http://t.co,123,8,0,1,1,1,0,37842,3
141,2014-11-04,529696004397092864, Just Moved to a new town in #CT? You can still Register and Vote today! Learn more about Election Day Registration http://,123,12,0,1,1,1,0,37842,3
142,2014-11-04,529635547565019136, Not yet registered to #vote? It's not too late in #CT! Election Day Registration is available! click to learn more http://,123,20,0,2,1,1,0,37842,4
