,date,tweet_id,tweet_text,tweet_length,retweet_count,favorite_count,hashtag_count,url_count,user_mentions,media_count,follower_count,total_entities
0,2014-10-07,519581767485775872,County to pursue my proposal for a Homeless Charter Fund providing $100 million for affordable housing after unanimous vote of supervisors.,139,7,5,0,0,0,0,1039,0
1,2014-10-09,520284965393924096, Manuel Romero performed 4 Dave Cortese &amp; his campaign event! @_MANUELROMERO @myNUVOtv @DaveCortese @Telemundo @Vevo http:/,127,5,0,0,0,6,1,1039,6
2,2014-10-09,520285025699643392, @DaveCortese #caffeadria wishes a Good Morning to #davecortese !,65,1,0,2,0,2,0,1039,4
3,2014-10-13,521684360467337216," Sources. SJPD in crisis:
 6 cadets were no shows to pick up all their equipment today at training unit. Now 23 remain for n",124,18,0,0,0,1,0,1039,1
4,2014-10-13,521526571245391874, Bringing sexy back to San Jose! @davecortese #sanjosemayor #sanjose #cityofsanjose #siliconvalley http://t.co/ROUWu9qW84,121,4,0,4,1,2,0,1039,7
5,2014-10-13,521526650131869696," Thanks @DaveCortese for founding ""Day at the Bay"" &amp; promoting Alviso's value. Another reason #IsupportDave #SJmayor http",125,4,0,2,0,2,1,1039,4
6,2014-10-19,523684147840049152,Thrilled by lead in Merc/sjsu #sjmayor poll. Lets build on lead for Nov. 4th!,77,6,3,1,0,0,0,1039,1
7,2014-10-19,523908502251511809," #LIVE @SCCgov Supervisor @DaveCortese is thanking the organizers of the #conference 
#CarrytheVision http://t.co/zKKw18Oi",122,3,0,3,0,3,1,1039,6
8,2014-10-21,524551446021148672, @SchoolatMHP  @DaveCortese great debate... Excellent answers from Cortese on how to make this city safe once again. Clear ,123,4,0,0,0,3,0,1039,3
9,2014-10-21,524551103363297280, Support #DaveCortese for mayor of #SanJose.  His opponent supports the failed policies of the past. http://t.co/lCsYuQrX18,123,4,0,2,1,2,0,1039,5
10,2014-10-21,524551157834739712, @DaveCortese says that police union leadership needs change regardless of recent accusations. #SJMayorsDebate @1590KLIV,120,2,0,1,0,3,0,1039,4
11,2014-10-21,524551202776686595, @DaveCortese says @sliccardo is nice guy who tries hard but his plans don't work. Says voters need to focus on track reco,122,4,0,1,0,3,0,1039,4
12,2014-10-21,524551225358819330, @DaveCortese says @sliccardo's support of pension cutbacks isn't working because officers continue to leave. #SJMayorsDeb,122,5,0,1,0,4,0,1039,5
13,2014-10-21,524551264810455041, @DaveCortese says it is not fair that East Side is often overlooked for upgrades to curbs streets parks etc. #SJMayorsDeb,122,6,0,1,0,3,0,1039,4
14,2014-10-21,524681373412372480, #BREAKINGNEWS SJ MayorPoll Cortese Leads By 12Pts 22%Undecided @newsdamian @KTVUdesk @KPIXDesk @SVBizNate @SVBizGreg ht,120,5,0,1,0,6,1,1039,7
15,2014-10-22,525013786789691392," #VotoLatino ready to drop off, yet my Vote is not secret. I voted for @DaveCortese for mayor &amp; @JerryBrownGov for gov http:",128,2,0,1,0,3,1,1039,4
16,2014-10-26,526240210531532800, Excited to read this about #SanJose's #mayoral race! @DaveCortese is leading in the polls! #Election2014 http://t.co/mWKa,122,2,0,3,1,2,0,1039,6
17,2014-10-26,526244226606977024,Article: Dave Cortese: Public safety is a personal issue for San Jose families http://t.co/4G87CS9hF9,101,3,1,0,1,0,0,1039,1
18,2014-10-28,526918321006862336, KPIX survey shows @DaveCortese has advantage over @sliccardo in San Jose mayoral race: http://t.co/RyChvMR0Ga @corteseformayor,127,6,0,0,1,4,0,1039,5
19,2014-10-29,527554368690597888, @DaveCortese and @sliccardo are first users of new Body Metrics exhibit @TheTechMuseum. Opens tomorrow! Thanks guys! http:,123,5,0,0,0,4,1,1039,4
20,2014-10-31,528211910227808256,"San Jose Mayor's race: Dave Cortese on crime, development, labor cash http://t.co/6hdxtty1Wk",92,0,0,0,1,0,0,1039,1
21,2014-10-31,528166854322184193, Strong &amp; diverse turnout in Hanchett/Rose Garden neighborhood to elect @DaveCortese for #sjmayor on 11/4. #GOTV http://t,125,3,0,2,0,2,1,1039,4
22,2014-11-01,528677791181463552, Go get 'em! @sobaylabor: Ready to get out the vote! #houseoflabor @mikehonda17 @DaveCortese @TomTorlakson http://t.co/JdiF,123,2,0,1,0,5,1,1039,6
23,2014-11-01,528677838832943104," @sobaylabor @DaveCortese We are there in spirit and out in the rain in body for leaders who share Dave's values, too. ",119,3,0,2,0,3,0,1039,5
24,2014-11-03,529377395430547456," SJ mayor candidate @DaveCortese on crime, development, labor cash.

http://t.co/AnoLgkTm0f http://t.co/uVOTGsPwOt",114,2,0,0,1,2,1,1039,3
25,2014-11-03,529377418243366912, Thanks Pastor Wagers &amp; Sandy Perry for being powerful voice for homeless! Thanks @DaveCortese for speaking w/ compassion on ,129,5,0,0,0,2,0,1039,2
26,2014-11-04,529757039904706561, Wish @davecortese @corteseformayor had more of a social media presence this go around.... Best of luck tomorrow!,113,1,0,0,0,3,0,1039,3
27,2014-11-04,529514505240576000, #GOTV2014 Visited 42 homes reminding @DaveCortese supporters to vote and thanking those who already voted to elect @cort,121,5,0,2,0,3,0,1039,5
28,2014-11-04,529514549092032512, I don't tweet about politics but Dave's a friend so I'm breaking my rule&gt; RT @DaveCortese: San Jose Mayor's race http://,124,3,0,0,1,2,0,1039,3
29,2014-11-04,529689618653147136," Poll opens a few hours NOV 4th, 2014, let get out the vote #SJMayor @DaveCortese #DaveCortese for San Jose, thank you http:",124,4,0,2,0,2,1,1039,4
30,2014-11-04,529756945386065920, @DaveCortese VOTE DAVE CORTESE for Mayor of San Jose! http://t.co/i0qY5K3Dj4,77,1,0,0,0,2,1,1039,2
31,2014-11-04,529757567724310528," Please vote for #SJmayor #Sanjose for @DaveCortese, the poll opens till 8 pm today. We're live w/ @CBSSF #KPIX5 http://t.co",124,6,0,3,0,3,1,1039,6
