,date,tweet_id,tweet_text,tweet_length,retweet_count,favorite_count,hashtag_count,url_count,user_mentions,media_count,follower_count,total_entities
0,2014-10-07,519635731703025664," San Diego's winter homeless shelter returning to Barrio Logan, but City Council agrees w/@AlvarezSD to make it the...",118,0,0,0,0,2,0,5180,2
1,2014-10-07,519635775411871744, The winter homeless shelter will be sited again this year in #BarrioLogan but will not be considered in 2016 thanks...,119,0,0,1,0,1,0,5180,2
2,2014-10-07,519635837718233089, Cool that Mayor following lead of @EdHarrisSD &amp; @AlvarezSD in calling 4 Drought 2 mandatory conservation measures.  It's...,128,1,3,0,0,3,0,5180,3
3,2014-10-07,519634442961186816,I'm pleased the City Council finally recognized a tent in the middle of the street is not a solution for San Diego's homeless.,126,3,2,0,0,0,0,5180,0
4,2014-10-08,519648210164281344, CM @AlvarezSD not only rides to work but features his bicycle on his twitter profile! http://t.co/R1Cyr2n7xu,109,2,0,0,1,2,0,5180,3
5,2014-10-08,519938053700190208,Suspect wanted in 4 South Bay sex assaults http://t.co/RIaAZMkakp via @10news,77,1,0,0,1,1,0,5180,2
6,2014-10-08,519938397344137216,@Mississippikid2 Please send information to Ruth at my office 619-236-6688,74,1,0,0,0,1,0,5180,1
7,2014-10-08,519938525211676672, Its nice to see that San Diegos 8th District finally has a representative that cares about the District @AlvarezSD,115,2,0,0,0,2,0,5180,2
8,2014-10-08,519938581377581056, Best moment from #FilAmFest - David Alvarez stopping by the FALSD booth and offering lumpia! Salamat Po @AlvarezSD! htt,120,4,0,1,0,2,1,5180,3
9,2014-10-08,519943263542075393,@ToddGloria TX for visiting D8!,31,0,1,0,0,1,0,5180,1
10,2014-10-08,519959692299104257,Environment Committee just voted to Declare Level 2 Drought Restrictions @EdHarrisSD @LorieZapf http://t.co/pjpQTulzql,118,6,6,0,1,2,0,5180,3
11,2014-10-09,520231993511276544,@J_rge I support the teachers. But I do not know about what the district pays.,78,0,0,0,0,1,0,5180,1
12,2014-10-09,520267602707628033," @AlvarezSD Brokers Compromise on Siting of Winter Homeless Shelter
By @DesdeLaLogan 
http://t.co/iE2ZhSMqCp
#BarrioLogan",121,1,2,1,1,3,0,5180,5
13,2014-10-09,520311120876544000, Today #GeneralDynamics #NASSCO welcomed Councilman @AlvarezSD for a tour of the the shipyard. Thanks for joining us!...,120,1,1,2,0,2,0,5180,4
14,2014-10-09,520311339575959552,@profesora619 You have my support!,34,1,2,0,0,1,0,5180,1
15,2014-10-10,520646544769679360,"SCEDC Summit w/Diputado Gastelum, Tijuana Mayor Jorge Astiazaran, Alejandra Mier y Terran &amp; Xavier Peniche Bustamante http://t.co/kX3qNY5ly3",144,0,2,0,0,0,1,5180,0
16,2014-10-10,520363971652505600,Joining San Ysidro teachers (and some students) in support of their efforts http://t.co/nThB7njvJY,98,5,9,0,0,0,1,5180,0
17,2014-10-14,521865629956313088,Wishing my firstborn Izel the happiest of birthdays and many blessings for her future. 5 years goes by in a flash. http://t.co/VzL8sz1kgR,137,0,17,0,0,0,1,5180,0
18,2014-10-15,522214241945022464, @AlvarezSD congratulates Villa Musica Director Fiona Chatwin opening 2nd location in Logan Heights. #UCSDalumni http://t.c,123,1,0,1,0,2,1,5180,3
19,2014-10-15,522439154555441152,Enjoying listening to mariachis on Navy Base this morning  #HispanicHeritageMonth http://t.co/oLYu6Q4udd,104,2,3,1,0,0,1,5180,1
20,2014-10-15,522443970161684481,TY @NavBaseSD for inviting me to speak at your Hispanic Heritage Month celebration today http://t.co/VFdGuz6Ajs,111,0,2,0,0,1,1,5180,1
21,2014-10-15,522469620859826176,"WIth a full household, keeping water usage low is always a challenge but necessary http://t.co/TNmJ6Q0Klz via @10news",117,4,2,0,1,1,0,5180,2
22,2014-10-16,522786267978035201,Congrats &amp; well deserved!  'Former state senator to join U.S.-Mexico board' http://t.co/8GwiYNA0yy via @utsandiego,118,0,1,0,1,1,0,5180,2
23,2014-10-17,523243029566877697, Night closures scheduled for the next two weeks on SR-905 beginning on Sunday. For details click link: http://t.co/fJUDBfqQ,124,9,0,0,1,1,0,5180,2
24,2014-10-17,522974483813240832, Beautiful day for the @TjInnovadora 2014 &amp; great seeing @AlvarezSD &amp; his team spending so much time here @TijuanaEdc ht,128,2,0,0,0,4,1,5180,4
25,2014-10-18,523293413622677504, Love a room full of people w/ purpose @AlvarezSD calling for Barrio Logan Planning Gp w/ props to @RafaSanDiego for sup,120,2,0,1,0,3,0,5180,4
26,2014-10-18,523293269305090048," Thank you @AlvarezSD for always supporting EHC, #BarrioLogan and the right to #healthyhoods for everyone. http://t.co/ptru",123,3,0,2,0,2,1,5180,4
27,2014-10-19,523679166470692864,@CBPSanDiego @CustomsBorder what is going on at san Ysidro?? Been waiting over 30 min to get into secondary. Haven't even entered 2ary!,135,0,1,0,0,2,0,5180,2
28,2014-10-19,523679730336141313,@CBPSanDiego @CustomsBorder majority of us waiting for secondary are SENTRI,75,0,1,0,0,2,0,5180,2
29,2014-10-19,523681243800403968,"@CBPSanDiego @CustomsBorder officer's insight is enlightening. 26 lanes at regular border crossing sped up, but slowed down secondary a lot!",140,0,0,0,0,2,0,5180,2
30,2014-10-19,523690667755577344,@CBPSanDiego @CustomsBorder an hour and a half later I can say this was the most horrible experience crossing the border.,121,0,1,0,0,2,0,5180,2
31,2014-10-19,523684376962269185,@CBPSanDiego @CustomsBorder officially 1 hour waiting to be inspected at secondary. Haven't even been visited by an officer.,124,0,1,0,0,2,0,5180,2
32,2014-10-21,524381479795949568," Quality of life remains, but we will be more watchful of water use: @AlvarezSD in motion to go to Level 2 Drought Alert",120,3,0,0,0,3,0,5180,3
33,2014-10-21,524383778786254849, From Chambers: Council approves Declaration of Water Emergency (Drought Response Level 2 - Drought Alert Condition),116,5,0,0,0,1,0,5180,1
34,2014-10-21,524406765040193536, SD City Council Approves Mandatory Water Restrictions. Great job @AlvarezSD! #cadrought#bewaterwise http://t.co/C5UloZUzeI,123,5,0,0,1,2,0,5180,3
35,2014-10-21,524583656434987008, @EHCSanDiego @AlvarezSD I love ally the work you do Mr. @AlvarezSD,67,2,0,0,0,4,0,5180,4
36,2014-10-21,524696686019760128, That sound you just heard was me falling over at unanimous vote of council in forming a Barrio Logan Planning Group....,120,0,4,0,0,1,0,5180,1
37,2014-10-21,524696724062093312," #BarrioLogan Planning Group passes unanimously. Thank you, @AlvarezSD. I'm proud to serve my barrio.",101,2,2,1,0,2,0,5180,3
38,2014-10-21,524696758400872448, Planning Grp 4 BL thanks 2 @AlvarezSD @ToddGloria @ShermanSD7 @MartiEmeraldSD @CD4MyrtleCole @EdHarrisSD @ShermanSD7...,120,0,1,0,0,8,0,5180,8
39,2014-10-21,524697502919168000,TY to all involved in the formation of the very first Barrio Logan Planning Group and to my colleagues for their unanimous support,130,0,8,0,0,0,0,5180,0
40,2014-10-22,524766069085310978,@specialmom2two that is a great mission and a fantastic idea! Will definitely share in hopes that more join your efforts. Congratulations.,138,2,1,0,0,1,0,5180,1
41,2014-10-23,525324192464789504,Productive mtg w/Rosarito Beach Councilmember Raul Peralta &amp; Oscar Lozano w/Rosaritos Foreign Office http://t.co/2qzESmudrp,127,1,2,0,0,0,1,5180,0
42,2014-10-23,525414475625938944, #MediaAdvisory: @Chargers @hardwina @BettyYee2014 @NavyFederal @Visa @AlvarezSD to play Financial Football w students h,120,5,0,1,1,7,0,5180,9
43,2014-10-23,525080174753488896,"Peavy is a Giant too? Wait, close up doesn't look like the Padre Jake Peavy.",76,0,2,0,0,0,0,5180,0
44,2014-10-24,525476658388959233,Enjoyed serving as a panelist at Tijuana Innovadora Latino Leaders Panel earlier today http://t.co/LcyV5qN9hZ,109,4,6,0,0,0,1,5180,0
45,2014-10-24,525469063129362433, @AlvarezSD @Ducheny51 @MarySalas_  @TjInnovadora Latino Leaders Panel http://t.co/uZ5Xp8iumL,93,1,0,0,0,5,1,5180,5
46,2014-10-26,526387264663080960, @AlvarezSD Supports our CSUSM TRiO Programs!! #Csusm #trioworks #outreach #sandiego http://t.co/3VxoHpTraD,107,2,0,4,0,2,1,5180,6
47,2014-10-26,526426008912928769, The BLA's second concert in the series is this Sunday featuring @CumbiaMachin. #BarrioLogan http://t.co/DfZ8EHQx5A,115,2,0,1,0,2,1,5180,3
48,2014-10-28,527131217704255488, So excited for the big Financial Football game today at Southwest High @BettyYee2014 @AlvarezSD @NavyFederal  http://t.co/D9l,126,10,0,0,1,4,0,5180,5
49,2014-10-28,527137889923366913," Citizenship Workshop in #CD4. @NALEO @AlvarezSD @yaeshora2014
http://t.co/5sqjXTwlsy http://t.co/4MIT8hlTMJ",108,4,0,1,1,4,1,5180,6
50,2014-10-28,527156160420655104,It was fun learning game today w/students at Financial Football w/@BettyYee2014 @hardwina @Visa at Southwest HS in D8 http://t.co/S9lyN1DZhp,140,3,2,0,0,3,1,5180,3
51,2014-10-28,527156257489448962," We're w/@hardwina of the @Chargers , @BettyYee2014, @Visa, &amp; @AlvarezSD playing Financial Football w/H.S. students! http:/",127,2,0,0,0,6,1,5180,6
52,2014-10-28,526907159981096960, @SDNewsBoy  Financial Football game tmrw w. @BettyYee2014 @AlvarezSD @NavyFederal &amp; @hardwina: http://t.co/4nntmQ96Lw,122,2,0,0,1,6,0,5180,7
53,2014-10-29,527497913937952769, Thank u @sdlrla #LaRazaLawyers 4wonderful luncheon today w #CASupremeCourt nom Prof Mariano-Florentino Cuellar @AlvarezSD @,124,2,0,2,0,4,0,5180,6
54,2014-10-29,527497848930435072, Thanks @AlvarezSD for attending @Visa's Financial Football event today w/ Southwest High School students. http://t.co/r,120,1,0,0,0,3,1,5180,3
55,2014-10-30,527889690859671554,My office altar almost ready http://t.co/fwn2wblw6A,51,1,15,0,0,0,1,5180,0
56,2014-10-31,528332015209545728,Only bought 2 things I didn't intend to at Costco. Only 50% more items than what I was supposed to!,99,0,4,0,0,0,0,5180,0
57,2014-10-31,528269134103334912,Halloween reading at Central Elementary w/@sdlrla @LawyersClubSD @j_s_schiavoni http://t.co/dW2RAULLSI,102,3,15,0,0,3,1,5180,3
58,2014-11-02,528991566883729408,"This was supposed to scare the Dolphins, not the other way around. http://t.co/IspyaNyJaI",89,1,2,0,0,0,1,5180,0
59,2014-11-02,528751132806746113,@DesdeLaLogan @BorderXBrewing &amp; @XavierTheXMan among the great artists and people at #BarrioLogan #artcrawl,111,2,3,2,0,3,0,5180,5
60,2014-11-03,529411112148938752, Honoring bdmbr Lou Murillo on his retirement @AlvarezSD @venus_molina1 @amandacheyney @RafaSanDiego @vivianmorenoSD htt,120,5,0,0,0,6,1,5180,6
61,2014-11-04,529693377596751874," Vote today!  Polls are open until 8pm.  Polling place info at
http://t.co/RU0YyWPpyR",85,6,0,0,1,1,0,5180,2
