,date,tweet_id,tweet_text,tweet_length,retweet_count,favorite_count,hashtag_count,url_count,user_mentions,media_count,follower_count,total_entities
0,2014-10-06,519182915976953856,"Gerald DeHeer interview, Segment 8, Charter Schools, #HIGOV: http://t.co/ffs6vUCevh via @YouTube",96,1,1,1,1,1,0,1257,3
1,2014-10-06,519182246012395520,"I added a video to a @YouTube playlist http://t.co/ffs6vUCevh Gerald DeHeer interview, Segment 8, Charter Schools, #HIGOV",121,1,0,1,1,1,0,1257,3
2,2014-10-07,519321802665754624,A couple extraordinary women signing folks up for the next #women4ige event this Sat 10/11. #higov http://t.co/HbgX3QPV6e,121,0,3,2,1,0,0,1257,3
3,2014-10-07,519576699793465344,Akaka: http://t.co/2JOn0FGlbX via @YouTube,42,0,0,0,1,1,0,1257,2
4,2014-10-08,519944986855735297,"Closing remarks: Working together, listening to the community, rolling up sleeves and working with http://t.co/VJIgOWbDkR",121,3,0,0,1,0,0,1257,1
5,2014-10-08,519910803344855040,No Vote No Grumble Gubernatorial Debate this morning will be livestreamed on Olelo Ch 49. 9-10:30am.http://t.co/tECt89QuLE #higov,129,2,1,1,1,0,0,1257,2
6,2014-10-08,519926621537460226,Getting ready to go on the No Vote No Grumble gubernatorial debate. #higov #teamigetsutsui @ YWCA of http://t.co/tbqToZv6c4,123,1,2,2,1,0,0,1257,3
7,2014-10-09,520248094223372288,"Gerald DeHeer interview, Segment 9. School Days. #HIGOV.: http://t.co/jNQkqOXZ8M via @YouTube",93,0,0,1,1,1,0,1257,3
8,2014-10-09,520089399661305856,Second debate of the day at the United Filipino Council. #teamigetsutsui #higov http://t.co/UACR1RPKi6,102,2,5,2,1,0,0,1257,3
9,2014-10-09,520247343803678720,"I added a video to a @YouTube playlist http://t.co/jNQkqOXZ8M Gerald DeHeer interview, Segment 9. School Days. #HIGOV.",118,1,0,1,1,1,0,1257,3
10,2014-10-09,520323402545254400,Add a message to your video http://t.co/Rza8DpzwYW,50,1,0,0,1,0,0,1257,1
11,2014-10-10,520490150821130240,On the road to the Big Island for the Hawaii Island Chamber of Commerce gubernatorial debate. @ Hilo Bay http://t.co/jbt2S0ElJM,127,3,1,0,1,0,0,1257,1
12,2014-10-10,520364930675912704,Gubernatorial Forum at the Filipino Community Center: http://t.co/4b0UbfrJaD via @YouTube,89,1,0,0,1,1,0,1257,2
13,2014-10-10,520640056155848704,We are here at the Hawaii County Democratic Party Unity breakfast with @brianschatz @maziehirono &amp; @TulsiGabbard http://t.co/6r3EUv8Rix,139,8,19,0,0,3,1,1257,3
14,2014-10-11,521007460279009280,At a North Shore coffee hour having conversations with community leaders. http://t.co/PZVJrWwdVg,96,1,2,0,1,0,0,1257,1
15,2014-10-12,521184918198431744,I am honored by the support from the Circle of Extraordinary Women. #teamigetsutsui #higov @ Ko'olau http://t.co/HXQVsFdAt2,123,2,1,2,1,0,0,1257,3
16,2014-10-13,521545549607346176,Here's a word cloud based on the participant questions submitted during our David Ige 2.0 event. #higov #davidigelive http://t.co/iMYf0Y5nxs,140,5,0,2,0,0,1,1257,2
17,2014-10-13,521673684642066433,Come join us for a fun pet event. It's Barktober-FEST and it is happening at our headquarters on 10/19. https://t.co/bth8bqQWRT @cocojor,136,2,0,0,1,1,0,1257,2
18,2014-10-14,522100158985564162,"Gerald DeHeer interview, Segment 10. Reading Programs. #HIGOV: http://t.co/HgBWVokRxo via @YouTube",98,0,0,1,1,1,0,1257,3
19,2014-10-14,521889597068812288,Right Reasons: http://t.co/qU682XXhX0 via @YouTube,50,2,0,0,1,1,0,1257,2
20,2014-10-14,521922735761403904,David Ige with Andy Bumatai: http://t.co/zHPxXfppAv via @YouTube,64,2,0,0,1,1,0,1257,2
21,2014-10-14,521925094621188096,Thanks @andybumatai for making me feel comfortable and relaxed. I really enjoyed our conversation. http://t.co/FpVQsLv3LF #TeamIgeTsutsui,137,2,0,1,1,1,0,1257,3
22,2014-10-14,522099635196661760,"I added a video to a @YouTube playlist http://t.co/HgBWVokRxo Gerald DeHeer interview, Segment 10. Reading Programs. #HIGOV",123,1,0,1,1,1,0,1257,3
23,2014-10-14,522153670923010048,Talking story with guests at the Hawaii Energy Policy Forum. #teamigetsutsui @ YWCA of O'ahu http://t.co/WiGKouOnh2,115,1,0,1,1,0,0,1257,2
24,2014-10-17,523025947650314240,David Ige 2.0: http://t.co/3zCMFK7xsq via @YouTube,50,2,0,0,1,1,0,1257,2
25,2014-10-17,523248360384233472,@SFnicko We were told the video didn't have any audio so we took down the Twitter post.,87,1,0,0,0,1,0,1257,1
26,2014-10-18,523289234140958720,"Gerald DeHeer interview, segment 11. The economy. #HIGOV.: http://t.co/VgUrxRpqsy via @YouTube",94,1,0,1,1,1,0,1257,3
27,2014-10-18,523289184341987328,"I added a video to a @YouTube playlist http://t.co/VgUrxRpqsy Gerald DeHeer interview, segment 11. The economy. #HIGOV.",119,1,0,1,1,1,0,1257,3
28,2014-10-19,523707282249379840,If you missed Town Square on Thursday the podcast is now available: http://t.co/wMNZuzkpbb via @hipubradio @Bkozhpr #teamigetsutsui #HIGov,138,4,0,2,1,2,0,1257,5
29,2014-10-21,524355482685693953,"Gerald DeHeer Interview, Segment 12. The Federal Government in HI. #HIGOV.: http://t.co/mAfenpqdLN via @YouTube",111,0,1,1,1,1,0,1257,3
30,2014-10-21,524449593300226050,"Ladies of Maui: Stacey Moniz, Jodie Yoshida, Lyndelle Tsutsui &amp;
Yuki Lei Sugimura http://t.co/RfkNDCLXDi",108,1,2,0,1,0,0,1257,1
31,2014-10-21,524355301441409024,"I added a video to a @YouTube playlist http://t.co/mAfenpqdLN Gerald DeHeer Interview, Segment 12. The Federal Government in HI.",128,1,1,0,1,1,0,1257,2
32,2014-10-22,525001875980967937,"Gerald DeHeer interview, Segment 13. Special Education. #HIGOV: http://t.co/RkDE1ajUU7 via @YouTube",99,0,0,1,1,1,0,1257,3
33,2014-10-22,525001546325430272,"I added a video to a @YouTube playlist http://t.co/RkDE1ajUU7 Gerald DeHeer interview, Segment 13. Special Education. #HIGOV",124,0,0,1,1,1,0,1257,3
34,2014-10-23,525295929167847424,Breaking News: Ige leads Gov race - Hawaii News - Honolulu Star-Advertiser http://t.co/cyN80397L2,97,1,4,0,1,0,0,1257,1
35,2014-10-24,525458881074720768,"I added a video to a @YouTube playlist http://t.co/zweg4y4x3A Gerald DeHeer interview, Segment 14. Motivating Voters. #HIGOV.",125,0,0,1,1,1,0,1257,3
36,2014-10-24,525459020690522114,"Gerald DeHeer interview, Segment 14. Motivating Voters. #HIGOV.: http://t.co/zweg4y4x3A via @YouTube",100,0,0,1,1,1,0,1257,3
37,2014-10-25,526069586022518785,"Gerald DeHeer interview, Segment 15. Performance Pay in Education. #HIGOV.: http://t.co/K0Tg3QQ1pE via @YouTube",111,0,1,1,1,1,0,1257,3
38,2014-10-25,526068832452886529,"I added a video to a @YouTube playlist http://t.co/K0Tg3QQ1pE Gerald DeHeer interview, Segment 15. Performance Pay in Education.",128,0,0,0,1,1,0,1257,2
39,2014-10-26,526437045418225664,"I added a video to a @YouTube playlist http://t.co/ytqIcWFIbS Gerald DeHeer interview, Segment 16. Bullying. #HIGOV.",116,0,0,1,1,1,0,1257,3
40,2014-10-26,526437305376968705,"Gerald DeHeer interview, Segment 16. Bullying. #HIGOV.: http://t.co/ytqIcWFIbS via @YouTube",91,1,1,1,1,1,0,1257,3
41,2014-10-28,527193992794869760,"I added a video to a @YouTube playlist http://t.co/VVKCJKjNAA Gerald DeHeer interview, Segment 17. Homelessness. #HIGOV",119,0,0,1,1,1,0,1257,3
42,2014-10-28,527184392314048513,Michelle Obama for David Ige: http://t.co/vYOicfQzIs via @YouTube,65,4,0,0,1,1,0,1257,2
43,2014-10-28,527195008252669952,"Gerald DeHeer interview, Segment 17. Homelessness. #HIGOV: http://t.co/VVKCJKjNAA via @YouTube",94,0,0,1,1,1,0,1257,3
44,2014-10-29,527302276268847105,David Ige 2.0 Technology Question. #HIGOV: http://t.co/yRrDxYK4pU via @YouTube,78,2,1,1,1,1,0,1257,3
45,2014-10-29,527524481648967680,David Ige 2.0 Education Question. #HIGOV: http://t.co/AZ5C11hIgJ via @YouTube,77,2,1,1,1,1,0,1257,3
46,2014-10-30,527750137615892480,SMEI Forum: http://t.co/pbllR0udQj via @YouTube,47,0,0,0,1,1,0,1257,2
47,2014-10-30,527955959239680000,I believe in creating an environment to foster innovation and entrepreneurship to grow the economy. #teamigetsutsui http://t.co/0rwiUWIgpD,138,5,3,1,0,0,1,1257,1
48,2014-10-31,528252567482945539,"Gerald DeHeer interview, Segment 18. Leadership. #HIGOV: http://t.co/KJ8KVtwMeR via @YouTube",92,0,0,1,1,1,0,1257,3
49,2014-10-31,528014491632406528,"David Ige Opposes any Pension Tax, despite false charges by Republicans: http://t.co/trpuoIaGao via @YouTube",108,2,1,0,1,1,0,1257,2
50,2014-10-31,528092427601444864,Robert Koike explains how David Ige defeated the Pension Tax: http://t.co/xGswDigkh7 via @YouTube,97,3,0,0,1,1,0,1257,2
51,2014-10-31,528206540809842690,Kupuna Care: http://t.co/0VUhWnR05I via @YouTube,48,0,0,0,1,1,0,1257,2
52,2014-10-31,528211208877256704,Will Okabe on teacher furloughs: http://t.co/IHcPNzwrUc via @YouTube,68,0,0,0,1,1,0,1257,2
53,2014-10-31,528224994321788928, Vote @DavidIge2014 &amp; @shantsutsui #TeamIgeTsutsui #HIDems2014 #GOTV#GrandRally http://t.co/rToJ29qTOa,106,3,0,4,1,3,0,1257,8
54,2014-10-31,528243357152075777,"Tourism, Education and Kupuna - Rose Galera: http://t.co/hn39T84mzn via @YouTube",80,1,0,0,1,1,0,1257,2
55,2014-10-31,528317671717093378,I Support David Ige: http://t.co/iaNbRHgNe2 via @YouTube,56,1,2,0,1,1,0,1257,2
56,2014-11-01,528605901867847680,"I added a video to a @YouTube playlist http://t.co/j9DoHDUYDz Gerald DeHeer interview, Segment 19. Taxes. #HIGOV",112,0,0,1,1,1,0,1257,3
57,2014-11-01,528384275423301632,A True Leader: http://t.co/RxzBkz2ay4 via @YouTube,50,1,1,0,1,1,0,1257,2
58,2014-11-01,528606592057360385,"Gerald DeHeer interview, Segment 19. Taxes. #HIGOV: http://t.co/j9DoHDUYDz via @YouTube",87,0,0,1,1,1,0,1257,3
59,2014-11-02,528965377762398209,"Gerald DeHeer interview, Segment 20. Conclusion. #HIGOV: http://t.co/Y9VNyboEYA via @YouTube",92,0,0,1,1,1,0,1257,3
60,2014-11-02,528910543030325248,Help spread the Circle of Extraordinary Women for Ige/Tsutsui ad which appears in newspapers across our state today. http://t.co/10I1FM3hIw,139,3,0,0,1,0,0,1257,1
61,2014-11-02,528964901893464064,"I added a video to a @YouTube playlist http://t.co/Y9VNyboEYA Gerald DeHeer interview, Segment 20. Conclusion. #HIGOV",117,0,0,1,1,1,0,1257,3
