,date,tweet_id,tweet_text,tweet_length,retweet_count,favorite_count,hashtag_count,url_count,user_mentions,media_count,follower_count,total_entities
0,2014-10-07,519633299883323392,"This Thursday at 8pm CT, @SDPBNews, @AARPSD &amp; @SD_Newspapers are hosting a gubernatorial debate on SDPB. I hope you will tune in and watch!",143,0,0,0,0,3,0,1776,3
1,2014-10-08,519894295558385664,Linda &amp; I will be in Vermillion for Dakota Day homecoming parade on Sat. Come walk in the parade &amp; get a Coyotes for Daugaard/Michels shirt!,148,0,1,0,0,0,0,1776,0
2,2014-10-09,520188243888062464,"The polls open in 26 days. You can vote early at your county courthouse. Linda &amp; I already voted, &amp; we encourage you to early vote as well!",147,1,0,0,0,0,0,1776,0
3,2014-10-09,520018337430913024," Here's the latest political poll on the SD gov's race between @SDGovDaugaard and @SusanWismer . Other issues, too.

http:",122,2,0,0,1,3,0,1776,4
4,2014-10-10,520393861449781248, .@SDGovDaugaard blows his opponents out of the water with his #sdgov debate closing statement touting accolades for Sout,121,5,0,1,0,2,0,1776,3
5,2014-10-10,520378330189553664, NOW: SDPB presents #sdgov debate with @dennisdaugaard @SusanForSD and Mike Myers. On SDPB-TV &amp; http://t.co/c6yLPJ1r7B #Electio,131,1,0,2,1,3,0,1776,6
6,2014-10-10,520393356250062849,"Thanks to @SDPBNews, @SD_Newspapers, and @AARPSD for sponsoring tonight's debate. Remember to vote!",99,3,4,0,0,3,0,1776,3
7,2014-10-10,520395808122748928," @SDGovDaugaard  SDPTV debate is 'must see TV' -  you'll laugh, cry, and be proud to Vote Daugaard!",99,5,0,0,0,2,0,1776,2
8,2014-10-11,521037737516740608, Huge turnout for @RoundsforSenate at D Days parade. Only a handful for Weiland and Pressler. #sdsen @ArgusMontgomery http:/,124,4,0,1,0,3,1,1776,4
9,2014-10-11,520956497988431872,Happy D Days! Go Yotes! http://t.co/U6j3NFL1hj,46,1,2,0,0,0,1,1776,0
10,2014-10-11,520981086403592192,We have the best volunteers! Thank you for your friendship and support. http://t.co/EB7aJTf3jg,94,3,4,0,0,0,1,1776,0
11,2014-10-11,520996083980587008, Great day to be a Coyote and a College Republican! @RoundsforSenate @RepKristiNoem @SDGovDaugaard http://t.co/0rNdXsgDvW,121,2,0,0,0,4,1,1776,4
12,2014-10-11,521061250374316033, My little friend says it all! a great Dakota Days http://t.co/Oi3hzc8aXw,73,1,0,0,0,1,1,1776,1
13,2014-10-12,521108851819835392,"A great Lincoln Day dinner in Viborg tonight. Thank you, Turner County GOP! http://t.co/kyKSDVGoRB",98,0,2,0,0,0,1,1776,0
14,2014-10-12,521129826137034752, We had a great time tailgating with @RoundsforSenate and @dennisdaugaard at D Days today! #sdsen http://t.co/7HU5ZSs9Ah,120,4,0,1,0,3,1,1776,4
15,2014-10-22,524969456657629186,Tonight is the final gubernatorial debate hosted by KELO at 8pm CT / 7pm MT.,76,4,1,0,0,0,0,1776,0
16,2014-10-22,525009886862909441,I'll be on #100Eyes today at 3pm CT.,36,0,0,1,0,0,0,1776,1
17,2014-10-23,525271922729574400,I'm about to go live on KELO AM with @belfrageshow. http://t.co/naEqzW3dYp,74,0,2,0,0,1,1,1776,1
18,2014-10-23,525293173912784896, Congrats @dennisdaugaard @SDGovDaugaard on a great debate performance--we are proud to call you our Gov! #FourMoreYears #LoveTh,128,1,0,2,0,3,0,1776,5
19,2014-10-23,525103707268976640," He may not sing like Meyers, or dance like Wismer, but Gov Dauggard walked away with the KELO debate.  @SDGovDaugaard",118,6,0,0,0,2,0,1776,2
20,2014-10-23,525104005895049216,Thanks to @keloland for sponsoring tonight's debate. Remember to vote!,70,0,3,0,0,1,0,1776,1
21,2014-10-24,525781611863109632,"Happy 60th birthday to our next U.S. Senator, Mike Rounds. @RoundsforSenate",75,8,12,0,0,1,0,1776,1
22,2014-10-26,526392662841393152,"Thanks to @RCJournal for your endorsement: ""Four more years for Daugaard"" http://t.co/JvamwExMry",96,4,3,0,1,1,0,1776,2
23,2014-10-26,526400743323222016," EDITORIAL: Journal endorses Noem, Daugaard and Jackley http://t.co/YvMiOcuk1r",78,2,0,0,1,1,0,1776,2
24,2014-10-26,526401492195213312," Gov. Dennis Daugaard two-for-two in endorsements Sunday by South Dakota's two largest papers (Rapid City Journal, Sioux F",122,3,0,0,0,1,0,1776,1
25,2014-10-26,526401006150889472," SDWC: NBC News story: Rounds enjoys 14 pt lead over Weiland, Daugaard crushing Wismer at nearly 40 pts.: From ... http://",122,2,0,0,1,0,0,1776,1
26,2014-10-26,526360282495324160,"Thanks @ArgusLeader for your endorsement: ""Hard work warrants 2nd term for governor"" http://t.co/nyFXQCsUkj",107,3,1,0,1,1,0,1776,2
27,2014-10-26,526377454760247296, Sioux Falls Argus Leader endorses Republican Gov. Dennis Daugaard for re-election... http://t.co/Dt2RMPLGzQ,108,2,0,0,1,1,0,1776,2
28,2014-10-26,526377828711809025," And -- finally -- NBC/Marist poll of South Dakota Senate race: Rounds 43%, Weiland 29%, Pressler 16%",101,34,0,0,0,1,0,1776,1
29,2014-10-26,526377840359399424," Bottom line: Outside of SD, all of these Senate races are within the margin of error. But most of the mvt has been in ",119,47,0,0,0,1,0,1776,1
30,2014-10-27,526859152631427072,"https://t.co/vBDKxJPGLr

Have you seen the recent ad featuring DeLon Mork? He did a great job!",94,1,0,0,1,0,0,1776,1
31,2014-10-27,526782648329326593,The election is 8 days away! You can vote early at your local county courthouse until Nov. 3.,93,5,2,0,0,0,0,1776,0
32,2014-10-28,526891006537392129,"Thanks to The Daily Republic for your endorsement: ""Daugaard for another four years"" http://t.co/L6EgWv9Cfe",107,1,0,0,1,0,0,1776,1
33,2014-10-28,527098952286339074, .@dennisdaugaard has comfortable lead in Argus Leader-KELO TV poll. http://t.co/aHX9VIYq8o,91,2,0,0,1,2,0,1776,3
34,2014-10-29,527503412531707904,"Less than one week until the election! 

If you're still looking for ways to help, contact Margaret (margaret@daugaardforgov.com 359.6912).",139,1,1,0,0,0,0,1776,0
35,2014-10-29,527265634795532288," SD GOV (Monmouth): Dennis Daugaard (R) 68%, Susan Wismer (D) 29%, Michael Myers (I) 1%.",88,2,0,0,0,1,0,1776,1
36,2014-10-29,527265675937460225," According to KELO-TV/Argus Leader poll, Daugaard holds large lead over his challengers. http://t.co/QDgrnnY9Ck http://t.co/v3",126,4,0,0,1,1,1,1776,2
37,2014-10-30,527866528373276672,"Holding true to our values is helping SD lead the nation in many ways. Watch the latest ad: 
http://t.co/oXgrQPvQbf Remember to vote Nov. 4!",140,2,0,0,1,0,0,1776,1
38,2014-10-31,528228719370833920,"Happy Halloween! If you are in the Pierre area, come trick or treat at the mansion. Linda &amp; I will be giving out candy from 5:30pm - 8pm CT.",144,1,0,0,0,0,0,1776,0
39,2014-11-01,528643658434637824,"I will be in Belle Fourche, Spearfish, Deadwood and Sturgis with @RoundsforSenate on Sunday, Nov. 2! I hope to see you at one of the stops.",139,2,0,0,0,1,0,1776,1
40,2014-11-02,529037077028302848,A great turnout in Spearfish! These people know SD is a great state &amp; want to keep it moving in the right direction. http://t.co/uPmGyHLqTr,143,1,1,0,0,0,1,1776,0
41,2014-11-02,529015104244047872,I appreciate the great hospitality in Belle Fourche. Thanks to Mary Kay Budmayr for hosting us at the Belle Inn. http://t.co/PMaud7wMVD,135,3,3,0,0,0,1,1776,0
42,2014-11-02,528909680039297025,"Happy birthday, South Dakota! http://t.co/VRP9ZUwlmu",52,29,25,0,0,0,1,1776,0
43,2014-11-02,528926330650259458,"4 years ago today, SD placed their trust in me to serve as governor. It is an honor to work for you. Thank you. http://t.co/CqzwVn0bcP",134,10,14,0,0,0,1,1776,0
44,2014-11-03,529394517125136384,It's always great to be back at USD. http://t.co/Qr2mgyqEZQ,59,0,2,0,0,0,1,1776,0
45,2014-11-03,529394695131365377, Incredible enthusiasm for our final GOTV push!  Here are some pics from our stop at USD today #sdsen http://t.co/t2BN7,119,7,0,1,0,1,1,1776,2
46,2014-11-03,529407872816644097,Enthusiasm is strong at the volunteer center. Thanks to all of the supporters working hard! http://t.co/b3PYSN7xAY,114,2,0,0,0,0,1,1776,0
47,2014-11-03,529398612334477313,We're on our way to Sioux Falls for one more GOTV rally at 5pm. Join us at the Victory Volunteer Center. http://t.co/DwQj87LXqH,127,1,0,0,0,0,1,1776,0
48,2014-11-03,529069017898942464,Final stops today were in Deadwood and Sturgis. Thanks to everyone who stopped by today. http://t.co/P0DUcuxiuh,111,0,0,0,0,0,1,1776,0
49,2014-11-03,529280477350223873,"Remember, you can vote early today at your county courthouse during normal business hours. Encourage your friends &amp; family to vote, too!",140,4,2,0,0,0,0,1776,0
50,2014-11-03,529290894768607232,Linda and I are on the road today with @mattlg and @RoundsforSenate! We're making stops in southeastern SD. http://t.co/nOkeeU5Vve,130,3,3,0,0,2,1,1776,2
51,2014-11-03,529299100659769346," Yesterday we had a whistle stop tour through the northern hills, today we are in the southeast.  #sdsen http://t.co/X0SNV",122,3,0,1,0,1,1,1776,2
52,2014-11-03,529322265163595777,"Thanks for having us on, JP! @KORNNewsRadio http://t.co/RnrcA4zaw0",66,0,0,0,0,1,1,1776,1
53,2014-11-03,529335891639402497,We made a quick stop in Mitchell for lunch. http://t.co/XhHj1kY0LH,66,1,1,0,0,0,1,1776,0
54,2014-11-03,529363394693185536,We're at @WNAX with Jerry Oster. Listen in on 570 AM. We will be live in a few minutes. http://t.co/2kBoog09ja,110,0,0,0,0,1,1,1776,1
55,2014-11-03,529368873267920896,And now we're on our way to USD for a rally with the College Republicans. http://t.co/Y5H2277Qgj,96,0,0,0,0,0,1,1776,0
56,2014-11-03,529377777796268032,We're in the MUC at USD until 3:45 PM. http://t.co/Px2yLtTKOD,61,1,2,0,0,0,1,1776,0
57,2014-11-04,529708440118366208,Linda and I are making calls to remind people to vote today! Polls are open until 7pm. http://t.co/6TydcEpWXh,109,7,5,0,0,0,1,1776,0
58,2014-11-04,529480815475175424,Linda &amp; I had a great day on the Grassroots Express w/ Mike &amp; Jean Rounds. Here's a pic from our stop in Sioux Falls. http://t.co/GTQxU4HUGy,148,0,0,0,0,0,1,1776,0
59,2014-11-04,529619524296122369,"The polls are open in eastern South Dakota. If you haven't already, please vote today, and encourage your friends and family to as well.",136,5,2,0,0,0,0,1776,0
60,2014-11-04,529646699040350208, Sutton was excited to help advise my vote.  @RoundsforSenate @dennisdaugaard http://t.co/dLyXSsdMuL,100,1,0,0,0,3,1,1776,3
61,2014-11-04,529646718103465985, Let's Roll!  #sdsen #sdhouse #sdgov @RoundsforSenate @KristiNoem @dennisdaugaard http://t.co/9s8tvaS7Jk,104,2,0,3,0,4,1,1776,7
62,2014-11-04,529646802413178880," Baby Elizabeth says ""Remember to Vote!"" http://t.co/6dSB5Scx9y",63,1,0,0,0,1,1,1776,1
63,2014-11-04,529646804959100929, Henry got into the old buttons. I think he picked a good one! @RoundsforSenate http://t.co/Bxt7WTTdoh,102,4,0,0,0,2,1,1776,2
64,2014-11-04,529662161786634240,Thank you to all of the dedicated volunteers making calls and encouraging our supporters to vote today! Polls are open until 7pm.,129,1,0,0,0,0,0,1776,0
65,2014-11-04,529731043751129088," Why yes, my cubicle-mates are @SDGovDaugaard &amp; his lovely wife Linda. We're GOTV from @sdgop headquarters! #WINNING ht",123,3,0,1,0,3,1,1776,4
