,date,tweet_id,tweet_text,tweet_length,retweet_count,favorite_count,hashtag_count,url_count,user_mentions,media_count,follower_count,total_entities
0,2014-10-06,519263964308316160, The Harleys are starting to convene in the shadow of the @OregonCapitol.,73,1,0,0,0,2,0,1447,2
1,2014-10-06,519179043904577537, On the road again.  Headed to Roseburg from Grants Pass. #RideWithRichardson #FreedomRide #ORgov http://t.co/FHRIvtuTST,120,2,0,3,0,1,1,1447,4
2,2014-10-06,519153046086225920," Dennis Richardson: Lessons from Vietnam that helped with parenting, other stories from the reporter's notebook http://t.c",122,4,0,0,1,1,0,1447,2
3,2014-10-06,519191725365919744,Had a wonderful chat with the folks in Roseburg who are all ready for new leadership! #FreedomRide #ORgov http://t.co/A6073vM6O1,128,6,3,2,0,0,1,1447,2
4,2014-10-06,519209719580213248, Check out this pic snapped by a passenger. We picked up some more riders on the way to Springfield. #FreedomRide http:,119,5,0,1,0,1,1,1447,2
5,2014-10-06,519150080126099456, The Richardson for Governor #FreedomRide is ready to hit the open road. https://t.co/pTxtg6AcGd #ORgov,103,3,0,2,1,1,0,1447,4
6,2014-10-06,519144738336043008,Start your engines!  We're hitting the road from Central Point to our next stop in Grants Pass. #FreedomRide #ORgov,115,1,0,2,0,0,0,1447,2
7,2014-10-06,519140669282328576, Come on out to one of the rallies during today's #FreedomRide. Full schedule here. #ORGov http://t.co/Qk5FHZ2WGc,113,3,0,2,0,1,1,1447,3
8,2014-10-06,519139042823528448,Getting an early start at this morning's Central Point rally - the first stop in today's #FreedomRide. #ORGov http://t.co/RUUEcXMLV9,132,2,0,2,0,0,1,1447,2
9,2014-10-06,519173586087452672,Terrific group of supporters at the Biker Breakfast in Grants Pass. #FreedomRide #ORgov http://t.co/BUWQFUTlRA,110,2,0,2,0,0,1,1447,2
10,2014-10-06,519215808908496896,Pit stop at Elmer's in Springfield.  Next stop - @Univ_Of_Oregon! #GoDucks #FreedomRide #ORgov http://t.co/comOPsYVBp,117,1,0,3,0,1,1,1447,4
11,2014-10-06,519226263370612736,Headed to Johnson Hall at @Univ_Of_Oregon for the Eugene Rally.  Will be arriving shortly! #FreedomRide,103,1,0,1,0,1,0,1447,2
12,2014-10-06,519228899528429568," A great group of students, members of the Eugene community, and #FreedomRide bikers at the @TeamDRichardson rally. htt",119,5,0,1,0,2,1,1447,3
13,2014-10-06,519236668357087232," @DRichardsonOR addresses students- ""My goal is that you will have the ability to get a job when you leave school."" htt",119,11,0,0,0,2,1,1447,2
14,2014-10-06,519242584774811648,"Next stop on the Reboot, Reform, Restore #FreedomRide is Salem! #ORgov http://t.co/mGbUhNenRR",93,2,1,2,0,0,1,1447,2
15,2014-10-06,519245758373957633, Salem bound in support of @DRichardsonOR's Oregon Reboot. #FreedomRide #ORgov http://t.co/vs8mEnduoI,101,4,0,2,0,2,1,1447,4
16,2014-10-06,519248342400790528," Dennis Richardsons economic plan: more international trade, a new highway and unapproved drugs for terminally ill http:/",121,3,0,0,1,1,0,1447,2
17,2014-10-06,519253023256612864, More joining as we make our way up I-5. ETA at the State Capitol is around 4:15. #FreedomRide #ORgov http://t.co/iLTyc,119,7,0,2,0,1,1,1447,3
18,2014-10-06,519268183320969217," In honor of the @TeamDRichardson motorcycle rally, here's my hog, a 1981 49cc Puch moped that I ride to work. #orpol h",119,10,0,1,0,2,1,1447,3
19,2014-10-07,519308168632205313,Great crowd at the Portland #FreedomRide rally at Grand Central. All ready to watch the Seahawks beat the Redskins. http://t.co/7HUoQC6AO0,138,5,8,1,0,0,1,1447,1
20,2014-10-07,519276615759855616,The #FreedomRide was out in full force at the Capitol helping me promote the Oregon Reboot. #ORGov http://t.co/OnJiPtkQf5,121,4,1,2,0,0,1,1447,2
21,2014-10-07,519276715772624896," .@DRichardsonOR says the weak didn't set out on Oregon trail. ""Many of them are still serving in Washington."" #sjnow http:/",124,4,0,1,0,2,1,1447,3
22,2014-10-07,519281857532542977,#RebootReformRestore #FreedomRide http://t.co/HKb6c0gNaW,56,6,5,2,0,0,1,1447,2
23,2014-10-07,519295551427596288,Arriving at HQ in Portland. #FreedomRide http://t.co/MmOroUVr5i,63,5,6,1,0,0,1,1447,1
24,2014-10-07,519305698455605248, Getting ready to head to the final rally on a Southern Oregon made @BrammoSays  electric motorcycle. #FreedomRide http,119,7,0,1,0,2,1,1447,3
25,2014-10-07,519307199097888769,.@cjrichqueen joined me on the @BrammoSays to the final rally (and of course wore a helmet). #FreedomRide http://t.co/8gp0WOE5PD,128,6,7,1,0,2,1,1447,3
26,2014-10-07,519542352893841408,Even when @GovKitz deigns to go to Salem he's 10 minutes late. W/empty chair at @Salem_Statesman ed board mtg #ORGov http://t.co/or6R8HsbiZ,139,10,3,1,0,2,1,1447,3
27,2014-10-08,519993730577989632, #CoverOregon #FAIL &gt;&gt; http://t.co/jj7qZFtgVX,51,4,0,2,1,1,0,1447,4
28,2014-10-08,519992914768691200," Cover #Oregon health exchange enrolled U.S. Sen. Jeff Merkley into low-income Medicaid. He makes $174,000 a year. http://t.c",125,12,0,1,1,1,0,1447,3
29,2014-10-09,520001134472077312, Cylvia Hayes has two careers. She pursues both out of the governors office. http://t.co/AHzWxknX1K,99,8,0,0,1,1,0,1447,2
30,2014-10-10,520664432721276929," Says @DRichardsonOR: ""The governor says he wants a fourth term, but he hasn't earned it."" #ORGovDebate",103,9,0,1,0,2,0,1447,3
31,2014-10-10,520625373176795136,Tune into today's debate today on @OPB and also streaming live at noon at http://t.co/lcVI4bkxvs,96,0,1,0,1,1,0,1447,2
32,2014-10-10,520626315913740289, Don't forget to watch today's debate on @OPB and streaminglive at http://t.co/NOmqv1gOxe. Use #ORdebate to join the co,119,6,0,2,1,2,0,1447,5
33,2014-10-10,520654618242842625," asked if he would ask the AG to appoint a special prosecutor to investigate allegations against First Lady, @GovKitz r",119,11,0,1,0,2,0,1447,3
34,2014-10-11,520782687343476736,RETWEET if youre voting to hold Kitzhaber accountable on November 4! http://t.co/7jVb2lynFD,91,26,14,0,0,0,1,1447,0
35,2014-10-13,521781715681828864,"""He is so focused on his fiance that he's forgotten how to be a governor."" RETWEET if you agree! http://t.co/PZLq6qeYl5",119,10,4,0,1,0,0,1447,1
36,2014-10-14,522152210457563136, Cylvia Hayes: Timeline of her relationships with John Kitzhaber and Oregon's government  http://t.co/06wiPCzv62,112,4,0,0,1,1,0,1447,2
37,2014-10-14,522157081189953536,"Watch our debate LIVE at 7 PM on KGW &amp; C-SPAN, &amp; livestreaming on http://t.co/OYVk9fyZ0a, or at 8PM on NW Cable News http://t.co/wNhhQoCFhm",147,7,3,0,1,0,1,1447,1
38,2014-10-15,522213718651056128," Richardson: We need to have energy plan for when ""wind isn't always blowing, sun isn't always shining"" #ORGovDebate",116,9,0,1,0,1,0,1447,2
39,2014-10-15,522217872207409152," Richardson says he would raise the speed limit, add more roads to alleviate PDX traffic.",89,12,0,0,0,1,0,1447,1
40,2014-10-15,522207761971818498, Join the conversation on tonight's debate using #ORdebate and #ORGovDebate http://t.co/UI4FSZWRPS,98,2,0,2,0,1,1,1447,3
41,2014-10-15,522208192529715201," Watch the #orgovdebate here: http://t.co/v9YmruS6WG, or Ch. 8 in PDX. The #orsen debate is here: http://t.co/fRidX2W3X7 or Ch",126,4,0,2,2,1,0,1447,5
42,2014-10-15,522212162170003456," .@DRichardsonOR: ""Talk is cheap, Governor. It's about delivery."" @GovKitz: ""I have nothing to add."" #ORGovDebate",113,7,0,1,0,3,0,1447,4
43,2014-10-15,522271322882469888, Richardson's final remarks: Says Kitzhaber has made Oregon a national joke.  #ORGovDebate,90,10,0,1,0,1,0,1447,2
44,2014-10-15,522428675074306048,Grateful for the support of The @DailyCourier - read their endorsement here: http://t.co/Humtv1CTYU,99,5,3,0,1,1,0,1447,2
45,2014-10-15,522461480898539520,Tune into OPB at noon to hear me chat with Dave Miller on @OPBTOL abt last night's debate. Listen live here: http://t.co/hytSwuOmB7 #orgov,138,2,2,1,1,1,0,1447,3
46,2014-10-15,522463840442015745, .@DRichardsonOR is in studio today. What would you like to ask the Republican candidate for governor? http://t.co/WEabt738E8 #o,128,8,0,2,1,2,0,1447,5
47,2014-10-16,522823189177851905,WATCH: The Today Show on Kitz's First Lady Problems. RETWEET if you're voting for the responsible choice this year! https://t.co/UusjvF13Sw,139,13,5,0,1,0,0,1447,1
48,2014-10-16,522563504784822272, Governor's staff got temporary reprieve for Cylvia Hayes client facing foreclosure http://t.co/QLEMD0WWex,106,6,0,0,1,1,0,1447,2
49,2014-10-16,522572848091901953, Read @wweek's latest expos on how #KorruptKitz &amp; staff aided a client of the First Lady http://t.co/FyhHbxqTqv #Konfl,122,10,0,3,1,2,0,1447,6
50,2014-10-16,522582638184632321,"Check out our Facebook page and help us reach 15,000 Likes! https://t.co/J2ytz52O5L http://t.co/ev16LRlx5T",106,7,6,0,1,0,1,1447,1
51,2014-10-17,523147879813513216,#FlashbackFriday to when Kitzhaber edited laws to fit as needed. RETWEET if you're ready for responsible leadership! http://t.co/kX67KniTBz,139,22,9,1,0,0,1,1447,1
52,2014-10-18,523524693618614273,"""The governor wants a fourth term, but he hasn't earned it"" - Dennis Richardson. RETWEET if you agree! http://t.co/s2U0kQVGod",125,13,5,0,1,0,0,1447,1
53,2014-10-20,524230610177376256,How Do You Turn a Blue State Like Oregon Purple? Read the National Review's article here: http://t.co/dLrLBskbZI #orgov,119,8,6,1,1,0,0,1447,2
54,2014-10-21,524637772230189057,"ICYMI: Another ratings change! Kitzhaber's trouble ""has given state Rep. Dennis Richardson an opening"" http://t.co/3AqGd8mauj",125,6,4,0,1,0,0,1447,1
55,2014-10-21,524378900122853376, Tune into KOBI at 7 for the final debate. You can also watch live on http://t.co/8K0A2FKgGX. #orgovdebate #ORdebate,116,4,0,2,1,1,0,1447,4
56,2014-10-21,524381693684506625, Going on now: Watch tonight's @GovKitz @DRichardsonOR here: http://t.co/eu24BwQawK,83,4,0,0,1,3,0,1447,4
57,2014-10-21,524386648633905152," 10 trade missions to major trade partners &gt; 3 (+ 1 to Bhutan to study ""happiness"") #orgovdebate #math",105,5,0,2,0,1,0,1447,3
58,2014-10-21,524614717411954690,"The Daily Astorian: Hayes blatant rule breaking is ""an embarrassment to Oregonians who have supported Kitzhaber"" http://t.co/9jsz6Vhd5j",135,5,4,0,1,0,0,1447,1
59,2014-10-21,524706512602923009,"BREAKING: Wife of Kitzhaber Staffer Handling First Lady Receives $150,000 State Govt. Contract http://t.co/anBacVKP4C http://t.co/sIPPFjDrQF",140,17,6,0,1,0,1,1447,1
60,2014-10-22,525001529221079040,New poll could point to disaster for Kitzhaber's re-election bid http://t.co/C271jwd9sW via @katunews,101,3,3,0,1,1,0,1447,2
61,2014-10-22,524923224958984194,13 days left! Let's do this! http://t.co/eDWH70U5tE #ORGov #retirekitz,70,6,3,2,1,0,0,1447,3
62,2014-10-22,524966535446945792, Need more reasons to retire Kitzhaber &amp; vote for the responsible choice? Check out @Kitzfeed: http://t.co/PEMkpMVG5a http://t,130,5,0,0,1,2,1,1447,3
63,2014-10-22,524994029436428289, 5 under-the-radar races that could surprise us on Election Day http://t.co/4CYCvyW469,86,2,0,0,1,1,0,1447,2
64,2014-10-22,525007766432133120, The Fall of Kitzhaber as told by Toy Story http://t.co/kCfjLN8uf0 #RetireKitz #ORgov #orpol,92,10,0,3,1,1,0,1447,5
65,2014-10-22,525012935861489664," ELECTION NEWS: New poll could point to disaster for Kitzhaber's re-election bid
http://t.co/x7QeZUCWP4 http://t.co/UoHi3E4loP",126,25,0,0,1,1,1,1447,2
66,2014-10-22,525003356784177152, RT @GoLocalPDX: How First Lady Cylvia Hayes is Letting Feminists Down http://t.co/wlbFMt7XIu @AskDesCamp,105,4,0,0,1,3,0,1447,4
67,2014-10-23,525381916800061441, BREAKING: @DRichardsonOR calls on US Attny to investigate @GovKitz &amp; First Lady @CylviaHayes. Read @Salem_Statesman: http://t,130,18,0,0,1,5,0,1447,6
68,2014-10-23,525116825638404097,Thrilled to have the endorsement of national and KXL Portland radio host @LarsLarsonShow -thank you Lars! http://t.co/Ynk99XZMYD #RetireKitz,140,7,6,1,1,1,0,1447,3
69,2014-10-24,525464942481121280, Remember that time @GovKitz spent $300 million of our $$ on @CoverOregon &amp; a web site that doesn't work? https://t.co/gL7IDlS,130,3,0,2,1,3,0,1447,6
70,2014-10-24,525751463621169154, #FF @kitzfeed @DRichardsonOR,29,5,0,1,0,3,0,1447,4
71,2014-10-24,525718098167349248, .@GovKitz supports #RottenCore. http://t.co/hF3EJtFfxN #RetireKitz #CommonCoreProblems #ORGov #outoftouch #fail http://t.co/2,126,4,0,6,1,2,1,1447,9
72,2014-10-24,525717997143339008, 11 worst #CommonCoreFail questions. Note: @GovKitz supports it. http://t.co/hF3EJtFfxN #RetireKitz #CommonCoreProblems #Rotte,126,2,0,5,1,2,0,1447,8
73,2014-10-24,525684467046707200,The race is tightening! Read @RCP_Articles' analysis here: http://t.co/av6oKZL51m #orgov #retirekitz #orpol,107,1,3,3,1,1,0,1447,5
74,2014-10-24,525682872284233728, 11 epic fails that tell the story of @CoverOregon http://t.co/lXjIdu3T9q #RetireKitz #CoverOregon #ORgov #ORpol #Fail,118,4,0,5,1,2,0,1447,8
75,2014-10-24,525497301037350912,Thank you to the Baker County Press for your endorsement! #ORgov #RetireKitz #EasternOregon,91,5,6,3,0,0,0,1447,3
76,2014-10-24,525484057657114624, RETWEET if you support a federal criminal investigation into Kitzhaber and the First Lady http://t.co/KyeIGU4UuV http://t.co/,126,13,0,0,1,1,1,1447,2
77,2014-10-24,525457111786852353, .@GovKitz refusing to answer Qs abt personal gain from lobbying fees? But he's usually so open &amp; transparent!! http://t.co/06,130,4,0,1,1,2,0,1447,4
78,2014-10-24,525448580669394944,Cast your vote in @PDXBIZJournal's online poll.  You can vote here: http://t.co/O8yCgpFWwS #RetireKitz #OregonIsStrongerTogether,128,6,3,2,1,1,0,1447,4
79,2014-10-25,526131319202664448,Great crowd in Bend for rollout of my education reform plan-part of the OR Reboot. Read here: http://t.co/pABgKBqP6t http://t.co/fJMtF7fC2I,139,2,2,0,1,0,1,1447,1
80,2014-10-25,526135491117465600, Ton of support for @DRichardsonOR in Coos Bay during the OR Reboot Tour #ORGov #RetireKitz #ORpol http://t.co/m0ZChaKq,119,7,0,3,0,2,1,1447,5
81,2014-10-25,525800206059581440," BREAKING: Kitzhaber lies on Ethics Documents- denies lobbying, despite Hayes' paid lobbying contracts http://t.co/ewboBTqlhf ",126,6,0,0,1,2,0,1447,3
82,2014-10-25,525801281126805505," RT@KitzFeed: BREAKING: Kitzhaber lies on Ethics Documents- denies lobbying, despite Hayes' paid lobbying contracts htt",119,14,0,0,1,2,0,1447,3
83,2014-10-25,526059405264302081," Listen to Dennis discuss his background, the Kitzhaber ethics scandals, and his race for Gov now on La Gran D 1520 AM ",119,3,0,1,0,1,0,1447,2
84,2014-10-26,526496324607549440, @DRichardsonOR talks gill netting with local fishermen in Astoria. http://t.co/5woDbUgC3X,90,6,0,0,0,2,1,1447,2
85,2014-10-27,526847238094327808, Listen to KitzFeed special contributor @LarsLarsonShow's @GovKitz version of Rhinestone Cowboy: http://t.co/KI3uSe8rpi #ORgov,126,2,0,2,1,3,0,1447,6
86,2014-10-27,526861839527727104," You know it's bad when your base says, ""Gov. Kitzhaber blatantly pimps his constituents to corporations""  http://t.co/xkSlEkZ",126,5,0,1,1,1,0,1447,3
87,2014-10-27,526875762800869376, .@DRichardsonOR came out on top w/ a 16 pt lead in @PDXBIZJournal's poll!  Check it out: http://t.co/0q5Tno6SYN  #ORgo,119,7,0,3,1,3,0,1447,7
88,2014-10-27,526882334998396929," Dear John,  It's really not workin' out btwn us. Because you're the worst. Sincerely, Oregon. http://t.co/gGhJEHEJmC #ORgov #",126,8,0,2,1,1,0,1447,4
89,2014-10-27,526878992184266753,Check out today's @salem_statesman article. We're closing the gap! Let's do this! http://t.co/79Lc0HUGh2 #GAMEFACE #ORgov #ORpol #RetireKitz,140,4,3,4,1,1,0,1447,6
90,2014-10-27,526547570429280256,Honored to speak with Astorians this afternoon abt rebooting the coastal economy and reforming education. #Orgov http://t.co/G5Ev6RGpCZ,135,3,2,1,0,0,1,1447,1
91,2014-10-27,526548448821387264,Of course no trip to Astoria would be complete w/o a visit to The Goonies house. #OregonCoast #ORgov #orpol http://t.co/0g5aqmDu47,130,16,15,3,0,0,1,1447,3
92,2014-10-27,526789757729136640, 7 reasons @GovKitz is just the worst. http://t.co/gGhJEHEJmC #ORgov #ORpol #RetireKitz #KorruptKitz,100,8,0,4,1,2,0,1447,7
93,2014-10-27,526822073436344320, 11 Cover Oregon #EpicFails gif-ed. http://t.co/lXjIdu3T9q #ORgov #ORpol #RetireKitz,84,2,0,4,1,1,0,1447,6
94,2014-10-27,526826014542798848,Great to catch up w/ fellow vets before the Veterans for Dennis Coalition #GOTV meeting. #ORgov #ORpol #RetireKitz http://t.co/ZgMps8cLRJ,137,5,2,4,0,0,1,1447,4
95,2014-10-28,527152270610137088,Read @Salem_Statesman's article about the latest CBS/NYT poll.  Behind just 4 pts now and closing! http://t.co/UpPhakUXJE #ORgov #orpol,135,4,2,2,1,1,0,1447,4
96,2014-10-28,527149128434737152," ""Like A Goldschmidt Cowboy"" @GovKitz is.  Listen here: http://t.co/KI3uSe8rpi h/t @LarsLarsonShow #RetireKitz #ORgov #orpol",124,5,0,3,1,3,0,1447,7
97,2014-10-28,527151618215530497, New York Times &amp; CBS poll has @DRichardsonOR down 4! We're closing the gap!  See the poll here: https://t.co/SCfIEZPH8,123,3,0,2,1,2,0,1447,5
98,2014-10-28,527160124352118784, BREAKING: CBS/NYT poll shows @GovKitz losing serious ground. Check it out: https://t.co/nCLk6VSkT3 #SEEYA #BYE #RetireKitz #O,126,13,0,5,1,2,0,1447,8
99,2014-10-29,527553646217953280, Erik Lukens says the @Oregonian would have written their #Kitzhaber endorsement differently after knowledge of #CylviaHayes sca,128,9,0,3,0,2,0,1447,5
100,2014-10-29,527265969656193024, .@GovKitz made OR a ntl joke today. Oh wait that's everyday... Read @InsideEdition's story here: http://t.co/xsMU2sznyp #orgo,126,11,0,2,1,3,0,1447,6
101,2014-10-29,527292662638858240, Can Oregon afford 4 more years of @GovKitz? NOPE. http://t.co/bgaWGtngXG #RetireKitz #ORgov #orpol #wasted #nope,113,4,0,5,1,2,0,1447,8
102,2014-10-29,527292848555581441, EXCLUSIVE: Kitzhaber Faces New Questions http://t.co/pe7YZHUtLl @Oregon_GOP @DRichardsonOR @ORDems,99,9,0,0,1,4,0,1447,5
103,2014-10-29,527512370944278528, It's almost #Halloween. Ready for a visit from the #Ghosts of Kitzhaber's Past? http://t.co/8bDeIMVE69 #RetireKitz #ORgov #or,126,3,0,5,1,1,0,1447,7
104,2014-10-29,527516014150307840, BREAKING: @GovKitz and staff refusing to respond to public records requests. Read here: http://t.co/6l6tGKcTKS #KorruptKitz #,126,5,0,3,1,2,0,1447,6
105,2014-10-29,527528305012912128, .@GovKitz formula for success = Break ethics laws + lie abt it + hide info + cover it up. http://t.co/6l6tGKcTKS #ORgov #orpo,126,2,0,3,1,2,0,1447,6
106,2014-10-29,527536143122710528, The Governor kitzwalling the media again. #SURPRISE http://t.co/6l6tGKcTKS #ORgov #orpol #RetireKitz #KorruptKitz,114,6,0,5,1,1,0,1447,7
107,2014-10-29,527538349087932416,Excited to be chatting with the Women's Coalition today in Portland. #ORGov #orpol http://t.co/sdQr8PtQY8,105,3,2,2,0,0,1,1447,2
108,2014-10-29,527558435664322560, Think you know all the skeletons hiding in @GovKitz's closet? http://t.co/xB301BaCnv #KorruptKitz #ORgov #orpol,112,6,0,3,1,2,0,1447,6
109,2014-10-30,527661685952098304, @DRichardsonOR Visits Oregon Fallen War Heroes Memorial http://t.co/lgryqPa3tA #tcot #hewitt #OregonHeroes #orgov #orpol,121,5,0,5,1,2,0,1447,8
110,2014-10-30,527626458068307969, Kitz hasn't agreed to a press interview in weeks. Where you at @GovKitz? #orgov #orpol,87,4,0,2,0,2,0,1447,4
111,2014-10-30,527661747771953152, BREAKING SCANDAL ALERT: @GovKitz withholding public information. http://t.co/6cDa6fGDQF #KorruptKitz #ORgov #orpol,115,6,0,3,1,2,0,1447,6
112,2014-10-30,527685888789463040,Great night at Blazers with T. Emmert. http://t.co/VLlBxIKPxo,61,8,8,0,0,0,1,1447,0
113,2014-10-30,527851911412596737, BREAKING: News media files complaint w/ AG re @GovKitz's failure to comply w/ pub records reqs. @GoLocalPDX: http://t.co/X0uY,126,7,0,1,1,3,0,1447,5
114,2014-10-30,527898002019856385,Watch my press conference live at 12:05 here: http://t.co/T0UpOKVyjR,68,2,2,0,1,0,0,1447,1
115,2014-10-30,527900709292085248,Press Conference going on now.  Watch here: http://t.co/ie6EEDQpnm,66,1,2,0,1,0,0,1447,1
116,2014-10-30,527914178334720000,Time to push for ethics in the Gov's office &amp; state govt.  Read my plan for restoring trust in The Oregon Reboot http://t.co/pABgKBqP6t,139,6,3,0,1,0,0,1447,1
117,2014-10-30,527952707831595009, And then I said... #TBT #RetireKitz #KorruptKitz #ORgov #orpol http://t.co/VbqUAQ8BqO,86,3,0,5,0,1,1,1447,6
118,2014-10-31,528230554836021248, Happy #Halloween. Want to see something scary? Check out @GovKitz's list of scandals. Think you can remember 'em all? http://,126,6,0,1,1,2,0,1447,4
119,2014-10-31,527973914916311040," BREAKING: Dem primary candidate Ifeanyichukwu Diru endorses @DRichardsonOR-""The Gov's time is up-I voted yesterday &amp; I",123,6,0,0,0,2,0,1447,2
120,2014-10-31,527993711687266304, Still haven't decided who to vote for?  Take our quiz: http://t.co/HgRhiloqKV #RetireKitz #ORgov #orpol,104,6,0,3,1,1,0,1447,5
121,2014-10-31,528303191117819905,W/so many choices @VoodooDoughnut  I could easily order em all! Met some great(and hungry)Oregonians in line. #orgov http://t.co/LCkIVaQpP0,139,3,4,1,0,1,1,1447,2
122,2014-10-31,528244765083451392," .@GovKitz ducking press, dodging questions, and bailing on events.  Where are you hiding at Kitz? http://t.co/xu3purGwvn #org",126,5,0,2,1,2,0,1447,5
123,2014-10-31,528274209529946112,"MISSING: Governor Kitzhaber. Hasn't been seen or heard from in two weeks. If found, please return to retirement. http://t.co/fHsunlyYci",135,18,7,0,0,0,1,1447,0
124,2014-10-31,528278339455557632,Pit stop at Casablanca Express in the Central Eastside Food Carts. One of the best. #orgov #portlandnw #pdx #orpol http://t.co/WTrD3J9plP,137,1,5,4,0,0,1,1447,4
125,2014-11-01,528697768114925568,Had a great time chatting with Ducks fans at today's tailgate! Ready for 2 victories - a Ducks win and a new Gov! http://t.co/RjkF8tk9zd,136,4,5,0,0,0,1,1447,0
126,2014-11-01,528660462485778432, Why do you think Kitz is bailing on public appearances and hiding from the press?Vote here: http://t.co/YJT9SwBTPd #RetireKit,126,2,0,3,1,1,0,1447,5
127,2014-11-02,529049781277315073,Wonderful conversations at last night's OSU tailgate. Oregonians are ready for new leadership. #ORgov #GoBeavers http://t.co/01oSxhR1Sd,135,7,7,2,0,0,1,1447,2
128,2014-11-02,528703188799873024,BIG thank you to #StudentsForDennis for all their #GOTV work so far this wknd. We're going to win this thing! #orgov http://t.co/m5MdYcszsw,139,13,8,3,0,0,1,1447,3
129,2014-11-02,529007462074953728, Got an extra hour this wknd for @DRichardsonOR? Thx to #DaylightSavingTime you do! Sign up to help him win: http://t.c,119,2,0,2,1,2,0,1447,5
130,2014-11-02,529018934154903552, NEW POLL: Why is @GovKitz bailing on public appearances and hiding from press? Vote here: http://t.co/YJT9SwBTPd #ORgov #orpo,126,4,0,3,1,2,0,1447,6
131,2014-11-02,529046886217682944, Where's @GovKitz hiding? See if you can find him: http://t.co/ZIR9MicSEY #whereswaldo #ORgov #orpol #RetireKitz,112,5,0,4,1,2,0,1447,7
132,2014-11-03,529381693363613697, BREAKING SCANDAL ALERT: @GovKitz Communications Director goes public on pay-to-play scandal http://t.co/6KdfcR3hJA #ORgov #or,126,17,0,3,1,2,0,1447,6
133,2014-11-03,529332933950046208, Where's in the world is @GovKitz? http://t.co/LTITaVWLIV #CarmenSandiego #AWOL #ORgov #orpol #wheresWaldo #RetireKitz http://,126,4,0,6,1,2,1,1447,9
134,2014-11-03,529342686130491392, What reporters hear from @GovKitz when trying to get serious questions answered #crickets #RetireKitz #ORgov #orpol http://t.,126,3,0,4,0,2,1,1447,6
135,2014-11-03,529400103296323584,Proud to exercise my right to vote today in Pioneer Square. Just 30 hours left - make sure you vote! #orgov #orpol http://t.co/f7aIk890Pm,137,17,16,2,0,0,1,1447,2
136,2014-11-04,529748339043356673, Listen live now to hear Dennis on @MarkandDave on KPAM 860! #orgov #orpol http://t.co/w7hVj7xhiU,97,3,0,2,0,2,1,1447,4
137,2014-11-04,529758061536509952,"Cathy, 7 daughters, 5 grand-daughters and a room full of volunteers--all calling (more: http://t.co/oyvlCT3tFD ) http://t.co/SD6wtwgSB1",135,2,4,0,1,0,1,1447,1
138,2014-11-04,529476295139143681, BREAKING SCANDAL ALERT: @GovKitz staffer exposes culture of corruption in Governor's office http://t.co/Subh86wbvs #orgov #or,126,19,0,3,1,2,0,1447,6
139,2014-11-04,529730666817392640,TODAY IS ELECTION DAY! Please get out and vote @DRichardsonOR for Governor! http://t.co/SkvGIl10fp,98,6,6,0,0,1,1,1447,1
140,2014-11-04,529730909764083712,.@Pyperline Thank you for your support!,39,0,0,0,0,1,0,1447,1
141,2014-11-04,529741021933232129,Thrilled to have my girls in for #GOTV. We're ready for finish strong today and win! #orgov #orpol http://t.co/ISnsQOjCK1,121,3,3,3,0,0,1,1447,3
142,2014-11-04,529755827809574912, 4th term or reality show?The song that begs the question http://t.co/MeJ2o7hqoc #RetireKitz #ORgov #orpol #GovernorBlueJeans ,126,2,0,4,1,2,0,1447,7
