,date,tweet_id,tweet_text,tweet_length,retweet_count,favorite_count,hashtag_count,url_count,user_mentions,media_count,follower_count,total_entities
0,2014-10-05,518599338558496771,Unbelievable.  Go Devils!,25,23,31,0,0,0,0,6905,0
1,2014-10-05,518600121521799168,"@CoachToddGraham ""It's a great day to be a Sun Devil!""",54,0,1,0,0,1,0,6905,1
2,2014-10-05,518615837260124160, The catch of the century. Early look at our #SunDevils cover.Send your Headline ideas after #ASU 38-34 win over USC ht,119,25,0,2,0,1,1,6905,3
3,2014-10-05,518621305751744513, THIS. http://t.co/utQMwT5VQQ,29,2546,0,0,1,1,0,6905,2
4,2014-10-06,519231551553302529,"Today is the last day to register to vote. I encourage all Arizonans to register and participate!
https://t.co/kkdFvR4fcR #azgov",128,22,7,1,1,0,0,6905,2
5,2014-10-06,519200512449589248,Proud that @CGDispatch has endorsed our campaign for #azgov today http://t.co/TeEdSlCxCM,88,10,2,1,1,1,0,6905,3
6,2014-10-07,519595272549064705,"Proud to announce my new coalition, #WomenForDucey! Thanks @LeaPeterson @cindymccain, Sharon Harper &amp; @sharonlechter for co chairing! #azgov",144,20,6,2,0,3,0,6905,5
7,2014-10-07,519286208044617728,It was great hearing from educators today on how to improve our schools #azgov http://t.co/yce4WWjAvz,101,10,8,1,0,0,1,6905,1
8,2014-10-07,519539991689457665,Great to join Arizona leaders for a discussion on the issues this morning #azgov http://t.co/0MnyxoXl7n,103,4,6,1,0,0,1,6905,1
9,2014-10-07,519577997548875776,"Questions before you cast your vote? Join our tele-townhall tonight at 7:30. Dial in toll free at: 877-229-8493, Pin: 112568. #azgov",132,1,2,1,0,0,0,6905,1
10,2014-10-07,519609408959954945,"With projected revenues declining, Arizona needs a governor with the experience to kick-start our economy. #azgov #Ducey2014",124,24,15,2,0,0,0,6905,2
11,2014-10-08,519921483041103872,Have you taken our Freedom &amp; Opportunity survey on education yet? Share your opinion today! http://t.co/r6qXP6yQB8 #azgov,125,7,0,1,1,0,0,6905,2
12,2014-10-08,519655948575440896,".@GovBrewer Congrats on opening AZs trade office in Mex City today! An important step to kick-starting our economy, improving trade. #azgov",139,9,5,1,0,1,0,6905,2
13,2014-10-08,519658358664462336,Had a great opportunity to tour the new LDS temple in Phoenix today #azgov http://t.co/DMdiEdpjxa,97,12,12,1,0,0,1,6905,1
14,2014-10-08,519669033516269570,"Join our tele-townhall w/ @RepMattSalmon at 7:30 p.m. Well answer questions &amp; discuss creating opportunity Call: 877-229-8493, Pin: 112568",142,3,0,0,0,1,0,6905,1
15,2014-10-08,519674796804546561,"Join us in 5 minutes! Call in w/ your question to our tele-townhall w/ @RepMattSalmon. Dial: 877-229-8493, Pin: 112568 #azgov",125,5,1,1,0,1,0,6905,2
16,2014-10-08,519850242473082883,Tune in to @1030_KVOI at 7:10 to hear me on @wakeuptucson or listen online: http://t.co/N25MsonaBG #azgov #Ducey2014,116,3,2,2,1,2,0,6905,5
17,2014-10-08,519861062351323137,"Congrats to @PhoenixUnionHS's Franklin Police &amp; Fire HS on its blue ribbon designation, and thanks for inviting me! http://t.co/y1GlvVevXr",142,4,4,0,0,1,1,6905,1
18,2014-10-08,519944106697433088," Catherine @Miranda4Arizona reveals why she supports @dougducey for gov, and why you should too http://t.co/EMfXN1U7YT",118,25,8,0,1,3,0,6905,4
19,2014-10-10,520716311370821632,Great crowd tonight in #Payson. Proud to have support in every corner of the state! #azgov #Ducey2014 http://t.co/RXkshRDeHI,124,3,6,3,0,0,1,6905,3
20,2014-10-10,520390470556336129,Pizza break at campaign HQ tonight  thanks to all the volunteers making calls! #azgov #Ducey2014 http://t.co/cY9HvxNawm,119,15,10,2,0,0,1,6905,2
21,2014-10-10,520720032175640576,More from our event tonight w/ Mayor Kenny Evans of #Payson http://t.co/Cj1CvOKeRK,82,6,5,1,0,0,1,6905,1
22,2014-10-11,521042604025077760,"Join our bi-partisan tele-townhall this afternoon w/ @Miranda4Arizona at 2:15 p.m. Dial 877-229-8493, Pin: 112568. #azgov",121,3,1,1,0,1,0,6905,2
23,2014-10-11,520945311192457216," Brophy Prep lacrosse stars Joe Ducey and Patrick McNeil invited for second time to the Showtime, big national event",116,24,0,0,0,1,0,6905,1
24,2014-10-11,521017024844029953,Did you know @PhoenixSymphony opened their season w/ 1st ever Mariachi opera this week? Proud to see #AZ embracing diversity &amp; culture.,139,4,3,1,0,1,0,6905,2
25,2014-10-11,521027249361809408,Great to talk with voters at the @SRPconnect picnic today #azgov #Ducey2014 http://t.co/Xt5xYgJ3cD,98,3,3,2,0,1,1,6905,3
26,2014-10-11,521032508217896960,Great weather &amp; terrific crowd at the @SRPconnect picnic today #azgov #Ducey2014 http://t.co/OMnDOa0ytH,107,5,5,2,0,1,1,6905,3
27,2014-10-11,521046611623833601,"Call in now to our bi-partisan tele-townhall w/ @Miranda4Arizona. Dial 877-229-8493, Pin: 112568. #azgov",104,5,0,1,0,1,0,6905,2
28,2014-10-12,521440015365066753,What a warm reception of support from folks at the @GlendalePNS! #azgov http://t.co/BjWwgQSZ8d,94,7,8,1,0,1,1,6905,2
29,2014-10-12,521359484409495552,Proud to see @azcopinionss endorsement of our campaign in todays paper. Full text here: http://t.co/A0UYx5BYje http://t.co/2KocmuQ4hy,133,29,15,0,1,1,1,6905,2
30,2014-10-12,521439533858975745,Out at the @GlendalePNS this afternoon #azgov http://t.co/yYXi0QIt9N,68,3,3,1,0,1,1,6905,2
31,2014-10-12,521442710838714368,This place is really packed!  at @GlendalePNS http://t.co/CuSScPUDgL,68,5,6,0,0,1,1,6905,1
32,2014-10-13,521756535987265537,Great to share my plan of action for creating opportunity for all at @CoxComm PAC lunch today #azgov http://t.co/v9SzmD1sLu,123,5,4,1,0,1,1,6905,2
33,2014-10-13,521723758914973696,Read my most recent op-ed in @WestrnFreePress on Arizonas environment and our water future http://t.co/b3IHBTtzL0,113,8,6,0,1,1,0,6905,2
34,2014-10-13,521759845876121600,Talking to voters after the @CoxComm PAC lunch today #azgov http://t.co/CzZzF883QP,82,5,2,1,0,1,1,6905,2
35,2014-10-14,522119838588624897,@laurenelizz @KateMcGeeAZ @FredDuVal Thanks for joining us!,59,0,2,0,0,3,0,6905,3
36,2014-10-14,522119568609660928,Thanks to the Arizona Womens Forum and Charter 100 for hosting the final #azgov debate &amp; lunch today http://t.co/Jf98SV9Pcv,127,9,9,1,0,0,1,6905,1
37,2014-10-15,522371359108653056,Tune in to @wakeuptucson in 10 minutes on @1030_KVOI to hear me on the show live! #azgov #Ducey2014,99,1,2,2,0,2,0,6905,4
38,2014-10-15,522434128671563776,Excited to announce the endorsement of former U.S. Congressman Jim Kolbe on our trip to #Tucson today http://t.co/ExRhdawXxk #azgov,131,22,11,2,1,0,0,6905,3
39,2014-10-15,522469208190246912,Great lunch with leaders in #Tucson this afternoon #azgov #Ducey2014 http://t.co/33zhOMRPcs,91,3,4,3,0,0,1,6905,3
40,2014-10-15,522471708100288512,More from our lunch in #Tucson today  discussing how to create opportunity for all in our state #azgov #Ducey2014 http://t.co/A1U2JDiop1,136,1,1,3,0,0,1,6905,3
41,2014-10-15,522473257551667200,Good to be back in Pima County hearing from voters about how we can kick-start the economy in Southern AZ #azgov http://t.co/Zs1Ct4e1qr,135,7,6,1,0,0,1,6905,1
42,2014-10-15,522518067419430912,Thanks to all who joined us at @AMSTucson today! #azgov #Ducey2014 http://t.co/dYDhZUeUTV,89,3,3,2,0,1,1,6905,3
43,2014-10-15,522508745020940289,"Great to hear from parents, teachers, and students at @AMSTucson this afternoon #azgov #Ducey2014 http://t.co/MzQE0tpHrC",120,6,6,2,0,1,1,6905,3
44,2014-10-15,522176290233667584,.@12News Its a great day for ice cream! #NationalDessertDay http://t.co/BvlcH83dJ3,82,6,9,1,0,1,1,6905,2
45,2014-10-16,522601262727331840,Thanks to all the volunteers at our #Tucson phone bank tonight! #azgov #Ducey2014 http://t.co/KrijBM7lsG,104,6,11,3,0,0,1,6905,3
46,2014-10-16,522538697829257216,Great to hear from the Southern Arizona Defense Alliance on how we can build &amp; sustain support for military missions. http://t.co/z2W7GbBMvh,144,1,2,0,0,0,1,6905,0
47,2014-10-16,522772016701513731,Great to join this mornings #fastpitch event with the @GPBCC_PHX http://t.co/Or2f3q3AsS,87,2,1,1,0,1,1,6905,2
48,2014-10-17,523205591531937792,Great to hear from folks up in #ShowLow today #azgov #Ducey2014 http://t.co/ogLrshv4XW,86,4,2,3,0,0,1,6905,3
49,2014-10-17,523149536277975042,Great to talk with voters this morning at @SWGas #azgov #Ducey2014 http://t.co/Q4I6ITaQby,89,7,7,2,0,1,1,6905,3
50,2014-10-17,523175964893655040,Proud to be endorsed by @WMIcentral http://t.co/H08eZgO37W #azgov #Ducey2014,76,7,3,2,1,1,0,6905,4
51,2014-10-17,523248958848512000,Campaigning with @Andy_Tobin up in Tuba City this afternoon #azgov #Ducey2014 http://t.co/JBOfnCkc8s,100,14,13,2,0,1,1,6905,3
52,2014-10-18,523594915897290752,"Join us for a tele-townhall at 4:00 PM today, and tell us whats on your mind. Dial 877-229-8493, PIN: 112568. #azgov #Ducey2014",127,1,2,2,0,0,0,6905,2
53,2014-10-18,523544522450432000,@rbcarter Ill work to create opportunity for all by kick-starting our economy &amp; improving education. Visit http://t.co/xqmvlZ72tI for more.,143,0,2,0,1,1,0,6905,2
54,2014-10-18,523545320366424064,"Have questions before you cast your ballot? Call in to our tele-townhall at 4:00 PM today. Dial 877-229-8493, PIN: 112568. #azgov #Ducey2014",140,5,1,2,0,0,0,6905,2
55,2014-10-18,523605751210590209,"Dont forget our tele-townhall at 4:00 PM today! Dial 877-229-8493, PIN: 112568. #azgov #Ducey2014",97,3,2,2,0,0,0,6905,2
56,2014-10-19,523935717274451970, AZ candidate for governor Doug Ducey worshipped with us this morning. Vote your values. @dougducey http://t.co/tG63bhBjBa,122,7,0,0,0,2,1,6905,2
57,2014-10-19,523832587278888960,Great WIN Arizona State University @CoachGrahamASU #sundevilnation,66,1,5,1,0,1,0,6905,2
58,2014-10-19,523895517017686016,Great to be at @cfcpca in #Tucson this morning! http://t.co/xfyxpqeXjw,70,1,3,1,0,1,1,6905,2
59,2014-10-19,523897678300590080,Meeting voters after church at @cfcpca today.  Good to be back in #Tucson http://t.co/POkHEKW56y,96,5,6,1,0,1,1,6905,2
60,2014-10-19,523934146205192194,Register for your free ticket to our Victory Rally with @MittRomney on Thursday! https://t.co/3teIoyOUeQ,104,11,1,0,1,1,0,6905,2
61,2014-10-19,523970983095316480,Great to hear from voters in #SierraVista at our our town hall this afternoon! http://t.co/O3iocQDiem,101,3,5,1,0,0,1,6905,1
62,2014-10-20,524341853072523264,"If youre in #Tucson, tune in to John C. Scotts show on 1210 AM to hear my live interview #azgov #Ducey2014",106,1,0,3,0,0,0,6905,3
63,2014-10-20,524253728396693505,Tune in to @moneyforlunch at 10:45 AM to hear my live interview.  Listen online: http://t.co/uxMthwDID7 #azgov,110,2,0,1,1,1,0,6905,3
64,2014-10-20,524290770564423680,"Dont forget to register for your free ticket to our Victory Rally with @MittRomney on Thursday, 10/23! https://t.co/3teIoyOUeQ",126,3,3,0,1,1,0,6905,2
65,2014-10-20,524348870730346496,Free tickets are still available for our Victory Rally with @MittRomney on Thursday  register online at  https://t.co/3teIoyOUeQ #azgov,135,4,3,1,1,1,0,6905,3
66,2014-10-21,524710513016467456,Reserve your free ticket online for our Victory Rally with @MittRomney this Thursday https://t.co/3teIoyOUeQ #azgov #Ducey2014,126,5,1,2,1,1,0,6905,4
67,2014-10-21,524640269115744257,Just two days until our Victory Rally with @MittRomney  reserve your free ticket online at  https://t.co/3teIoyOUeQ #azgov,122,10,3,1,1,1,0,6905,3
68,2014-10-21,524705484251484160,Tune in to @hughhewitts show on @960ThePatriot in 5 minutes to hear me live on the air #azgov #Ducey2014,104,5,6,2,0,2,0,6905,4
69,2014-10-22,525063278301413376,"Our Victory Rally with @MittRomney is TOMORROW, so dont forget to register online today! https://t.co/3teIoyOUeQ #azgov #Ducey2014",130,5,3,2,1,1,0,6905,4
70,2014-10-22,525073130801614850,Great to have these young volunteers at campaign HQ helping out this afternoon! #azgov #Ducey2014 http://t.co/wqtLt6rWXH,120,5,10,2,0,0,1,6905,2
71,2014-10-22,524764008394805248,"It's not ice cream, but this looks like a pretty good dessert http://t.co/niCRXhFp36",84,9,24,0,0,0,1,6905,0
72,2014-10-22,524712054163116034,Great to meet with hardworking voters in #Mesa this afternoon #azgov #Ducey2014 http://t.co/nMqfYrC4LY,102,2,7,3,0,0,1,6905,3
73,2014-10-23,525334643566854145,.@gcu has a beautiful campus and offers some great opportunities for their students #azgov #Ducey http://t.co/MneVQCMRo4,120,14,25,2,0,1,1,6905,3
74,2014-10-23,525123722424754176,Dont forget to reserve your free online ticket to our Victory Rally with @MittRomney https://t.co/3teIoyOUeQ #azgov #Ducey2014,126,5,3,2,1,1,0,6905,4
75,2014-10-23,525329393636241408,Great tour of @gcu this morning! #azgov #Ducey2014 http://t.co/iZQUGfi6eT,73,4,8,2,0,1,1,6905,3
76,2014-10-24,525707856390008832,At @shopdesertridge for the last day of #PaulsCarWash supporting @bbbsaz this morning  stop by and donate! http://t.co/GfZJrni1hq,129,2,0,1,0,2,1,6905,3
77,2014-10-24,525714616148434946,"Great to have my wife, Angela, join me on stage last night for our rally with @MittRomney. RT if you were there! http://t.co/Gn5zbAehir",135,16,15,0,0,1,1,6905,1
78,2014-10-24,525758413314080768,Joined veterans &amp; their families at the veterans hall of fame induction today  thanks to all who serve our country http://t.co/0nvsTi5OBt,141,12,12,0,0,0,1,6905,0
79,2014-10-24,525727222565306369,"If youre planning to request an early ballot, today is the last day to turn in your request  deadline is 5:00p.m.  http://t.co/q3de7zsO05",137,4,4,0,1,0,0,6905,1
80,2014-10-24,525499662560555008,Thanks to @MittRomney for campaigning with us tonight in #Mesa! #azgov #Ducey2014 http://t.co/UyPko7hACQ,104,40,46,3,0,1,1,6905,4
81,2014-10-24,525683701904990208,Breakfast with our Hispanic coalition  great start to the day! #azgov #Ducey2014 http://t.co/SeK2TkqAxi,103,12,8,2,0,0,1,6905,2
82,2014-10-25,526158919002259456,Thanks to @jeffdewitaz and all the volunteers who came out to make calls for us today! #azgov #ducey2014 http://t.co/fijYfCQK79,127,14,16,2,0,1,1,6905,3
83,2014-10-25,526146973494415361,Great food and great people at the Latin American food festival in #Mesa today http://t.co/DAcdjD0X2X,101,0,7,1,0,0,1,6905,1
84,2014-10-25,526148772590804992,Sampling ceviche with @MesaMayorOffice at the Latin American food festival #azgov http://t.co/PMfTFArkqf,104,1,9,1,0,1,1,6905,2
85,2014-10-26,526501057719828482,Out at the #AZStateFair this afternoon  only one week left! https://t.co/imHHmlQ9Nm http://t.co/Ysq5H7LIe3,106,2,4,1,1,0,1,6905,2
86,2014-10-27,526525262700089344,Standing room only at our roundtable discussion with Asian-American community leaders tonight #azgov #Ducey2014 http://t.co/dkigOE1y21,134,4,2,2,0,0,1,6905,2
87,2014-10-27,526771944285147137,Great to meet w/ veterans in the West Valley this morning. Thanks to all who have served and their families. #azgov http://t.co/CkFv1i7ehJ,138,7,5,1,0,0,1,6905,1
88,2014-10-28,527179270192259072,"Ill be live on @1030_KVOI again today, this time joining The Buckmaster Show at 12:30. Tune in! #azgov #Ducey2014",113,2,1,2,0,1,0,6905,3
89,2014-10-28,527103815137234944,Ill be joining @1030_KVOI in 5 minutes for Wake Up Tucson. Tune in! http://t.co/N25MsonaBG  #azgov,98,5,1,1,1,1,0,6905,3
90,2014-10-28,527105137349627904,Tune in to @wakeuptucson now on @1030_KVOI to hear me on the show live! #azgov #Ducey2014,89,4,3,2,0,2,0,6905,4
91,2014-10-28,527188614912823296,Great to meet with various Consuls General representing Latin America today #azgov #Ducey2014 http://t.co/mwID9K8pUz,116,5,2,2,0,0,1,6905,2
92,2014-10-29,527307186842923008,Thanks to all at @Redemptionaz for inviting me to visit this evening! #azgov #Ducey2014 http://t.co/MUPEeWXiVZ,110,7,6,2,0,1,1,6905,3
93,2014-10-29,527263746989641729,At my alma mater @ArizonaState talking about my opportunity agenda with students #azgov #Ducey2014 http://t.co/nXzUcdJfcw,121,17,22,2,0,1,1,6905,3
94,2014-10-29,527508114912731136,Proud to have the endorsement of Democrat state Sen. @CarlyleBegay http://t.co/NspyAXuRBM,89,9,6,0,1,1,0,6905,2
95,2014-10-30,527946515201814528,Glad to share my opportunity agenda at a Hispanic real estate group gathering this afternoon #azgov #Ducey2014 http://t.co/fxmuGODiPn,133,2,2,2,0,0,1,6905,2
96,2014-10-30,527626730195152897,"We have so many people volunteering tonight, we're starting to run out of chairs! #azgov #Ducey2014 http://t.co/VsYVnluTPp",122,9,7,2,0,0,1,6905,2
97,2014-10-30,527641106532417537,"Have questions before you cast your ballot? Call in to our tele-townhall at 7:30 PM. Dial 877-229-8493, PIN: 112568. #azgov #Ducey2014",134,1,2,2,0,0,0,6905,2
98,2014-10-30,527646127139454976,"10 minutes until our tele-townhall with former Congressman Jim Kolbe. Dial 877-229-8493, PIN: 112568 to join. #azgov #Ducey2014",127,2,4,2,0,0,0,6905,2
99,2014-10-30,527879128247050240,Great to be meeting with voters and @ChrisChristie this morning at Barrett Jackson! #azgov #Ducey2014 http://t.co/E303z0CZaO,124,9,4,2,0,1,1,6905,3
100,2014-10-30,527883656312799235,Tune in to KNTR 106.3 in Mohave County to hear me live with Roger Galloway! #azgov #Ducey2014,93,2,1,2,0,0,0,6905,2
101,2014-10-30,527890230649430016,Tune in to @JonJustice now to hear me live on @1041kqth in #Tucson #azgov #Ducey2014,84,4,2,3,0,2,0,6905,5
102,2014-10-30,527927649700941825, The chance of a lifetime for Luis Gonzalez. Flare! Center field! The Diamondbacks are World Champions! #Game7Memories http://t.,128,166,0,1,1,1,0,6905,3
103,2014-10-30,527950618896236544,Tune in to John C. Scotts show on PowerTalk 1210 in #Tucson to hear my live interview #azgov #Ducey2014,103,2,3,3,0,0,0,6905,3
104,2014-10-31,528236495073595392,The Opportunity Express made its first stop of the day in #CasaGrande http://t.co/MGL60OMOs6,92,5,3,1,0,0,1,6905,1
105,2014-10-31,528029518590521345,Thanks to all the ladies who joined our Women for Ducey call night tonight #azgov #Ducey2014 http://t.co/mUMY388XY9,115,12,12,2,0,0,1,6905,2
106,2014-10-31,528197234131619841,Were kicking off our tour on the Opportunity Express today #azgov #Ducey2014 http://t.co/8lOB9cT7Xf,99,8,6,2,0,0,1,6905,2
107,2014-10-31,528231183134773248,Tune in @PowerTalk1210 NOW to hear me talk about today's Victory Tour stops with @FrankAntenori! #azgov http://t.co/0mx57IpJe1,126,1,1,1,1,2,0,6905,4
108,2014-10-31,528251353223544832,Tune in to hear my live interview with @JonJustice at 11:30 on @1041kqth in #Tucson,83,4,4,1,0,2,0,6905,3
109,2014-10-31,528272843314696192,Great to be with @MarthaMcSally and other Republicans in #Tucson for a BBQ and rally! #azgov http://t.co/Xb6tgr7b4f,115,8,6,2,0,1,1,6905,3
110,2014-10-31,528275308927934465,More from our BBQ with voters in #Tucson http://t.co/R1pBv8EiHC,63,1,2,1,0,0,1,6905,1
111,2014-10-31,528281679446556672,The Opportunity Express stopped by a Victory Office today  thanks to the volunteers who are helping GOTV #azgov http://t.co/FYugw3GE6G,134,9,6,1,0,0,1,6905,1
112,2014-10-31,528324261492969472,The next stop for the Opportunity Express: Saddlebrooke #azgov #Ducey2014 http://t.co/46lZWojZHe,96,3,4,2,0,0,1,6905,2
113,2014-10-31,528328131891838977,Tune in to 4Tucson on @1030_KVOI at 4:40. Ill be calling in from the road on our Opportunity Express tour in Southern AZ! #azgov,128,2,1,1,0,1,0,6905,2
114,2014-11-01,528605648716857344,Our phone bankers had an early start this morning &amp; will be going strong all day! #azgov http://t.co/vPZFaP8LE6,115,7,9,1,0,0,1,6905,1
115,2014-11-01,528661193443926017,Stopping by the #Chandler Victory Office this afternoon  lots of volunteers making lots of calls! #azgov #Ducey2014 http://t.co/tJmMWoarCL,138,7,6,3,0,0,1,6905,3
116,2014-11-01,528666848812752896,The Opportunity Express was warmly welcomed in the East Valley today #azgov #Ducey2014 http://t.co/6SmOl0VI4B,109,5,6,2,0,0,1,6905,2
117,2014-11-01,528674893504577536,"Have questions before you cast your ballot? Call in to our tele-townhall with Sen. Kyl at 3:30 p.m. Dial 877-229-8493, PIN: 112568. #azgov",138,3,4,1,0,0,0,6905,1
118,2014-11-01,528581662926319616,Great to start the day with @JeffFlake at his Coffee &amp; Cocoa Club breakfast #azgov #Ducey2014 http://t.co/oYHk1RiYqn,120,24,13,2,0,1,1,6905,3
119,2014-11-02,529018685663371267,Next stop on the Opportunity Express: Sun City. Thanks to all who are volunteering for us across the state! #azgov http://t.co/YIDzLqabpP,137,5,3,1,0,0,1,6905,1
120,2014-11-02,529044763857940480,Grateful to have my family and these great volunteers at headquarters today making calls! #azgov #ducey2014 http://t.co/dgErX1OmyU,130,12,18,2,0,0,1,6905,2
121,2014-11-02,529027460780683264,Thanks to the great volunteer team at our Sun City office! #azgov #Ducey2014 http://t.co/hviE4wkcQf,99,5,3,2,0,0,1,6905,2
122,2014-11-02,528702847391514624,Thanks to supporters of all ages who turned out to help at Ducey HQ today #azgov #Ducey2014 http://t.co/sF5Yb3aGu1,114,11,13,2,0,0,1,6905,2
123,2014-11-02,528756621023789056,Thanks to all who came out to volunteer with us at the @ArizonaState homecoming tailgate today #azgov #Ducey2014 http://t.co/2SYp33sycP,135,22,16,2,0,1,1,6905,3
124,2014-11-02,528997396026757120,Great win Arizona State Sun Devils!  @CoachGrahamASU @FootballASU #SunDevilNation,81,4,12,1,0,2,0,6905,3
125,2014-11-02,529015246334476288," FINAL SCORE

#AZCardinals 28, #Cowboys 17.

7-1 baby!

[PHOTOS] http://t.co/oCP5sMqSnB 

#AZvsDAL http://t.co/Qg8upfzqXr",121,1187,0,3,1,1,1,6905,5
126,2014-11-03,529373408631328768,Just stopped by Mr. D'z Route 66 Diner in #Kingman #azgov #Ducey2014 http://t.co/IY37mzFyZN,91,5,5,3,0,0,1,6905,3
127,2014-11-03,529064852875010048,Congratulations to all the winners of todays Liga Latina soccer tournament  #azgov #Ducey2014 http://t.co/ooA8OUsCxV,116,4,6,2,0,0,1,6905,2
128,2014-11-03,529299526020907008,Its our last day on the Opportunity Express. Ill be checking in with @JonJustice at 9:00 on @1041kqth in #Tucson,112,3,5,1,0,2,0,6905,3
129,2014-11-03,529307556926091266,Ill be joining @wolf987FM on @AZSports 98.7 FM in #Phoenix in just a few minutes,80,3,1,1,0,2,0,6905,3
130,2014-11-03,529339270612275200,Miss my interview with @doug987FM and @wolf987FM this morning? Hear a clip of us talking AZ Sports https://t.co/59zEHVYCf2,122,3,0,0,1,2,0,6905,3
131,2014-11-03,529363077922553856,The Opportunity Express stopped in #LakeHavasuCity with @RepGosar @JeffFlake @JohnMcCain to start the day! http://t.co/QbceQ0h8xP,129,6,3,1,0,3,1,6905,4
132,2014-11-03,529416814754021376,Rallying our supporters in #Flagstaff outside the #azgop Victory Office. #azgov #ducey2014 http://t.co/0xiVU3a4hX,113,14,10,4,0,0,1,6905,4
133,2014-11-04,529778182321233922,"Thanks for having me, Hugh! RT @hughhewitt: @dougducey on now, urging every AZ voter to get to polls before they close in a couple of hours",139,9,15,0,0,2,0,6905,2
134,2014-11-04,529461812387778560,A rally at the #Prescott Courthouse Square is an Arizona Republican tradition. Thanks to all who came tonight! http://t.co/aldb3r4kAD,133,3,8,1,0,0,1,6905,1
135,2014-11-04,529463586179936257,"Thanks to @GovBrewer, @SenJohnMcCain, @JeffFlake, the entire #AZGOP ticket, and @BennettArizona for joining us in #Prescott tonight!",132,11,20,2,0,4,0,6905,6
136,2014-11-04,529468146449940480,Great crowd and energy tonight at the #Prescott Courthouse. Don't forget to vote Republican tomorrow! #azgov http://t.co/H60MXzzNDx,131,23,26,2,0,0,1,6905,2
137,2014-11-04,529773859398881282,I'll be on with @hughhewitt in 5 minutes! Tune in! #azgov #Ducey2014 http://t.co/qNMrJhJLAA,91,28,7,2,1,1,0,6905,4
138,2014-11-04,529634484539252737,"Tune in to @wakeuptucson in 10 minutes on @1030_KVOI for my live, Election Day interview! #azgov #Ducey2014",107,5,5,2,0,2,0,6905,4
139,2014-11-04,529689484460556288," The early bird gets the worm! Phone banking for Az's next Governor, @dougducey! #azgov #electionday http://t.co/JzEidAqNE4",123,12,0,2,0,2,1,6905,4
140,2014-11-04,529697387691114496," Join me today in supporting @dougducey, @VoteReagan, @Mark4AZ, @_DianeDouglas, @douglittleaz, @tomforese and the rest o",120,31,0,1,0,7,0,6905,8
141,2014-11-04,529701316537618433, Take nothing for granted! Get out &amp; vote for .@dougducey today. Find your polling place here&gt; https://t.co/2O9MLpqiNE h,127,29,0,0,1,2,1,6905,3
142,2014-11-04,529769111916535808, So exciting to being making last minute calls for @dougducey!! Can't wait for him to be next #azgov #7morehours http:/,119,7,0,2,0,2,1,6905,4
