,date,tweet_id,tweet_text,tweet_length,retweet_count,favorite_count,hashtag_count,url_count,user_mentions,media_count,follower_count,total_entities
0,2014-10-05,518560953911480321,"The deadline to register to vote in the general election is on Monday, October 6th.  

You can still register... http://t.co/2ZX9stGKBC",135,1,2,0,1,0,0,4548,1
1,2014-10-06,519208045084413952,At the New Hope Leeward Gubernatorial Candidates Forum yesterday.  #dukeiaona2014 #elwinahu #higov #hielection... http://t.co/7C1JxMR9G7,136,0,1,4,1,0,0,4548,5
2,2014-10-06,519212149705826304,With friends and supporters at the Ho'olanapua Gala.  #dukeiaona2014 #elwinahu #higov #hielection #hitrust... http://t.co/gk1PqOLITI,132,0,0,5,1,0,0,4548,6
3,2014-10-06,519213482395574273,Maui supporters sign waving in Lahaina. #dukeiaona2014 #elwinahu #higov #hielection #hitrust #hirespect... http://t.co/4XpXOaDmvl,129,0,0,6,1,0,0,4548,7
4,2014-10-06,519246956267585536,Our supporters are sign waving on Molokai today! #dukeiaona2014 #elwinahu #higov #hielection #hitrust #hirespect... http://t.co/BZAYTjgAGI,138,0,0,6,1,0,0,4548,7
5,2014-10-07,519608235943141376,More photos from the Filipino Friends for Duke Aiona at the Filcom in Waipahu. #dukeaiona2014 #elwinahu #higov... http://t.co/owlKCPcBMT,136,2,0,3,1,0,0,4548,4
6,2014-10-07,519606780985221120,More photos from the New Hope Leeward Gubernatorial Candidates Forum. #dukeiaona2014 #elwinahu #higov #hielection... http://t.co/376NAnBgW1,139,0,0,4,1,0,0,4548,5
7,2014-10-08,519946985592610816,Kona Rally - October 14th @ 530pm  http://t.co/b43TmhVzq0 #dukeiaona2014... http://t.co/zREzAu0Zvj,98,0,0,1,2,0,0,4548,3
8,2014-10-08,519667661685280768,Televised gubernatorial debate at 7:00 pm tonight on KHON2 News.  #DukeAiona2014 #elwinahu #hipolitics #higov... http://t.co/6JLlOT8Ep0,135,0,1,4,1,0,0,4548,5
9,2014-10-08,519706707048402945,Supporters sign waving on Piikoi Street in Honolulu. #dukeiaona2014 #elwinahu #higov #hielection #hitrust... http://t.co/jORiYbvBNN,131,0,0,5,1,0,0,4548,6
10,2014-10-08,519713423429341184,"For a Hawaii we can all afford.
#dukeaiona2014 #elwinahu #higov  #hitrust #hirespect #hibalance... http://t.co/lcvRaa32jB",121,2,2,6,1,0,0,4548,7
11,2014-10-08,519727892876365824,"Trust, Respect &amp; Balance for the people of Hawai'i 
#dukeaiona2014 #elwinahu #higov #hielection #hipolitics... http://t.co/Ki9abAHrOC",137,0,3,5,1,0,0,4548,6
12,2014-10-08,519733675760439296,Leadership is about the next generation. #dukeaiona2014 #elwinahu #higov #hielection #hipolitics #hielection... http://t.co/Oz6208aLYr,134,0,0,6,1,0,0,4548,7
13,2014-10-08,519947602260135936,Filipino Rally in Waipahu - October 18th @ 6pm... http://t.co/nhslVP4tNy,72,0,0,0,1,0,0,4548,1
14,2014-10-09,520316363949486080,At the Filcom gubernatorial forum in Waipahu last night. #dukeaiona2014 #elwinahu #higov,88,0,1,3,0,0,0,4548,3
15,2014-10-09,520329203032797184,With friends and supporters on Kauai! #dukeiaona2014 #elwinahu #higov #hielection #hitrust #hirespect #hibalance... http://t.co/xsbdGp1oUj,138,0,0,7,1,0,0,4548,8
16,2014-10-10,520658501262405633,Supporters sign waving in Kaneohe. #dukeiaona2014 #elwinahu #higov #hielection #hitrust #hirespect #hibalance... http://t.co/0SrEWnsCbU,135,1,0,7,1,0,0,4548,8
17,2014-10-10,520369445819015172,A government for all the people of Hawai'i. Vote for Justice.  #dukeiaona2014 #elwinahu #higov #hielection... http://t.co/O1mZzs5cjA,132,2,3,4,1,0,0,4548,5
18,2014-10-10,520659669699018752,Maui supporters sign waving in Kahului. #dukeiaona2014 #elwinahu #higov #hielection #hitrust #hirespect... http://t.co/lFQkOkgDYt,129,0,0,6,1,0,0,4548,7
19,2014-10-11,521078262337118209,Supporters at the Molokai Parade for the Men's Paddle Molokai Hoe Race &amp; Hoolaulea. #dukeiaona2014 #elwinahu... http://t.co/RguBc4kezQ,138,1,0,2,1,0,0,4548,3
20,2014-10-11,521045887255322624,With friends and supporters at the We Believe event last night at the Blaisdell.  Mahalo for your continued... http://t.co/aNNhqLVXnk,133,0,0,0,1,0,0,4548,1
21,2014-10-11,521048131367354368,We met 11 year old Haley and her grandparents from Maili at Costco in Kapolei this morning.  #dukeiaona2014... http://t.co/PDE4pzuECS,133,0,0,1,1,0,0,4548,2
22,2014-10-11,521049089115688960,Maui supporters sign waving in Lahaina. #dukeiaona2014 #elwinahu #higov #hielection #hitrust #hirespect... http://t.co/5wc8PBWY7U,129,0,2,6,1,0,0,4548,7
23,2014-10-11,521053187475005440,Our volunteers and were canvassing in Pukalani on Maui this morning. #dukeiaona2014 #elwinahu #higov #hielection... http://t.co/SHw5mdvIWJ,138,0,0,4,1,0,0,4548,5
24,2014-10-11,521059123413409793,Duke will be on the AM 690 Hawaii Automotive radio show at 1pm today with George Nitta.... http://t.co/c6c6GY7Dv5,113,0,0,0,1,0,0,4548,1
25,2014-10-12,521090097371164672,Hear what Manny Pacquiao has to say about Duke Aiona for Governor. https://t.co/BsX5SG9WBr... http://t.co/YdbTpSQ8zA,116,3,3,0,2,0,0,4548,2
26,2014-10-13,521558379890999296,Maui Rally - October 22nd @ 5:30PM  #dukeiaona2014 #elwinahu #higov #hielection #hitrust #hirespect #hibalance http://t.co/vY6YWcisuA,133,0,0,7,1,0,0,4548,8
27,2014-10-13,521452197180375041,With friends and supporters at the Mandalay Chinese Restaurant in Honolulu! #dukeiaona2014 #elwinahu #higov... http://t.co/6u4EJsg9RF,133,0,1,3,1,0,0,4548,4
28,2014-10-13,521769338974773248,"Trust, Respect &amp; Balance for the People of Hawai'i. #dukeiaona2014 #elwinahu #higov #hielection #hitrust... http://t.co/2kVKHwqqCz",134,2,1,5,1,0,0,4548,6
29,2014-10-14,522142418850697217,"We will be on the Big Island on Friday, October 17th @ 5:00pm for our Hilo Rally.  #dukeiaona2014 #elwinahu... http://t.co/ErC0QiJXUn",133,0,0,2,1,0,0,4548,3
30,2014-10-14,522128053338906624,Maui supporters sign waving in Kahului. #dukeiaona2014 #elwinahu #higov #hielection #hitrust #hirespect... http://t.co/bFhICjoWh0,129,0,0,6,1,0,0,4548,7
31,2014-10-14,522142947991887872,Our Big Island supporters are having fun sign waving in Kona. Mahalo for your continued support and Aloha!... http://t.co/EeagkUp69i,132,0,0,0,1,0,0,4548,1
32,2014-10-15,522179632691683328,On the minds of today's audience at the Think Tech Energy Future. #dukeiaona2014 #elwinahu #higov #hielection... http://t.co/Asd7qUMYEc,135,0,0,4,1,0,0,4548,5
33,2014-10-15,522177647200468993,"We are here for the people of Hawai'i to restore Trust, Respect and Balance.    #dukeiaona2014 #elwinahu #higov... http://t.co/ion4mJlP0s",137,0,0,3,1,0,0,4548,4
34,2014-10-15,522504728895578112,Oahu supporters sign waving at Windward City Mall in Kaneohe. Mahalo for your continued support and Aloha!... http://t.co/BCDKDNCgpI,132,0,0,0,1,0,0,4548,1
35,2014-10-16,522585517305888768,The final televised gubernatorial debate starts at 6:30 pm tonight on KHNL Hawaii News Now. #DukeAiona2014... http://t.co/K1jLNBwDO1,132,1,1,1,1,0,0,4548,2
36,2014-10-16,522586659830124544,"Trust, Respect and Balance for the people of Hawai'i #dukeiaona2014 #elwinahu #higov #hitrust #hirespect #hibalance http://t.co/MhayrGkbgk",138,4,5,6,0,0,1,4548,6
37,2014-10-16,522630369137664000,A government for all the people of Hawai'i.#dukeiaona2014 #elwinahu #higov #hitrust #hirespect #hibalance https://t.co/0FnNf5nKFh,129,1,4,6,1,0,0,4548,7
38,2014-10-16,522660133164556288,Mahalo to our Oahu volunteers for sign waving in Kakaako this afternoon. #dukeiaona2014 #elwinahu #higov... http://t.co/YFcFYBxLC6,130,1,2,3,1,0,0,4548,4
39,2014-10-16,522831918178394112,"Mahalo to Gene Park and his team at Civil Beat for including us in their audio/visual ""The Face.  #dukeaiona2014... http://t.co/68TJSPdByk",138,0,1,1,1,0,0,4548,2
40,2014-10-16,522848127603466240,Photos from last nights debate. Mahalo to Hawaii News Now and their team for hosting this event.  #dukeaiona2014... http://t.co/y1xrQUmCEa,138,0,0,1,1,0,0,4548,2
41,2014-10-17,522904966806401024,Sign waiving with supporters in Kona. Ms. Kobayashi is 93! She's an inspiration to all of us.  Bless her heart... http://t.co/t0hDPpSCL5,136,1,3,0,1,0,0,4548,1
42,2014-10-17,523200077889011712,Is the price of paradise getting you down?  - Our goal is to reduce the cost of energy and create more affordable... http://t.co/ghzJsV6zFe,139,2,2,0,1,0,0,4548,1
43,2014-10-17,523241357251735552,Maui supporters sign waving on Dairy Road and Mokulele in Kahului. Mahalo for your continued support and Aloha!... http://t.co/Kx1HgRCm1O,137,1,1,0,1,0,0,4548,1
44,2014-10-17,523258386788651008,As tropical storm Ana approaches the Big Island we urge everyone to make sure you and your loved ones are ready... http://t.co/9eq0YlbT8W,137,1,1,0,1,0,0,4548,1
45,2014-10-18,523554752232448000,We must reduce our high cost of living! #hicost #higov #dukeaiona2014 #elwinahu #hitrust #hirespect #hibalance http://t.co/kgdzAHV0Jr,133,2,3,7,0,0,1,4548,7
46,2014-10-18,523551230887723009,@KmMagz Mahalo!,15,0,0,0,0,1,0,4548,1
47,2014-10-18,523280307458691072, Elections are right around the corner! Encore #PBSInsights w/ four #Higov candidates airs 10/19 2pm http://t.co/wOGZswrskk,123,0,0,2,0,1,1,4548,3
48,2014-10-18,523546166261456896,We must reduce our high cost of living! #hicost #higov #dukeaiona2014 #elwinahu #hitrust #hirespect #hibalance http://t.co/d9ZgzhPg1E,133,1,1,7,0,0,1,4548,7
49,2014-10-18,523549671034478592,Oahu supporters sign waving in downtown Honolulu on Thursday. Mahalo for your continued support and Aloha!... http://t.co/Il00ksgvyw,132,1,2,0,1,0,0,4548,1
50,2014-10-19,523928283298406401," #ICYMI encore #PBSInsights w/ four #Higov candidates airs today, 10/19 at 2pm. @DukeAiona2014 @MufiHannemann @DavidIge2014 @",125,2,0,3,0,5,0,4548,8
51,2014-10-19,523929655477563392,We must reduce our high cost of living! #hicost #higov #dukeaiona2014 #elwinahu #hitrust #hirespect #hibalance http://t.co/TK0aCWeoEg,133,2,1,7,0,0,1,4548,7
52,2014-10-20,524283703967907841,"Trust, Respect and Balance for the people of Hawai'i. #dukeiaona2014 #elwinahu #higov #hielection #hitrust... http://t.co/KdwXvaCvC3",132,1,0,5,1,0,0,4548,6
53,2014-10-20,524280957910917120,Maui supporters sign waving in Kahului. Mahalo for your continued support and Aloha! #dukeiaona2014 #elwinahu... http://t.co/MtaJulpaNe,135,0,2,2,1,0,0,4548,3
54,2014-10-20,524283134171709441,Make a difference and help us get our message to voters. #dukeaiona2014 #elwinahu #higov #hielection #hitrust... http://t.co/5a98gPeZyP,135,1,0,5,1,0,0,4548,6
55,2014-10-21,524419701959819266,Make a difference and help us get our message to voters. #dukeaiona2014 #elwinahu #higov #hielection #hitrust... http://t.co/EkGUbBUKHi,135,0,0,5,1,0,0,4548,6
56,2014-10-21,524422051306950656,Our volunteers are phone banking at HQ in Honolulu. #dukeiaona2014 #elwinahu #higov #hielection #hitrust... http://t.co/elIiWH0IPY,130,0,0,5,1,0,0,4548,6
57,2014-10-21,524711064572026880,Oahu supporters sign waving along Kalanianaole Hwy with Elwin. #dukeiaona2014 #elwinahu #higov #hielection... http://t.co/LBr1eMi7KC,132,0,0,4,1,0,0,4548,5
58,2014-10-22,525056276641107968,"Early voting started.  Call a friend &amp; vote for Trust, Respect &amp; Balance for the people of Hawai'i. Mahalo!... http://t.co/MKfwkZeyOP",141,3,1,0,1,0,0,4548,1
59,2014-10-22,525014244140810240,"Rain or shine...Kainaliu, Kona supporters sign waving for Duke &amp; Elwin on the Big Island!  
#dukeiaona2014... http://t.co/4Z9svRSw4a",136,0,0,1,1,0,0,4548,2
60,2014-10-22,525017743297609728,Early voting at Honolulu Hale with friends and family. #dukeiaona2014 #elwinahu #higov #hielection #hitrust... http://t.co/bGCGYnWsXk,133,1,0,5,1,0,0,4548,6
61,2014-10-23,525168547501449217,"Sign waving with friends and supporters on the Garden Isle.  Mahalo Kauai for all your honks, we really... http://t.co/w2NsrSGmEo",129,1,0,0,1,0,0,4548,1
62,2014-10-23,525164426148982786,Our volunteers were phone banking today to remind everyone that the time to vote is now. #dukeiaona2014 #elwinahu... http://t.co/fVgKmnzAO1,139,1,1,2,1,0,0,4548,3
63,2014-10-23,525166791711293441,Mahalo to our Maui supporters for making these awesome treats for us!  #dukeiaona2014 #elwinahu #higov... http://t.co/9rGHrBbzQR,128,1,1,3,1,0,0,4548,4
64,2014-10-23,525365979485048832,12 more days to the finish line! Keep calm and vote for Duke &amp; Elwin! #dukeiaona2014 #elwinahu #higov #hielection... http://t.co/SF0ILtqCUp,143,0,2,4,1,0,0,4548,5
65,2014-10-24,525735507243069440,Our supporters on Maui handmade these awesome signs for us.  Big Mahalo to all of you on the Valley isle!... http://t.co/o0jRx9rFxw,131,0,1,0,1,0,0,4548,1
66,2014-10-24,525439055820255233,"Sign waving with friends and supporters on the Big Island. Mahalo Waikoloa for all your honks, we really... http://t.co/mhyjjqf6FT",130,0,0,0,1,0,0,4548,1
67,2014-10-24,525452378582310914,Your vote is your voice.  It's the most important part of this election. #dukeiaona2014 #elwinahu #higov #hitrust http://t.co/LbIg4jdFGn,136,2,0,4,0,0,1,4548,4
68,2014-10-24,525728428046438401,Sign waving with friends and supporters along Nimitz Highway. Mahalo for all your honks! #dukeiaona2014 #elwinahu... http://t.co/QA7PWkqclS,139,0,0,2,1,0,0,4548,3
69,2014-10-25,526100992950288386,Our supporters on Maui handmade these awesome signs for us. #dukeiaona2014 #elwinahu #higov  #hirespect #hibalance http://t.co/sx2i3uIqCb,137,1,0,5,0,0,1,4548,5
70,2014-10-25,526135502723117056,The Truth about Furlough Fridays #dukeiaona2014 #elwinahu #higov #hirespect #hibalance... http://t.co/sPkiOSMmH8,112,2,2,5,1,0,0,4548,6
71,2014-10-25,526099678551891968,Your Vote is Your Voice. It's the most important part of this election.#dukeiaona2014 #elwinahu #higov #hivote http://t.co/mvYjXNR3Dl,133,4,4,4,0,0,1,4548,4
72,2014-10-25,526102086610853891,"Trust, Respect and Balance for the people of Hawai'i. #dukeiaona2014 #elwinahu #higov #hirespect #hibalance http://t.co/G136tLDHKl",130,6,3,5,0,0,1,4548,5
73,2014-10-26,526507254112346113,Big Mahalo to our supporters on the Garden Isle of Kauai.  Your Vote is Your Voice. It's the most important part... http://t.co/dpIO1kb5tV,138,1,1,0,1,0,0,4548,1
74,2014-10-26,526506490463784960, The #TRUTH about Furlough Fridays from @DukeAiona2014 : http://t.co/4lMoL8EGi3 #HiGov #Hivote #BrighterDays #NeverAgain,120,4,0,5,1,2,0,4548,8
75,2014-10-26,526506256274817024,Big Mahalo to our supporters on the Garden Isle of Kauai.  Your Vote is Your Voice. #dukeiaona2014 #elwinahu #higov http://t.co/3k58dQ3YRK,138,0,2,3,0,0,1,4548,3
76,2014-10-26,526503993930166272,Showing our support for UH athletics with Dave Shoji #dukeiaona2014 #elwinahu #higov #hirespect #hibalance http://t.co/UZnEfg3DjH,129,1,1,5,1,0,0,4548,6
77,2014-10-26,526290095939129344,"@NanakuliMBC Mahalo, Thomas!",28,0,0,0,0,1,0,4548,1
78,2014-10-26,526289586226352128, @DukeAiona2014 it was an honor to be among the sign wavers on S. Beretania yesterday! http://t.co/gdNETriZs4,109,1,0,0,0,2,1,4548,2
79,2014-10-26,526288875216322561,Ms. Fely says Duke Aiona is her favorite! #dukeiaona2014 #elwinahu #higov #hielection #hitrust #hirespect #hibalance http://t.co/qgHtwegD0H,139,0,0,7,0,0,1,4548,7
80,2014-10-26,526234607763865600,With friends and supporters at the Waipahu Rally  #dukeiaona2014 #elwinahu #higov #hielection #hitrust #hirespect #hibalance,124,0,1,7,0,0,0,4548,7
81,2014-10-26,526208375026356224,Ms. Fely says Duke Aiona is her favorite!  #dukeiaona2014 #elwinahu #higov #hielection #hitrust #hirespect #hibalance http://t.co/K0Jd8y04u0,140,0,0,7,1,0,0,4548,8
82,2014-10-26,526207764683825152,With friends and supporters at the Taste of Kalihi. #dukeiaona2014 #elwinahu #higov #hielection #hitrust #hirespect #hibalance,126,0,0,7,0,0,0,4548,7
83,2014-10-27,526832878035152898,Big Mahalo to Pete Gapero! We saw him sign waving on Maui. #hirespect  #dukeaiona2014 #elwinahu #higov http://t.co/OlRYqmshVM,125,0,0,4,0,0,1,4548,4
84,2014-10-27,526829530770866178,Show your support with this profile picture. #dukeaiona2014 #elwinahu #higov #hitrust #hirespect #hitrust http://t.co/4D6QSBXyGy,128,1,0,6,0,0,1,4548,6
85,2014-10-27,526831681865797633,With friends and supporters at King's Cathedral Church on Maui #dukeaiona2014 #elwinahu #higov #hitrust #hirespect #hitrust,123,0,0,6,0,0,0,4548,6
86,2014-10-27,526838553830232065,Your Vote. Your Voice. It's the most important part of this election. #dukeiaona2014 #elwinahu #higov  #hirespect http://t.co/XRA0P9300o,136,0,1,4,0,0,1,4548,4
87,2014-10-28,527177201977155584,"Trust, Respect and Balance - A vision for the future of Hawai'i.    #dukeiaona2014 #elwinahu #higov #hirespect... http://t.co/kF9CjmptZy",136,1,1,4,1,0,0,4548,5
88,2014-10-28,526924752443944960,"Trust, Respect and Balance for the people of Hawai'i. #dukeiaona2014 #elwinahu #higov #hielection #hitrust... http://t.co/hoZ28W8gbG",132,8,6,5,1,0,0,4548,6
89,2014-10-28,527186683901788160," Digital sign waving for @DukeAiona2014 !!!
#HIVote 
#HiGov",59,3,0,2,0,2,0,4548,4
90,2014-10-29,527559732778000384,"Photos from the Taste Of Kalihi.  #dukeiaona2014 #elwinahu #higov #hirespect #hibalance

6 more days to the... http://t.co/VVRnjxDQpo",133,0,1,5,1,0,0,4548,6
91,2014-10-29,527279959224897537,"Reach out to a friend and make a difference today. #dukeiaona2014 #elwinahu #higov #hirespect #hibalance

Please... http://t.co/5T2XaiZCKa",138,0,2,5,1,0,0,4548,6
92,2014-10-29,527342780092526592,@HawaiianAngel10 Mahalo!!!,26,0,0,0,0,1,0,4548,1
93,2014-10-29,527342829698555904, I just voted for @DukeAiona2014 at Kapolei Hale! #earlyvoting #novotenogrumble,79,1,0,2,0,2,0,4548,4
94,2014-10-29,527556108882575360,"Photos from the Waipahu Rally.  #dukeiaona2014 #elwinahu #higov #hirespect #hibalance

6 more days to the finish... http://t.co/Yv2XlbgTR3",138,0,0,5,1,0,0,4548,6
95,2014-10-29,527561628804714497,Your Vote. Your Voice. It's the most important part of this election. #dukeiaona2014 #elwinahu #higov #hitrust http://t.co/N2xRqtWs4X,133,4,1,4,0,0,1,4548,4
96,2014-10-30,527922242068709376,Supporters in NYC outside the Today Show studios.    #dukeiaona2014 #elwinahu #higov #hirespect #hibalance http://t.co/De2rc5VKTs,129,2,2,5,1,0,0,4548,6
97,2014-10-30,527916179017719808,Elwin Ahu with Jan Apo and Maui's Men of Integrity http://t.co/dtiqF2ihwQ,73,1,0,0,1,0,0,4548,1
98,2014-10-30,527919704057577473,"With students at the Nuuanu Job Fair.  #dukeiaona2014 #elwinahu #higov #hirespect #hibalance

Please reach out to... http://t.co/I4yVWPIlFD",139,0,0,5,1,0,0,4548,6
99,2014-10-30,527924748790296577,Sign waving with friends and supporters on the east side of Oahu this morning. #dukeiaona2014 #elwinahu #higov... http://t.co/viOpojB9CT,136,0,2,3,1,0,0,4548,4
100,2014-10-31,528093998733598720,Friends and supporters sign waving at the State Capitol. Mahalo for all the honks! #dukeiaona2014 #elwinahu... http://t.co/RjdCshC8Js,133,1,0,2,1,0,0,4548,3
101,2014-10-31,527991849076928512,"Duke Aiona endorses Dr. Kelii Akina for OHA: #dukeiaona2014 #elwinahu #higov #hirespect #hibalance

Its time... http://t.co/aBXRyoknd0",134,1,1,5,1,0,0,4548,6
102,2014-10-31,527993389716090880,"Mahalo to the leading ladies of Susan Halverson (Dist. 18, HI Kai) for this stunning traditional Tongan lei.... http://t.co/Fg2KqKQigg",134,0,2,0,1,0,0,4548,1
103,2014-10-31,527996118693842945,Leadership is about the next generation. #dukeiaona2014 #elwinahu #higov #hirespect #hibalance #hvca https://t.co/NhfyPgMccR,124,1,2,6,1,0,0,4548,7
104,2014-10-31,528001615497011200, @KITV4 Go Duke! @DukeAiona2014,31,1,0,0,0,3,0,4548,3
105,2014-10-31,528001808023568384," .@pacificbiznews editor calls out ""stunningly dishonest"" campaign mailers attacking @DukeAiona2014 http://t.co/eU1q4tQlB",121,6,0,0,1,4,0,4548,5
106,2014-10-31,528022118840430592,Mahalo to Catherine Cruz and @KITV for including us in their election profile. #dukeiaona2014 #elwinahu #higov... http://t.co/pUm3pskUdg,136,3,1,3,1,1,0,4548,5
107,2014-10-31,528031898581610496,"Mahalo to Kam Napier, Editor-in-Chief of @pacificbiznews for this Fact Check  #dukeiaona2014 #elwinahu #higov... http://t.co/ss6W5m11pZ",135,3,3,3,1,1,0,4548,5
108,2014-10-31,528059516303466496,A government for all the people of Hawai'i. #dukeiaona2014 #elwinahu #higov #hielection #hitrust #hirespect... http://t.co/hmdUlNUJJi,133,4,2,6,1,0,0,4548,7
109,2014-10-31,528290159704301570,Sign waving with supporters in Kaneohe this morning. Mahalo for all the honks! #dukeiaona2014 #elwinahu #higov... http://t.co/Q2W82XOOW9,136,1,1,3,1,0,0,4548,4
110,2014-11-01,528673629303603200,Leadership is about the next generation http://t.co/82dipQVmJa,62,1,3,0,1,0,0,4548,1
111,2014-11-01,528443973363576832,Rain or shine our volunteers on Kauai were out sign waving today. Mahalo for your continued support and Aloha!... http://t.co/WjGy1SSijY,136,1,1,0,1,0,0,4548,1
112,2014-11-01,528447294828736512,For a Hawai'i we can all afford. #dukeiaona2014 #elwinahu #higov #hielection #hitrust #hirespect #hibalance... http://t.co/ZQSwwcwh9U,133,0,1,7,1,0,0,4548,8
113,2014-11-01,528620482019733504," Trust, respect and balance are what we need in hawaii. Vote for @DukeAiona2014 to make that happen.",100,1,0,0,0,2,0,4548,2
114,2014-11-01,528621185278685184,A vision for the future of Hawai'i.    #dukeiaona2014 #elwinahu #higov #hirespect... http://t.co/kF9CjmptZy,107,3,2,4,1,0,0,4548,5
115,2014-11-01,528663915706998784,Your Vote. Your Voice. It's the most important part of this election. Vote #dukeiaona2014 #elwinahu #higov #hivote http://t.co/jdAbPgGQp5,137,3,2,4,0,0,1,4548,4
116,2014-11-01,528677033857912833,The TRUTH about Furlough Fridays http://t.co/0nBzk6GTEm,55,2,1,0,1,0,0,4548,1
117,2014-11-02,529011087791112193,"Trust, Respect and Balance for the people of Hawai'i. #dukeaiona2014 #elwinahu #higov #hawaii http://t.co/cSR6kj6AHC",116,4,1,4,1,0,0,4548,5
118,2014-11-02,528721028563095552,Having fun with vendors at Splendor of China at the Blaisdell Center. #dukeiaona2014 #elwinahu #higov #hielection... http://t.co/ote3QSi3oA,139,1,1,4,1,0,0,4548,5
119,2014-11-02,528789013058961409,A government for all the people of Hawai'i. #dukeiaona2014 #elwinahu #higov #hielection #hitrust #hirespect. https://t.co/EePkPvIuTu,132,2,0,6,1,0,0,4548,7
120,2014-11-02,528794205230206976,With friends and supporters at Maili Beach.  Mahalo for your continued support and Aloha!  #dukeiaona2014... http://t.co/rOHp4oW52V,131,1,2,1,1,0,0,4548,2
121,2014-11-02,528834145074819072," Manny ""The Pacman"" Pacquiao endorsing Duke Aiona for Governor!!!

 #dukeaiona2014 #hivote #higov #weneedchange http://t.",121,11,0,4,1,1,0,4548,6
122,2014-11-02,528996540254543873,Mentoring our next generation. #dukeaiona2014 #elwinahu #higov #hawaii #hielection #hivote http://t.co/53Qu7JzCsj,113,5,1,6,1,0,0,4548,7
123,2014-11-02,528997137594322944,"Duke Aiona 2014 - Trust, Respect &amp; Balance for the people of Hawai'i http://t.co/UqOsRJM0SH",95,5,1,0,1,0,0,4548,1
124,2014-11-02,529011191222661120,A government for all the people of Hawai'i. #dukeaiona2014 #elwinahu #higov #hawaii https://t.co/0FnNf5nKFh,107,2,2,4,1,0,0,4548,5
125,2014-11-02,529023975914233857,Sign waving with supporters at Kahala Mall.  Mahalo for all your honks! #dukeiaona2014 #elwinahu #higov #hirespect #hibalance,125,1,2,5,0,0,0,4548,5
126,2014-11-02,529027388035063809,We are reaching out to voters on Oahu today. #dukeiaona2014 #elwinahu #higov #hirespect #hibalance http://t.co/NSPBIBHAvG,121,4,3,5,0,0,1,4548,5
127,2014-11-02,529027530838523904,"Trust, Respect and Balance for the people of Hawai'i #dukeiaona2014 #elwinahu #higov #hirespect #hibalance http://t.co/MpXdVfjHb8",129,1,3,5,0,0,1,4548,5
128,2014-11-02,529027666205499393, I can get behind @DukeAiona2014 Innovation &amp; government for all the people of Hawai'i. #dukeaiona2014 #higov #hawaii htt,125,1,0,3,1,2,0,4548,6
129,2014-11-02,529041646907047936,Mahalo to everyone for sign waving with us at Maili Beach yesterday.  We greatly appreciate your support and... http://t.co/e94742CSUA,134,1,2,0,1,0,0,4548,1
130,2014-11-02,529043472343633922,Sign waving with supporters in Hawaii Kai. Mahalo for all your honks! #dukeiaona2014 #elwinahu #higov #hirespect #hibalance,123,1,1,5,0,0,0,4548,5
131,2014-11-02,529052855941201920,We just arrived in Waimanalo. Mahalo for your honks! #dukeiaona2014 #elwinahu #higov #hirespect #hibalance,106,1,2,5,0,0,0,4548,5
132,2014-11-03,529419712074375168,For a Hawai'i we can all afford. #dukeiaona2014 #elwinahu #higov #hielection #hitrust #hirespect #hibalance... http://t.co/LpJfn4y1xo,133,3,0,7,1,0,0,4548,8
133,2014-11-03,529064891857272833," Family voted for @Bethfukumoto, @Djou4Hawaii and @DukeAiona2014 absentee! Looking forward to their victory! #HIVote #HI",120,5,0,3,0,4,0,4548,7
134,2014-11-03,529071221443661824,Look at this awesome car we saw in Waimanalo. #dukeiaona2014 #elwinahu #higov #hirespect #hibalance http://t.co/qyz9lO5fER,122,2,3,5,0,0,1,4548,5
135,2014-11-03,529074056445038592,Quick pit stop at Kenekes in Waimanalo for some shave ice.  #dukeiaona2014 #elwinahu #higov #hirespect #hibalance http://t.co/DgDnPJnPZU,136,3,2,5,0,0,1,4548,5
136,2014-11-03,529097591662063617,Mahalo to our Waimanalo ohana for their support. #dukeiaona2014 #elwinahu #higov #hirespect #hibalance,102,3,3,5,0,0,0,4548,5
137,2014-11-03,529098780285886464,Sign waving with friends and supporters in Kailua. #dukeiaona2014 #elwinahu #higov #hirespect #hibalance http://t.co/zWS5xont6p,127,2,4,5,0,0,1,4548,5
138,2014-11-03,529209461148504064, @DukeAiona2014 is the leader we need for the future. Make sure to vote for him on Tuesday,90,1,0,0,0,2,0,4548,2
139,2014-11-03,529209961910665216, @JasonLaquihon @DukeAiona2014 duke duke duke duke! #BoomDynamite,65,1,0,1,0,3,0,4548,4
140,2014-11-03,529346461570723840,A vision for the future of Hawai'i. #dukeiaona2014 #elwinahu #higov #hirespect #hibalance... http://t.co/yXZaO6QGVi,115,1,1,5,1,0,0,4548,6
141,2014-11-03,529381971462725632,We started our day in Kapolei this morning.   #dukeiaona2014 #elwinahu #higov #hirespect #hibalance http://t.co/V4suWwr2AJ,122,3,2,5,1,0,0,4548,6
142,2014-11-03,529422747676336128, Don't forget to go out and vote tomorrow! #DukeAiona2014 #ElwinAhu #HIGov #HIRespect #HIBalance @DukeAiona2014 http://,119,3,0,5,0,2,1,4548,7
143,2014-11-04,529691270307131394,"We reached 11,000 likes on Facebook today! Mahalo for your continued support and Aloha!!! We couldnt have gotten... http://t.co/Jr81RbOS9h",138,0,0,0,1,0,0,4548,1
144,2014-11-04,529692248230068224,Sign waving with friends and supporters on Kauai.  #dukeaiona2014 #elwinahu #higov #hielection #hitrust #hirespect #hibalance,125,0,0,7,0,0,0,4548,7
145,2014-11-04,529767125582639104, @DukeAiona2014 I'm voting for you!,35,1,0,0,0,2,0,4548,2
146,2014-11-04,529694999362146305,Leadership is about the next generation #dukeiaona2014 #elwinahu #higov #hielection #hitrust #hirespect... http://t.co/Qc9OA0Ycqg,129,0,0,6,1,0,0,4548,7
147,2014-11-04,529766402094166016," I just voted!!
I feels good!
Go @DukeAiona2014 @Djou4Hawaii @VoteMaxFowler 
Wish I could do more, but now, my vote is all I hav",128,2,0,0,0,4,0,4548,4
148,2014-11-04,529746027235258370,"Trust, Respect and Balance for the people of Hawai'i.  #dukeiaona2014 #elwinahu #higov #hitrust #hirespect #hibalance http://t.co/CuA5HNnVlJ",140,1,1,6,0,0,1,4548,6
149,2014-11-04,529717366553575427, #tb to senior yr where a debate judge happens to be a 2014 gubernatorial candidate. Vote @DukeAiona2014! http://t.co/0ZAB,122,2,0,1,0,2,1,4548,3
150,2014-11-04,529717227801821187,@runnin6mpg Mahalo!!!,21,0,0,0,0,1,0,4548,1
151,2014-11-04,529715834047184896,Your vote. Your voice. Call a friend and vote today! #dukeiaona2014 #elwinahu #higov #hitrust #hirespect #hibalance http://t.co/dPFDUjem3Z,138,5,2,6,0,0,1,4548,6
152,2014-11-04,529705946931822592,For a Hawai'i we can all afford. #dukeiaona2014 #elwinahu #higov #hielection #hitrust #hirespect #hibalance... http://t.co/q8vgfTjk8s,133,0,0,7,1,0,0,4548,8
153,2014-11-04,529769199024209920," Voted 2day 4 @DukeAiona2014 @camcavasso @AkinaForOHA &amp; NO on the stealth farming ban
Sick of Hawaii's same old status quo &amp;",132,2,0,0,0,4,0,4548,4
154,2014-11-04,529705211888418816,Today is your final chance to vote!  You can find your polling location here. https://t.co/9uFVz9oq3W... http://t.co/ii5L6XFOEq,127,0,0,0,2,0,0,4548,2
155,2014-11-04,529423906197626880,Your vote. Your voice. Call a friend and vote!  #dukeiaona2014 #elwinahu #higov #hitrust #hirespect #hibalance http://t.co/ujix7G6wNX,133,7,3,6,0,0,1,4548,6
156,2014-11-04,529424575163949056,The truth about Furlough Fridays. #duekaiona2014 #elwinahu #higov #hitrust #hirespect #hibalance https://t.co/7qFcnxdz7D,120,3,2,6,1,0,0,4548,7
157,2014-11-04,529425951990755328,A government for all the people of Hawai'i. #dukeiaona2014 #elwinahu #higov #hielection #hitrust #hirespect... http://t.co/2nkcYWN9lc,133,0,3,6,1,0,0,4548,7
158,2014-11-04,529541106770649088,Friends and supporters sign waving on Maui today. Mahalo for your continued support and Aloha!  #dukeiaona2014... http://t.co/zacT03UXUo,136,0,2,1,1,0,0,4548,2
159,2014-11-04,529545836880207872,"For a Hawai'i we can all afford. #dukeiaona2014 #elwinahu #higov #hielection #hitrust #hirespect #hibalance
https://t.co/keS2NUPqcI",131,2,2,7,1,0,0,4548,8
160,2014-11-04,529546194633375745,Your vote. Your voice. Call a friend and vote! #dukeiaona2014 #elwinahu #higov #hitrust #hirespect #hibalance http://t.co/GL8jcLTDJZ,132,1,3,6,0,0,1,4548,6
161,2014-11-04,529546585345388544,The truth about Furlough Fridays. #duekaiona2014 #elwinahu #higov #hitrust #hirespect #hibalance https://t.co/sogaYMuEpL,120,2,2,6,1,0,0,4548,7
162,2014-11-04,529546965705826304,A government for all the people of Hawai'i. #dukeiaona2014 #elwinahu #higov #hielection #hitrust #hirespect https://t.co/0FnNf5nKFh,131,2,1,6,1,0,0,4548,7
163,2014-11-04,529688526825459712,Starting election day on Hawaii News Now Sunrise with @SteveUyehara #dukeiaona2014 #elwinahu #higov #hibalance http://t.co/vWmQaXA3m2,133,4,3,4,0,1,1,4548,5
164,2014-11-04,529689969527627776,Happy Election Day! Mahalo for all the honks this morning! #dukeiaona2014 #elwinahu #higov #hirespect #hibalance http://t.co/lR1ndpt6vA,135,1,0,5,0,0,1,4548,5
