,date,tweet_id,tweet_text,tweet_length,retweet_count,favorite_count,hashtag_count,url_count,user_mentions,media_count,follower_count,total_entities
0,2014-10-05,518882008895070208,Congratulations to the @Browns on their win today! Great game! #RoadDAWGS #CLEvsTEN,83,7,13,2,0,1,0,6356,3
1,2014-10-05,518872006012698626,"""If this legislature passes a right to work bill I will make sure every attempt will be vetoed.  Ed in Youngstown http://t.co/PwLehdab3C",136,93,13,0,0,0,1,6356,0
2,2014-10-06,519247984454692864,"Despite the Supreme Court's ruling on marriage equality, OH leaders still deny Ohioan's equal rights. Vote them out. http://t.co/504Vkmj4Qh",139,28,9,0,1,0,0,6356,1
3,2014-10-06,519184311417724928,".@outlookcolumbus endorses @edfitzgeraldforoh ""Fully evolved &amp; would be the most LGBT-friendly gov. in OH history."" http://t.co/DJXNLBnyE5",142,5,5,0,1,1,0,6356,2
4,2014-10-06,519200417733820416,NARAL @ProChoiceOH and I agree. We need to better protect women's reproductive health and families in Ohio. Thank you for the endorsement.,138,8,5,0,0,1,0,6356,1
5,2014-10-06,519230644618944513,Supreme Court decision on marriage equality: fantastic news for everybody not in Ohio  Time to treat all equally  http://t.co/504Vkmj4Qh,136,7,3,0,1,0,0,6356,1
6,2014-10-06,519126091358044161, OHIO voters: Deadline to update your #VoterRegistration is this Monday! Update your info here: http://t.co/EvddpOEkEu http://t.,128,57,0,1,1,1,1,6356,3
7,2014-10-07,519499336338518016,//t.co/df3vNvjHCU,17,12,4,0,1,0,0,6356,1
8,2014-10-07,519562806421508097,"Great article by @bob_vitale @outlookcolumbus on ym endorsement ""Would be the most LGBT-friendly gov. in OH history."" http://t.co/DJXNLBnyE5",140,1,1,0,1,2,0,6356,3
9,2014-10-07,519556093068845056,Im voting TODAY in person. Do you have a plans to vote today? Voter info at http://t.co/KNZWTco6r6 #WeNeedYourPeople,116,6,2,1,1,0,0,6356,2
10,2014-10-07,519546699203633154,Despite the Supreme Court's ruling on marriage equality OH leaders still deny Ohioan's equal rights. Vote them out http://t.co/504Vkmj4Qh,137,11,7,0,1,0,0,6356,1
11,2014-10-07,519578910615285760,SUPPRESSION ALERT: Republicans continue to try to win by injuring democracy and meddling with elections: http://t.co/7xOKPUDqb7,127,4,2,0,1,0,0,6356,1
12,2014-10-07,519592791043629056," The Polls Are Open! Don't Wait, Vote Now! 
http://t.co/clSyYpgX6v
@FitzGeraldForOH #TNTweeters http://t.co/Tjv6M20cnO",118,103,14,1,1,2,1,6356,4
13,2014-10-07,519594703507845120,What every marriage equality voter needs to know this election. via @clevelanddotcom http://t.co/0FpHJyGDSZ http://t.co/8duizHCGvi,130,17,14,0,1,1,1,6356,2
14,2014-10-07,519620697266483200,I just voted. Tweet 5 friends reminding them to vote early. Get voter info: http://t.co/clSyYpgX6v #WeNeedYourPeople http://t.co/eck1gK6RoT,139,135,40,1,1,0,1,6356,2
15,2014-10-08,519972061901754368,".@FitzGeraldForOH ""A pension is not a giveaway. You earned that. And the state needs to start treating it that way"" #CbusTownHall",129,13,10,1,0,1,0,6356,2
16,2014-10-08,519973294389620737,Another voter from Columbus asking about what @FitzGeraldForOH will do to clean up government waste &amp; fraud #CbusTownHall,125,3,4,1,0,1,0,6356,2
17,2014-10-08,519974042947059714,".@FitzGeraldForOH: ""I'd ask everyone here what they thought of @JohnKasich's ethics reform, but he hasn't made a single one"" #CbusTownHall",138,8,4,1,0,2,0,6356,3
18,2014-10-08,519975192274411520,Ann from Cbus asking now about universal background checks #CbusTownHall,72,2,3,1,0,0,0,6356,1
19,2014-10-08,519976021240840192,".@FitzGeraldForOH: ""I think bringing Stand Your Ground to Ohio would be a mistake"" #CbusTownHall",96,4,5,1,0,1,0,6356,2
20,2014-10-08,519894954588389376,LGBT Ohioans seek what so many take for granted: equal protection under the law. I will support our LGBT communities. http://t.co/5KAFp9LO9t,140,14,15,0,1,0,0,6356,1
21,2014-10-08,519906456502829057, We talk with Democratic governor candidate @FitzGeraldforOH  for a special half hour interview Sunday at 11:30 am on @WH,121,69,0,0,0,3,0,6356,3
22,2014-10-08,519909086087761920,Voter Guide: Let's talk about the issues. Want to know where I stand on what matters most to Ohioans? Read on: http://t.co/N1uZ3nOyOy,133,8,3,0,1,0,0,6356,1
23,2014-10-08,519925193255309312,Thanks to NARAL @ProChoiceOH for your endorsement. Together we will further our goals for better women's health in Ohio #womenshealth,133,6,7,1,0,1,0,6356,2
24,2014-10-08,519941298703183872,"They have more money, but we have more people, and we have the truth and justice on our side. -@FitzGeraldForOH",111,6,9,0,0,1,0,6356,1
25,2014-10-08,519947886251892736,Kasich refusing to debate won't keep us from public forums. Can't be at the townhall tonight in Cbus? Follow here at 5:30PM for live tweets,139,3,3,0,0,0,0,6356,0
26,2014-10-08,519966538150207488,Thanks for following along with the Cbus townhall tonight. We'll get started with the Q&amp;A shortly.,102,2,4,0,0,0,0,6356,0
27,2014-10-08,519966939226329089,".@FitzGeraldForOH giving opening statement now: ""A perfect example of what's at stake in this election is the Reynoldsburg teachers' strike""",140,3,3,0,0,1,0,6356,1
28,2014-10-08,519967840875872256,""".@JohnKasich won't participate in debates because he doesn't have anything to say that working families want to hear."" #CbusTownHall",133,11,10,1,0,1,0,6356,2
29,2014-10-08,519968401432010752,".@FitzGeraldForOH: ""It's embarrassing that in Ohio elected officials spent your money to make it harder to vote."" #CbusTownHall",127,12,6,1,0,1,0,6356,2
30,2014-10-08,519969283573837824,"""All the cuts to schools &amp; communities you've had to live with were all to pay for tax cuts that went to the very wealthy few"" #CbusTownHall",144,8,4,1,0,0,0,6356,1
31,2014-10-08,519970513557663744,"""You deserve a deeper discussion than 'jobs came back, so OH must be doing well.' All states gained back jobs after the recession""",130,3,4,0,0,0,0,6356,0
32,2014-10-08,519971488804659201,"Into Q&amp;A now. ""If you work for millionaires, they really appreciate it, so @JohnKasich has always &amp; is always going to have a lot of money""",147,3,2,0,0,1,0,6356,1
33,2014-10-08,519971822897725441,Gina from Reynoldsburg asking about what the state can do to help seniors secure their pensions,95,2,4,0,0,0,0,6356,0
34,2014-10-08,519978475047096320,Question about affordable housing now #CbusTownHall,51,1,2,1,0,0,0,6356,1
35,2014-10-08,519979316638404608,"""Im so happy you asked b/c it's an important Q &amp; yet Kasich made this race so substanceless that its the 1st time Ive been asked"" - Fitz",140,3,3,0,0,0,0,6356,0
36,2014-10-08,519979669970751488,Discussing child hunger now. A quarter of all children in our state now live in poverty #CbusTownHall,101,8,4,1,0,0,0,6356,1
37,2014-10-08,519989373216251904, .@FitzGeraldForOH speaks to a town hall meeting at the IBEW Union Hall in Columbus. #WinOH2014 @LaurHitt http://t.co/H8Z6i,123,5,0,1,0,3,1,6356,4
38,2014-10-08,519976258806235136,Question on Reynoldsburg Teacher Strike &amp; SB 5 now #CbusTownHall,68,1,4,1,0,0,0,6356,1
39,2014-10-08,519977301199839232,".@FitzGeraldForOH: ""I had the opportunity to talk to teachers on the picketline &amp; what theyre fighting for is so important"" #CbusTownHall",141,2,3,1,0,1,0,6356,2
40,2014-10-08,519977766314590208,Reynoldsburg mom here with her daughter now speaking out about what's at stake in this election #CbusTownHall,109,3,3,1,0,0,0,6356,1
41,2014-10-09,520282799396249601,"Asked if he would lift the gay marriage ban, @JohnKasich left the question blank. I will support OH LGBT communities. http://t.co/5KAFp9LO9t",140,14,10,0,1,1,0,6356,2
42,2014-10-09,520298905498439681,Were for workers rights and theyre against workers rights. Its really that clear. - @FitzGeraldForOH,100,16,7,0,0,1,0,6356,1
43,2014-10-10,520661293334679552,"Its really simple, we need an increase in minimum wage. If youre working full time, you shouldnt be in poverty. - @FitzGeraldForOH",130,10,9,0,0,1,0,6356,1
44,2014-10-11,521026129105526784,"When Repubs. say it's outrageous there are so many people on food stamps--well, why dont you start paying them a decent wage? #raisethewage",139,18,15,1,0,0,0,6356,1
45,2014-10-12,521347854473134080,"""Chances are you lean Democratic. So the GOP in Ohio... is erecting barriers to keep you from voting."" Go vote Dems. http://t.co/2QSjvvP2Qq",139,12,12,0,1,0,0,6356,1
46,2014-10-13,521748458902810624,"It's simple, Ed thinks women should be able to make decisions about their health without politicians interfering. http://t.co/B3VNzYza3p",136,10,5,0,1,0,0,6356,1
47,2014-10-13,521663033785856001,$1.1M in OH assistance paid to bosses consulting services. @JohnKasich doesn't work for you. #jobsohio #robsohio http://t.co/YGPynjxk6k,135,17,5,2,1,1,0,6356,4
48,2014-10-13,521732349956866048,"Kasich says he's a supporter of education, but how can that be when he takes $$ from public schools &amp; gives it to for-profit charters? -- Ed",144,15,8,0,0,0,0,6356,0
49,2014-10-14,522110844297949184,Ed is on the trail &amp; answering questions about the state of OH politics. Here's what hes got to say: http://t.co/Xc46rtzdAE,127,8,2,0,1,0,0,6356,1
50,2014-10-14,522060324132769792,.@JohnKasich doesn't work for women: he's done NOTHING to address pay inequality or #RaiseTheWage - 2/3 of women are minimum wage workers,137,9,8,1,0,1,0,6356,2
51,2014-10-14,522062125825404928,See Kasich's new ad aimed at women? He has been attacking women's rights since day one. Get the facts: http://t.co/Api9muhADW,125,9,4,0,1,0,0,6356,1
52,2014-10-14,522094738690699264,.@JohnKasich had to use an eye doctor to promote his women's health record b/c even pro-life OBGYNs say he's putting women's health at risk,139,15,10,0,0,1,0,6356,1
53,2014-10-15,522404529078165504,Kasich says his events are opportunities for Ohioans to ask him questions like in a debate - then he kicks them out.  http://t.co/2vyVn1n0oA,140,20,4,0,1,0,0,6356,1
54,2014-10-15,522524352714002432,"""There are right to work bills in the legislature. I would veto any such bill that Repubs try to pass.""- Ed in Akron http://t.co/semEhHfQ2i",139,17,13,0,0,0,1,6356,0
55,2014-10-16,522835620599570432,"Ohio Depart of Edu would've given OH an overall score of ""D"" if it calculated a statewide score the way it does for individual schools.",135,5,2,0,0,0,0,6356,0
56,2014-10-16,522819514371543041,Cbus charters use backdoor deal to keep most of its state aid for-profit rather than spending on students &amp; teachers http://t.co/WRnOpN4Rk7,143,13,1,0,1,0,0,6356,1
57,2014-10-16,522899614433677312,Thank you to the people of Athens for coming out tonight to the Athens County Democratic Party Fall Dinner. 18 days! http://t.co/SMTF1Bw3sr,139,12,6,0,0,0,1,6356,0
58,2014-10-17,523181901817720832,"Dayton Daily News: ""Ohio has a long way to go to meet the goals of overall quality education"" http://t.co/h4bzmrjegI #KasichWorks?",130,8,3,1,1,0,0,6356,2
59,2014-10-17,523198009392123904,"By its own standards for school districts, OH public schools would get a ""D"" http://t.co/h4bzmrjegI There's too much at stake not to vote.",138,11,4,0,1,0,0,6356,1
60,2014-10-18,523544290375397376,"Blade: There are a ""plethora of problems with the way Ohio manages taxpayer-funded loans and grants to businesses"" http://t.co/wUoqpHVoaj",137,12,3,0,1,0,0,6356,1
61,2014-10-18,523560397417091072,Companies were given $15 million from taxpayers &amp; didn't create a single job... but @JohnKasich refuses to comment http://t.co/ZPRrpIm3PZ,141,10,4,0,1,1,0,6356,2
62,2014-10-19,523922784410284032,".@JohnKasich gave $15 million to a manufacturer, touted it as a jobs win, and then the company never created 1 job. http://t.co/ZPRrpIm3PZ",138,21,9,0,1,1,0,6356,2
63,2014-10-19,523906678375211008,.@JohnKasich gave $15 million to a company that had misused gov. funds in Ohio. Theres too much at stake not to vote http://t.co/ZPRrpIm3PZ,139,125,24,0,1,1,0,6356,2
64,2014-10-20,524269066173706241,"""If you were making $30 before the recession and now you are working a minimum wage job would you consider the economy a miracle?""",130,7,5,0,0,0,0,6356,0
65,2014-10-21,524690989823569920, 300+ regulations public schools have that charter schools don't. @FitzGeraldForOH will crack down on charter schools http://t,126,17,0,0,0,2,1,6356,2
66,2014-10-21,524691302727041025, .@FitzGeraldForOH kicks off town hall at Bowling Green State University tonight http://t.co/s5xoedzibf,103,9,0,0,0,2,1,6356,2
67,2014-10-22,525063378444627969,Governor Kasich loves to talk about holding public school teachers accountable. What about holding for profit charter operators accountable?,140,42,25,0,0,0,0,6356,0
68,2014-10-22,525055648904404992,Thank you to all who are here at the City Club of Cleveland tonight for the gubernatorial debate. http://t.co/Mli9o8M4PO,120,2,6,0,0,0,1,6356,0
69,2014-10-22,525055997899857920,"""We need to be investing in small business and we need to increase the minimum wage."" - @FitzGeraldForOH at City Club debate",124,5,8,0,0,1,0,6356,1
70,2014-10-22,525057094395785216,"If we're giving tax cuts, they should go exclusively to the middle class. The wealthy in this state are doing well enough.- @FitzGeraldForOH",140,12,8,0,0,1,0,6356,1
71,2014-10-22,525059971277283328,You can either be on the right side of history or the wrong side. Im for full equality in marriage housing &amp; employment. - @FitzGeraldForOH,143,6,8,0,0,1,0,6356,1
72,2014-10-22,525061633488334848,"""We have to stop ignoring chronic poverty when we're addressing crime. We can't incarcerate our way to peace."" - @FitzGeraldForOH",129,16,10,0,0,1,0,6356,1
73,2014-10-22,525063284974575616,"""In Ohio, a child's academic success is determined by what zip code they're born into. That's unacceptable.""- @FitzGeraldForOH",126,20,8,0,0,1,0,6356,1
74,2014-10-24,525662001037840384,"""We need a government that stands up for people who actually work in this state."" - @FitzGeraldForOH at @ohioaflcio http://t.co/ZbtjkyNgNE",138,6,8,0,0,2,1,6356,2
75,2014-10-24,525771218322874368,A fun Friday post: @BuzzFeed listicle on @JohnKasich flip flopping his stance on the Affordable Care Act. h/t @ohdems http://t.co/VeawfaiBAR,140,2,4,0,1,3,0,6356,4
76,2014-10-24,525777167464931328,".@JohnKasich is wrong for Ohio's women: Today's Columbus Dispatch Headline: ""State moves to close last Cincinnati abortion clinic""",130,10,8,0,0,1,0,6356,1
77,2014-10-24,525794323519258626,"""@JohnKasich is making quality, affordable healthcare impossible for Cinci's women.""- @FitzGeraldForOH http://t.co/clfM4Ol7EQ Start at 39min",140,8,4,0,1,2,0,6356,3
78,2014-10-24,525777436391124995, Another reason @JohnKasich is wrong for women? Kasich tried today to make Cincinnati the largest city in the U.S. w/o a,120,9,0,0,0,2,0,6356,2
79,2014-10-24,525758013484068864,Republican Gov. John Kasich opposes gay marriage and supports Ohio's same-sex marriage ban. #VotingMatters http://t.co/ZzMDFd7gRF,129,14,5,1,1,0,0,6356,2
80,2014-10-24,525786938675298304,VIDEO: @JohnKasich refused 3 times to answer why he put gag order on rape crisis counselors http://t.co/clfM4Ol7EQ Start at 39min #VoteFitz,139,2,4,1,1,1,0,6356,3
81,2014-10-25,526081005342314496,One candidate for governor supports discrimination. The other supports equality for all Ohioans. #VoteFitz http://t.co/CiPk8pMbUy,129,12,5,1,1,0,0,6356,2
82,2014-10-25,526097112065261568,"If you're curious about Kasich's flip flopping on the Affordable Care Act, then check out @OHDems list on BuzzFeed. http://t.co/VeawfaiBAR",138,16,5,0,1,1,0,6356,2
83,2014-10-25,526022965352464384, VOTE TODAY from 8AM-4PM. Bring friends &amp; make an outing of it. Find your voting location at http://t.co/6jVg1fKy78 http,124,11,0,0,1,1,1,6356,2
84,2014-10-25,526049473597014017,I am proud to have received the endorsement of the Columbus Post today. http://t.co/4mKaqUM8Mq,94,17,12,0,1,0,0,6356,1
85,2014-10-26,526443393442803713,I believe that the issues are even more important than the candidates ... Its about what we believe in http://t.co/XTvH9GpH5O,125,11,6,0,1,0,0,6356,1
86,2014-10-28,527168176979599360,".@robportman on @JohnKasich's economy ""I just had a jobs fair in OH &amp; ran into a lot of people who are working part time, two or three jobs""",144,10,6,0,0,2,0,6356,2
87,2014-10-29,527255391277961216," ""Kasich thinks it's half time for OH but really it's time for OH to get out on the field!"" @SharenNeuhardt in Warren ht",120,4,0,0,0,2,1,6356,2
88,2014-10-29,527546663078854657,Even @robportman agrees that Ohio's economy under @JohnKasich is bad http://t.co/OqdhQ4G5Uo,91,9,3,0,1,2,0,6356,3
89,2014-10-29,527591112819884032," .@FitzGeraldForOH kicks off phone bank in Cbus: ""We're all here for the same, simple reason: Ohio should work for working peo",126,3,0,0,0,2,0,6356,2
90,2014-10-29,527591945057882113,"Thanks to all who came to the Toledo Roundtable today with @SharenNeuhardt, Stephanie Kight &amp; myself. Theres a lot at stake for women in OH",143,3,2,0,0,1,0,6356,1
91,2014-10-29,527599988336230400,Thanks to all the @ocsea volunteers in Westerville who are making calls every day to turn out voters this Nov. 4th! http://t.co/WTj5hcrlgQ,138,2,2,0,0,1,1,6356,1
92,2014-10-29,527530556917960705,Need another reason to vote? Even @robportman says @JohnKasich's economy is no miracle http://t.co/OqdhQ4G5Uo,109,7,4,0,1,2,0,6356,3
93,2014-10-30,527909051124830209,"Women trapped in Ohio: ""These are extraordinary times"" Kasich on a mission to all but eliminate abortion rights http://t.co/BXavniSJF7",134,8,1,0,1,0,0,6356,1
94,2014-10-30,527946823139209216,".@JohnKasich puts himself between a woman &amp; her doctor, then doesn't have the stomach to say why: http://t.co/rILhUqmOXK",124,7,4,0,1,1,0,6356,2
95,2014-10-30,527940812248981504,".@SharenNeuhardt: ""@JohnKasich is using counties like Crawford as his own ATM.""  http://t.co/9YxwdFVuKN",103,4,2,0,1,2,0,6356,3
96,2014-10-30,527940539233349632,"""All over the state, we have workers who cant find a job through no fault of their own.""- Zeller on @WCPN",105,5,2,0,0,1,0,6356,1
97,2014-10-30,527934253938380801,Food banks want $20M a year to serve the quickly growing number of Ohioans seeking food assistance. http://t.co/3uXEP2NeQI,122,6,1,0,1,0,0,6356,1
98,2014-10-30,527932978656075776,Play your part in impacting this election by volunteering! Sign up for a time to canvass or to work the phone bank! http://t.co/tygviJFgB3,138,5,1,0,1,0,0,6356,1
99,2014-10-30,527925753179308032," .@FitzGeraldForOH talk women's health with Sharen Neuhardt, Stephanie Kight of @PPAOhio and @OHDemWomen http://t.co/WHN5Og",123,7,0,0,0,4,1,6356,4
100,2014-10-30,527924703877267456,".@JohnKasich's ""Ohio Miracle"" doesn't include vacation, medical care, or retirement savings. http://t.co/meTphY6Eri",115,3,2,0,1,1,0,6356,2
101,2014-10-30,527918126445625346,Food banks serve 40% more Ohioans than in 2010. Thats no Ohio Miracle. http://t.co/DYNBZhCCq5,93,12,6,0,1,0,0,6356,1
102,2014-10-30,527892945156833280,"""The governor... adopted a strategy that goes by the acronym TRAP, or Targeted Regulation of Abortion Providers.""http://t.co/BXavniSJF7",135,6,3,0,1,0,0,6356,1
103,2014-10-30,527759319153274880," Visit this @FitzGeraldForOH FB page to pick an image to share or make your profile pic.
https://t.co/5FZskPHA4n
#Ohio ",119,12,0,3,1,2,0,6356,6
104,2014-10-31,528289846289133569,Volunteer to help canvass and let Ohio voters know that we support gay marriage and nondiscrimination laws. http://t.co/tygviJFgB3,130,9,3,0,1,0,0,6356,1
105,2014-10-31,528298372122148864,We need your help to inform voters on issues like college affordability. Sign up to volunteer with us this week!  http://t.co/tygviJFgB3,136,3,1,0,1,0,0,6356,1
106,2014-10-31,528311755584196608,Sign up online now for a 3 hr shift in the phone bank and tell Ohioans about our stance on equal pay for equal work!  http://t.co/tygviJFgB3,140,2,1,0,1,0,0,6356,1
107,2014-10-31,528321310896582657,Want to have a real impact on the outcome of this election? Sign up to volunteer! http://t.co/tygviJFgB3,104,8,1,0,1,0,0,6356,1
108,2014-10-31,528162039064064000,""" growth is way too slow, Zeller said. And so you still have enormous levels of human suffering.  on @WCPN radio",112,1,0,0,0,1,0,6356,1
109,2014-10-31,528198747415539712,Want to legalize medical marijuana? Take a stand on issues: locate your early voting location and vote today! http://t.co/28HNcxelHV,132,2,1,0,1,0,0,6356,1
110,2014-10-31,528204056372588545,"The ""jobs"" @JohnKasich says he created aren't something to be proud of: http://t.co/meTphY6Eri",94,4,1,0,1,1,0,6356,2
111,2014-10-31,528230028366983168,Take a stance and play a role in this election: work the phone booth or canvass with us this week!  http://t.co/tygviJFgB3,122,4,0,0,1,0,0,6356,1
112,2014-10-31,528232960793645056,".@JohnKasich won't say why he ""gagged"" rape crisis counselors. http://t.co/rILhUqmOXK",85,7,0,0,1,1,0,6356,2
113,2014-10-31,528242308387311616,Volunteer in the phone bank and get the word out -  we stand for the issues Ohio cares about most. http://t.co/tygviJFgB3,121,2,0,0,1,0,0,6356,1
114,2014-10-31,528253611608788993,Come out and canvass with us before Nov. 4th! Sign up for a 3 hr time block that works for you. http://t.co/tygviJFgB3 Get out the vote!,136,3,1,0,1,0,0,6356,1
115,2014-10-31,528264185608556544,Vote early. Vote now. Learn more about where and how. http://t.co/28HNcxelHV,76,2,2,0,1,0,0,6356,1
116,2014-10-31,528277004072660995,Calling all volunteers! We need your help to educate voters. Volunteer to work the phone bank or to help canvass! http://t.co/tygviJFgB3,136,2,0,0,1,0,0,6356,1
117,2014-11-01,528581202329235456,A state thats 45th in job creation will never create the kind of jobs necessary for single moms to raise a family. http://t.co/fUlc7f2JTi,137,10,9,0,1,0,0,6356,1
118,2014-11-01,528642668126294017," While his TV ads say he works for women, @JohnKasich slashed funding to Planned Parenthood. http://t.co/T0QIvBpB9b",115,26,0,0,1,2,0,6356,3
119,2014-11-01,528636152824074241,Sign up online now for a 3 hr shift in the phone bank and tell Ohioans about our stance on equal pay for equal work!  http://t.co/tygviJFgB3,140,4,1,0,1,0,0,6356,1
120,2014-11-01,528632755320807424,Does Kasich work for you? This decision chart may help you decide. http://t.co/H5hqNlps73,89,16,6,0,1,0,0,6356,1
121,2014-11-01,528627266365161473,"Time for some canvassing in Vermillion! If you havent already, volunteer in your area http://t.co/VmM3rX9GJw http://t.co/rYreBPE8x6",131,4,3,0,1,0,1,6356,1
122,2014-11-01,528617531901087745,"If you're for stronger, more affordable education in Ohio, vote early. Find out when and how to vote now. http://t.co/28HNcxelHV",128,9,3,0,1,0,0,6356,1
123,2014-11-01,528342167270350848,Have 3 hours to dedicate to impact this election? Help get the word out! We stand for Ohio students and educators! http://t.co/tygviJFgB3,137,7,2,0,1,0,0,6356,1
124,2014-11-01,528658805744099329,".@JohnKasich cut public school funding by 1/2 billion dollars, hurting teachers and the next generation of OH leaders http://t.co/MlJomhCz6j",140,23,9,0,1,1,0,6356,2
125,2014-11-02,528988454630490112, .@FitzGeraldForOH just finished kicking off the 1st of 4 shuttles from Antioch Baptist Church to the polls. On to Akron! #Sou,126,5,0,1,0,2,0,6356,3
126,2014-11-02,529014973482430464, At the Cincinnati BOE handing out Democratic Sample Ballots! Get your local sample ballot at http://t.co/6jVg1fKy78 htt,120,7,0,0,1,1,1,6356,2
127,2014-11-02,529033058314629120,"VIDEO: @MHarrisPerry of @msnbc also wants to know, @johnkasich-Why did you put a gag order on rape crisis counselors? http://t.co/IknlnS6HbZ",140,8,6,0,1,3,0,6356,4
128,2014-11-02,528925044299546625,".@msnbc: @JohnKasich adopts the mannerisms of a petulant child whos been told to take a time out
http://t.co/dihz2pbBxn",119,2,3,0,1,2,0,6356,3
129,2014-11-02,528929234576998401, My latest post: something has gone very wrong at the Cleveland Plain Dealer as the clock ticks down to election day. http,122,59,0,0,1,1,0,6356,2
130,2014-11-02,528930192144990208, Quinn's refusal to disclose is disservice to Plain Dealer &amp; NEOMG journalists who still adhere to high standards. http:/,125,42,0,0,1,1,0,6356,2
131,2014-11-02,528940910713638913,.@JohnKasich needs a reality check. More than half of families live paycheck-to-paycheck. Thats one bad day away from financial disaster.,137,6,7,0,0,1,0,6356,1
132,2014-11-02,528942621712859139,"Ballots go ""missing"" for nine days after state Supreme Court strikes down local Republican initiative 
http://t.co/pvjxxoXayM",125,3,1,0,1,0,0,6356,1
133,2014-11-02,528948032667385856,"Kasich is trying to paint a pretty picture of his term, but heres the reality: http://t.co/GhdrMDzMIY",101,26,11,0,1,0,0,6356,1
134,2014-11-02,528957519033405440,VIDEO: Kasich tries to defend budget balanced on backs of children &amp; working families while giving the rich tax cuts http://t.co/lVcRkcQT6p,143,10,2,0,1,0,0,6356,1
135,2014-11-02,528969847195971585,Voting is a right. It shouldnt be restricted by Republicans trying to suppress minority voices. VOTE TODAY until 5pm http://t.co/j8DizpJ1ak,139,7,4,0,1,0,0,6356,1
136,2014-11-02,528922991468761088, .@FitzGeraldForOH at Mt. Olive Church: Some politicians will ask you to vote early even though they fought to take away your ,126,2,0,0,0,2,0,6356,2
137,2014-11-03,529339232238981120,"Kasich is funded by people like coal company CEO Robert Murray, who still believes global warming is a hoax.  http://t.co/an2nn3QRXF",132,7,5,0,1,0,0,6356,1
138,2014-11-03,529266045538680834,"Do you have a plan to vote? Remind @JohnKasich every Ohioan has a voice, not just the wealthy &amp; well-connected. http://t.co/clSyYpgX6v",138,9,3,0,1,1,0,6356,2
139,2014-11-03,529084862632701952,".@JohnKasich is hurting Ohios women &amp; workers, and he knows it. It's why he wont debate me or explain himself to you http://t.co/zpXuOpRTIM",143,106,15,0,1,1,0,6356,2
140,2014-11-03,529084838427365376,Ohioans deserve better than a Governor who can't even keep our air and water safe. http://www.athensn http://t.co/jM9rDeoY9N,124,3,3,0,1,0,0,6356,1
141,2014-11-03,529084838406406145,".@JohnKasich's administration claims to ""value"" diversity, but his office has the largest pay gap of any statewide elected in OH #EqualPay",138,4,3,1,0,1,0,6356,2
142,2014-11-03,529374427495297025,Great turn out in Columbus for another door-to-door volunteer shift today! Volunteer info at http://t.co/VmM3rX9GJw http://t.co/3wMxqncFyP,138,5,3,0,1,0,1,6356,1
143,2014-11-04,529738889120849920,Your must-know information for this year's election http://t.co/9gnxUsTw6e,74,2,1,0,1,0,0,6356,1
144,2014-11-04,529743650054365184,Heres a quick link to help you find your polling location! http://t.co/iOj3wFnf3I,81,2,3,0,1,0,0,6356,1
145,2014-11-04,529754984821182464,Getting off work? Go vote now! Polls close at 7:30. Find your polling location and more at http://t.co/clSyYpgX6v.,114,4,2,0,1,0,0,6356,1
146,2014-11-04,529756735406616576,Thank you to all the @ocsea members in Mansfield for their hard work! Let's finish strong! http://t.co/sAWO3tm4X2 http://t.co/llJQL5eQW8,136,8,3,0,1,1,1,6356,2
147,2014-11-04,529759533900390403,About to go out and vote? Great! Heres a guide to this years endorsed Democratic candidates: http://t.co/9gnxUsTw6e,115,3,2,0,1,0,0,6356,1
148,2014-11-04,529764317843832832,Heres a quick link to everything you need to take with you in order to vote. http://t.co/iOj3wFnf3I,99,7,1,0,1,0,0,6356,1
149,2014-11-04,529770875331964928,Were you unfairly denied the right to vote? Call 877-644-6336.,62,20,2,0,0,0,0,6356,0
150,2014-11-04,529772415094882304, It's Election Day! Vote for @FitzGeraldForOH &amp; @SharenNeuhardt for Gov/Lt Gov. Polls are open until 7:30.  #vote http://t.,127,8,0,1,0,3,1,6356,4
151,2014-11-04,529777644724703232,Only one more hour to vote! Get your polling location and much more at http://t.co/clSyYpgX6v.,94,2,4,0,1,0,0,6356,1
152,2014-11-04,529783458566914048,Havent voted yet? Polls are still open! http://t.co/iOj3wFnf3I,62,4,1,0,1,0,0,6356,1
153,2014-11-04,529777664903507968,Only one more hour to vote! Get your polling location and much more at http://t.co/clSyYpgX6v. http://t.co/FhjzDFsMug,117,8,3,0,1,0,1,6356,1
154,2014-11-04,529447230839599104,.@JohnKasich has no business playing doctor. RT if you support women's healthcare and restoring funding for Planned Parenthood #womenshealth,140,17,9,1,0,1,0,6356,2
155,2014-11-04,529447230873153536,.@JohnKasich hurt OH by signing SB 310. Now utility prices are up &amp; potential energy jobs are gone http://www.athensn http://t.co/jM9rDeoY9N,144,11,6,0,1,1,0,6356,2
156,2014-11-04,529500208384991233,@RNGOBUCKS @TNTweetersOH Right here! http://t.co/bP4T39rqCh,59,0,2,0,1,2,0,6356,3
157,2014-11-04,529501884005224448,@RNGOBUCKS You can get other voter info like polling location and required identification at http://t.co/8AAXhBHzeA,115,2,2,0,1,1,0,6356,2
158,2014-11-04,529596447830716416,Its 6:30AM and the polls are open! Learn everything you need to know at http://t.co/clSyYpgX6v.,95,9,10,0,1,0,0,6356,1
159,2014-11-04,529602761868857344,"All the people you should vote for, all in one place. Use this sample ballot to vote TODAY:
http://t.co/9gnxUsTw6e",114,7,4,0,1,0,0,6356,1
160,2014-11-04,529606292734636032,Today is the big day! Heres a link to everything you need so you can be on your way. http://t.co/iOj3wFnf3I,107,48,5,0,1,0,0,6356,1
161,2014-11-04,529612827053420545,"Youre ready to vote, and were ready to help you find out where! http://t.co/iOj3wFnf3I",86,50,5,0,1,0,0,6356,1
162,2014-11-04,529616586785562624,Happy Election Day! The polls are open! Cast your vote now: http://t.co/clSyYpgX6v,82,57,6,0,1,0,0,6356,1
163,2014-11-04,529620887536795648,Dont get caught off guard when going out to vote. Heres what youll need to cast your ballot. http://t.co/iOj3wFnf3I,115,11,2,0,1,0,0,6356,1
164,2014-11-04,529624615060897792,"Are you not being allowed to vote at your polling station? We can help, call 877-644-6336",89,71,8,0,0,0,0,6356,0
165,2014-11-04,529629707394756608,Here is the essential Democratic link for everything you need to know in order to vote today: http://t.co/clSyYpgX6v,116,9,3,0,1,0,0,6356,1
166,2014-11-04,529635732655472640, Have you made your plan to vote today? Polls are open until 7:30 PM! Find your voting info @ http://t.co/JfCG3F3ZVL http://t.co,128,17,0,0,1,1,1,6356,2
167,2014-11-04,529635946812035072,FIND YOUR POLLING LOCATION HERE: http://t.co/iOj3wFnf3I,55,10,3,0,1,0,0,6356,1
168,2014-11-04,529643287599005696,Not sure what identification you need to vote or where to go? Make sure you have all your bases covered - http://t.co/clSyYpgX6v,128,6,0,0,1,0,0,6356,1
169,2014-11-04,529643622137081856,Congratulations! RT @LiberalChampion: I voted for the first time in my life today! 18 years old. I voted for @FitzgeraldforOH,125,12,11,0,0,2,0,6356,2
170,2014-11-04,529643929386618880, Shout out to my #Ohio colleagues: @ConniePillich @DavidPepper @JohnP_Carney @FitzGeraldForOH @VoteLetson @Judge_ODonnell #V,124,35,0,2,0,6,0,6356,8
171,2014-11-04,529652585582440448,Need a break? How about going to vote! http://t.co/iOj3wFnf3I,61,5,2,0,1,0,0,6356,1
172,2014-11-04,529661389355233280,Want to know who you should vote for today? Heres a sample ballot to help you out: http://t.co/9gnxUsTw6e,105,6,0,0,1,0,0,6356,1
173,2014-11-04,529664908816683008,Have a question about who to vote for or where to vote? This link will help you out! http://t.co/clSyYpgX6v,107,4,1,0,1,0,0,6356,1
174,2014-11-04,529674450497576960,Are you a student? Registered to vote at your school address? Find out valid forms of ID you will need to bring: http://t.co/kzvcq8R5Vh,135,10,4,0,1,0,0,6356,1
175,2014-11-04,529679549366169601,Headed out to lunch? Take a few minutes to vote! Find your polling location and more at http://t.co/clSyYpgX6v.,111,5,2,0,1,0,0,6356,1
176,2014-11-04,529684018023772160,Heres the Democratic lowdown for everything you need this election. http://t.co/clSyYpgX6v,90,3,1,0,1,0,0,6356,1
177,2014-11-04,529690801316458496,Were you unfairly denied the right to vote? Call 877-644-6336,61,15,6,0,0,0,0,6356,0
178,2014-11-04,529690834426273792,Were you unfairly denied the right to vote? Call 877-644-6336 http://t.co/G6HwZgvj1a,84,14,3,0,0,0,1,6356,0
179,2014-11-04,529696841357488129,Hungry for some democracy? Find your polling location and more at http://t.co/clSyYpgX6v.,89,4,1,0,1,0,0,6356,1
180,2014-11-04,529701654598139904,"Want to go out and vote, but cant quite remember what to bring? We have you covered. http://t.co/iOj3wFnf3I",107,13,1,0,1,0,0,6356,1
181,2014-11-04,529703210542698497,Honored to be endorsed! RT @WhatThaDell: @FitzGeraldForOH read about you in the Outlook magazine!!! #SALUTE  http://t.co/VkfgTPunNw,131,13,8,1,0,2,1,6356,3
182,2014-11-04,529703632434782209,"If you see something suspicious at your polling station, call 877-644-6336.",75,5,3,0,0,0,0,6356,0
183,2014-11-04,529704082362343424," #Absentee #EdFitzGerald @fitzgeraldforOH #womansrights  Restoring funding to Planned Parenthood, http://t.co/ArQQG0X",117,6,0,3,1,2,0,6356,6
184,2014-11-04,529706927257686016,Move within your neighborhood &amp; didn't update ur voter reg? You can vote a regular ballot if its within the same precinct as ur old address.,144,14,2,0,0,0,0,6356,0
185,2014-11-04,529707872910053377,Canvassing in Niles with volunteers today! Thanks to all the volunteers for your great work throughout this campaign. http://t.co/lLo9XTdFfz,140,7,4,0,0,0,1,6356,0
186,2014-11-04,529709144610467840, @FitzGeraldForOH got my vote this summer when I shook his hand at columbus pride fest. It's time for LGBT equality in O,120,6,0,0,0,2,0,6356,2
187,2014-11-04,529711219880390657,Want the basics on what you need to know this election day? We have the all the information right here: http://t.co/clSyYpgX6v,126,5,3,0,1,0,0,6356,1
188,2014-11-04,529715254104555520,Do you think you were disenfranchised at the polling place? Please give us a call at 877-644-6336. Your vote matters.,117,11,2,0,0,0,0,6356,0
189,2014-11-04,529718774396502017,Havent had time to research the Democrats running this year or the issues at hand? This link is here to help: http://t.co/9gnxUsTw6e,132,3,2,0,1,0,0,6356,1
190,2014-11-04,529726051102904320,"Finally have time to go out and vote, but dont know where? Weve got you covered! http://t.co/iOj3wFnf3I",103,6,1,0,1,0,0,6356,1
191,2014-11-04,529731086486470656,"COLLEGE STUDENTS: Need a utility bill to vote, but live in the dorms? Your school may provide you with zero-balance utility bill!",129,7,3,0,0,0,0,6356,0
