,date,tweet_id,tweet_text,tweet_length,retweet_count,favorite_count,hashtag_count,url_count,user_mentions,media_count,follower_count,total_entities
0,2014-10-08,519666355981672451, Watching the #Arkansas gubernatorial debate. Why wasn't @gilbertforgov invited? #arpx,86,7,0,2,0,2,0,290,4
1,2014-10-16,522870858302619648,Huge thanks to @AETN for including all candidates in tonight's debate.,70,6,3,0,0,1,0,290,1
2,2014-10-17,523247658765660160,@arcompassion absolutely! Medicine is medicine!,47,1,3,0,0,1,0,290,1
3,2014-10-21,524682083390988288,Have you early voted?,21,2,1,0,0,0,0,290,0
4,2014-10-22,524741189476814848, I gave @gilbertforgov my vote for governor today! You should look him up and consider doing the same!,102,2,0,0,0,2,0,290,2
5,2014-10-24,525699216682012672,@dylan6_0 what school?,22,0,0,0,0,1,0,290,1
6,2014-10-26,526458966243815424, ELECTION Q&amp;A: 4 seek to succeed Gov. Beebe http://t.co/Jmd5UFlUNX #ARpx @AsaHutchinson @MikeRossUpdates @gilbertforgov #AR,127,5,0,3,1,4,0,290,8
7,2014-10-27,526794625684492288, @gilbertforgov is one of the most honest people I know. Arkansas would be lucky to have him as governor. #arpx,111,9,0,1,0,2,0,290,3
8,2014-10-29,527468108454174720,Make your vote count! Help me end the two party system in Arkansas! #arpx,73,7,1,1,0,0,0,290,1
9,2014-11-02,528980061735878656, Wanna help @lucas_overby @RobertSarvisVA @gilbertforgov Twitter Bomb Monday! https://t.co/eCxszVPGfR,101,2,0,0,1,4,0,290,5
10,2014-11-03,529300457219698688,Show your support! Tweet why you're voting for Frank using this hashtag #GilbertforGov.,87,1,1,1,0,0,0,290,1
11,2014-11-03,529315660807958528, ELECTION Q&amp;A: 4 seek to succeed Gov. Beebe http://t.co/7VBuR7Gbpv  #ARpx @AsaHutchinson @MikeRossUpdates @gilbertforgov #A,127,5,0,3,1,4,0,290,8
12,2014-11-03,529420221225107456,Can't vote for the establishment candidates? Don't sit home! Cast your vote for me!,83,8,2,0,0,0,0,290,0
13,2014-11-03,529061263868194816,Help me end the two party system! Go vote! #arpx http://t.co/VtJnquQxCa,71,12,2,1,0,0,1,290,1
14,2014-11-04,529778646987194368,"Regardless of tonight's results, I'm proud of the work my volunteers have done.",79,0,0,0,0,0,0,290,0
15,2014-11-04,529783217482502144,"If you haven't voted, you have until 7:30. Let your voice be heard! #arpx",73,1,0,1,0,0,0,290,1
16,2014-11-04,529778671360294912, @gilbertforgov my vote has been submitted. Good luck to you and the rest of the libertarian canidates,102,1,0,0,0,2,0,290,2
17,2014-11-04,529473993754300416, #GilbertforGov #VoteLiveFree @gilbertforgov supports school choice. Join my campaign if you do too!  @CommonCores http,119,6,0,2,0,3,1,290,5
18,2014-11-04,529474059575496704, I support giving all Arkansans a pay raise by eliminating the state income tax. #Gilbert4Gov @gilbertforgov #VoteLiveFree,122,2,0,2,0,2,0,290,4
19,2014-11-04,529630713495425024,I'm the only candidate for governor opposed to common core. #arpx,65,3,1,1,0,0,0,290,1
