,date,tweet_id,tweet_text,tweet_length,retweet_count,favorite_count,hashtag_count,url_count,user_mentions,media_count,follower_count,total_entities
0,2014-10-05,518831928901107713,"Register To Vote --&gt; https://t.co/HYts497VDq
Monday, October 6th is the deadline! Let's move #AZForward. http://t.co/boHe6D9VDa",130,25,9,1,1,0,1,6468,2
1,2014-10-06,519217895562563584,Midnight is the deadline to register to vote to move #AZForward! Register here: https://t.co/HYts497VDq http://t.co/8i3L928t8T,126,13,2,1,1,0,1,6468,2
2,2014-10-06,519184799509258241,//t.co/Us2aKEXPp6  #AZForward http://t.co/iU6f1iJubi,52,63,18,1,1,2,1,6468,4
3,2014-10-07,519529365273452544,"View &amp; Retweet our new ad: ""Hike""! http://t.co/Eojz7VybK5 #AZForward",72,21,4,1,1,0,0,6468,2
4,2014-10-07,519536540913909762," Great new ad: Working together w/ Republicans &amp; Democrats, @FredDuVal will move #AZForward! https://t.co/bfoUgMBga4 #AZ",124,8,0,2,1,2,0,6468,5
5,2014-10-07,519547800364023808," .@FredDuVal touts bipartisan cred in new ad, titled ""Hike."" Says AZ can fund education if we put politics aside. https://t.",124,12,0,0,1,2,0,6468,3
6,2014-10-07,519569949656764416, .@FredDuVal up with new image ad 2 days before early balloting begins. http://t.co/RwUO92jhaq #AZGOV http://t.co/MjY6IXdZgR,124,8,0,1,1,2,1,6468,4
7,2014-10-07,519283576031170560," I am endorsing and supporting @FredDuVal for governor. He has a solid plan for how to care for our veterans. #azgov
http:",122,13,0,1,1,2,0,6468,4
8,2014-10-07,519321702182813697, The clock is ticking! The deadline to register to vote in the general election is midnight tonight. Register online http://t.co,128,16,0,0,1,1,0,6468,2
9,2014-10-08,519983201826385920, Miembros del comit latino 'Adelante con Fred' @Steve_Gallardo @FredDuVal @DanielROrtegaJr @MaryRoseWilcox #AZgov http:,119,10,0,1,0,5,1,6468,6
10,2014-10-08,519970662077988864," Together, we can move #AZForward. #azgov
https://t.co/oS8wzbiu1i",65,9,0,2,1,1,0,6468,4
11,2014-10-08,519896257314430976,Thanks to @tixoc for coming into our office today to talk about spreading our message across #Arizona and moving #AZForward!,124,3,2,2,0,1,0,6468,3
12,2014-10-08,519898732725542912, .@LaurieRoberts says she plans to take on @FredDuVal's #darkmoney - as soon as she can find it: http://t.co/6yjlt6kfYl,119,9,0,1,1,3,0,6468,5
13,2014-10-08,519899185341284353, Readers ask: Why no attention to @FredDuVal's #darkmoney? @LaurieRoberts answers: http://t.co/ZBD4ygfXSH,105,5,0,1,1,3,0,6468,5
14,2014-10-08,519911066806255616,Our thoughts and prayers this morning are with the injured DPS officer.,71,7,6,0,0,0,0,6468,0
15,2014-10-08,519915333873057792,"Earlier this week, Jennifer held a book signing for her new book ""Monte &amp; the Magnificent Star,"" at @MildredDildred! http://t.co/M0iUwqC2go",143,5,4,0,0,1,1,6468,1
16,2014-10-08,519918157986029568, .@reginaldbolding says Arizonans should elected @FredDuVal for the sake of education http://t.co/jjKLsDYGNX,108,11,0,0,1,3,0,6468,4
17,2014-10-08,519940533612199936," ""For the sake of education, Arizona needs to elect @FredDuVal."" #AZForward #azgov
http://t.co/WG8Yc2J4Fh",105,13,0,2,1,2,0,6468,5
18,2014-10-08,519950159539884033, Howie @azcapmedia Fischer reports how @FredDuVal and @dougducey view three big social issues. #azgov http://t.co/fzvuS3,120,3,0,1,1,4,0,6468,6
19,2014-10-09,520334425851437056," Presentan grupo ""Republicanos por DuVal""
http://t.co/VAa0PWLQZl @FredDuVal #Arizona @AZDemParty @AZDemocrat @LaVozaz http",122,8,0,1,1,5,1,6468,7
20,2014-10-09,520321835913584641,The election starts now! Join #TeamFred to help us move #AZForward! --&gt; http://t.co/mHYFn9PPEg http://t.co/bnVx5becj5,120,13,12,2,1,0,1,6468,3
21,2014-10-10,520705518542008321,Raising the federal minimum wage to $10.10/hour would lift millions of Americans out of poverty. #RaiseTheWage,110,19,18,1,0,0,0,6468,1
22,2014-10-10,520694722332196864, This election for #AZGOV is BIG! Let's not do the same thing over and over and expect different results! @FredDuVal http://t.co,128,8,0,1,1,2,0,6468,4
23,2014-10-10,520696229022666752,I've got a detailed blueprint to create jobs &amp; grow #Arizona's economy. Read more about it here: http://t.co/ZW5sPP0DoG,123,15,6,1,1,0,0,6468,2
24,2014-10-10,520723560898519040,"Thank you, @tixoc! RT @tixoc: @FredDuVal @1Barbara1 @GEVetter @billyscheel i just voted for my friend DuVal http://t.co/osl0jeU4oB",130,5,10,0,1,6,0,6468,7
25,2014-10-11,521007870155186176,BIG: Governor Brewer's pollster finds Fred DuVal in the lead! #AZForward! RT to help spread the word! http://t.co/A4JIwRwuP6,124,60,30,1,0,0,1,6468,1
26,2014-10-11,520988480282034176,Spending the first day of GOTV in #Tucson talking with people about moving #AZForward!,86,8,10,2,0,0,0,6468,2
27,2014-10-11,521050978528022528, Jan Brewer's pollster: @FredDuVal leads governor's race by 3! #AZForward #azgov http://t.co/js62sNHHGt http://t.co/YfXCxP1w,124,26,0,2,1,2,1,6468,5
28,2014-10-12,521358277368483842, Arizona Daily Star endorses Fred DuVal for Governor http://t.co/yhJRjhCd60,75,9,0,0,1,1,0,6468,2
29,2014-10-12,521341274700652544,"Growing up, I delivered copies of the @TucsonStar. I'm grateful they have endorsed our campaign for #AZGOV. http://t.co/6PEFmLDItn",130,26,23,1,1,1,0,6468,3
30,2014-10-12,521345503515402240,"The Arizona Daily Star endorses Fred DuVal for Governor!  Read it here: http://t.co/6PEFmLDItn
#AZForward http://t.co/H8ZJ2fykRF",128,21,19,1,1,0,1,6468,2
31,2014-10-12,521393870618124289, The @TucsonStar editorial page endorses @FredDuVal  for governor. #azgov http://t.co/thLPSw6UKw,96,17,0,1,1,3,0,6468,5
32,2014-10-13,521752744919851008, GUEST OPINION: Im a Latina and Im voting for @FredDuVal by @LydiaGuzman http://t.co/q89UeK7AUt,95,12,0,0,1,3,0,6468,4
33,2014-10-13,521780302364950529,Early ballots arrive today! Join #TeamFred to help us move #AZForward! --&gt; http://t.co/bpUtzmX42k http://t.co/BV2G1ldCdL,123,12,8,2,1,0,1,6468,3
34,2014-10-14,522090061522014208,Looking forward to this afternoon's last #azgov debate. Tune into http://t.co/xczUI5bcon at Noon to watch!,106,17,13,1,1,0,0,6468,2
35,2014-10-14,521845300223553536,"Thanks for your support, Mike! RT @mikewatersaz: @FredDuVal My completed ballot went in the mail Saturday! I voted for you!",123,4,8,0,0,2,0,6468,2
36,2014-10-14,522093787351621632, .@FredDuVal greets voters.#azgov http://t.co/S0zaq7o2S0,56,7,0,1,0,2,1,6468,3
37,2014-10-15,522467623209291777," #AZ07 foes @RubenGallego, @MaryRoseWilcox, @Steve_Gallardo will appear together at Latinos for @FredDuVal rally on Thursday",124,11,0,2,0,5,0,6468,7
38,2014-10-15,522432665614839808,Thanks to @RedemptionGIL for inviting me to speak with your congregation last night!,84,0,3,0,0,1,0,6468,1
39,2014-10-15,522432713081778176," Tonight you'll hear first hand from #azgov candidate, #FredDuVal (D) articulate his position. http://t.co/YKbTIHTWSy htt",121,3,0,2,1,1,1,6468,4
40,2014-10-15,522443281029169153," ""@FredDuVal gets this Republicans vote for governor."" #AZForward #azgov http://t.co/47zKqnzKzX",95,8,0,2,1,2,0,6468,5
41,2014-10-15,522467568351985664,.@dougducey has a hard time saying if he supports Medicaid restoration. #azgov https://t.co/XYYsgwnPcc,102,13,4,1,1,1,0,6468,3
42,2014-10-15,522499909057282048, My priority is to assure that we adequately fund schools. - @FredDuVal #AZForward #azgov http://t.co/xekWwsUsbs,112,6,0,2,1,2,0,6468,5
43,2014-10-16,522759926331215872," At the @GPBCC_PHX @FredDuVal makes his fast pitch, talking about need for  policies that reward, promote talent http://t.co",124,6,0,0,0,3,1,6468,3
44,2014-10-16,522552768851357696, Opinion: A vote for @FredDuVal is a vote for education http://t.co/V6eLAV0wbd,78,22,0,0,1,2,0,6468,3
45,2014-10-16,522759942680637440, .@FredDuVal won the coin toss! #fastpitch @GPBCC_PHX http://t.co/XG1O0V6tOh,76,7,0,1,0,3,1,6468,4
46,2014-10-16,522759960888115201, Governor candidate @FredDuVal gives his #fastpitch at the @gpbcc_phx event. http://t.co/06kmwJuHlz,99,8,0,1,0,3,1,6468,4
47,2014-10-16,522824487096832000," ""A vote for @FredDuVal is a vote for education."" #AZForward #azgov http://t.co/e1anS9bpNU",90,19,0,2,1,2,0,6468,5
48,2014-10-16,522880310254387200,We're grateful to have the endorsement of the Prescott Daily Courier (@TheDailyCourier)! #AZForward http://t.co/GO8LU7Imqi,122,24,17,1,1,1,0,6468,3
49,2014-10-17,523169608820211713, Nelda Major and Karen Bailey walk into Maricopa County Clerk's  office. First same-sex couple to get http://t.co/w5euh0G,121,29,0,0,1,1,0,6468,2
50,2014-10-17,523130665709993985,"As Americans, our civil rights must never be denied. As Arizonans, we believe that liberty is a cause worth fighting for. #Equality",131,33,27,1,0,0,0,6468,1
51,2014-10-17,523130841338511360,This ruling sends an emphatic message that no one should be treated differently under the law because of who they are or who they love.,135,44,43,0,0,0,0,6468,0
52,2014-10-17,523131068434509824,Couples in committed relationships who want to marry should not face interference from politicians of either party. #LoveIsLove,127,29,31,1,0,0,0,6468,1
53,2014-10-17,523134160034996226,"#Equality is a just cause, and now is the time for #Arizona families to celebrate their newfound freedom. #LoveIsLove http://t.co/scYGtwVz1u",140,86,68,3,0,0,1,6468,3
54,2014-10-17,523153160282460160,Tom Horne ought to begin instructing county clerks to start issuing marriage licenses to same-sex couples across #Arizona. #Equality,132,27,28,2,0,0,0,6468,2
55,2014-10-17,523164627580891136,"Tom Horne will not appeal marriage equality, and county clerks can begin issuing licenses immediately! #Equality",112,48,40,1,0,0,0,6468,1
56,2014-10-17,523168016725336064, Welcome All to the Clerk's Office. Your marriage license awaits and we are ready to serve you!,95,473,0,0,0,1,0,6468,1
57,2014-10-17,523168832530046976, .@FredDuVal: Couples in committed relationships who want to marry should not face interference from politicians of eith,120,16,0,0,0,2,0,6468,2
58,2014-10-17,523253700463431681,Talking with Jamie and Laura Anne in #Flagstaff who got married today after 15 years together. #Equality http://t.co/xpJm9AhxtX,127,32,46,2,0,0,1,6468,2
59,2014-10-18,523560099319513088,Thanks to @GabbyGiffords for visiting #Phoenix on her #ProtectAllWomen tour!,76,4,9,2,0,1,0,6468,3
60,2014-10-18,523501929499217920, Menudo and canvassing for @FredDuVal  means a great morning. Let's win. @dg4az,79,7,0,0,0,3,0,6468,3
61,2014-10-18,523521682368372736," Just enjoyed some ""como hecho en casa"" menudo con @FredDuval at El Portal!#AzForward #blue #Governor #Vote",107,5,0,4,0,2,0,6468,6
62,2014-10-18,523521695173599232, Another day covering all of #LD19 for @FredDuVal!,50,2,0,1,0,2,0,6468,3
63,2014-10-18,523522285651886080,Thanks to everyone that came out to El Portal to kick off their Saturday with menudo and canvassing! #AZForward http://t.co/Fi5bS0pEBc,134,15,14,1,0,0,1,6468,1
64,2014-10-18,523536664657145856, Meeting with a group of African American leaders and @FredDuVal to discuss how to build a better #AZ! http://t.co/99B1,119,8,0,1,0,2,1,6468,3
65,2014-10-18,523561824617132033,I stand with @GabbyGiffords on common sense background checks that keep guns out of the hands of felons &amp; domestic abusers #ProtectAllWomen,143,23,25,1,0,1,0,6468,2
66,2014-10-20,524275951702532096,We're excited to be meeting with the Navajo Nation Council today in Window Rock! #AZForward,91,6,9,1,0,0,0,6468,1
67,2014-10-20,524331815503290368,I'm grateful that the Navajo Nation Council (@22ndNNC) has endorsed our campaign for governor! #AZForward #azgov http://t.co/2eBVrMuiHd,135,37,18,2,1,1,0,6468,4
68,2014-10-21,524607653243547649,#Arizona's teachers support Fred for #azgov! RT to spread the word! https://t.co/pn2Shm1BFM,91,32,15,2,1,0,0,6468,3
69,2014-10-21,524664688123334656,Met with a group of volunteers making calls to move #AZForward this afternoon in Scottsdale! http://t.co/qjCGAoAq1P,115,6,8,1,0,0,1,6468,1
70,2014-10-22,524965894142038017,"Our campaign is receiving unprecedented support: more than 7,800 of you have contributed to move #AZForward! http://t.co/4rLePEwfm6",131,9,9,1,0,0,1,6468,1
71,2014-10-22,525069460190015489,"WATCH &amp; RT our new TV ad ""Forward""! https://t.co/xlqu4yKxqs",63,7,3,0,1,0,0,6468,1
72,2014-10-23,525373276181499905,"Fred working away in his mobile office. Less than two weeks to go, every minute counts!  #AZForward http://t.co/EMp8sBEmZI",122,8,9,1,0,0,1,6468,1
73,2014-10-23,525407416369020928,Thanks to John C Scott for having me in studio today to talk about moving #AZForward. Tune into 1210 AM now! http://t.co/Xc6GYRPOWu,131,6,6,1,0,0,1,6468,1
74,2014-10-24,525702157384028160, Az Educators Assoc endorse Fred DuVal for gov. https://t.co/KWJFk0a4fl,71,19,0,0,1,1,0,6468,2
75,2014-10-24,525704730564382720," Teacher Amber Gould: statistically, I should be thinking of quitting my job. I need leader who will restore cuts. http:/",121,15,0,0,0,1,1,6468,1
76,2014-10-24,525732169319460866,Today is the last day to request an early ballot and early voting locations are open across the state. #AZForward! http://t.co/DXp4wx2lk2,137,15,4,1,0,0,1,6468,1
77,2014-10-24,525705868370014208," ""My top priority is to stop the cuts to our public schools."" -@FredDuVal #azvotes #cronkitenews",96,7,0,2,0,2,0,6468,4
78,2014-10-24,525442489332039680, Still talking to voters about @FredDuVal #LD19 #birthday http://t.co/LfROY20diH,80,5,0,2,0,2,1,6468,4
79,2014-10-24,525702122223181824, Check in with @cronkitenews for details on @FredDuVal's education goals for Arizona. #azvotes,94,1,0,1,0,3,0,6468,4
80,2014-10-24,525702132931231744, #Arizona educators supporting @FredDuVal today in Phoenix! http://t.co/geJozdHxvD,82,12,0,1,0,2,1,6468,3
81,2014-10-25,526118225525096448, GOTV time! @FredDuVal @TerryGoddardAZ @FeleciaForAZ @dg4az @reginaldbolding @sdksandra @jimholway @Rios_Rebecca http:/,119,13,0,0,0,9,1,6468,9
82,2014-10-25,526060629329981440, #canvassing #northphoenix for @FredDuVal #womenchoosefred #azgov http://t.co/TWHYKrdb1E,88,9,0,4,0,2,1,6468,6
83,2014-10-25,526067408369627136," Wouldn't it be great if all gubernatorial candidates spent time in #Maryvale? Thanks, @FredDuVal !!! #FRED2014 http://t.c",122,14,0,2,0,2,1,6468,4
84,2014-10-25,526079708505866244, Thank you to AZ's next governor @FredDuVal for kicking off today's west side canvass. #FRED2014 http://t.co/clVYIBAz17,119,5,0,1,0,2,1,6468,3
85,2014-10-25,526081611558031360,WATCH: World famous TV host Hugh Downs is supporting Fred for governor http://t.co/KasCtycgPv #AZForward!,105,15,12,1,1,0,0,6468,2
86,2014-10-25,526112844816064513,"Really enjoyed being in the ""Winner's Circle"" at @turf_paradise for today's first race: Veterans for Fred DuVal! http://t.co/815PnVu1ix",135,10,5,0,0,1,1,6468,1
87,2014-10-26,526481327261237249,#TeamFred watching the game. #GoCards! http://t.co/nVBJQSyx0h,61,4,5,2,0,0,1,6468,2
88,2014-10-26,526199968898744320, Newly aggressive @FredDuVal attacks @DougDucey http://t.co/pPPyyaAkGS via @azcentral,85,18,0,0,1,4,0,6468,5
89,2014-10-28,527165922642259968,Actress and community activist @EvaLongoria endorses Fred DuVal for governor! RT to help spread the word. http://t.co/KunCmeoiDN #AZForward,139,20,13,1,1,1,0,6468,3
90,2014-10-29,527538381887393792,Going on live with Bill Buckmaster on @1030_KVOI now!,53,5,2,0,0,1,0,6468,1
91,2014-10-29,527602009386803200, Eva Longoria Respalda a Fred DuVal para Gobernador. http://t.co/FIk3SQdvyf,75,10,0,0,1,1,0,6468,2
92,2014-10-29,527575566632108032,"There's been a lot of hateful, false attacks spread about Fred, but we're more committed than ever to moving #AZFWD  http://t.co/8xrUpzMgGe",139,18,6,1,1,0,0,6468,2
93,2014-10-29,527319949698945025, @FredDuVal explains what is at stake in 2014 election to a packed @D28Dems house of volunteer phonebankers. http://t.co/U,122,7,0,0,0,3,1,6468,3
94,2014-10-29,527307320632815616," The LD28 Dream Team! @FredDuVal @DrEricMeyer @KelliButlerAZ. 

Can you help us move #AZForward before #ElectionDay? http://t.c",127,13,0,2,0,4,1,6468,6
95,2014-10-29,527294770436390912,"Great to see @DrEricMeyer, @KelliButlerAZ &amp; a great group of volunteers at @D28Dems tonight! http://t.co/Jf9VN1Bw7R",119,9,6,0,0,3,1,6468,3
96,2014-10-29,527292906093441025," @FredDuVal supporting LD28 SuperVolunteer, Alice Bendheim. http://t.co/JTh7StCwaV",82,3,0,0,0,2,1,6468,2
97,2014-10-29,527279948701368320,Thanks to @USG_ASU for inviting me to speak at #SparkingDemocracy tonight! http://t.co/gnZb9d93Zg,97,13,13,1,0,1,1,6468,2
98,2014-10-29,527279382449360897, So great to meet @FredDuVal at ASU tonight! I believe that he is truly looking out for us students #AZforward,110,5,0,1,0,2,0,6468,3
99,2014-10-29,527277349776412673, Thank you @FredDuVal for speaking to ASU students tonight! He is the only candidate we can trust to support higher educ,120,8,0,1,0,2,0,6468,3
100,2014-10-29,527275125130145793," ""When I am governor I will veto any other bill that cuts another penny from public education."" @FredDuVal #USGsparkingdemocracy",128,13,0,1,0,2,0,6468,3
101,2014-10-29,527268956277850112, Candidate Fred Duval is here now! Come hear what he has to say @FredDuVal  #USGsparkingdemocracy http://t.co/TrLdkCMgNp,120,7,0,1,0,2,1,6468,3
102,2014-10-29,527259658604793856, LISTEN: @EvaLongoria's pre-recorded phone call for @FredDuVal https://t.co/k6Sb55PLI0 #azgov,93,8,0,1,1,3,0,6468,5
103,2014-10-29,527259624211496960, NEW: Latina actress @EvaLongoria endorses @FredDuVal for Arizona governor. Cc @dougducey #azgov,96,23,0,1,0,4,0,6468,5
104,2014-10-30,527890799477137409," ""The success of #Arizona families is what's most important to me."" - @FredDuVal #AZForward #azgov
http://t.co/wNDlZOhedr",121,10,0,3,1,2,0,6468,6
105,2014-10-30,527943571182456832," Just stopped by the FredQuarters and spent some time with our next Gov, @FredDuVal! #FRED2014 HighEnergy #Volunteer #VOTE",122,5,0,3,0,2,0,6468,5
106,2014-10-30,527627592762134529, Could not be more proud to cast my first general election vote for such an amazing individual as @FredDuVal! http://t.,119,12,0,0,0,2,1,6468,2
107,2014-10-30,527642025345040384," ""When you vote...we're going to invest in schools and turn this economy around. Together we'll move #AZForward."" http://t.c",124,9,0,1,1,1,0,6468,3
108,2014-10-30,527871385369317376,Tomorrow morning is your last chance to mail in your early ballot! Fill it out &amp; mail it back to help move #AZForward http://t.co/YLMTEUFMwd,144,20,7,1,0,0,1,6468,1
109,2014-10-30,527887796200284160, Just mailed in my ballot for @FredDuVal @kyrstensinema @TerryGoddardAZ @FeleciaForAZ and @dg4az ! It's time to move #AZ,120,11,0,1,0,6,0,6468,7
110,2014-10-31,528251316230176768, VIDEO: American business magnate @boonepickens says he if he moved to Arizona he'd vote for @FredDuVal -- http://t.co/XOF,122,7,0,0,1,3,0,6468,4
111,2014-10-31,528319274285563905, .@FredDuVal talking with @kgun9 about today's event with @DrBiden &amp; @RonBarberAZ. http://t.co/yNWtDKLXG2,109,6,0,0,0,5,1,6468,5
112,2014-10-31,528322556756230144," ""We have one of the most important congressional district races here."" -@FredDuVal, also stressed education again. http://t.c",126,2,0,0,0,2,1,6468,2
113,2014-10-31,528322582354087936, .@FredDuVal introducing @RonBarberAZ   &amp; @DrBiden. http://t.co/T5ZFt4utRk,78,6,0,0,0,4,1,6468,4
114,2014-10-31,528332524679073792,Thanks to @DrBiden for coming to #Tucson today to talk about improving our schools and moving #AZForward! http://t.co/w8fqBQ3qJJ,128,22,24,2,0,1,1,6468,3
115,2014-10-31,528324325620072448, .@DrBiden: @FredDuVal's job and education ideas aren't Republican or Democratic ideas -- they're common sense ideas. http://t,126,12,0,0,0,3,1,6468,3
116,2014-10-31,527982702822432769," Latino leaders from our community stand w/@FredDuVal, awesome job #AdelanteConFred committee! #AZForward http://t.co/6qh6X1",124,19,0,2,0,2,1,6468,4
117,2014-10-31,528032391571324928, Great night out with Jennifer and Fred DuVal http://t.co/STJmINaWEz,68,2,0,0,0,1,1,6468,1
118,2014-10-31,528233435836739585,"GOP businessman T. Boone Pickens: ""If I move to #Arizona, I will vote for @FredDuVal"" #AZForward https://t.co/ypJO7Qdzr0",120,10,6,2,1,1,0,6468,4
119,2014-10-31,528233958103056385," T. Boone Pickens: ""I can tell you this, if I move to Arizona, I will vote for @FredDuVal, Video: 
https://t.co/Utt4OhFu",120,11,0,2,1,2,0,6468,5
120,2014-10-31,528235101558407169," Oilman T. Boone Pickens: ""Never voted for Dem for gov of anything, but if I move to #AZ I'll vote for @FredDuVal' http://t",123,26,0,1,1,2,0,6468,4
121,2014-11-01,528633278879006720,Stop #2 in Tempe: talking with volunteers and @FOX10Phoenix at the @ld18dems office. http://t.co/bWE4KUF6dM,107,8,9,0,0,2,1,6468,2
122,2014-11-01,528372951331385344,"We had a long day today, but I had to get home in time to go trick-or-treating with Lightning McQueen! http://t.co/7vOuR0fYqs",125,11,20,0,0,0,1,6468,0
123,2014-11-01,528565607407816705,"WATCH: Tuesday, November 4, 2014 is the day we can change our future and move #AZForward! http://t.co/SlzgdENm09 RT to help spread the word!",140,12,2,1,1,0,0,6468,2
124,2014-11-01,528593813154324480, Great #GOTV canvass kickoff in #LD28 w/ @FredDuVal @dg4az @DrEricMeyer @KelliButlerAZ! Lots of energy! Let's do this!,118,6,0,2,0,5,0,6468,7
125,2014-11-01,528600641879683072,Meeting with a great group of volunteers making phone calls to move #AZForward at the @LD23dems office! http://t.co/M9I8euKuNQ,126,5,5,1,0,1,1,6468,2
126,2014-11-01,528608902511083521," .@FredDuVal, @FeleciaForAZ, @TerryGoddardAZ and @dg4az want YOU to help move #AZForward by VOTING on Tuesday! http://t.co/O",124,10,0,1,1,5,0,6468,7
127,2014-11-01,528613558788304896,"Meeting with supporters in Tempe, helping to move #AZForward and keep @kyrstensinema in Congress! http://t.co/qdGa2KxN6w",120,11,7,1,0,1,1,6468,2
128,2014-11-01,528614533028663296," .@FredDuVal, Jennifer DuVal, and @dg4az working the phones, reminding folks to vote on Tuesday! #GOTV http://t.co/fr3oirEJ6g",125,10,0,1,0,3,1,6468,4
129,2014-11-01,528615718250872832, .@FredDuVal talking with @12News at the @D26Dems office in Tempe. #GOTV #AZForward http://t.co/3t8c0widQJ,106,8,0,2,0,4,1,6468,6
130,2014-11-01,528671611847995392,Talking with new voters about moving #AZForward in south Phoenix. http://t.co/VWjhhME8VT,88,8,10,1,0,0,1,6468,1
131,2014-11-02,529042233736331264, .@FredDuVal talking w/@KVOA about winning his hometown on Tuesday night and moving #AZForward. #TucsonisDuValCountry http://t,126,9,0,2,0,3,1,6468,5
132,2014-11-02,528698552135204864,Thanks to the BIG group of volunteers helping us get out the vote in #PHX! #AZForward http://t.co/dBoIIosij2,108,5,8,2,0,0,1,6468,2
133,2014-11-02,528709620517568512,Last stop of the day in Surprise! Thanks to everyone across #Arizona who's helping us get out the vote! http://t.co/QxsLc2x4Al,126,8,7,1,0,0,1,6468,1
134,2014-11-02,528721136335745025, Aftermath of a successful #GOTV Saturday. #LD28 canvass for @FredDuVal @dg4az @DrEricMeyer http://t.co/rIUUw2fxUO,114,5,0,2,0,4,1,6468,6
135,2014-11-02,528744996997173249," Thanks volunteers, @FredDuVal , @DrEricMeyer &amp; @KelliButlerAZ for a great day in #LD28 http://t.co/5vyZ4dwDBO",114,4,0,1,0,4,1,6468,5
136,2014-11-02,528745511768305664, I have had the best day campaigning in Phoenix Arizona for candidates who have always stood up for all people! @Steve_Gal,122,7,0,0,0,3,0,6468,3
137,2014-11-02,528950856881029121, @FredDuVal &amp; @dg4az rallying our troops b4 Sunday walk #GOTV http://t.co/GK52rtpwue,88,7,0,1,0,3,1,6468,4
138,2014-11-02,528955023628447744,Thanks to #TeamGallego for helping us kick off this morning's canvass with @dg4az! #AZForward http://t.co/u2KFTBZG5R,116,6,11,2,0,1,1,6468,3
139,2014-11-02,528997212294885376, Canvassing in the rain for @FredDuVal and @Ann_Kirkpatrick! #AZForward #AZ01 (http://t.co/zMDMGcMzbZ) http://t.co/h6IBIJTZ,123,4,0,2,1,3,1,6468,6
140,2014-11-02,528998909239390209,Stopped by the #Tucson FredQuarters to meet with some of our great volunteers! #GOTV #AZForward http://t.co/iVelKsfNCv,118,3,7,3,0,0,1,6468,3
141,2014-11-02,529017229669847040,Thanks to the big group of volunteers who came out to the @PimaCountyDems office to help get out the vote. #AZForward http://t.co/AhRPvR5fXz,140,10,10,1,0,1,1,6468,2
142,2014-11-02,529036381977591808,Kicking off an afternoon #TeamBarber canvass with @dg4az &amp; @RonBarberAZ! #GOTV #AZForward http://t.co/NqoUTBzzlC,116,2,5,3,0,2,1,6468,5
143,2014-11-02,529052771086262272,Taking a break from phone calls to watch a few minutes of #DENvsNE with volunteers in Oro Valley. http://t.co/JhQj1X9unl,120,6,6,1,0,0,1,6468,1
144,2014-11-03,529366653013069825, .@FredDuVal talking with @FOX10Phoenix at the @D28Dems office about moving #AZForward! http://t.co/exvkcvrmYa,110,9,0,1,0,4,1,6468,5
145,2014-11-03,529106599802339328, Thanks @FredDuVal and @dg4az for coming out and reminding us why this election is so important! http://t.co/GYaJvZVMDr,119,6,0,0,0,3,1,6468,3
146,2014-11-03,529316710508425216, Tomorrow is Election Day. Remember to go vote. @FredDuVal @dg4az #azvote #azgov,80,10,0,2,0,3,0,6468,5
147,2014-11-03,529321970371166208,Jennifer Hecker DuVal shares why we need to elect Fred to move #AZForward. RT to help spread the word http://t.co/LYsLEDAPe2,124,20,10,1,1,0,0,6468,2
148,2014-11-03,529327233283149825, .@HillaryClinton's calling #Arizona voters for @FredDuVal! https://t.co/xOZweQIBOx,83,13,0,1,1,3,0,6468,5
149,2014-11-03,529328682880741377," .@HillaryClinton records robo call for @FredDuVal: ""I know he would make you a great governor.""  https://t.co/v1XoNOXtYd",121,12,0,1,1,3,0,6468,5
150,2014-11-03,529357442719956992, LD28 comes out strong for @FredDuVal #LetsVote http://t.co/dwtQgyaRrZ,70,6,0,1,0,2,1,6468,3
151,2014-11-03,529364561439502336," .@FredDuVal interviewing with @TelemundoAZ! Talking immigration, #DREAMERS &amp; a better #Arizona! http://t.co/Jk1parzkzb",123,6,0,2,0,3,1,6468,5
152,2014-11-03,529364581567971329, @FredDuVal once again brings excitement &amp; optimism to @D28Dems . http://t.co/4bPqoKbXVW,92,8,0,0,0,3,1,6468,3
153,2014-11-03,529367771524919296, @FredDuVal leading by example and making calls to voters in LD28! http://t.co/UsIDVASoTE,89,8,0,0,0,2,1,6468,2
154,2014-11-03,529368248111087616, .@FredDuVal talking with @dennis_welch of @3TVNews about tomorrow's general election. #AZForward http://t.co/cLkJY4yIF0,120,10,0,1,0,4,1,6468,5
155,2014-11-03,529372512313180160," While @dougducey rallies in northern AZ, @FredDuVal talks priorities at #GOTV event if elected governor http://t.co/NzX",120,9,0,1,0,3,1,6468,4
156,2014-11-03,529406065486856192, Election Eve walk with @FredDuVal and @RubenGallego. Going out to #GOTV and #turnazblue http://t.co/mdqwTIcqpy,111,9,0,2,0,3,1,6468,5
157,2014-11-03,529406078287880192, #CD7's next Congressman @RubenGallego introducing #Arizona's next governor @FredDuVal before this afternoon's canvass http://,126,11,0,2,0,3,1,6468,5
158,2014-11-04,529700436224524290, Working for @FredDuVal in Pinon today http://t.co/9w4yvEcgxD,61,2,0,0,0,2,1,6468,2
159,2014-11-04,529437248660733952, Polls in Arizona open in 12 hours! Still out knocking on doors to bring it home for @FredDuVal! #azgov #AZForward,114,9,0,2,0,2,0,6468,4
160,2014-11-04,529438833793056768, @brahmresnik and Fred Duval before the big night. The candidate for governor even took some calls. Watch @12News at 6 http:,124,11,0,0,0,3,1,6468,3
161,2014-11-04,529441718685671424, .@HillaryClinton endorses @FredDuVal for #AZ governor! #AZForward #azgov https://t.co/UkuJoFF1JP,97,31,0,3,1,3,0,6468,7
162,2014-11-04,529623852331331584,Polls are open! Find yours and vote! https://t.co/rW1jSNiGRO,60,26,19,0,1,0,0,6468,1
163,2014-11-04,529634475979067392, Just got home from voting! Proud to help elect @FredDuVal @TerryGoddardAZ @FeleciaForAZ and @dg4az to move #AZForward!,119,5,0,1,0,5,0,6468,6
164,2014-11-04,529634493674835968, Took my lil sister voting for her first time! And we got to vote for @FredDuVal!!!Very exciting morning and it's not even,122,4,0,0,0,2,0,6468,2
165,2014-11-04,529648920528711681," Did my part in moving #AZForward! Now it's your turn! Get out &amp; Vote, guys! @FredDuVal @TerryGoddardAZ @dg4az @kyrstens",124,11,0,1,0,5,0,6468,6
166,2014-11-04,529648940791365632, Vote. Vote. Vote. Hoping my home state moves forward. #AZForward let's elect @FredDuVal,88,4,0,1,0,2,0,6468,3
167,2014-11-04,529648969987936256," My entire family, 5 first time voters, proudly voted for @FredDuVal! http://t.co/iavWe5mnWg",92,8,0,0,0,2,1,6468,2
168,2014-11-04,529649048140390400, Go out and #Vote !! #democrats all the way!! @RonBarberAZ @FredDuVal #BlueAZ2014 http://t.co/XCs9B1YTgI,104,6,0,3,0,3,1,6468,6
169,2014-11-04,529649076011565056, @FredDuVal saw this little gem at the gas station just now. I think it's a good sign :-) #AZForward #FredDuval #AZ http://t,124,3,0,3,0,2,1,6468,5
170,2014-11-04,529649091496919042, Vote for a better Arizona! Vote for @FredDuVal,47,8,0,0,0,2,0,6468,2
171,2014-11-04,529655617385164800, VOTING DAY! Get out &amp; vote. Let's turn things around #Arizona! GO @FredDuVal @FeleciaForAZ @RubenGallego @kyrstensinema #2014m,131,4,0,2,0,5,0,6468,7
172,2014-11-04,529657155579035650, Voted! @FredDuVal may the odds be ever in your favor! http://t.co/kebsLNQKuq,77,5,0,0,0,2,1,6468,2
173,2014-11-04,529657316543827970, Call our election protection hotline to report any problems at the polls: 1-844-VOTE-4AZ or 1-844-868-3429. RT to pass it o,124,9,0,0,0,1,0,6468,1
174,2014-11-04,529663279950733312, @FredDuVal my husband and I were the first two voters at Fulton Ranch today!  Wishing you the best of luck!,108,1,0,0,0,2,0,6468,2
175,2014-11-04,529664818689871872,//t.co/qhIloz28LU,17,36,12,2,0,0,1,6468,2
176,2014-11-04,529668523812220928, Hey @FredDuVal! http://t.co/JFOmQpBsOg,39,1,0,0,0,2,1,6468,2
177,2014-11-04,529669673336717312, Arizonans - go VOTE! @Ann_Kirkpatrick #AZ01 @RonBarberAZ #AZ02 @kyrstensinema #AZ09 @FredDuVal #AZGov,102,9,0,4,0,5,0,6468,9
178,2014-11-04,529670581357404160," Hey, @FredDuVal my wife and I voted for you this morning! We #VoteBlue around here.",84,1,0,1,0,2,0,6468,3
179,2014-11-04,529670600739274752, Get out and vote! @FredDuVal http://t.co/BCuVRPz6Ym,52,3,0,0,0,2,1,6468,2
180,2014-11-04,529673270787059712, @FredDuVal I voted for you two weeks ago! #earlyballot,55,1,0,1,0,2,0,6468,3
181,2014-11-04,529673572802129920," Proud to cast my vote this morning for @FredDuVal, the man who will move #AZForward http://t.co/FpyvmhTLIn",107,12,0,1,0,2,1,6468,3
182,2014-11-04,529673645908819969, I voted for Fred Duval!!!! @FredDuVal !! #govote,49,2,0,1,0,2,0,6468,3
183,2014-11-04,529674482441789440," @FredDuVal Early voted for you as soon as we got the ballot in the mail a few weeks ago. Go, Duval!",100,2,0,0,0,2,0,6468,2
184,2014-11-04,529675981641244672," My husband and I, both former Republicans, voted for @FredDuVal to move #AZForward!",84,13,0,1,0,2,0,6468,3
185,2014-11-04,529676282871943169, Proud to vote for @FredDuVal @TerryGoddardAZ @FeleciaForAZ and @dg4az today - let's move #azforward (and keep #AZ off o,120,8,0,2,0,6,0,6468,8
186,2014-11-04,529682394698506240, Yes I am a registered Republican who voted today for @FredDuVal #moveazforward,79,6,0,1,0,2,0,6468,3
187,2014-11-04,529683370885005312, My entire Republican family voted for @FredDuVal,49,11,0,0,0,2,0,6468,2
188,2014-11-04,529687855535517696, Grabbing some coffee and layering up to stand in line to vote for @FredDuVal and @RepKirkpatrick. #AZForward,109,3,0,1,0,3,0,6468,4
189,2014-11-04,529695949074231296, Dem candidate for #azgov @FredDuVal casts his vote this morning in Phoenix #AzElection http://t.co/NWe1WDLk2k,110,9,0,2,0,2,1,6468,4
190,2014-11-04,529782825327656960,"Polls are open until 7PM. If you're just getting off work, you still have 2 hours to vote! Find your polling place: https://t.co/1TuomdUuu7",139,11,8,0,1,0,0,6468,1
191,2014-11-04,529768544494288897, Our Tempe office is full of vols calling for our great candidates! @FredDuVal @MitziEpstein @hydrickforaz #AZForward http://t,126,3,0,1,0,4,1,6468,5
192,2014-11-04,529757076906860544, Excited to #Vote for the first time in AZ! Proud to cat my ballot for @FredDuVal @RonBarberAZ #GOTV http://t.co/R59lc9YkLK,123,4,0,2,0,3,1,6468,5
193,2014-11-04,529750523948593153, In #LD18 w @BTScheel - ready to go back out on behalf of @FredDuVal and @MitziEpstein http://t.co/6lZn8GsKUU,109,4,0,1,0,4,1,6468,5
194,2014-11-04,529743095492255744," Out canvassing #LD18 for @MitziEpstein and @FredDuVal for #azgov with @billyscheel, some good Election Day father-son time. I",126,8,0,2,0,4,0,6468,6
195,2014-11-04,529715434170638336, Arizona Democrat candidate for governor Fred DuVal leaves polling place in Phoenix after voting Tuesday. http://t.co/0enDUY,124,10,0,0,0,1,1,6468,1
196,2014-11-04,529714349217439745, Politicians smile for selfies too! @shaq24 poses w/ AZ gov candidate @FredDuVal #CNNElection: http://t.co/ChdnSCP0IN http:/,124,15,0,1,1,3,1,6468,5
197,2014-11-04,529709827908722688,Our family just voted to improve our schools &amp; move #AZForward! #GOTV http://t.co/e2p6yHntQh,96,12,26,2,0,0,1,6468,2
198,2014-11-04,529709344607461376, Democratic nominee for governor @Fred DuVal after voting for both Democratic and Republican candidates. http://t.co/PAmRt,122,6,0,0,0,2,1,6468,2
199,2014-11-04,529698918159089664, Repping @FredDuVal on ASU Tempe campus today! Vote for the only candidate who supports education in AZ! #AZForward http,120,9,0,1,0,2,1,6468,3
200,2014-11-04,529698929555017728, Please vote for  @FredDuVal to put Arizona first,49,5,0,0,0,2,0,6468,2
201,2014-11-04,529784533021753345, Watch @cronkitenews to hear what Democratic Candidate Fred DuVal had to say after he cast his vote today #Vote2014 http://t.,125,6,0,1,0,2,1,6468,3
202,2014-11-04,529700470106128387, .@FredDuVal and his family voting in #Phoenix. #AZForward http://t.co/y6So5ZZ3WG,81,12,0,2,0,2,1,6468,4
