,date,tweet_id,tweet_text,tweet_length,retweet_count,favorite_count,hashtag_count,url_count,user_mentions,media_count,follower_count,total_entities
0,2014-10-05,518850692732452864,"BREAKING NEWS:
Susana Martinez has spent millions of dollars running the most negative and nasty campaign in New... http://t.co/zOAhHAcPfg",138,12,7,0,1,0,0,2022,1
1,2014-10-05,518769600050520065,Susana Martinez has spent millions of dollars running arguably the most negative and nasty campaign in New... http://t.co/GTHCLcBdTb,132,11,5,0,1,0,0,2022,1
2,2014-10-06,519249377886744577,"If you cannot go to the South Valley office or see the KLUZ debate in person, click this link for live internet... http://t.co/CHkWegodsu",137,3,4,0,1,0,0,2022,1
3,2014-10-07,519586930934030337,We have now gone over 5000 likes on our campaign page! Thanks to Alysha Huerta who helped us hit the 5k mark.... http://t.co/Mb78y8Kc30,135,1,5,0,1,0,0,2022,1
4,2014-10-07,519283475518468097,"YARD SIGNS ARE IN!  We have lots and lots of them, and we want to see them all over New Mexico in real voters... http://t.co/f2UBEPhgDK",135,5,6,0,1,0,0,2022,1
5,2014-10-08,519646834134773760,"Today is the first day to vote!
Interested in seeing the differences in candidates pertaining to women's rights?... http://t.co/fKJxcX6jx4",138,9,6,0,1,0,0,2022,1
6,2014-10-09,520261132700094464,"Let's Move NM Forward!
Our guest column in the Albuquerque Journal 10/02/2014  If you are not a subscriber just... http://t.co/HTwYW0QcQs",137,5,4,0,1,0,0,2022,1
7,2014-10-10,520675143761539072,Our commercial is on TV now!  Here is the link to the youtube version.  PLEASE SHARE... http://t.co/qzWIKB2fOd,110,7,4,0,1,0,0,2022,1
8,2014-10-10,520695274172600321,Gary King and Deb for New Mexico Lt. Governor 2014 run a new campaign ad speaking about the issues facing New... http://t.co/bVZMJr6hd2,135,6,3,0,1,0,0,2022,1
9,2014-10-10,520665080657379328,"When I am elected as Governor, this will change immediately.
1 BILLION dollars shipped out of state for this is... http://t.co/vQl40KcbRt",137,12,11,0,1,0,0,2022,1
10,2014-10-11,520817332487483392,Thank you to supporter Cynthia Borrego for sharing this. http://t.co/uehKJEjs5B,79,4,2,0,1,0,0,2022,1
11,2014-10-11,520748126085578752,"Small business for King/Haaland!  Thank you to Don, Keiko, and sweet Cosette Johnson of Valliant Printing  in... http://t.co/tySTWsuwVq",135,3,3,0,1,0,0,2022,1
12,2014-10-12,521138203718590466,Supporter Thomas Buckner wrote a simple but true Letter to the Editor about Susana's LIES.  Can you write your... http://t.co/wOuI8borJP,136,9,6,0,1,0,0,2022,1
13,2014-10-13,521745910888288256,Join Deb Haaland and supporters to watch the debate between Gary King and Susana Martinez on KOAT-TV Channel 7.... http://t.co/inpiZ0vP80,137,5,2,0,1,0,0,2022,1
14,2014-10-13,521807244417974272,"Check out this must-see interview with Gary King on ""Report from Santa Fe"" produced by KENW. Watch here: http://t.co/M32H1FGqS2",127,8,3,0,1,0,0,2022,1
15,2014-10-15,522506629917724672,Join us at the Early Voting rally! March with all of us to early vote and show our strength! http://t.co/QwoZDT7VaR,115,5,4,0,1,0,0,2022,1
16,2014-10-16,522797234665312257,"I posted 4 photos on Facebook in the album ""Women for King/Haaland 10/14"" http://t.co/nIgD5owo5M",96,4,2,0,1,0,0,2022,1
17,2014-10-16,522805837820362753,I posted a new photo to Facebook http://t.co/3frRRwmYt7,55,1,1,0,1,0,0,2022,1
18,2014-10-16,522805843574927360,I posted a new photo to Facebook http://t.co/8FrIJFNal5,55,4,2,0,1,0,0,2022,1
19,2014-10-16,522556875326640130,"LISTEN ALERT: Deb Haaland will be featured on Native America Calling radio show Thursday 10-16 at 11am

HOW YOU... http://t.co/WJ6Y8fywFr",137,5,3,0,1,0,0,2022,1
20,2014-10-19,523894499567992832,Do you feel like our supporter Carol Hill does? http://t.co/IV2lScGF9g,70,4,3,0,1,0,0,2022,1
21,2014-10-19,523939793953361921,Another group for King/Haaland.  The support pours in from all over the state! #VoteEarly #SaveNewMexico http://t.co/tPR814NRIl,127,9,6,2,1,0,0,2022,3
22,2014-10-22,524971318538936320,Listen to Susana's own words from four years ago. Even she tells you to vote for Gary now!  Thanks to Dan... http://t.co/GOl0yS2ndb,131,6,4,0,1,0,0,2022,1
23,2014-10-22,524793860078444544,Great Interview with the Clovis News Journal last Friday.... http://t.co/VB7ZR2IR8z,83,4,2,0,1,0,0,2022,1
24,2014-10-23,525360473206972419,"Join Gary King, Deb Haaland,and our very special guest Dolores Huerta on our campaign's ""Heart of New Mexico... http://t.co/HJ70nI1iQA",134,7,4,0,1,0,0,2022,1
25,2014-10-23,525313809838534656,"Clips from the debate.  As your next Governor, I will do away with the reckless harm that Martinez/Skandera have... http://t.co/Py3iRKSNUm",138,9,5,0,1,0,0,2022,1
26,2014-10-24,525761156338561025,"A little late on our #throwbackthursday, but lets take a look at what Republican U.S. Senate Candidate Allen Weh... http://t.co/l9h54eeVAG",138,1,1,1,1,0,0,2022,2
27,2014-10-24,525761151691653120,"A little late on our #throwbackthursday, but lets take a look at what Republican U.S. Senate Candidate Allen Weh... http://t.co/NsfLtdRhCS",138,2,0,1,1,0,0,2022,2
28,2014-10-24,525743742725398528,Please help us defeat Martinez by viewing and passing along the new ad: http://t.co/XPoMKbqmVd,94,7,3,0,1,0,0,2022,1
29,2014-10-24,525657413022932992,Please come and Share too! http://t.co/Ff5y0l0enj,49,2,2,0,1,0,0,2022,1
30,2014-10-24,525635489471397888,https://t.co/JZPnHHiLVj http://t.co/s6BdFkJmSY,46,3,2,0,2,0,0,2022,2
31,2014-10-26,526373680507785216,"Gary speaking about the importance of protecting our environment and our ground water.
http://t.co/0pTAiSpfEi http://t.co/aoVwp8jS6R",132,2,1,0,2,0,0,2022,2
32,2014-10-26,526453144315002880,"I posted 7 photos on Facebook in the album ""&lt;3 of New Mexico Tour"" http://t.co/FfFWkLIxb3",92,2,1,0,1,0,0,2022,1
33,2014-10-26,526208864266756096,"On the &lt;3 of New Mexico Tour. Join us tomorrow in Belen, Mesilla, or Albuquerque! http://t.co/GPZ3PKfbBp",107,7,6,0,1,0,0,2022,1
34,2014-10-27,526543051662295040,Gary King and Dolores Huerta definitely #Stand4kids http://t.co/57BR8elQDD,74,8,4,1,1,0,0,2022,2
35,2014-10-27,526546350327218177,Another packed house at the Padilla Hacienda in the South Vally of ABQ http://t.co/TZIxh6tQpq,93,2,1,0,1,0,0,2022,1
36,2014-10-27,526813051887316992,All Veterans are invited. Please come! http://t.co/RxVooet6nL,61,2,2,0,1,0,0,2022,1
37,2014-10-27,526861973787799552,"I posted 8 photos on Facebook in the album ""&lt;3 of New Mexico Tour"" http://t.co/Ml6vm8sJns",92,5,2,0,1,0,0,2022,1
38,2014-10-28,527166859158630401,"Mujeres Unidas para Gary King y Deb Haaland!
http://t.co/kIiYcn7K4l http://t.co/I9xg8HqJJv",90,11,3,0,2,0,0,2022,2
39,2014-10-28,527137371192848385,"Governor Martinez has been running on the idea that she has ""balanced the budget"" ""without raising taxes,"" and... http://t.co/oCNow00UTm",136,13,5,0,1,0,0,2022,1
40,2014-10-29,527605935188226048,The Alibi's gubenatorial questionnaire is out. Martinez declined to answer their questions.  Gary King was happy... http://t.co/kO78e6Qc0I,138,11,2,0,1,0,0,2022,1
41,2014-10-30,527957634968977409,Gary King and Dolores Huerta in Las Cruces on the &lt;3 of New Mexico Tour. Bringing people together!... http://t.co/dHFUmCR9UZ,127,10,3,0,1,0,0,2022,1
42,2014-10-30,527667377652367360,Ran into some avid supporters tonight at dinner who are going to vote for a new governor come November 4th! Will... http://t.co/VF1kY5q4Y8,138,4,1,0,1,0,0,2022,1
43,2014-10-31,528269624421666816,Steven Michael Quezada explains why we all need to vote for Gary and Deb.  &lt;3 of New Mexico Tour - Albuquerque... http://t.co/gNwa5YtMN8,139,3,1,0,1,0,0,2022,1
44,2014-10-31,528329283291598849,People from all corners of NM understand the clear differences between the candidates.  Gary King / Deb Haaland... http://t.co/kmQQ7HqiHJ,137,3,1,0,1,0,0,2022,1
45,2014-11-01,528348887237808128,"Hurting hard working New Mexicans. Susana never mentions that in her ads, does she?  Gary King and Deb Haalland... http://t.co/Zs8SyAiquM",137,4,2,0,1,0,0,2022,1
46,2014-11-01,528614108493774848,"Want to watch any of the ""Heart of New Mexico Tour"" webisodes featuring Gary King and Dolores Huerta?  Click on... http://t.co/e3v09vTMOn",137,3,2,0,1,0,0,2022,1
47,2014-11-01,528630043522908161,Fan photo submission. We couldn't agree more.  Needless testing denies real learning time for New Mexico's kids.... http://t.co/tNqPlDSL3q,138,3,3,0,1,0,0,2022,1
48,2014-11-01,528347090272149505,If you had any doubt about what the Republicans want to do in the next four years.... http://t.co/C0re4YOWR1,108,3,1,0,1,0,0,2022,1
49,2014-11-02,528964931836993537,Final Webisode: Gary King thanks YOU and looks forward to continuing to work hard for New Mexico! Go VOTE to... http://t.co/pwxuLTcJpW,134,3,2,0,1,0,0,2022,1
50,2014-11-03,529334239620497409,"I am honored to have the endorsement of our great former President, Bill Clinton.  President Clinton was kind... http://t.co/5GpETAPDYC",135,5,6,0,1,0,0,2022,1
51,2014-11-04,529443151619317760,Gary King make a forceful case for why we need a new Governor! Go Vote tomorrow! It takes all of us to #SaveNewMexico http://t.co/zXDNmDUU4p,140,4,4,1,1,0,0,2022,2
52,2014-11-04,529631745734606849,We can win it if we choose to. How do we do it? Go Vote today! http://t.co/r3fpPv1AIJ,85,4,2,0,1,0,0,2022,1
53,2014-11-04,529684286535122945,Election morning political cartoon.  Vote for Debra and #SaveNewMexico ! http://t.co/ePjRhxTT1i,95,2,1,1,1,0,0,2022,2
54,2014-11-04,529702495749410816,"Greeting voters in the 32 degree morning in Gary's Home precinct in Edgewood, NM http://t.co/dmPnXZXJF8",103,2,1,0,1,0,0,2022,1
55,2014-11-04,529702500648357888,Gary casts his vote this morning.  Please cast yours! http://t.co/1ueU32hC21,76,2,1,0,1,0,0,2022,1
56,2014-11-04,529702506725908480,Gary fills in his ballot.  Please vote for Gary King and Deb Haaland! http://t.co/RA8crchtg4,92,4,2,0,1,0,0,2022,1
