,date,tweet_id,tweet_text,tweet_length,retweet_count,favorite_count,hashtag_count,url_count,user_mentions,media_count,follower_count,total_entities
0,2014-10-05,518832460864692224,Exterior of the library http://t.co/8wANjtT1NZ,46,1,4,0,0,0,1,20839,0
1,2014-10-05,518831819886972928,One of several computer labs http://t.co/XlSZ853WKC,51,2,3,0,0,0,1,20839,0
2,2014-10-05,518831687099506690,Images from your new Southwest Regional Library for the next several posts... http://t.co/6pHKhstRja,100,2,4,0,0,0,1,20839,0
3,2014-10-05,518826466851962881,Big crowd for today's Southwest Regional Library Grand Opening. This is one unbelievable center of learning. http://t.co/t8jO2xF807,131,6,14,0,0,0,1,20839,0
4,2014-10-05,518739724039516160,Southwest Regional Library grand opening 2 pm today. You're invited -- 9725 Dixie Hwy,85,3,3,0,0,0,0,20839,0
5,2014-10-05,518831963483156481,Inside a glass reading pod http://t.co/pVNKrpyjpa,49,1,7,0,0,0,1,20839,0
6,2014-10-05,518832087080906752,Unique fabric artwork in the library http://t.co/Z0iklTEelx,59,1,5,0,0,0,1,20839,0
7,2014-10-05,518832173487771648,Library lighting http://t.co/FdGr4V6qTt,39,2,8,0,0,0,1,20839,0
8,2014-10-05,518832276780888066,Children's play area http://t.co/rIxWFOWwdu,43,0,1,0,0,0,1,20839,0
9,2014-10-05,518834233239171072,The children get the honor of cutting the ribbon on the new library http://t.co/r0Yll3Uymu,90,4,11,0,0,0,1,20839,0
10,2014-10-06,519195150396821504,Thanks to those who voted for @daretocarefb foodbank. Dare to Care will now receive $60K from WalMart to better serve Louisville families.,138,8,8,0,0,1,0,20839,1
11,2014-10-06,519148363250286592,"@Kali1128 We will be working with the organizers to ensure that, should they decide to return, the leakage of music will not occur again",136,0,0,0,0,1,0,20839,1
12,2014-10-06,519148414890561538,"@MickRMiller We will be working with the organizers to ensure that, should they decide to return, the leakage of music will not occur again",139,0,1,0,0,1,0,20839,1
13,2014-10-06,519172842609336321,It's not too late to help name the @LouisvilleZoo 's baby hippo. http://t.co/NYIPiRbIMM,87,6,2,0,1,1,0,20839,2
14,2014-10-06,519179033213300736,"Join us on Tues., 10/14 for the kickoff of the Mayors SummerWorks 2015 program. Register here:
http://t.co/xowRdE2hkS",117,1,0,0,1,0,0,20839,1
15,2014-10-06,519194663274553345, Thanks for giving us a reason to celebrate today! $60k is heading our way to feed families because of YOU! http://t.co/tg,122,6,0,0,0,1,1,20839,1
16,2014-10-06,519253051673444352,Listening to citizens at our Talk to Greg session @Central High this evening. http://t.co/VCroBfKvoI,100,0,2,0,0,1,1,20839,1
17,2014-10-07,519560208587034624,"@brett_385  the event runs from 2 PM to 6 PM,  but parking is restricted from 1 to 7 to allow for set up etc.",109,0,0,0,0,1,0,20839,1
18,2014-10-07,519496699598110720,New city data dashboard shows Louisville's progress/challenges on health http://t.co/jmx8d0dn3R,95,11,10,0,1,0,0,20839,1
19,2014-10-07,519511229451489281,Observing Fire Prevention Week and remembering those first responders who have given their life in service http://t.co/SYBHseHnYy,129,2,3,0,0,0,1,20839,0
20,2014-10-07,519537064820215808,"This is Fire Prevention Week. Please check your smoke detectors and offer to check them for neighbors, friends and family who need help.",136,6,1,0,0,0,0,20839,0
21,2014-10-07,519545941599068160,The next CyLOUvia is Sunday on Bardstown Road from 2 pm to 6 pm. Always a great day! http://t.co/C7nPvJ5Tal,107,8,4,0,0,0,1,20839,0
22,2014-10-07,519594120008847361,"Congratulations to the Straight O G's, winner of this year's Dirt Bowl http://t.co/bMpAH3v4oi",93,12,9,0,0,0,1,20839,0
23,2014-10-08,519925176738541568,The Derby City Dragons need a boat. Watch this video to see how badly they need a boat! https://t.co/6IXwbIVUfU,111,3,2,0,1,0,0,20839,1
24,2014-10-08,519899660131905536,The good news is we're #4 in USA Today Waterfront Poll. But that's not good enough for our great waterfront! Vote! http://t.co/CYfL0B2gpC,137,12,9,0,1,0,0,20839,1
25,2014-10-08,519926203051171841,Glad to see Metro's own WorldFest finish in the top three (and in such good company) on Leo's Readers' Choice Awards. http://t.co/3uKHowTqBl,140,2,2,0,0,0,1,20839,0
26,2014-10-09,520218331903954944,Are you a victim of domestic violence? The Center for Women and Families is here to help http://t.co/XQKGeCjpcO,111,3,2,0,1,0,0,20839,1
27,2014-10-09,520215665547157505,United against domestic violence; Center for Women/Families &amp; LMPD work together to help DV victims http://t.co/wuDZ6u6Tow,126,4,5,0,0,0,1,20839,0
28,2014-10-09,520259658166976514,Check out some early drone photos of ReSurfaced. Thanks to @OverheadGroup . http://t.co/WDOJJWrMGt,98,4,4,0,1,1,0,20839,2
29,2014-10-10,520687235029417984,@bklayko new website design populating...many old links may not move to the new site.,85,1,0,0,0,1,0,20839,1
30,2014-10-10,520555561603981312,A packed weekend at #ReSurfaced - music by Young Widows and AfroPhysicists and bike benefit on Sunday http://t.co/DRw1oiVip9,124,8,4,1,1,0,0,20839,2
31,2014-10-10,520584950530457600,Wishing Margaret Handmaker a fond farewell on her retirement today from Metro. Well done! @BloombergDotOrg http://t.co/sn1IETQv8o,129,0,3,0,0,1,1,20839,1
32,2014-10-10,520607160678744065," CyLOUvia on Bardstown Road Sunday, 2 pm to 6 pm. Come enjoy the carfree street.",80,12,0,0,0,1,0,20839,1
33,2014-10-10,520607200298147843," Portland Art Fair tomorrow. Lock tours, trolley tours, kids crafts, more. All free! #Louisville See details: http://t.co/9",123,5,0,1,1,1,0,20839,3
34,2014-10-11,521083822088413184,Meditation Labyrinth Dedication in Chickasaw. Vacant property into peaceful space. http://t.co/wtgFhXVhye,105,1,4,0,0,0,1,20839,0
35,2014-10-11,520916709490712576,@nc_me join me at the press conference 10 am Mon at Against the Grain at Slugger Field,86,1,0,0,0,1,0,20839,1
36,2014-10-11,520941508959428608,Congratulations  to Kingdom Dream Center  opening a new Portland Center. Making positive change in Louisville http://t.co/IKY1LlK2tM,132,3,8,0,0,0,1,20839,0
37,2014-10-11,520985811513540609,Having a great time at Southwest Community Festival. Join us. http://t.co/4qDaStNTWm,84,0,3,0,0,0,1,20839,0
38,2014-10-11,521069181513388032,@RobertBEllis nice!,19,0,1,0,0,1,0,20839,1
39,2014-10-12,521320428930093056,CycLOUvia 2-6 pm today along Bardstown/Baxter from Broadway to Douglass Loop. @louorchestra pop-up quartet at 3pm at Longest by Heine Bros,138,8,3,0,0,1,0,20839,1
40,2014-10-12,521088626772697088,Afrophysicists #resurfaced http://t.co/csi5kI6Shl,49,2,3,1,0,0,1,20839,1
41,2014-10-12,521089717321097217,Saturday at #resurfaced #loudragnuns vacant property turned into pop up entertainment plaza @TheoCroker http://t.co/sPTwnWnkzZ,126,7,13,2,0,1,1,20839,3
42,2014-10-12,521117199466262528,Enjoying the tunes at Garvin Gate Blues Festival. http://t.co/hI4oefYvh0,72,0,6,0,0,0,1,20839,0
43,2014-10-12,521378372401004547,"Today, Bardstown Rd in the Highlands belongs to two feet, two wheels and four paws. Car-free until 6pm http://t.co/KjhdkfDlXY",125,7,16,0,0,0,1,20839,0
44,2014-10-13,521770032263888896,Big crowd for the @insiderlou meet-up to introduce our Louisville Forward economic team. At #ReSurfaced http://t.co/YfhSG5Ry5S,126,1,3,1,0,1,1,20839,2
45,2014-10-13,521665332285423616,"Announcing a plan to grow the local craft beer breweries -- grow tourism, jobs Read report http://t.co/ld6mfYisp7 http://t.co/y9NiGMQAWY",136,15,13,0,1,0,1,20839,1
46,2014-10-13,521679623516479488,A Louisvillian is 1 of 4 nominees for the NASCAR Humanitarian Award. Watch Daniel Noltemeyer's video &amp; vote here: http://t.co/GheGf5Q0rh,140,3,3,0,1,0,0,20839,1
47,2014-10-13,521680108306706435,"If Daniel wins, $100,000 will go to @BestBuddiesKY the agency he helps. http://t.co/GheGf5Q0rh Please watch the video, vote and share!",134,7,1,0,1,1,0,20839,2
48,2014-10-13,521731861857316864,"Good news from Brookings, Louisville is 1 of only 1/3 of cities experiencing employment ratio growth since 2007.  http://t.co/asYiNncjgg",136,4,4,0,1,0,0,20839,1
49,2014-10-13,521732019756097538,Brookings says Louisville is among top ten cities in job ratio growth since 2007. http://t.co/asYiNncjgg,104,5,3,0,1,0,0,20839,1
50,2014-10-13,521732202204114945,"Brookings mentions our strong manufacturing base -- a nice nod as we celebrate Manufacturing Week here in Louisville.
http://t.co/asYiNncjgg",140,0,2,0,1,0,0,20839,1
51,2014-10-13,521746361935724545,Get the inside story as we introduce our Louisville Forward economic team this afternoon at #ReSurfaced Program at 5 pm @insiderlou,131,6,5,1,0,1,0,20839,2
52,2014-10-13,521792761436340224,"Centennial Festival of Riverboats will not sell bottled water. Instead @louisvillewater, will have 4 refilling spots. http://t.co/wYjzuJEYvM",140,7,10,0,1,1,0,20839,2
53,2014-10-14,522138790522265600,This old lady is 100! Happy Birthday @BELLELOUISVILLE Join the festivities all week http://t.co/wSxyWlF5BC,106,8,11,0,0,1,1,20839,1
54,2014-10-14,522068100460466177,Belle 100 features 13 Steamboat Songs for The Belle's 100th Birthday.  @BELLELOUISVILLE @Belles_100 https://t.co/gIItE2WRae,123,1,2,0,1,2,0,20839,3
55,2014-10-14,522127565075791873," It's BYOB, Bring Your Own Bottle at the #FestivalofRiverboats  Ready to serve pure tap @Belles_100 http://t.co/3RZld2h",119,3,0,1,0,2,1,20839,3
56,2014-10-14,522127609937670144, Happy Birthday Orangutan Amber! You make 27 look good! http://t.co/wPKdOaDawq,78,13,0,0,0,1,1,20839,1
57,2014-10-14,522127693912211460," We've got @BELLELOUISVILLE fever! In honor of @Belles_100, check out these fun facts about our sassy steamboat! http://",120,4,0,0,0,3,1,20839,3
58,2014-10-14,522145921371758592,Rechristening @BELLELOUISVILLE with bottle of @oldforester Happy 100! http://t.co/FmvnUiTY3O,92,4,10,0,0,2,1,20839,2
59,2014-10-15,522465902126989312,Is this #selfie the greatest? It's always great to see the #Louisville Lip. http://t.co/VeNYe3herd,98,7,8,2,0,0,1,20839,2
60,2014-10-15,522350982089695232,@WLKYMonica @ridetarc can you give Chris Poynter a call about this? 502-574-4546,80,0,0,0,0,2,0,20839,2
61,2014-10-15,522358876876726273,City photographer Wales Hunter shot this great image after Belle rechristening. @BELLELOUISVILLE @Belles_100 http://t.co/XGAXkCq6Iw,131,18,13,0,0,2,1,20839,2
62,2014-10-15,522471795870289920,Stellar lineup for Pecha Kucha (night of ideas) at #ReSurfaced Thurs evening -- big ideas about vacant spaces http://t.co/qYNHLJioJc,132,5,4,1,0,0,1,20839,1
63,2014-10-16,522713913247662080,@Daniel_Johnsen event is full. Sorry,36,0,0,0,0,1,0,20839,1
64,2014-10-16,522712938415947776,"Welcome @KauffmanFDN holding its program on entrepreneurship in our city today. Louisville -- the place to live, work, create, innovate",135,6,3,0,0,1,0,20839,1
65,2014-10-16,522836682186686464,"Great @kauffmanfdn conference in Louisville today on city innovation, maker movement http://t.co/0xujjpqivy",107,2,3,0,0,1,1,20839,1
66,2014-10-16,522897405428396032,Mayors from around America here for @Kauffmanfdn take in #ReSurfaced http://t.co/5QRWlqg2uz,91,1,2,1,0,1,1,20839,2
67,2014-10-16,522898062814248961,Mayors from around America for @KauffmanFDN conference visit #ReSurfaced http://t.co/DGVjwdORNy,95,5,5,1,0,1,1,20839,2
68,2014-10-16,522828634122633216,National mag names Jack O'Lantern Spectacular as nation's top Halloween event http://t.co/dFwEsa2yaA,100,10,11,0,1,0,0,20839,1
69,2014-10-17,522909742382211072,"Pecha Kucha, night of big ideas, at #ReSurfaced tonight. Events all wknd http://t.co/m8WVUvgk3z http://t.co/rJEdcoJMv8",118,2,1,1,1,0,1,20839,2
70,2014-10-17,523248769014308865, Volumes of praise | Southwest library receives positive reviews http://t.co/H1ZShASQwK @louisvillemayor http://t.co/Znc,120,2,0,0,1,2,1,20839,3
71,2014-10-17,523219758792343552,@syfichick @GE_Appliances great job - wonderful personal and corporate citizenship #compassionatecity,101,0,2,1,0,2,0,20839,3
72,2014-10-17,523179777562525696,@JwIeNz it was a pleasure hosting. Great learning and sponsorship from @KauffmanFDN Fantastic!,94,1,0,0,0,2,0,20839,2
73,2014-10-17,523148648470040576,Students from @LPASlou perform for lunch at #ReSurfaced @MrIceClass http://t.co/sWgNgG5vXt,90,1,3,1,0,2,1,20839,3
74,2014-10-17,523091642497368064,"Djaun Ellis &amp; Amelia, reunited after 2 years! Someone brought her into @loumetroanimals this month. Microchips work! http://t.co/EQCTzUIjfE",143,8,8,0,0,1,1,20839,1
75,2014-10-18,523465669560369153, Today the oldest operating Mississippi-River style steamboat in the World turns 100! Happy Bday Belle of Louisville!! ,119,100,0,0,0,1,1,20839,1
76,2014-10-19,523672885550788609,"If you haven't seen Jack O'Lantern Spectacular, you are missing something spectacular. Through Nov 2 @IroquoisAmp http://t.co/yyOjrcpLO7",136,1,9,0,0,1,1,20839,1
77,2014-10-20,524222180289441792,Copper and Kings brandy distillery now open in Butchertown. Amazing facility now open for tours @CopperAndKings http://t.co/kid6mUmJFO,134,7,9,0,0,1,1,20839,1
78,2014-10-20,524191974510043136,Planning for 2015 @GiveADayLou underway!! Predicting another world record for compassion. http://t.co/e2bL7atCil,112,3,5,0,0,1,1,20839,1
79,2014-10-21,524559182318829568,Ready for the largest cargo planes in the world. #taxiway alpha Louisville Airport @RepJohnYarmuth @UPS http://t.co/dRVQxYv2gt,126,7,5,1,0,2,1,20839,3
80,2014-10-21,524562264851243008,Thanks ladies for helping with the taxiway opening. http://t.co/qcM4b3iC4V,74,0,3,0,0,0,1,20839,0
81,2014-10-21,524613694970277890,"Exciting economic development announcement 4 p.m. today with Interapt, a local IT firm, at Nucleus Building. Check back for details",131,5,7,0,0,0,0,20839,0
82,2014-10-21,524634621141475330,"Three local businesses received national accolades in recent days by national media. @MintJulepTours, @MilkWoodLouKy and @SunergosCoffee.",137,7,5,0,0,3,0,20839,3
83,2014-10-21,524634807687319552,Conde Nast Traveler named @MintJulepTours the second best guided drinking tour in the country. http://t.co/jSkAufJVAQ,117,2,3,0,1,1,0,20839,2
84,2014-10-21,524635330654121984,"And @SunergosCoffee took home the ""America's Best Espresso"" title from Coffee Fest! http://t.co/gm2U3lPPnG",106,3,7,0,1,1,0,20839,2
85,2014-10-21,524638233590628352,Esquire listed @MilkWoodLouKy among the nation's best new restaurants. http://t.co/WZLVPcue4K,93,5,5,0,1,1,0,20839,2
86,2014-10-21,524657713100619776,Google selects @Interapt as Glass At Work partner. Big win for Louisville @Google @LtGovAbramson http://t.co/Rp3eJnuD8g,119,8,10,0,0,2,1,20839,2
87,2014-10-21,524639487536955392,@metromapper @MilkWoodLouKy Thanks! We corrected it in the one where we had it wrong.,85,0,0,0,0,2,0,20839,2
88,2014-10-21,524535690202472449,Enjoying time with the African American Networking Group #Cardinal Club http://t.co/7ZNuumG0MQ,94,1,3,1,0,0,1,20839,1
89,2014-10-21,524538140258611200,Louisville joins 32 other cities to launch Next Century Cities coalition to advocate for gigabit Internet http://t.co/WeFEqWEod1,128,10,13,0,1,0,0,20839,1
90,2014-10-21,524554217974165505,Getting ready for the official opening of Taxiway Alpha #Louisville International Airport @UPS http://t.co/aEl8lQA4Yn,117,1,2,1,0,1,1,20839,2
91,2014-10-22,525004077110136832,"Animal Services success: 55,707 pets licensed this year http://t.co/2vGDqrW07h",78,2,0,0,1,0,0,20839,1
92,2014-10-22,524718539123724288,@runloop olmYfoqwdcaaq,22,0,0,0,0,1,0,20839,1
93,2014-10-22,525001112697724928,"Jessica Jo Montgomery, with long career at US Army Veterinary Command, named director Louisville  Animal Services http://t.co/8Xhgvdx7K9",136,3,3,0,0,0,1,20839,0
94,2014-10-22,525002077505077249,"Jessica Montgomery, with distinguished career is US Army Veterinary Command, named director of Animal Services http://t.co/Bv7kvULEZX",133,3,4,0,0,0,1,20839,0
95,2014-10-22,525002207763369984,Animal Services success -- live release rate of 74 percent this year. Was just 38 percent when my team began,108,3,3,0,0,0,0,20839,0
96,2014-10-22,525002625637703682,Animal Services success: national partnership with American Society for the Prevention of Cruelty to Animals,108,0,2,0,0,0,0,20839,0
97,2014-10-22,525003481518993408,"Animal Services success: 77 percent of cats saved yearly. In 2010, 73 percent of cats were euthanized",101,3,3,0,0,0,0,20839,0
98,2014-10-22,525066704183767043,"Final weekend for ReSurfaced. If you haven't been, get there -- this is a pic from a drone. http://t.co/joutKCUI1t http://t.co/cexwMx8Wds",137,28,23,0,1,0,1,20839,1
99,2014-10-23,525343379337408512,Thanks Conde Nast! Another accolade for Louisville -- one of six underrated cities for LGBT travelers. http://t.co/Wozu1K8iQi,125,3,6,0,1,0,0,20839,1
100,2014-10-23,525285353335173120,Celebrating #manufacturing month  JTown High SchoolTop 30 Prime Designation by Society of Manufacturers Engineers http://t.co/kZbAR1FGhE,136,4,3,1,0,0,1,20839,1
101,2014-10-23,525293525210894336,"For 20 years, @HeineBrosCoffee has made Lou a more caffeinated place! Calling all former baristas for group photo! . http://t.co/GJy6n3OJyg",139,3,5,0,1,1,0,20839,2
102,2014-10-23,525311081250824192,Celebrating the Thorobred Nutrition Kitchen-- bringing fresh produce to Smoketown neighborhood! http://t.co/MFowAD5Ofm,118,2,4,0,0,0,1,20839,0
103,2014-10-23,525323666197073920,Seniors from Woodford Co. High visit ReSurfaced; they're planning similar project in Versailles @chamberofcomky http://t.co/5Hw66m2Qrz,134,1,2,0,0,1,1,20839,1
104,2014-10-23,525343925163134977,Can you spare $5 a month to help @NewRootsFreshSt provide a family with five daily servings of produce. http://t.co/AtQOInDzZw,126,3,3,0,1,1,0,20839,2
105,2014-10-24,525466097882234880,Congrats to Mike Mays and entire team@HeineBrosCoffee on their 20th anniversary. Louisville loves them!! http://t.co/8URWU42bOq,127,15,28,0,0,0,1,20839,0
106,2014-10-24,525438500309848065,This is one of those nights when you feel great about the future! 2014 YMCA Youth Character awards. @YMCALouisville http://t.co/UaAleHjEU4,138,6,7,0,0,1,1,20839,1
107,2014-10-24,525467486033293312,These guys at Jtown HS taking care of some serious business w their 3D printer. Impressive @JCPSKY @FordFoundation http://t.co/O8PBX0upi4,137,5,9,0,0,2,1,20839,2
108,2014-10-24,525650091655593984,"Vote daily for Louisvillian Daniel Noltemeyer, nominated for a NASCAR humanitarian award.
http://t.co/rrzluMNwIM http://t.co/1srCOurv7j",135,5,6,0,1,0,1,20839,1
109,2014-10-24,525707507046809600,Have a food or beverage business idea? Apply to Velocity's Food &amp; Beverage Accelerator by October 31st: http://t.co/hjCGY3dJBn #louisville,142,9,5,1,1,0,0,20839,2
110,2014-10-24,525753833452883968,Celebrate #Manufacturing Month Louisville! Did you know we make #peanutbutter at Algood,87,1,4,2,0,0,0,20839,2
111,2014-10-25,526027968595128320,Celebrate #Manufacturing Month Louisville! Did you know we make 90% of U.S. #Disco balls at National Production,111,6,5,2,0,0,0,20839,2
112,2014-10-25,525990547106693120,@kushnijh @shortnoticeapp cool app. Let me know how it goes as you launch,73,3,2,0,0,2,0,20839,2
113,2014-10-25,526014149579788288,Great community pride @Brightside_ team 45th and Greenwood. Looking good! http://t.co/6RxdqARiXb,96,2,3,0,0,1,1,20839,1
114,2014-10-25,526018640689516544, @louisvillemayor supporting @Brightside_  this morning. http://t.co/ougXJPpQyt,79,3,0,0,0,3,1,20839,3
115,2014-10-27,526731002048036865,"The Louisville Zoo is making national news for a python and her unusual offspring. 
http://t.co/iX88PFOtRH",106,3,2,0,1,0,0,20839,1
116,2014-10-27,526535129280569344,Celebrate #Manufacturing Month Louisville! Did you know we make #Banjos @1stQualityMusic,88,1,7,2,0,1,0,20839,3
117,2014-10-27,526713029170188288,@BradyJCPSBOE @Brightside_ I will alert Brightside.,51,0,0,0,0,2,0,20839,2
118,2014-10-27,526820632730669056,Celebrate #Manufacturing Month Louisville! Did you know we make #Dental supplies @WhipMixCorp,93,3,3,2,0,1,0,20839,3
119,2014-10-28,527172715284021249,"Congrats, @Indatus -- the newest HQ Company to locate downtown on Whiskey Row (in the former Four Roses distillery) http://t.co/jJcKxsKuJZ",138,6,9,0,0,1,1,20839,1
120,2014-10-28,527104983385538560,Congratulations to @ChurchillDowns - listed by Forbes as one of the nation's top 100 small companies. http://t.co/2OTH2uQS3Z,124,11,9,0,1,1,0,20839,2
121,2014-10-28,527136501961072640,"The city's public safety, Mayoral leadership teams spent 4 hrs today with Homeland Security planning for major disaster response; great prep",140,1,4,0,0,0,0,20839,0
122,2014-10-28,527189741385830400,"LMPD Real Time Crime Center open at MetroSafe -- 24/7 crime analysis, social media monitoring, watching city cameras http://t.co/25LdshN8Bk",139,5,6,0,0,0,1,20839,0
123,2014-10-29,527467818166800384,Congratulations LaCasita on your grand opening. Helping create home for women and children! http://t.co/rSIJWInfVD,114,2,5,0,0,0,1,20839,0
124,2014-10-29,527497948918472704,Inspired by @scnfamily Their life changing work around the world serves as a great example. http://t.co/c3VCWQYotV,114,4,5,0,0,1,1,20839,1
125,2014-10-29,527582305855217664,"Celebrate #Manufacturing Month Louisville! Did you know we make kitchen, bathroom &amp; closet #cabinetry @REVASHELF",116,0,1,2,0,1,0,20839,3
126,2014-10-30,527777546403086336,"Exactly 40 years after Ali defeated Foreman, I predict another knockout. Watch out, Seminoles. It's hard when you fall. Go, Cards!",130,109,72,0,0,0,0,20839,0
127,2014-10-30,527812881710993408,Check out http://t.co/OiKwsMaVYq 71 new #datasets online in year. More info on First Open Data Report: http://t.co/DmFmsxZitP,125,3,3,1,2,0,0,20839,3
128,2014-10-30,527863126599806977,Congrats to Metro Corrections for earning department-wide national accreditation! This ACA accrediation is a gold standard.,123,0,1,0,0,0,0,20839,0
129,2014-10-30,527863410126749696,Announcing expansion of our Code Louisville training effort! Preparing people for good-paying computer coding jobs. http://t.co/DuxbeCyfew,138,11,15,0,0,0,1,20839,0
130,2014-10-30,527894575386755072,Celebrate #Manufacturing Month Louisville! Did you know we make  #sporting goods at Hillerich &amp; Bradsby,107,0,3,2,0,0,0,20839,2
131,2014-10-31,528163611999338496,"A sweet story  @LouMetroAnimals. Captain, a staff favorite, has finally found a new home, after 10 months of waiting. http://t.co/oX1PxNknjR",140,1,9,0,0,1,1,20839,1
132,2014-11-01,528336635046690816,"One great career with solid, honest, fair journalism. Congrats @BillFrancis0457 on your retirement from WDRB",108,14,25,0,0,0,0,20839,0
133,2014-11-02,528702772330631168,Arts Reach Dance Ensemble attending Harlem Dance team at @KyCtrArts http://t.co/AIqJMAmbzi,90,5,9,0,0,1,1,20839,1
134,2014-11-03,529230299931348992,@taromeet what street?,22,0,0,0,0,1,0,20839,1
135,2014-11-03,529365536665534464,"A happy pig: @LouMetroAnimals saved ""Charlotte"" from a busy road last month and found her a home with a vegan farmer http://t.co/qEOjlLSfrH",139,3,6,0,0,1,1,20839,1
136,2014-11-03,529411615314423808,Michael Howerton was first and foremost a kind man; a man of hospitality and action. Our city mourns his passing. http://t.co/m9RdwAqgdh,136,5,4,0,0,0,1,20839,0
137,2014-11-04,529431331487621120,Tomorrow (Tuesday) is Election Day. Plan now to vote! Make time to exercise your right to participate in democracy.,115,15,11,0,0,0,0,20839,0
138,2014-11-04,529724891441139714,The polls close in 3 hours! Please make time to vote!,53,5,11,0,0,0,0,20839,0
139,2014-11-04,529585033162792960,Remember to vote today! Democracy works best when we all participate!,69,23,21,0,0,0,0,20839,0
