,date,tweet_id,tweet_text,tweet_length,retweet_count,favorite_count,hashtag_count,url_count,user_mentions,media_count,follower_count,total_entities
0,2014-10-05,518560167500070912, @BigKrisCuster @9NEWS @FreeandEqual Exciting! Vote @hempy4governor @FrackFreeCo @MME_DENVER  @Fractivista @fracknot @Jeffco,124,1,0,0,0,11,0,101,11
1,2014-10-07,519530803316146176,A REAL Debate for Governor of Colorado - https://t.co/fgcJT7xTe4,64,1,0,0,1,0,0,101,1
2,2014-10-07,519552176327127040,Hempy takes the Hemp Bucket Challenge - https://t.co/FWXlyyS2wm,63,0,0,0,1,0,0,101,1
3,2014-10-10,520628990545891331, @boulderweekly Endorses @hempy4governor! Good luck winning without #Boulder @Hick2014 #Fracking #Reckless #Cheetos  http://t.co,128,1,0,4,1,4,0,101,9
4,2014-10-13,521638029094432768,@Sentry_ Damon - thanks for caring! Hoping you've read my stuff at http://t.co/zXGeBMyXbg,89,0,0,0,1,1,0,101,2
5,2014-10-14,522170478106923008,Harry Hempy convinced two parties not meeting needs - http://t.co/fdnlGaNDcT #GoogleAlerts #copolitics #Hempy4Governor,118,1,1,3,1,0,0,101,4
6,2014-10-15,522464967443091457,@RonHall46 @masonicbee @GetWisdomDude 60% of voters want a third major party (Gallup poll) : 60% of voters waste their vote on D's &amp; R's,140,1,1,0,0,3,0,101,3
7,2014-10-15,522378299691913216,"Green Guv candidate Harry Hempy wants higher wages; clean, renewable energy; multi-party government  http://t.co/d6l4ENn7h3 #copolitics",135,3,1,1,1,0,0,101,2
8,2014-10-15,522454276996489216,@HenryPatrick76   Thanks. All I need is love and a miracle.,59,0,0,0,0,1,0,101,1
9,2014-10-15,522527527597002753,"Hempy, Beauprez, Hickenlooper Spar over Minimum Wage - https://t.co/lpXJLCocQK",78,2,2,0,1,0,0,101,1
10,2014-10-16,522547240183664641," RT @hempy4governor: Hempy, Beauprez, Hickenlooper Spar over Minimum Wage - https://t.co/dClZ1QnUU2
#copolitics #cogov 
.@",122,1,0,2,1,3,0,101,6
11,2014-10-16,522816230105694209, WATCH/SHARE: Open Colorado Gubernatorial Debate w @RealProfGriff: http://t.co/zqzPNmXj2B @Dunafon4Gov @hempy4governor @mx,122,10,0,1,1,5,0,101,7
12,2014-10-16,522862855377264640,Hempy Gubernatorial Debate Video - http://t.co/NSk6shDBeH #COPOLITICS @Hempy4Governor #gp #Hempy4Governor,105,0,1,3,1,1,0,101,5
13,2014-10-17,523189794960982016, #Colorado election: Harry Hempy (@hempy4governor) for Governor (#GreenParty). No on 67. Yes on 105.,100,1,0,2,0,2,0,101,4
14,2014-10-18,523621166892605440,I-70 Expansion - http://t.co/gwoIa7dprl,39,0,0,0,1,0,0,101,1
15,2014-10-18,523541294069460992,"""Keep public lands public!  -Harry Hempy http://t.co/qHHVMm00tu @Hempy4Governor #copolitics #gp",95,2,3,2,1,1,0,101,4
16,2014-10-19,523971542124752896,"Harry Hempy debates Hickenlooper, Beauprez, at al  http://t.co/nhUW4pXQC7 via @YouTube #Hempy4Governor #copolitics #gp #frack",125,1,0,4,1,1,0,101,6
17,2014-10-19,523891781872537603,YES on Proposition 105 - GMO Labeling #YESon105 @Yeson105 #RightToKnow #COPolitics #Hempy4Governor http://t.co/YzJ1I8oqSa,121,1,2,4,1,1,0,101,6
18,2014-10-19,523961629721911297,@Hempy4Governor :: The Lesser-of-2-evils Dilemma - http://t.co/BpVIlvXN9F #gp #Hempy4Governor #copolitics #election #governor,125,1,0,5,1,1,0,101,7
19,2014-10-20,524218410670911488, Just got my ballot. How much do I love Colorado right now? @hempy4governor http://t.co/aEYedux2pq,98,2,0,0,0,2,1,101,2
20,2014-10-21,524637820023869440, http://t.co/gBemjrstt1 - Rush Limbaugh sightings in Four Corners area? Or unannounced GOP convention? #mystery,111,1,0,1,1,1,0,101,3
21,2014-10-22,524989120909561856,"#GreenPartyUS: It's time to revive the #peace movement, oppose endless war http://t.co/ye7ehcBlWA #WeAreGreen @hempy4governor",125,0,1,3,1,1,0,101,5
22,2014-10-23,525191097044045824, The #Fracking Daily is out! http://t.co/auoWG0MP65 Stories via @DWBerkley @SierraClubACC @hempy4governor,105,1,0,1,1,4,0,101,6
23,2014-10-23,525107328329068544,Green Party's Harry Hempy fights establishment http://t.co/navuJd0h55 #Hempy4Governor #copolitics #fracking #gp #governor #election,131,0,0,6,1,0,0,101,7
24,2014-10-23,525189429128736768, Green Party's Harry Hempy fights establishment in Colorado gubernatorial race [VIDEO] http://t.co/q6EAAXlYgX @ManilaChan @H,124,9,0,0,1,3,0,101,4
25,2014-10-25,526052910912651264,"Harry Hempy, Green candidate for Governor takes a different road - http://t.co/GkzQKY0g4b #GoogleAlerts #Hempy4Governor #copolitics #gp",135,0,0,4,1,0,0,101,5
26,2014-10-25,526077072935227392,Hempy says Hick and Beauprez have their Heads in the Sand - https://t.co/LefHYPrr2F,83,0,0,0,1,0,0,101,1
27,2014-10-28,527144519070806016," #Chickenlooper  @LaughingSheikh @hempy4governor: Hickenlooper Refuses Debate, Regis University Aborts - https://t.co/5NAKCLg8Y",127,2,0,1,1,3,0,101,5
28,2014-10-28,527074141070163969,"Hickenlooper Refuses Debate, Regis University Aborts - https://t.co/gEBADuJshV",78,0,1,0,1,0,0,101,1
29,2014-10-29,527559373569015808,Harry Hempy: Why are you running for Governor of Colorado? - http://t.co/R6JSQKbNfW,83,1,0,0,1,0,0,101,1
30,2014-10-29,527259969322635265,@CSPAN cancels debate coverage https://t.co/ALvqssX9CD #copolitics #hempy,73,2,1,2,1,1,0,101,4
31,2014-10-29,527465825590988802," Voters guide: Colorado gov candidates @hickforco @bobbeauprez, @hempy4governor and @mxhess on the issues. http://t.co/VQER4JmY",127,1,0,0,1,5,0,101,6
32,2014-10-29,527468636840022017,@Hempy4Governor in 9NEWS VOTER GUIDE: Colorado Governor race http://t.co/FkEztiKkSf via @9News #copolitics #gp,110,1,0,2,1,2,0,101,5
33,2014-10-29,527482673359355906,@CapitolSchrader  Harry Hempy: Why are you running for Governor of Colorado?: http://t.co/yx7Qczu3Yd via @YouTube #copolitics,125,1,0,1,1,2,0,101,4
34,2014-10-29,527558735288623104,Harry Hempy: Why are you running for Governor of Colorado? - https://t.co/SMLKFyskl8,84,2,0,0,1,0,0,101,1
35,2014-10-30,527904109400432641, Hey #Colorado #VoteGreen2014 #changeisinyourhands ! #changemaker  @hempy4governor is the choice on #Nov4th #wearethepeo,120,2,0,7,0,2,0,101,9
36,2014-11-03,529301481652891649,@cryptoquick We will see if Hick draws enuf DEM turnout to win. http://t.co/rMG88iPJwD #copolitics @Hempy4Governor,114,0,1,1,1,2,0,101,4
37,2014-11-03,529062794935930880,Vote your way out of the political system status quo - https://t.co/HMW2nrBYHO,78,0,1,0,1,0,0,101,1
38,2014-11-03,529077499481714688,Vote your way out of the political system status quo - http://t.co/WNsxmMcdOh #copolitics #fracking #gov #election @FrackFreeCo @Copirg,135,1,0,4,1,2,0,101,7
39,2014-11-03,529291120291753984,"Harry Hempy on Economic Equality, Living Wage - http://t.co/OqKzuKMrAn #copolitics #cogov #fracking @copirg",107,0,0,3,1,1,0,101,5
40,2014-11-03,529347111624929280,Invitation to Election Night Watch Party - https://t.co/CGa1NSFHK1,66,0,0,0,1,0,0,101,1
41,2014-11-04,529469248846827521," #greens RT @DrJillStein: In case you missed the sensational @HowieHawkins on @democracynow yesterday, check it out: http://t.co",128,2,0,1,1,4,0,101,6
42,2014-11-04,529728759679942658," I'm voting for Harry Hempy @hempy4governor, the green choice for Colorado. #greenparty #copolitics #COgov",106,2,0,3,0,2,0,101,5
