,date,tweet_id,tweet_text,tweet_length,retweet_count,favorite_count,hashtag_count,url_count,user_mentions,media_count,follower_count,total_entities
0,2014-10-05,518903520993374209,Dayton is so out-of-touch he does not see that MNsure is hurting middle-class MNs. http://t.co/xhAejSQtzk #mngov http://t.co/wEDN19SLdC,135,10,2,1,1,0,1,3113,2
1,2014-10-05,518823502254592000,"NJ @GovChristie--chair of @The_RGA --to campaign with Jeff in MN on Monday, Oct. 13. Stay tuned for more details! #mngov",120,3,1,1,0,2,0,3113,3
2,2014-10-06,519121121233227777,Thank you RT @bmd: Cast my ballot for the election! @Jeff4Gov @NewmanForAG @MikeForMN @repmattdean got my vote. #mngov #mngop #stribpol,135,1,1,3,0,5,0,3113,8
3,2014-10-06,519122172313616384,Ready to land in Warroad for start of day Up North http://t.co/5yAeFM5e5p,73,2,1,0,0,0,1,3113,0
4,2014-10-06,519165058488627200,Had fun meeting with Warroad businesses at The Shed. http://t.co/Kn5XTodDki,75,2,1,0,0,0,1,3113,0
5,2014-10-06,519175819143311361,Stopped by @DairyQueen RT @ryanvanasse: @jeff4gov I hope you enjoy it! I have a special place in my heart 4 Warroad. http://t.co/zzAd9x7LCe,139,2,1,0,0,3,1,3113,3
6,2014-10-06,519187331446616065,Great visit in Warroad.  Now on the the next stop. #TeamJeff #mngop http://t.co/lSbUP47KBg,90,3,2,2,0,0,1,3113,2
7,2014-10-06,519214571144232963,A roundtable discussion with businesses in Thief River Falls.  #mngov http://t.co/ioeilmOaPS,92,2,0,1,0,0,1,3113,1
8,2014-10-06,519235656644427777,"Great video-@MNCRs  explain why as young women, they have chosen to be a part of the Republican Party. https://t.co/yX3ZXlPF45 #mngop",133,9,9,1,1,1,0,3113,3
9,2014-10-06,519240938556628992,Had the opportunity to tour the Magnetation facility in Grand Rapids today. #mngov http://t.co/YgfppisoYM,105,3,5,1,0,0,1,3113,1
10,2014-10-07,519282497188675584,ICYMI: Last week the Duluth News Tribune endorsed Jeff Johnson for governor. Read it: http://t.co/NN1WdiflJD #mngov http://t.co/0ZAR8uQH3Y,138,22,6,1,1,0,1,3113,2
11,2014-10-07,519525283376803840,"Sondi toured the Interfaith Outreach &amp; Community Partners in Plymouth. Each year IOCP helps more than 1,700 families http://t.co/tZwfgSyZaM",143,2,2,0,0,0,1,3113,0
12,2014-10-07,519552853254217728,Thank you for the support! RT @NadeauDanny: .@Jeff4Gov Tireless volunteers have invaded the conference room! http://t.co/AR9w2Jy9P7,131,0,2,0,0,2,1,3113,2
13,2014-10-07,519575646796648449,This week Bill Kuisle and his kids have been harvesting some high moisture corn for steers. #mngov http://t.co/WjWpurGbbk,121,1,2,1,0,0,1,3113,1
14,2014-10-08,519893245279481857,I believe that high standards for our kids and great teachers will prepare our kids to be successful. #mngov http://t.co/Q8rp4GBQVM,131,9,2,1,0,0,1,3113,1
15,2014-10-08,519939679752159232,Insurance Industry calls Dayton's MNsure Rate Increase Average 'Misleading' http://t.co/fVLAfgeOd7 #MNsure #mngov,113,3,1,2,1,0,0,3113,3
16,2014-10-08,519974860500381697,"Stopped by my hometown newspaper, the Detroit Lakes Tribune, on the way to the #MNgov debate in Moorhead. http://t.co/qtrq8PJoAl",128,3,1,1,0,0,1,3113,1
17,2014-10-08,519978799299956736,Get the details on how you can watch tonight's debate. Make sure to use #MNGov http://t.co/fDeTPHgGOI #TeamJeff,111,7,1,2,1,0,0,3113,3
18,2014-10-08,519981828975755264,@MrPaulotics yes. Check out all your options to watch: http://t.co/q4iBr5IXCe,77,0,0,0,1,1,0,3113,2
19,2014-10-08,519988614126510080,Looking forward to challenging Dayton on the issues &amp; sharing my vision at tonight's 7pm debate. Watch live: http://t.co/q4iBr5IXCe #mngov,142,2,0,1,1,0,0,3113,2
20,2014-10-08,519998824836648960,"Thank you, @MSUMoorhead! The debate starts in 10 minutes. Posts during the debate will be from our team. #MNGov http://t.co/LttHKFeXMk",134,2,0,1,0,1,1,3113,2
21,2014-10-08,519881143810678784,Had a great time this morning speaking to Cargill employees at the Democracy and Doughnuts event. #mngov http://t.co/2n1SFY9kCu,127,5,2,1,0,0,1,3113,1
22,2014-10-09,520001931989626880,@donhoversten http://t.co/wPmNyUImKY,36,2,0,0,1,1,0,3113,2
23,2014-10-09,520002654735323136,"""I went to public school and send my kids to public school--I have vested interest in it."" #MNGov",97,6,3,1,0,0,0,3113,1
24,2014-10-09,520004396256485377,"""Governor, the underemployment information comes from your own administration. To say it's no big deal is out of touch."" #MNgov",127,8,1,1,0,0,0,3113,1
25,2014-10-09,520005082616586240,"""We can do better than we are doing. A lot better."" #MNGov",58,6,6,1,0,0,0,3113,1
26,2014-10-09,520006043456135168,"""Middle class is being forgotten right now."" #mngov",51,6,2,1,0,0,0,3113,1
27,2014-10-09,520007309427097600,"Focus, relationships, and listening to the other side will help us get things done for Minnesota. #MNGov",104,4,0,1,0,0,0,3113,1
28,2014-10-09,520007530114596864,"""When I'm governor, the buck will stop with me."" #MNGov",55,3,2,1,0,0,0,3113,1
29,2014-10-09,520008995029790720,Dayton blocking progress on Sandpiper pipeline in northern Minnesotaat farmers expense http://t.co/JzxjwntIkb #MNGov,116,8,1,1,1,0,0,3113,2
30,2014-10-09,520009788982165507,Mark Dayton needs to start taking responsibility for what happens in his administration. MNs deserve better. #MNGov,115,5,4,1,0,0,0,3113,1
31,2014-10-09,520010222547382272,We need a governor who is a problem solver and is engaged. It's not just about sending tough sounding letters. #MNGov,117,4,2,1,0,0,0,3113,1
32,2014-10-09,520011700188086272,"Education is a top priority, and $ should be spent where it has the greatest impact -- in the classroom. #MNGov http://t.co/H9kuLguJrT",134,4,1,1,1,0,0,3113,2
33,2014-10-09,520012663045120001,"Contrary to what the negative ads claim, I voted for an increase in K12 education, not a cut. http://t.co/fm79mN2WtJ #MNGov",123,15,2,1,1,0,0,3113,2
34,2014-10-09,520013139685806080,"""I will be a very strong advocate for property owners in Minnesota."" #MNGov",75,5,3,1,0,0,0,3113,1
35,2014-10-09,520014600012451840,"""A promise was made early on that we were never going to use general fund money for the stadium...the funding has been a disaster."" #MNGov",138,6,2,1,0,0,0,3113,1
36,2014-10-09,520015241908731904,The stadium package was a debacle. Gov. Dayton didn't even know personal seat licenses were part of the deal. http://t.co/6mKgp1zBxq,132,4,3,0,1,0,0,3113,1
37,2014-10-09,520015601104715776,"""Minnesotans deserve a governor who own his decisions and knows what's in bills he signs."" #MNgov",97,7,5,1,0,0,0,3113,1
38,2014-10-09,520016383598284800,"""It's about priorities. We had the biggest tax increase in state history &amp; we don't have enough money to fill potholes? That's nuts!"" #MNGov",144,16,9,1,0,0,0,3113,1
39,2014-10-09,520017533001166848,Dayton and the DFL funded more for a luxury office building for part-time politicians than they did for the roads you drive everyday. #MNGov,140,11,4,1,0,0,0,3113,1
40,2014-10-09,520018904320458752,"""MN needs low, broad and simple tax code, with key being low."" #MNGov",69,3,3,1,0,0,0,3113,1
41,2014-10-09,520019721177939968,"Governor, there are people in both parties that believe the taxes are just too high. Its impeding job growth in Minnesota. #MNGov",129,5,4,1,0,0,0,3113,1
42,2014-10-09,520020945629499392,"""We need to be competitive with the states around us. We need to lower our overall tax rate in this state."" #MNGov",114,8,3,1,0,0,0,3113,1
43,2014-10-09,520022751357054976,"""Government should be a servant of the people, and not the other way around."" #MNGov",84,8,5,1,0,0,0,3113,1
44,2014-10-09,520023323577561088,"My vision includes a state where every child has access to great education, and health care decisions are made by doctors/patients. #MNGov",138,6,2,1,0,0,0,3113,1
45,2014-10-09,520029972107247616,The clear takeaway from tonights debate is that Jeff Johnson will be a far better governor than Dayton http://t.co/ikTFEol5Yh #mngov,132,10,5,1,1,0,0,3113,2
46,2014-10-09,520222918949629953,Minnesotans deserve an engaged governor who knows whats going on &amp; whats in the bills he signs. View the ad: http://t.co/7KcywA0xa2 #mngov,142,12,3,1,1,0,0,3113,2
47,2014-10-09,520273775439273984,Our  new TV AdUnawareFocuses on Daytons Incompetence. Watch the ad here: http://t.co/7KcywA0xa2 #mngov,102,7,1,1,1,0,0,3113,2
48,2014-10-09,520321452826845185,Sharing my vision for the future with the MN Telecom Alliance. #MNgov http://t.co/CyEprqByK4,92,1,0,1,0,0,1,3113,1
49,2014-10-09,520328652265758720,"It is clear Mark Dayton is not a full-time, engaged governor and doesnt appear to be in charge of his admin. http://t.co/kA1Vuh9BmX #mngov",138,3,3,1,1,0,0,3113,2
50,2014-10-09,520352202531958784,Happy to join @TheDTRadioShow from the @followcae event in Minneapolis. #mngov http://t.co/ubAAoT4qCF,101,3,7,1,0,1,1,3113,2
51,2014-10-10,520591198793121792,Dayton was 'unaware' that personal seat licenses were part of the Stadium deal. http://t.co/7KcywA0xa2 #mngov http://t.co/VeOOcv6ZPs,132,11,0,1,1,0,1,3113,2
52,2014-10-10,520655818933276672,On Wed. Dayton says increasing taxes on gasoline is a top priority. Next day reverses position http://t.co/kA1VugiNYL http://t.co/kVK2nFV2mM,140,11,3,0,1,0,1,3113,1
53,2014-10-10,520705952903745536, Special deputy banquet just getting underway.  Thank you Commissioner Johnson for stopping by! http://t.co/XFylZHNGVe,118,1,0,0,0,1,1,3113,1
54,2014-10-10,520364591574822913,Dayon was not aware of bonuses for his failed Obamacare bureaucrats. MN deserve an engaged Gov http://t.co/pjRfPJdyJ6 http://t.co/U43Moym9Qn,140,21,4,0,1,0,1,3113,1
55,2014-10-11,520922562570625024,#TeamJeff is ready to take the campaign on the road this morning. http://t.co/8WN3mSvapx,88,6,6,1,0,0,1,3113,1
56,2014-10-11,520924655058558976,Road trip breakfast of champions. How did we survive as kids with only one kind of Oreo? #teamjeff http://t.co/7paNFidZnI,121,5,6,1,0,0,1,3113,1
57,2014-10-11,520955846247723011,#TeamJeff campaign traveling across MN today and we just stopped in Sauk Centre.  #mngov http://t.co/5xVh3b3WyB,111,5,2,2,0,0,1,3113,2
58,2014-10-11,520962786369630208, .@Jeff4Gov visiting with early risers at the Mainstreet Coffee Co in Sauk Centre. http://t.co/hP11vXpVjg,105,2,0,0,0,2,1,3113,2
59,2014-10-11,520971100566462464,Homecoming for Concordia College. Sondi &amp; I are celebrating our 25th Reunion. Thx for the pic @CobberCRs #cordhc14 http://t.co/Q60tE2BUPK,141,1,6,1,0,1,1,3113,2
60,2014-10-11,521012378951897088,We are visiting Pelican Rapids to knock on doors and rally our supporters. #mngov #TeamJeff http://t.co/Vtu10cm5Cf,114,7,3,2,0,0,1,3113,2
61,2014-10-11,521061067351277568,Nice to be back in Moorhead for my 25th reunion at Concordia. Thanks #teamjeff for your support. #mngov http://t.co/cLPRJZNbZi,126,5,5,2,0,0,1,3113,2
62,2014-10-12,521400191732027393,Mark Dayton makes laws without even knowing whats in the bills he signed. http://t.co/95eSPA0n5b #mngov http://t.co/Gwy3Kb81X1,126,6,3,1,1,0,1,3113,2
63,2014-10-13,521761416756207616,Had a great time touring Global Academy charter school w/ @The_RGA Chair @GovChristie #mngov http://t.co/6f9VXVcRsO,115,9,4,1,0,2,1,3113,3
64,2014-10-13,521680533651091457,"If Dayton is re-elected, we can be pretty sure MN wont see another mine open for at least another couple of decades. http://t.co/vuClEbIzPl",139,13,5,0,1,0,0,3113,1
65,2014-10-14,521815751372451840,Lots of energy at our event tonight in Duluth. #mngov http://t.co/9OGhTymhQO,76,2,6,1,0,0,1,3113,1
66,2014-10-14,522005682933874688,We are in Duluth and ready for today's 8am debate. Watch LIVE: http://t.co/WtNtz3uhH5 #MNGov,92,2,1,1,1,0,0,3113,2
67,2014-10-14,522006243695550465,@MrPaulotics http://t.co/WtNtz3uhH5,35,0,0,0,1,1,0,3113,2
68,2014-10-14,522006336985264130,@conservative22 8 a.m. http://t.co/WtNtz3uhH5,45,0,0,0,1,1,0,3113,2
69,2014-10-14,522010250161836032,"""I believe someone needs to stand up for the forgotten middle class in this state. That's why I'm running for governor."" #MNGov",127,4,2,1,0,0,0,3113,1
70,2014-10-14,522011491365433345,"""The Bureau of Labor Statistics says our job growth rate is 41st in the country."" We can do better. #MNGov",106,8,0,1,0,0,0,3113,1
71,2014-10-14,522014213951066114,"""Our focus needs to be on roads and bridges."" #MNGov",52,2,2,1,0,0,0,3113,1
72,2014-10-14,522015279325261825,"Governor Dayton, I'm still not sure where you stand on the gas tax. Last week raising the gas tax was one of your top 3 priorities. #MNGov",138,1,0,1,0,0,0,3113,1
73,2014-10-14,522016455991103488,The people of Minnesota deserve a clear answer on whether or not Gov. Dayton supports a gas tax. #MNGov http://t.co/ixm8fazd2d,126,3,0,1,0,0,1,3113,1
74,2014-10-14,522017328452493312,"""Gov. Dayton, the things most important to Greater MN are not getting done."" #MNGov",83,2,0,1,0,0,0,3113,1
75,2014-10-14,522017793038774274,"""If Gov. Dayton is elected, Polymet will not open. Let's be honest. This Governor is beholden to some pretty extreme environmental groups.""",139,4,1,0,0,0,0,3113,0
76,2014-10-14,522019867688329216,"""140,000 Minnesotans were forced off their coverage, and many of them lost their doctors."" #MNGov",97,7,1,1,0,0,0,3113,1
77,2014-10-14,522019989813882880,"""MNsure has been unmitigated disaster since day one."" #MNGov",60,1,0,1,0,0,0,3113,1
78,2014-10-14,522020604111642625,"""Governor, it's not your job to decide what is inadequate or substandard. Govt bureaucrats don't need to decide for MN families."" #MNGov",136,6,4,1,0,0,0,3113,1
79,2014-10-14,522021946909663232,"""Gov Dayton, you didn't have a clue what was in Vikings stadium bill your signed...did no due diligence at all."" #MNGov",119,2,2,1,0,0,0,3113,1
80,2014-10-14,522023576073805824,"""In my 6 yrs in the legislature, I always voted to increase K-12 education spending. Ads claiming the contrary have been proven false.""",135,2,2,0,0,0,0,3113,0
81,2014-10-14,522024552134492160,"Government should be a servant of the people, and not the other way around. #MNGov",82,7,7,1,0,0,0,3113,1
82,2014-10-14,522043752483794944,"In today's debate, Dayton changed his position on a new gas tax yet again http://t.co/KLpwMdaDaE #mngov",103,11,0,1,1,0,0,3113,2
83,2014-10-14,522162762726653952,BIG thank you to my supporters who came to the event tonight in Minneapolis. #mngov http://t.co/zGB3TObKQp,106,0,3,1,0,0,1,3113,1
84,2014-10-15,522407572393828352, Thank you @Jeff4Gov for listening to the concerns of healthcare employees this morning.  Keep up the hard work! #starpol#mnleg,127,3,0,0,0,2,0,3113,2
85,2014-10-15,522419913760071681,Coverage of last night's debate. We discussed PolyMet and public funding for the Vikings stadium. http://t.co/E1qoNy3un1 #mngov,127,1,1,1,1,0,0,3113,2
86,2014-10-15,522488618858725376,The election is only 20 Days away. Order your absentee ballot &amp; vote early: http://t.co/D7Qu0rMGS8 Volunteer now: http://t.co/vncoM4SWzz,140,6,2,0,2,0,0,3113,2
87,2014-10-15,522376472640512000,"Back on the campaign trail this morning, starting with an event in Bloomington. #mngov http://t.co/QrNupIgLLF",109,1,4,1,0,0,1,3113,1
88,2014-10-16,522798714864164864,PreferredOne Rates Going Up 63%. Dayton should come clean and apologize for lying to us. http://t.co/ElX1iyYskI #mngov #stribpol,128,15,7,2,1,0,0,3113,3
89,2014-10-16,522824898754781184,"I recieved the MN @NFIB endorsement. @nfib_mn:""Dayton has a history of refusing to put small business first."" #mngov http://t.co/G8DN93va2e",139,5,6,1,0,2,1,3113,3
90,2014-10-16,522843513998696448,Last football game of the year.  #mngov http://t.co/3VEmDUfFvK,62,1,7,1,0,0,1,3113,1
91,2014-10-16,522542525161033729,It was a lot of fun to meet with the @UofMCRs tonight. They are fired up to GOTV on campus. #mngov http://t.co/SGACffxMtx,121,5,11,1,0,1,1,3113,2
92,2014-10-17,523148410803585024, Look who stopped by with a little fuel for the @Jeff4Gov team! #rolf #sondi #teamjeff #mngov http://t.co/yekmiXmjtH,116,2,0,4,0,2,1,3113,6
93,2014-10-17,523165279346388992, Look who stopped by with a little fuel for the @Jeff4Gov team! #rolf #sondi #teamjeff #mngov http://t.co/W6XGyFoNrr,116,0,2,4,0,2,1,3113,6
94,2014-10-17,523171082111426560," @NFIBAction endorses @Jeff4Gov for governor, a true #VoteForMainStreet candidate &amp; #SmallBiz supporter http://t.co/dP5WSzE2TK",130,8,6,2,1,3,0,3113,6
95,2014-10-18,523487323028082688,Mark Dayton needs to apologize to the people of Minnesota for lying to us about the MNsure rate increases. http://t.co/pT0cJ9ljAQ #mngov,136,21,5,1,1,0,0,3113,2
96,2014-10-18,523512370702712832,Had a lot of fun talking to voters before the game. They are excited for change in St Paul. #mngov http://t.co/RC9JwABoiG,121,6,5,1,0,0,1,3113,1
97,2014-10-18,523539742478966784,Great time meeting voters before the Gopher game this morning. #mngov http://t.co/iKHSHKDVfr,92,4,3,1,0,0,1,3113,1
98,2014-10-18,523623739309555712,Lots of excitement on the campaign trail. Great rally at Minnesota State Mankato campus today. #mngov http://t.co/oQdL5zFBtn,124,6,4,1,0,0,1,3113,1
99,2014-10-18,523472908035686400,#TeamJeff is out in full force this morning at TCF stadium. Let's go Gophers! #mngov http://t.co/SkUjpBuq0i,107,7,12,2,0,0,1,3113,2
100,2014-10-19,523628380843814912,Great welcome at Jim's Apple Farm the largest candy store in MN. #mngov http://t.co/9tThmGTwgJ,94,5,7,1,0,0,1,3113,1
101,2014-10-19,523633648759623680,"Met a lot of voters, and bagged merchandise at Jim's Apple Farm tin Jordan earlier today. #mngov http://t.co/bUUgj3vzTW",119,5,1,1,0,0,1,3113,1
102,2014-10-19,523647599862353920,Make sure to catch the next #mngov debate from Hamline University tomorrow morning live at 9a on FOX9-TV,104,10,3,1,0,0,0,3113,1
103,2014-10-19,523648770106732545,@conservative22 I believe it will be live streamed here  http://t.co/K9J642ThFc,79,0,0,0,1,1,0,3113,2
104,2014-10-19,523657791873884160,Tune in tomorrow morning at 9 am to watch me debate Mark Dayton. You can watch the on @fox9kmsp or watch online: http://t.co/eczqCfhwXD,135,6,2,0,1,1,0,3113,2
105,2014-10-19,523808283966984192,Do not miss today's debate at 9 a.m. You can watch on @fox9kmsp or watch online: http://t.co/eczqCfhwXD #mngov #FOX9Debate,122,9,2,2,1,1,0,3113,4
106,2014-10-19,523832807739494400,Getting ready for the #FOX9debate at 9a,39,0,0,1,0,0,0,3113,1
107,2014-10-19,523836589693095938,"During the debate,  staff is running  the @Jeff4Gov account #FOX9Debate",71,0,0,1,0,1,0,3113,2
108,2014-10-19,523837029180637184,"""I'm running to put the family budget in front of the government budget for a change"" #FOX9Debate",97,5,2,1,0,0,0,3113,1
109,2014-10-19,523837176040009728," I'll stand up for the forgotten middle class, says @Jeff4Gov #FOX9Debate",73,3,0,1,0,2,0,3113,3
110,2014-10-19,523837402561785856,Thanks to Hamline University for providing a venue for the debate #FOX9Debate,77,1,2,1,0,0,0,3113,1
111,2014-10-19,523837705147260930,"""Look at my record in the house.  What you've done is the best way to tell what you're going to"" #FOX9Debate",108,3,0,1,0,0,0,3113,1
112,2014-10-19,523837890678099968,"""Gov. Dayton presided over the longest government shutdown in MN state history"" #FOX9Debate",91,2,1,1,0,0,0,3113,1
113,2014-10-19,523838091857891329," .@Jeff4Gov points to eminent domain reform, anti-meth bills he passed as examples of passing important legislation in divid",124,3,0,0,0,2,0,3113,2
114,2014-10-19,523838487922241538,"""Let's start with what we agree on rather than just blame the other side all the time like Dayton does"" #FOX9Debate",115,6,0,1,0,0,0,3113,1
115,2014-10-19,523838937110818816,"""One party rule over the last 2 years has not been a good thing for MN. Taxes were raised on all MNs"" #FOX9Debate",113,3,1,1,0,0,0,3113,1
116,2014-10-19,523839810956304384,"""Dayton doesn't seem to know what's in the bills he signs.  The Vikings bill is a prime example"" #FOX9Debate",108,5,0,1,0,0,0,3113,1
117,2014-10-19,523840317993144322,"""Comprehensive tax reform is crucial.  We are not competitive with the states around us"" #FOX9Debate",100,4,1,1,0,0,0,3113,1
118,2014-10-19,523840632322678784,"""Dayton increased spending in this state from $30bil to $40bil in just four years.  That's not sustainable."" #FOX9Debate",120,4,2,1,0,0,0,3113,1
119,2014-10-19,523840695132377088," ""We aren't short on money, we are short on prioritizing.."" @Jeff4Gov #FOX9Debate",81,9,0,1,0,2,0,3113,3
120,2014-10-19,523840963920162816,"""Gov. Dayton, you say you looked for placed to cut spending, but you obviously didn't find any."" #FOX9Debate",108,2,0,1,0,0,0,3113,1
121,2014-10-19,523841870728667137, Dayton says he doesn't see reason to raise taxes. Huh? Can you say gas tax increase proposal from last week?,109,8,0,0,0,1,0,3113,1
122,2014-10-19,523842587409412096,"""We need to look at dedicating a hospital and staff devoted to handling a potential ebola outbreak""  #FOX9Debate",112,1,2,1,0,0,0,3113,1
123,2014-10-19,523842905874497536,"""Gov Dayton, you advocated for the release a violent sex offender.  What were you thinking?""  #FOX9Debate",105,4,3,1,0,0,0,3113,1
124,2014-10-19,523843546273439744,"""One of the reasons I earned the Republican endorsement is that I reached out to all Republican groups.""  #FOX9Debate",117,3,5,1,0,0,0,3113,1
125,2014-10-19,523843872300867584,"""A fundamental difference b/w Dayton &amp; I is that I reach out to all groups.  Dayton only works with groups he agrees with""  #FOX9Debate",139,9,6,1,0,0,0,3113,1
126,2014-10-19,523844341328924672,"""A tuition freeze is just a bandaid.  We need to look at administrative costs""  #FOX9Debate",91,6,2,1,0,0,0,3113,1
127,2014-10-19,523844720401711104,"""More competition, more choices for consumers is the best way to deal with healthcare premiums"" #FOX9Debate",107,6,4,1,0,0,0,3113,1
128,2014-10-19,523844897401352194,"""Gov Dayton, it's a lie for you to say that the avg MNSure premium increase is 4.5%. You should apologize to MN"" #FOX9Debate",124,6,2,1,0,0,0,3113,1
129,2014-10-19,523845273949175808,"Dayton just said he has always supported a single payer healthcare system. If he had a magic wand, that's what he would do #FOX9Debate",134,5,0,1,0,0,0,3113,1
130,2014-10-19,523845531949203456, Yep.  That's the Democrat goal. @jeffbakken: Did Dayton say he supports single-payer health care?,98,1,0,0,0,2,0,3113,2
131,2014-10-19,523845882727239680,"Dayton:  ""MNSure is far from perfect"".",38,1,2,0,0,0,0,3113,0
132,2014-10-19,523846059307454464," Dayton gave himself a grade of ""D"" on MNsure at @mnstatefair",61,4,0,0,0,2,0,3113,2
133,2014-10-19,523846159467421697," On MNsure, Dayton says far from perfect. Johnson says it's disaster.",69,4,0,0,0,1,0,3113,1
134,2014-10-19,523846429475753984,"""I recognize that the underemployment rate in 53% in MN.  That is much much higher than it should be.""  #FOX9Debate",115,6,1,1,0,0,0,3113,1
135,2014-10-19,523846780346052608,"""B/c of our tax&amp;regulatory structure, the good jobs R being created in states around us-we're leaving too many ppl behind"" #Fox9Debate",138,2,0,1,0,0,0,3113,1
136,2014-10-19,523971333672013826,Getting ready to be on @KSTP Ch 5 in 5 minutes. Be sure to tune in now! #mngov http://t.co/2aqUJbIARH,101,5,0,1,0,1,1,3113,2
137,2014-10-19,523953739074265088,Reminder: Tune in to @KSTP at 6 pm TONIGHT where I will be discussing my vision for Minnesota in a 1/2 hour interview.,118,5,1,0,0,1,0,3113,1
138,2014-10-19,523919437569605632,Tune in to @KSTP at 6 pm Tonight where I will be discussing my vision for Minnesota in a 1/2 hour interview.,108,7,5,0,0,1,0,3113,1
139,2014-10-19,523891837094723586,"MNsure had one of the worst rollouts, yet Dayton's handpicked execs got bonuses.  http://t.co/sZPoBhlYUx  #mngov http://t.co/VuOFgntjIa",135,14,3,1,1,0,1,3113,2
140,2014-10-19,523849883648671744,"""I have a vision where every child has access to a great education, regardless of where they live"" #FOX9Debate",110,11,7,1,0,0,0,3113,1
141,2014-10-19,523849057983139843,"Dayton: ""I think legislators are severely underpaid"" #FOX9Debate",64,6,1,1,0,0,0,3113,1
142,2014-10-19,523847022495797250,"On gun control ""We have enough gun laws on the books.  We should enforce them""  #FOX9Debate",91,9,9,1,0,0,0,3113,1
143,2014-10-20,524243903210213377,"Teachers should be able to pass a basic skills test.
Dayton removed a requirement that teachers pass a skills test. http://t.co/qwMECePjPs",138,8,2,0,1,0,0,3113,1
144,2014-10-20,524301540186537984,Dayton eliminated a basic skills test for teachers because the union demanded it. http://t.co/qwMECePjPs,104,8,2,0,1,0,0,3113,1
145,2014-10-20,524216470780121088,"Daytons claim that MNsure rates are going up an average of just 4.5% next year is completely bogus, and he knows it. http://t.co/pT0cJ9ljAQ",139,5,4,0,1,0,0,3113,1
146,2014-10-21,524575337313615873,I have laid out my vision for Minnesota. A Minnesota where anyone who starts with nothing can achieve anything. http://t.co/mrmmJLlIhq,134,15,7,0,1,0,0,3113,1
147,2014-10-21,524369840090279937,Had a busy day on the trail that ended with great events in Plymouth &amp; North Oaks. #mngov http://t.co/2BgYJ8mNHk,116,3,5,1,0,0,1,3113,1
148,2014-10-22,524996704907448320,Had a great conversation with St. Cloud small business leaders at the @StCldAreaChamb. #mngov http://t.co/58tFU8uGxX,116,3,1,1,0,1,1,3113,2
149,2014-10-22,524963086055137280,Do not let Mark Dayton fool you. He is the one selling snake oil. http://t.co/YPaoN1cdK8 #mngov http://t.co/bfwZRi7tJv,118,10,7,1,1,0,1,3113,2
150,2014-10-23,525294321864433664,My statement on Dayton admin pushing PreferredOne to offer artificially low rates http://t.co/PYOJN4pBri http://t.co/4beYCQcBCq,127,13,3,0,2,0,0,3113,2
151,2014-10-23,525313715835383809,Early voting is underway! You can vote absentee by mail or at your local election office. For more information visit: http://t.co/Nic9up4LK0,140,3,1,0,1,0,0,3113,1
152,2014-10-23,525363576970936324,Our 3 new TV ads began airing today. Check out our release and watch all 3 ads. http://t.co/0OZNciw6ms #mngov,109,13,8,1,1,0,0,3113,2
153,2014-10-24,525667761783967744,Dayton has been unaware far too often. Ill focus on the basics and get them right. http://t.co/iKhnrsrkUF,105,8,6,0,1,0,0,3113,1
154,2014-10-24,525674250875580416,Stopped by Sauser's Hardware in Pine city this morning. #mngov http://t.co/HnIfOA0N5J,85,3,1,1,0,0,1,3113,1
155,2014-10-24,525677866239799296,Chatted with some voters at Scotty's Parkside Cafe.  #mngov http://t.co/dpazp0dclz,82,2,1,1,0,0,1,3113,1
156,2014-10-24,525701894413373441,Thx! RT @alpou34: Nice to see @Jeff4Gov in Aitkin. I already voted and made the right choice! #teamjeff #MNVotesEarly http://t.co/YKP3s8qEeg,140,3,4,2,0,2,1,3113,4
157,2014-10-24,525720141607096321,"Spoke with Lisa, the owner of Butler Curio in Aitkin, about running her business.  #mngov http://t.co/BuucGz2elr",112,2,1,1,0,0,1,3113,1
158,2014-10-24,525632907055206400,Met the gang at Carly's Cafe in Forest Lake. Heading north to the Range today. http://t.co/Gz84Vc0oNk,101,3,2,0,0,0,1,3113,0
159,2014-10-25,525993049344581632, Getting ready to hit the road with the next Gov of the Great State of Minnesota @Jeff4Gov #MNGOP http://t.co/YivxLRS81b,120,6,0,1,0,2,1,3113,3
160,2014-10-25,526029385321549825, Hitting the streets in Hutch @Jeff4Gov #mngop http://t.co/2VkaNHRqF1,69,4,0,1,0,2,1,3113,3
161,2014-10-25,526038771586695169,Dayton did not tell the truth about how much #MNsure rates will be going up next year. http://t.co/kJzJBfEOq3 #mngov http://t.co/WDiE1Mq8fk,139,10,5,2,1,0,1,3113,3
162,2014-10-25,526055808329850881,Had a lot of great conversations with voters in Litchfield while on tour in western MN. #mngov http://t.co/HLXojo897N,117,4,2,1,0,0,1,3113,1
163,2014-10-25,526065039761866753,Helping stuff bags of @mngop candidate literature with volunteers @MeekerGOP Victory Center. #mngov http://t.co/qCy16Z1PVA,122,3,4,1,0,2,1,3113,3
164,2014-10-25,526108845244821504,Great time speaking to supporters in Willmar. #mngov http://t.co/V92KRrhGBK,75,1,3,1,0,0,1,3113,1
165,2014-10-25,526127424228966400,Sondi visited the Banyan Community today. The HS grad rate of 100% is a great example of how we can close the achievement gap for our kids!,139,0,8,0,0,0,0,3113,0
166,2014-10-25,526128177463058432,Sondi said the Banyan Community is truly inspiring! The kids she met were so impressive. http://t.co/DzmmPfcAfE,111,1,1,0,0,0,1,3113,0
167,2014-10-25,526147358111719425,I am glad to have the endorsement of the @PioneerPress: http://t.co/JYe3DO23CH #mngov,85,38,24,1,1,1,0,3113,3
168,2014-10-26,526410546296274944,Working at Bernie's Restaurant in Faribault. Only spilled on two people. #mngov http://t.co/CaLYlgdB3L,102,5,9,1,0,0,1,3113,1
169,2014-10-26,526456772035219456,Had a great time at Trumble's Family Restaurant in Albert Lea. #mngov http://t.co/BaaIzemVbX,92,4,6,1,0,0,1,3113,1
170,2014-10-26,526487111285735424,Thank You! RT @MNCD5GOP: Thanks to volunteers lit dropping in New Hope today for @DaggettCongress &amp; @Jeff4Gov! #mngop #mn05,127,0,5,2,0,3,0,3113,5
171,2014-10-26,526497304635637760,I truly enjoy meeting people all over who care about Minnesota. Thanks Waseca. #mngov http://t.co/6MItUgeXLY,108,3,5,1,0,0,1,3113,1
172,2014-10-26,526519197220601856,"Be sure to check out todays poll from the Star Tribune. In short, victory is within our grasp! http://t.co/oEXgc7HBHE #mngov",124,14,10,1,1,0,0,3113,2
173,2014-10-26,526389881446998016,"Have you seen the latest poll? The momentum is on our side &amp; this race is going to come down to turnout.
http://t.co/1iBlvn9m5r #mngov",138,16,15,1,1,0,0,3113,2
174,2014-10-27,526871745848827904," Talk with @Jeff4Gov, &amp; hear his idea for tomorrow's MN. With @larryrjacobs. 10/30. #MN #Elections2014 http://t.co/NTFRBEI4fG",129,3,3,2,1,3,0,3113,6
175,2014-10-27,526863626959736834,ICYMI: I am honored to have received the endorsement from the @PioneerPress http://t.co/GEc89a9SCU #mngov http://t.co/fw2s2DBfbc,128,17,19,1,1,1,1,3113,3
176,2014-10-28,526888832289890304, Here's why I support Jeff Johnson. He will be an engaged governor who will hold govt accountable https://t.co/fLVUxmFLQa,121,8,4,0,1,1,0,3113,2
177,2014-10-28,527084707448487938,Thank you to those who woke up early this morning for our hometown event at Digby's in Plymouth. #mngov http://t.co/w68UZ8muFl,126,4,7,1,0,0,1,3113,1
178,2014-10-28,527217334138568704,ICYMI: @PioneerPress Endorses @Jeff4Gov #mngov http://t.co/SP7lAFUYCq,69,10,1,1,1,2,0,3113,4
179,2014-10-29,527249579855454209,The momentum is swinging our way.  Watch the video: http://t.co/ly98UBMoO9 and donate today: http://t.co/8IYJzmbtMn  #mngov #TeamJeff,133,13,3,2,2,0,0,3113,4
180,2014-10-29,527475628325343232, The final countdown before Election Day! @Jeff4Gov meets with voters in New Ulm. @keyc http://t.co/SRQpJERiJU,110,11,0,0,0,3,1,3113,3
181,2014-10-29,527476079565365248, Thanks to @KSTC45 for airing the @ForumNewsSVC governor candidates' debate last night. It is still online: http://t.co/,120,5,0,0,1,3,0,3113,4
182,2014-10-29,527484927760031745,On the campaign trail this morning speaking to voters at Ulmer Cafe in New Ulm. #mngov http://t.co/WspfNdXFnN,109,7,7,1,0,0,1,3113,1
183,2014-10-29,527507620903395329,Early voting is underway. You can vote early in person. Find your early voting polling location here: http://t.co/NI2Ybj20Db #mngop #mngov,138,3,1,2,1,0,0,3113,3
184,2014-10-29,527513678250123264,Stopped to share my vision for Greater MN at the Brewkaz Coffee House in Fairmont. #mngov http://t.co/l4F2mMaiBF,112,7,5,1,0,0,1,3113,1
185,2014-10-29,527515152220835840,Great to meet the 10th grade Civics class from Truman HS. Thanks for coming down to visit! #mngov http://t.co/RjvyKRzPY4,120,15,8,1,0,0,1,3113,1
186,2014-10-29,527544402466443264, Gubernatorial candidate @Jeff4Gov to appear in #StCloudMN Friday. Find out where the Republican will be http://t.co/NjxcmD1REH,127,3,0,1,1,2,0,3113,4
187,2014-10-29,527582093019054080, Got my absentee ballot notarized! Excited to cast my ballot for @MikeForMN @RandyWGilbert and @Jeff4Gov! #stribpol http://t,124,5,0,1,0,4,1,3113,5
188,2014-10-29,527596802262843392,Thank you! RT @smoochacha: Voted today! Happy to vote for @Jeff4Gov and @MikeForMN,82,0,3,0,0,3,0,3113,3
189,2014-10-30,527642951707422721, Was campaigning with @TorreyWestrom &amp; @ChrisSwedz &amp; Bill Kuisle from the @Jeff4Gov  ticket tonight at SMSU in Marshall. #mng,133,3,0,1,0,5,0,3113,6
190,2014-10-30,527822427732975616,About to go on MPR Radio on 91.1 FM. Tune in now or listen online at http://t.co/TSPjE8zNTV. #mngov http://t.co/ZqwsPgKpU8,122,5,1,1,1,0,1,3113,2
191,2014-10-30,527844164914786304,"Bill saw this at outside Janesville. The farmer challenged farmers w/ ""other colored combines"" to send their pics. http://t.co/H8ltJmv1By",137,3,2,0,0,0,1,3113,0
192,2014-10-30,527848998191636481,Discussing my policy goals with students &amp; faculty at the @HHHSchool with @larryrjacobs. #mngov http://t.co/FWfqo3mDch,122,3,4,1,0,2,1,3113,3
193,2014-10-30,527851705442906112,Sign up for a shift &amp; help us Get Out the Vote. The momentum is on our side: http://t.co/IcqyCDzeJD #mngop #TeamJeff http://t.co/h2wCE1q8E9,143,5,2,2,1,0,1,3113,3
194,2014-10-30,527917359986536448,Thank you! RT @KatConnolly: Just voted for @Mike4MN &amp; @Jeff4Gov and you can too at your local city hall!,108,0,2,0,0,3,0,3113,3
195,2014-10-30,527918733889515520,"Spoke w residents of Deer Crest Sr. living facility in Red Wing. Great ?s on broadband, econ competitiveness &amp; more. http://t.co/vHsfiZN3y2",143,2,2,0,0,0,1,3113,0
196,2014-10-30,527943950359732224,Hobgoblin Music of Red Wing is one of only 12 harp makers in the world. #mngov http://t.co/6K9h3Zzbkq,101,1,1,1,0,0,1,3113,1
197,2014-10-30,527952094108467200,"Joel Wittenbraker, CEO of Machtech says its much tougher to operate a small business than it was 5 years ago. #mngov http://t.co/sCFbPYiAdR",139,6,4,1,0,0,1,3113,1
198,2014-10-31,528168225373032448,Thank you! RT: @JennaTomczik: Was surprised to see @Jeff4Gov at my park and ride this morning meeting people like myself. #impressed,132,2,3,1,0,2,0,3113,3
199,2014-10-31,528170653619208192, Great meeting Jeff Johnson at the BP Metro Transit station this AM before hopping the bus for work. Ill be voting for @Jef,123,3,0,0,0,2,0,3113,2
200,2014-10-31,528181170442235905,Thank you! RT: @bschaaf: Met @Jeff4Gov at my park and ride this morning. That effort is cool to see and he's got my vote.,121,4,4,0,0,2,0,3113,2
201,2014-10-31,528214114074505216,Talking about my vision for Greater Minnesota with Perry Nouis at KTLF in Little Falls. #mngov http://t.co/KYgInMH7da,117,5,5,1,0,0,1,3113,1
202,2014-10-31,528227573633806336,Sondi &amp; I talking w/ Bob &amp; Nita Gross of Maxbotix in Brainerd. Taxes are 2nd highest cost of business after payroll. http://t.co/x0QVHyzzKa,147,2,1,0,0,0,1,3113,0
203,2014-10-31,528233229661126656,Happy Halloween! This morning I ran into Uncle Sam in Little Falls. #mngov http://t.co/QcHWTZhUCf,97,6,11,1,0,0,1,3113,1
204,2014-10-31,528254838795014144,"Tune in RT @tptAlmanac: RT @tpt: Dont miss tonights @tptAlmanac, live on TPT 2 at 7:00 p.m.! #mngov #tptAlmanac http://t.co/OrT9iuS8iX",134,5,2,2,0,3,1,3113,5
205,2014-10-31,528271398809001985,Lots of enthusiasm at the St Cloud Victory Office for GOTV. #mngov http://t.co/c9u51th6m6,89,2,5,1,0,0,1,3113,1
206,2014-10-31,528294927113805825," In #StCloudMN, @Jeff4Gov rallies the troops on Halloween, faces @GovMarkDayton, talks to @KNSI Frank Lee http://t.co/zyDgW4iAgr",128,3,0,1,1,4,0,3113,6
207,2014-10-31,528323303308423168,Have a fun and safe #Halloween! http://t.co/Lm5U16ZwjG,54,8,9,1,0,0,1,3113,1
208,2014-10-31,528332416146882560, RT @mlahammer: Media and candidates arriving @tpt for final debate 7pm #tptAlmanac @Jeff4Gov @GovMarkDayton http://t.co/3an,124,3,0,1,0,5,1,3113,6
209,2014-10-31,528334892565008385,The final debate is about to start!  Tweets during the debate will be from our team.  #TPTAlmanac #MNGov,104,2,2,2,0,0,0,3113,2
210,2014-11-01,528336531186937856,Tonight's debate hashtag is #TPTAlmanac and you can watch LIVE now at http://t.co/kAUVqpi3cU or on your local PBS station. #MNGov,129,4,1,2,1,0,0,3113,3
211,2014-11-01,528336894665322496,"""After 37 yrs, I don't believe Gov. Dayton is up to the job. I don't believe he's on top of things the way a leader should be."" #TPTAlmanac",139,12,5,1,0,0,0,3113,1
212,2014-11-01,528337571013615617,Dayton says he's not losing sleep over MNsure. I'm losing sleep over #MNsure. It's been a disaster. A lot of people are hurting. #TPTAlmanac,140,7,1,2,0,0,0,3113,2
213,2014-11-01,528338224247107584,PreferredOne said they're going to increase rates by an avg of 63% next year. #TPTAlmanac,89,8,2,1,0,0,0,3113,1
214,2014-11-01,528339470488064000,"Q - How do you make up the revenue hole? ""You have to spend less...Gov. Dayton does not believe government is wasting money."" #TPTAlmanac",137,3,1,1,0,0,0,3113,1
215,2014-11-01,528340389401346048,Dayton not addressing govt waste; CAP Mpls/DFL politicians used taxpayer dollars for spa treatments and trips. That's waste. #TPTAlmanac,136,8,0,1,0,0,0,3113,1
216,2014-11-01,528341084569485312,"Gov. Dayton vetoed ""Last In First Out"" bill. We need to reward and retain the best teachers based on outcomes, not years in the classroom.",138,7,3,0,0,0,0,3113,0
217,2014-11-01,528343227447775232,"Dayton stated one of his top priorities was a gas tax. Now he says he ""misspoke or was misunderstood."" You decide.  http://t.co/rdP891Q6NL",138,4,2,0,1,0,0,3113,1
218,2014-11-01,528343738318209025,Governor and DFL has had total control of government for two years and didn't make roads &amp; bridges a priority. I will. #TPTAlmanac #MNGov,141,6,2,2,0,0,0,3113,2
219,2014-11-01,528344176195141632,Dayton spent more on a new Senate Office Building than he did for bonding for roads &amp; bridges last year. Priorities? #TPTAlamanac #MNGov,140,14,5,2,0,0,0,3113,2
220,2014-11-01,528345609699213313,Gov. Dayton has not shown leadership on the sex offender law. This puts real families at risk. A governor needs to lead to get things done.,139,2,5,0,0,0,0,3113,0
221,2014-11-01,528346753188130816,"Victims were not notified of admin's support of Duvall's release. ""You've put these victims/families through hell. That's incompetence.""",136,6,1,0,0,0,0,3113,0
222,2014-11-01,528348204073353218," So far in the last debate, @GovMarkDayton says government needs more taxes. @Jeff4Gov says cut wasteful programs we all kn",123,6,0,0,0,3,0,3113,3
223,2014-11-01,528349358308077569,"""Its time we have an engaged governor that will deal with the pressing problems in MN: job climate, achievement gap, wasteful programs.""",136,22,8,0,0,0,0,3113,0
224,2014-11-01,528351102362595328,"Thank you @TPTAlmanac for hosting tonight's debate. With a few days left, what can you do? This-&gt; http://t.co/IcqyCDzeJD #tptalmanac #mngov",142,3,5,2,1,1,0,3113,4
225,2014-11-01,528555954456236032,Meeting voters early this morning at Hy-Vee in Winona. #mngov http://t.co/hbQW0JTlVL,84,3,6,1,0,0,1,3113,1
226,2014-11-01,528570411026370562, Full #tptalmanac debate with @Jeff4Gov + @GovMarkDayton now online in this mobile-friendly link: http://t.co/V2UMuMI3YC #mn,124,6,0,2,1,3,0,3113,6
227,2014-11-01,528572033731657729,Enjoyed the conversation with veterans at the American Legion in Winona. Thank you for your service. #MNGov http://t.co/DI5rBe76gq,130,8,7,1,0,0,1,3113,1
228,2014-11-01,528601409189462016,"Thank you to all the awesome volunteers who are out door-knocking today! Everyone else, get on the phones! http://t.co/IcqyCDzeJD",129,4,5,0,1,0,0,3113,1
229,2014-11-01,528605669071392769, @Jeff4Gov &amp; team speak to a fired up crowd at the American Legion in Winona. http://t.co/NgqsS1nppz,104,1,2,0,0,2,1,3113,2
230,2014-11-01,528628223123283968," What are you doing tonight at 6pm? Join @Jeff4Gov, @MikeForMN, &amp; #TeamGOP for a rally in Minneapolis at Midtown Global Market! #",133,6,0,2,0,3,0,3113,5
231,2014-11-01,528629704912142337,Thank you! RT @joyhazucha: Great energy at the #mngop Bloomington Victory Center! @MikeForMN @Jeff4Gov @BVO_GOP http://t.co/ccvyZTUHHC,134,3,4,1,0,4,1,3113,5
232,2014-11-01,528633698732630016,Thank you! RT @amystrenge: Proud to have cast my ballot for @Jeff4Gov @MikeForMN @NewmanForAG!,94,2,2,0,0,4,0,3113,4
233,2014-11-01,528633826520465408,"TY! Bring a friend with you. Every vote counts. RT @vondrachek: @Jeff4Gov Cant wait to vote for you on Tuesday! #MINNESOTA
#GetOutTheVote",137,3,6,2,0,2,0,3113,4
234,2014-11-01,528653455728967680,Thank you! MT @GPPeterson: Just made one more donation to @Jeff4Gov &amp; @Mike4MN to help them reach more voters by Tuesday. #Victory14 #mngov,143,2,1,2,0,3,0,3113,5
235,2014-11-01,528656382409445376,Thank you! RT @MrPaulotics: Beautiful Minnesota morning to be supporting @Jeff4Gov #teamJeff #mngov #stribpol #GOTV http://t.co/ieYHlUPIcE,138,9,4,4,0,2,1,3113,6
236,2014-11-01,528662985443524608,"Had a great rally in Mankato, people are excited for change in St Paul. #MNGov http://t.co/nDS8vX0ZGw",101,9,4,1,0,0,1,3113,1
237,2014-11-01,528664016256655360, Rolf Johnson GOTV @Jeff4Gov #teamjeff http://t.co/eSjnK4eyKf,61,7,0,1,0,2,1,3113,3
238,2014-11-01,528695290081992705,Huge support for our GOTV rally at the Midtown Global Market. Thank you Minneapolis! Vote on Tues! #mngov http://t.co/q0P7tgPZ8P,128,17,5,1,0,0,1,3113,1
239,2014-11-01,528697202726559744,So thankful to have the support of the Somali Community. They are excited to vote @mngop on Tuesday! #mngov http://t.co/drLR9jZhMG,130,10,8,1,0,1,1,3113,2
240,2014-11-02,528701276268138496,"Thank you! Now, please tell your friends and make sure they get to the polls! RT @swensonJeff: Just voted for @Jeff4Gov and @Mike4MN",132,7,1,0,0,3,0,3113,3
241,2014-11-02,528945453191020545, .@Jeff4Gov on @WCCO with @esmemurphy for extended interview at 10:30 a.m. @GovMarkDayton refused WCCO's live debate offer.,123,4,2,0,0,5,0,3113,5
242,2014-11-02,528948593667760128,About to go on WCCO Ch 4 with @esmemurphy. Tune in now! #mngov http://t.co/fDP2ceAW9j,85,6,6,1,0,1,1,3113,2
243,2014-11-02,528959168254730241,@MKarbo Not a chance Mike!,26,0,3,0,0,1,0,3113,1
244,2014-11-02,528959912651407360," Story on @Jeff4Gov at Winona Hy-Vee: ""The general attitude of those gathered was that Minnesota needs a change."" http://t.c",124,4,0,0,1,2,0,3113,3
245,2014-11-02,528988046142631936,GOTV calling is going well. Bill and I made calls yesterday.  Sign up now to help Get Out The Vote: http://t.co/IcqyCDzeJD #MNGOP,129,8,4,1,1,0,0,3113,2
246,2014-11-02,529006365839065088, For @Jeff4Gov and the rest of #TeamGOP to win we need you to volunteer! http://t.co/iiYn2kz0Oo #mngop #mngov http://t.co/VRkgkQc,129,6,0,3,1,2,1,3113,6
247,2014-11-02,529011314174070785,Show us your creative signs! MT @JenDeJournett: Saw this on @Jeff4Gov sign ... It did make me ;) #theNameYouKnow http://t.co/yNSKi5qNbk,135,1,0,1,1,2,0,3113,4
248,2014-11-02,529016856531591168,Less than 48 hrs until the polls open. Make a difference and sign up to help Get Out The Vote: http://t.co/IcqyCDzeJD http://t.co/iiwxOQ99kk,140,8,4,0,1,0,1,3113,1
249,2014-11-02,529030943210606592,Thank you Rep. Kline! Let's win! MT @Kline4Congress: Running through the tape for @MikeForMN @Jeff4Gov and all the great @mngop candidates!,139,4,3,0,0,4,0,3113,4
250,2014-11-02,529042716412227585,Did you miss the final @TPTAlmanac debate?  Dont worry.  You can watch it online!  http://t.co/ViyzjjvuHy #mngov,112,5,3,1,1,1,0,3113,3
251,2014-11-02,529043824463458306,Those are great! Save me one? RT @yablo: Go @Jeff4Gov ! http://t.co/v4PvnQ1guq,78,2,6,0,0,2,1,3113,2
252,2014-11-02,529045721937244160,"It's time to rally your friends! Share this video of my vision for MN, and let's get people to the polls! #MNGov http://t.co/nyS2y1TT2a",135,17,6,1,1,0,0,3113,2
253,2014-11-02,529053090805059585,Let's go! MT @mngop: For @Jeff4Gov and #TeamGOP to win we need you to volunteer! http://t.co/2Rhdh3wA9w #mngop #mngov http://t.co/L8lHyHecgV,140,2,5,3,1,2,1,3113,6
254,2014-11-02,529057737427005440,Stopped in Moorhead today &amp; visited the American Legion to thank veterans for their service. #mngov http://t.co/o4jsyzkeVK,126,4,5,1,0,0,1,3113,1
255,2014-11-03,529097259175002112,Looking for election graphics to upload to your Facebook or Twitter account? You'll find them here: http://t.co/noRDvCA3rD #TeamJeff #MNGov,139,7,5,2,1,0,0,3113,3
256,2014-11-03,529129603084738560,KSTP/SurveyUSA poll confirms ALL the momentum is on our side. Were going to win this thing and take back our state!  http://t.co/HYzFn04EXS,139,23,24,0,1,0,0,3113,1
257,2014-11-03,529301744937754626, 1 day until the election! Cast your vote for @Jeff4Gov and #TeamGOP tomorrow. http://t.co/g2rluXtt7c #mngop #mngov http://t.co/V,129,13,0,3,1,2,1,3113,6
258,2014-11-03,529325353597026305,Elections are decided by those who show up. We WILL win if you &amp; your neighbors vote. GOTV: http://t.co/IcqyCDzeJD http://t.co/IKL3n14r2c,141,17,8,0,1,0,1,3113,1
259,2014-11-03,529343399757770752,MN cant afford another 4 years of higher taxes and slow growth. Get your friends &amp; neighbors to the polls. #mngov http://t.co/7xJsDyebvB,140,12,4,1,0,0,1,3113,1
260,2014-11-03,529349043193782272, Lots of selfies with @Jeff4Gov today http://t.co/8tKSGx9g2l,60,2,1,0,1,2,0,3113,3
261,2014-11-03,529359860672897024,Keep up the great work! RT @josihellier: Even more excited to start GOTV this am knowing the @Jeff4Gov has closed to gap in the polls!!!!,137,6,3,0,0,2,0,3113,2
262,2014-11-03,529364059955544065,It's more important than ever that we get as many GOTV phone calls made as possible! We need your help.  http://t.co/IcqyCDzeJD #mngop,134,0,2,1,1,0,0,3113,2
263,2014-11-03,529373702001942528,"Thank you! RT @Shanelgalea: I stand with economic growth, education &amp; the power of the people. I stand with @Jeff4Gov http://t.co/669OA3Cffd",144,6,3,0,0,2,1,3113,2
264,2014-11-03,529378379363921920,TY to Nick and all the volunteers making phone calls today. Stop by and join us! http://t.co/pkI1AIEo9k #GOTV #MNGov http://t.co/mXV2hyA5mo,139,4,7,2,1,0,1,3113,3
265,2014-11-03,529393331101392896,And bring a friend to the polls with you! RT @MrPaulotics: Go Vote! @Jeff4Gov #mngov http://t.co/ROvLrOTOAP,107,7,3,1,0,2,1,3113,3
266,2014-11-03,529409030037327873,Thank you! RT @timberfrost: It was cool that @Jeff4Gov was shaking hands in the skyway today. He had a firm handshake and now has my vote.,138,6,9,0,0,2,0,3113,2
267,2014-11-04,529428628375732225,We are surging in the polls. ALL the momentum is on our side. Please get out and vote! Make sure you vote. http://t.co/VbWZF7UN67,129,16,9,0,0,0,1,3113,0
268,2014-11-04,529438214377844736,All hands on deck for GOTV. Thor and Rolf are making calls tonight at the Plymouth Victory Office. #mngov http://t.co/JC1tXFwWN1,128,15,20,1,0,0,1,3113,1
269,2014-11-04,529458852387766272,Thank you! RT @amystrenge: Making phone calls for @Jeff4Gov @MikeForMN @NewmanForAG #GOTV,89,2,5,1,0,4,0,3113,5
270,2014-11-04,529628322322333696,"Election day is here. You deserve principled, competent government. That is why I am asking for your vote. #mngov http://t.co/abW01pZIaS",136,32,17,1,0,0,1,3113,1
271,2014-11-04,529637877739569152,Tell your friends and family you voted. Get graphics to upload to your Facebook or Twitter here: http://t.co/noRDvCA3rD #TeamJeff #MNGov,136,4,3,2,1,0,0,3113,3
272,2014-11-04,529641977952759808,The Kuisle's have voted voted.  Have you? #mngov http://t.co/praWP2qvdX,71,6,9,1,0,0,1,3113,1
273,2014-11-04,529687606204698624, Vote @Jeff4Gov for Governor!!,30,7,0,0,0,2,0,3113,2
274,2014-11-04,529689190615629825, .@Jeff4Gov and #TeamGOP will bring positive leadership to Minnesota! Vote today: http://t.co/IwmYalLHrE #mngop http://t.co/IWHKQ,129,12,0,2,1,2,1,3113,5
275,2014-11-04,529696795782164480,Thank you!RT @jmeyer422: Sign waving for @Jeff4Gov and @MikeForMN with SMU College Republicans in Winona this morning http://t.co/7MdKHA64U9,140,6,8,0,0,3,1,3113,3
276,2014-11-04,529743453098635265,There is still time to Vote. And make sure your friends and family vote too. Find your polling location: http://t.co/KW4NlBw2Rz,127,11,6,0,1,0,0,3113,1
277,2014-11-04,529763412020953088,"Thanks RT @sarahschuler95: A big ""Good Luck"" shoutout to my candidates @Jeff4Gov @RepErikPaulsen @MikeForMN @StewartMillsMN @tomemmer",133,1,5,0,0,6,0,3113,6
278,2014-11-04,529779397058781185,"Thank you! RT @Kelsy_Lately: I voted for @Jeff4Gov, @MikeForMN, and the rest of #TeamGOP! #mngop #mngov http://t.co/l7JmXVWhdJ",126,1,7,3,0,3,1,3113,6
