,date,tweet_id,tweet_text,tweet_length,retweet_count,favorite_count,hashtag_count,url_count,user_mentions,media_count,follower_count,total_entities
0,2014-10-07,519623368325083136," LA Times, OC Register, SD Union Tribune, SJ Mercury News, SF Chronicle, Santa Rosa Press Democrat: #YesonProp2 http://",119,3,0,1,1,1,0,1046667,3
1,2014-10-07,519608466831179777," OC Register, Sac Bee, SF Chronicle, SJ Mercury News, SD Union Tribune: #YesonProp1: Protecting a vital resource http:/",119,10,0,1,1,1,0,1046667,3
2,2014-10-08,519963015924293632,#YesOnProp2 - protect our schools and public safety http://t.co/moB69tvccD,74,16,10,1,1,0,0,1046667,2
3,2014-10-08,519966170783305728," Congratulations to UCSB's Shuji Nakamura, just awarded the #NobelPrize2014 in #Physics! http://t.co/mqW612LsYT",111,137,0,2,1,1,0,1046667,4
4,2014-10-08,519966234679336960," Congratulations to Professor William E. Moerner, winner of the #NobelPrize2014 in Chemistry: http://t.co/84CqNSlFrP #Stanford",126,171,0,2,1,1,0,1046667,4
5,2014-10-08,519887492317589505,"Save water, save money, vote @YesOnProps1and2  http://t.co/wZRYq6HIx4",69,29,15,0,1,1,0,1046667,2
6,2014-10-09,520249903746781186,Sacramento Bee Endorsement: Proposition 2 clearly is worthy of support http://t.co/yqUxOpmBxj @yesonprops1and2 #YesOnProp2,122,12,6,1,1,1,0,1046667,3
7,2014-10-09,520339107667382272," Oct. 10, 1980 #TBT #BluePlymouth http://t.co/wTK4fYD9EM",56,40,0,2,0,1,1,1046667,3
8,2014-10-10,520614750023999489,Proposition 2 is our best defense against an uncertain and volatile future. #YesOnProp2 @YesOnProps1and2 http://t.co/qRlV9GwxFP,127,11,9,1,1,1,0,1046667,3
9,2014-10-10,520675182751780864,Thank you President Obama for designating the San Gabriel Mountains as a national monument: http://t.co/izlZhEosDo  #GoldenState,128,129,118,1,1,0,0,1046667,2
10,2014-10-10,520695317377740800,"Save water, save money, save California @YesOnProps1and2 http://t.co/lQjCI1d5QW",79,34,21,0,1,1,0,1046667,2
11,2014-10-14,522124252997103616,Strong action from @LAMayorsOffice  to #SaveOurWater  during #CADrought : http://t.co/CrcMIZJo68 . Everyone must do their part.,127,55,32,2,1,1,0,1046667,4
12,2014-10-16,522583248321658880,"Congratulations to the new pro Tem, @kdleon -- looking forward to a great 2015.",79,24,18,0,0,1,0,1046667,1
13,2014-10-17,522951096663552000,Way to go Giants! #OrangeOctober,32,158,224,1,0,0,0,1046667,1
14,2014-10-18,523503202054844416, Democrats are hitting the streets (and the phone lines) today for a #DayOfAction. Take part: http://t.co/XPyQm6Azdc http://t.co,128,21,0,1,1,1,1,1046667,3
15,2014-10-18,523502241311756288," Finally, something Democrats and Republicans can agree on. #YesOn1and2 http://t.co/U3Sw0PXOaw",94,12,0,1,1,1,0,1046667,3
16,2014-10-19,523962995731218433, Check out the new @YesOnProps1and2 radio ad with the great Peter Coyote: https://t.co/fam43ci1BC,97,12,0,0,1,2,0,1046667,3
17,2014-10-20,524228311426166784," To stay strong, we need a reliable water supply and a stable budget http://t.co/WNaRg2XYix",91,19,0,0,1,1,0,1046667,2
18,2014-10-20,524206178117492736," Last day to register to #vote in California is today, Oct. 20th. Register here: http://t.co/FuvC7zJTxK",103,58,0,1,1,1,0,1046667,3
19,2014-10-21,524696294845992960,"Friendly #WorldSeries wager w/@GovJayNixon: Dinner @ Tommasos, home of SFs oldest wood-fired pizza oven. #OrangeOctober #GoGiants",129,54,39,3,0,1,0,1046667,4
20,2014-10-22,524954289811095552," From wet to dry, boom to bust, help smooth out the ride. Vote YES on Props 1 and 2: http://t.co/pNeU8EcAKI",107,11,0,0,1,1,0,1046667,2
21,2014-10-23,525393875117293568, Poll finds support for rainy-day fund picking up. #YesOn1and2 http://t.co/Zk5YJ4yKu4,85,11,0,1,1,1,0,1046667,3
22,2014-10-23,525323312059019264,Help spread the word - it's National Be Kind Online Day! Let's make social media a force for good! #iminpledge http://t.co/cOQLKDUrvl,133,50,34,1,1,0,0,1046667,2
23,2014-10-24,525679473153150976," Save water, save money, vote #Yeson1and2 http://t.co/rnrd6qSRwF",64,11,0,1,1,1,0,1046667,3
24,2014-10-24,525727492976300033, Diverse groups and interests throughout California agree - Vote Yes on Prop 2 #SaveMoney #SaveCalifornia http://t.co/E,119,9,0,2,1,1,0,1046667,4
25,2014-10-25,526058519116537857,Atta Boy! RT @SutterBrown: Prepping the posse for paws on the pavement precinct walking for  @YesOnProps1and2 http://t.co/73oBxlQ0Qh,132,12,16,0,1,2,0,1046667,3
26,2014-10-27,526803135629516800,Save Water. Save Money. Save for the future. Vote @YesOnProps1and2 http://t.co/d8zNWqd2aG,89,32,20,0,1,1,0,1046667,2
27,2014-10-28,527179344745988096," Do you like water and money? Props 1 and 2 save both, so California has MORE when times are tough. Vote #YesOn1and2 ht",119,22,0,1,0,1,1,1046667,2
28,2014-10-29,527504323979128834, Tonight @ 5pm! Welcome @SutterBrown to #SMCounty for a #BarkTheVote event. Help #GOTV for @YesOnProps1and2 RSVP @ http://t.co/,127,4,0,3,1,3,0,1046667,7
29,2014-10-29,527286429110398978, Sharing a bath with Grace. Save water. Save money. Yes on Props 1 &amp; 2! http://t.co/InBzCcpRK7,98,49,0,0,0,1,1,1046667,1
30,2014-10-29,527547141850292224,Proposition 2 is our best defense against an uncertain and volatile future. #YesOnProp2 @YesOnProps1and2 http://t.co/BVEHOjeSl6,127,12,12,1,1,1,0,1046667,3
31,2014-10-30,527661589822857216,Congrats #SFGiants #OrangeOctober #WorldSeriesChamps #CaliforniaStrong,70,197,194,4,0,0,0,1046667,4
32,2014-10-30,527915783825801216,Join me Saturday in Williams California for a @YesOnProps1and2 campaign rally! http://t.co/cKHvaPbqAn,101,13,14,0,0,1,1,1046667,1
33,2014-10-31,528303557083025408,One umbrella for a stronger California http://t.co/ylktzlsJkb,61,20,12,0,1,0,0,1046667,1
34,2014-10-31,528246869181231105, Join @CA_Dem @CAGOP @CAFarmBureau and @nature_org vote @YesOnProps1and2: https://t.co/0YiQTdJsUx,97,3,0,0,1,6,0,1046667,7
35,2014-10-31,528315621402882048, Nuevos anuncios de televisin empiezan hoy para @YesOnProps1and2 http://t.co/zxJ0E06bfH,87,10,0,0,1,2,0,1046667,3
36,2014-11-03,529383753013932032," .@JerryBrownGov, @BarbaraBoxer, Chip Johnson, &amp; the @EastBayExpress don't always agree. But when they do, it's about end",125,15,0,0,0,4,0,1046667,4
37,2014-11-03,529392659622674432,The Los Angeles Times endorses @YesOnProps1and2 http://t.co/7mpLqvvQQe,70,24,8,0,1,1,0,1046667,2
38,2014-11-04,529649870802391041," Its Election Day, get out &amp; vote! Visit http://t.co/bVwf5DrrDf to find your polling place &amp;personalized endorsements http://t.",135,67,0,0,1,1,1,1046667,2
39,2014-11-04,529422857537744897,The San Francisco Chronicle endorses @YesOnProps1and2 http://t.co/HLykcWhZXv,76,14,13,0,1,1,0,1046667,2
40,2014-11-04,529453070447431680,The Sacramento Bee endorses @YesOnProps1and2 http://t.co/4SokflFdQ2,67,13,11,0,1,1,0,1046667,2
41,2014-11-04,529765197234204674,"Polls close at 8:00pm! For a stronger California, vote @YesOnProps1and2 http://t.co/FRgyWwkaGM",94,41,31,0,1,1,0,1046667,2
