,date,tweet_id,tweet_text,tweet_length,retweet_count,favorite_count,hashtag_count,url_count,user_mentions,media_count,follower_count,total_entities
0,2014-10-06,519202756138401792,"I have for a long time been advocating an addition of CNG as a second fuel.  It is beginning.

A few months ago,... http://t.co/aYpSuxsxce",138,2,0,0,1,0,0,29,1
1,2014-10-22,524749290124902400,"Thank you, all for the birthday wishes!  God woke me this morning with His.  This day will mark some good things... http://t.co/kA1lzDlcuL",138,1,0,0,1,0,0,29,1
2,2014-10-28,527229673450012672,I will not be on the ballot for Colorado Governor in November 2014.  A Lieutenant Governor was not to be found.... http://t.co/pcRXToDMOA,137,2,0,0,1,0,0,29,1
3,2014-10-29,527597755901157377,Fire Tree Telephone Company is Western Colorado's new phone company. They take 50 - 450 Mbps Broadband Internet... http://t.co/aLsdNsQMck,137,1,0,0,1,0,0,29,1
4,2014-11-03,529353183882399744,I posted a new photo to Facebook http://t.co/gASyDkQMyA,55,1,0,0,1,0,0,29,1
5,2014-11-03,529352047750295552,"The definition of ""Freedom"":
            the power or right to act, speak, or think as one wants... http://t.co/8ZHBRXIdjt",122,1,0,0,1,0,0,29,1
