,date,tweet_id,tweet_text,tweet_length,retweet_count,favorite_count,hashtag_count,url_count,user_mentions,media_count,follower_count,total_entities
0,2014-10-05,518827982429769728,Join Joe Dorman this Thursday as he interacts with Oklahomans in a Reddit AMA! His AMA begins at 7 p.m. at http://t.co/Lg0IU6WUwh,129,5,3,0,1,0,0,6423,1
1,2014-10-05,518563736676618240,Remember: the deadline to request an absentee ballot is October 29th! Sign up now: http://t.co/8bkh9WNoXq,105,2,1,0,1,0,0,6423,1
2,2014-10-06,519166782104678400,Have you liked the Joe Dorman page on Facebook yet? #TeamDorman https://t.co/sHweMnLTp6,87,3,1,1,1,0,0,6423,2
3,2014-10-06,519172793351405568,This Friday is the voter registration deadline! Make sure that everyone you know is registered. More information: http://t.co/mi5k50MSks,136,18,0,0,1,0,0,6423,1
4,2014-10-06,519200737126281217,"More pictures as Joe Dorman tours all 77 counties in Oklahoma including stops in Beaver, Shattuck, Laverne, &amp; Tulsa! http://t.co/gTjvPSltSg",143,8,8,0,0,0,1,6423,0
5,2014-10-06,519244513127047168,"We need your help to Chalk Up the Vote! Join #TeamDorman and make pro-education voices count!
More info here: http://t.co/szMwNYyYjX #oklaed",140,6,7,2,1,0,0,6423,3
6,2014-10-06,519221818230444032,Join Joe Dorman this Thursday as he interacts with Oklahomans in a Reddit AMA (Ask Me Anything) at 7 p.m. on http://t.co/Lg0IU6WUwh,131,12,9,0,1,0,0,6423,1
7,2014-10-06,518930091452411904,"Rep. Joe Dorman, candidate for Oklahoma Governor.  Hope you each were able to listen in on our interim study on Tuesday. #oklaed",128,3,8,1,0,0,0,6423,1
8,2014-10-07,519600660140929024,NEWS RELEASE: Major Momentum For Joe Dorman http://t.co/rHsFZNA3KJ,66,7,10,0,1,0,0,6423,1
9,2014-10-07,519507894312910849,"The election is in exactly four weeks! On Tuesday, November 4th, vote Joe Dorman for Governor! #TeamDorman http://t.co/kOMRn1lMql",129,14,9,1,0,0,1,6423,1
10,2014-10-07,519535144252612610,Show off your #TeamDorman spirit! Order a t-shirt here: https://t.co/YGIPXuz2YB Request a yard sign here: https://t.co/7zFX3uT1K9,129,2,1,1,2,0,0,6423,3
11,2014-10-07,519624572685926401,Oklahoma's education deserves a strong leader that will work with local educators! RT if you agree. #oklaed http://t.co/6faZy1ejeQ,130,53,23,1,0,0,1,6423,1
12,2014-10-08,519968247467487233,Joe Dorman knows that we must continue to protect the defined benefit pension system of our state employees! http://t.co/BI8P0ajKs2,131,16,12,0,0,0,1,6423,0
13,2014-10-08,519869766400749569,"This Friday, October 10th, is the voter registration deadline! More info: http://t.co/xUYOaokdau #okgov http://t.co/o7cIfL95rm",126,10,2,1,1,0,1,6423,2
14,2014-10-08,519895095697346561,"Joe Dorman's new commercial, ""Education Difference,"" is out today!
Watch it now &amp; RT to spread the word! #TeamDorman http://t.co/dicQal6AU0",143,9,5,1,1,0,0,6423,2
15,2014-10-08,519920219045654528,"Be sure to check out Joe Dorman's ""In Their Own Words"" on @koconews! http://t.co/IDx0mzOOIp #TeamDorman",103,4,0,1,1,1,0,6423,3
16,2014-10-08,519943909217431553,There is no doubt about it  Joe Dorman continues to gain momentum and recent polls prove it! #TeamDorman http://t.co/RYBYnCBpWr,127,30,24,1,0,0,1,6423,1
17,2014-10-08,519994255432232960,"In this weeks The Joe I Know, Keith O. Bridges talks about his friendship &amp; experience with Joe! Watch here: https://t.co/cgfAsVWFut",136,7,6,0,1,0,0,6423,1
18,2014-10-09,520332597139103744,#TBT - Youth in Government - encouraging the next generation of leaders! http://t.co/Iw96JP0tfV,95,9,14,1,0,0,1,6423,1
19,2014-10-09,520027035188854786, @Dorman2014 can you please help OK secondary schools student athletes with a RT? Athletic trainers can save lives.  http,121,19,0,0,1,2,0,6423,3
20,2014-10-09,520235375256928256,Remember  tomorrow is the deadline to register to vote and change your registration! http://t.co/0vpPx8SiWL #okgov http://t.co/SSXkPpDBSN,137,17,9,1,1,0,1,6423,2
21,2014-10-09,520257509215305728,Joe Dorman will take part in a Reddit AMA this evening at 7 p.m. Submit your questions now! http://t.co/CJg3Ibzwra,114,5,5,0,1,0,0,6423,1
22,2014-10-09,520281406501847040,There are several reasons why Oklahoma must accept Medicaid expansion! http://t.co/esrE6HgI94,93,18,11,0,0,0,1,6423,0
23,2014-10-09,520306593498681346,//t.co/42EgeNb8BO,17,30,15,1,0,0,1,6423,1
24,2014-10-09,520333048081289216,Read more about Joe Dorman's plan to provide students the opportunities to foster the active citizens Oklahoma needs: http://t.co/RlKxHMcKDn,140,5,5,0,1,0,0,6423,1
25,2014-10-10,520698739489771521,"GOP senator snubs party leader, supports Democrat state Rep. Joe Dorman for governor http://t.co/OGKTJ37Z5I #okgov @enidnews",124,22,11,1,1,1,0,6423,3
26,2014-10-10,520372288777355264,"The Reddit AMA is currently underway and Joe Dorman is live, answering your questions! http://t.co/SbDQnsqB02 http://t.co/bHEdJHW7Ez",132,8,6,0,1,0,1,6423,1
27,2014-10-10,520448248570335232,@EdnasDoor I will miss this very sweet lady! I have been friends with her for almost 20 years #RIPEdna http://t.co/NQNG9pApBf,125,2,10,1,0,1,1,6423,2
28,2014-10-10,520590960460595201,TODAY is the deadline to register to vote and to change your information! http://t.co/ABrF8K8HMo #okgov http://t.co/36gT876lHg,126,7,2,1,1,0,1,6423,2
29,2014-10-10,520619813383585792,"The new commercial it out! If you havent had the chance, check out Education Difference today! https://t.co/R0zq8efZt1 #TeamDorman",130,7,3,1,1,0,0,6423,2
30,2014-10-10,520641225259356163,Help Chalk Up The Vote and make pro-education voices count! Find out more: http://t.co/szMwNYyYjX #oklaed,105,0,0,1,1,0,0,6423,2
31,2014-10-10,520658391115780096,@MaryFallin This reeks of desperation. I'm happy to discuss my voting record in a second debate. We all know you voted for @JanetBarresi,136,27,25,0,0,2,0,6423,2
32,2014-10-10,520668779370795008,Joe Dorman is focused on state issues and creating real solutions for All Oklahomans! #TeamDorman http://t.co/isf8pmc3xU,120,14,12,1,0,0,1,6423,1
33,2014-10-10,520717932528017409,"Joe Dorman took to Reddit last night to answer your questions!
Check out his responses now: http://t.co/CJg3Ibzwra",114,6,2,0,1,0,0,6423,1
34,2014-10-11,521006111294373889,Have you liked Joe Dorman on Facebook (http://t.co/3JvZUzYvnk) and followed him on Instagram (http://t.co/TtBls30AyV) yet? #TeamDorman,134,8,9,1,2,0,0,6423,3
35,2014-10-11,521072574948974592,Help get Joe Dorman elected! Join us at one of our offices on Monday for a Day of Action! https://t.co/nugsiXgeeA http://t.co/lZDmUBxBvJ,136,9,6,0,1,0,1,6423,1
36,2014-10-11,521085367802273792,@NewsOK calls @GovMaryFallin's Education Proposal a bad idea http://t.co/VICf8WdhZl,83,9,6,0,1,2,0,6423,3
37,2014-10-12,521334357962031104,Many thanks to the volunteer firefighters all across our great state! http://t.co/GmHBxXLaIX,92,14,14,0,0,0,1,6423,0
38,2014-10-12,521357173327020032,Tomorrow is a Day of Action to help elect a Governor for All Oklahomans! More info: https://t.co/dAO5VPym4p,107,9,5,0,1,0,0,6423,1
39,2014-10-12,521096035004067840,It was an honor to attend and dance with the Kiowa Black Leggings Warrior Society this evening in Anadarko! http://t.co/WPn2t4jO2t,130,12,16,0,0,0,1,6423,0
40,2014-10-13,521511820704894977,@timcampbell1959 I look forward to seeing you there!,52,0,0,0,0,1,0,6423,1
41,2014-10-13,521689610418937857,Tonight is #TeamDorman's Day of Action! Join us at one of our office locations &amp; help get Joe Dorman elected. https://t.co/uo9ycgOsfJ,137,7,3,1,1,0,0,6423,2
42,2014-10-13,521710490003963904,Today starts @YWCAUSA's Week Without Violence. RT and pledge to #workagainstviolence with the YWCA! http://t.co/lPGXobRfqg,122,3,0,1,0,1,1,6423,2
43,2014-10-13,521737330055741440,"Who's ready to win this in November? RT if you support Joe Dorman, a Governor for All Oklahomans! #TeamDorman http://t.co/E9kVpRVg9M",132,23,8,1,0,0,1,6423,1
44,2014-10-13,521801364100227072,"Remember: October 29th is the last day to request an absentee ballot!
Sign up now so you can vote by mail: http://t.co/8bkh9WNoXq",129,5,3,0,1,0,0,6423,1
45,2014-10-13,521778722224218112,NEWS RELEASE: Joe Dorman Receives GOP Support http://t.co/eCsnSbU520,68,7,8,0,1,0,0,6423,1
46,2014-10-13,521465724603088896,#oklaed Do not forget my House interim study on appropriate education standards on Tuesday - more info at http://t.co/7sgfGsUvUe,128,5,4,1,1,0,0,6423,2
47,2014-10-13,521466901453500416,"#oklaed Joe Dorman, candidate for OK Governor - look forward to appointing a new State Board of Ed to work w/ a new State Super!",128,15,20,1,0,0,0,6423,1
48,2014-10-13,521505135411748866,@chancelperry We have crews delivering signs each day to different locations. You can request a sign at http://t.co/YyzUjcBDcr - thanks!,136,1,2,0,1,1,0,6423,2
49,2014-10-13,521505672836304897,@timcampbell1959 You bet! Message me your address and we will get some in the mail to you!  Thanks!,99,0,0,0,0,1,0,6423,1
50,2014-10-13,521505923349491712,@BolandDrummer Thanks!  Our office is at 1523 S. Harvard. I appreciate it!,74,0,0,0,0,1,0,6423,1
51,2014-10-14,522044177450672128,Want to know when Joe Dorman will be in your area? The events page is constantly updated: http://t.co/gGlIDOpWRf,112,6,3,0,1,0,0,6423,1
52,2014-10-14,522096587741601793,"Its official: three weeks from today, you get to vote for a Governor for All Oklahomans! #TeamDorman http://t.co/vtMN92xEi9",123,24,13,1,0,0,1,6423,1
53,2014-10-15,522507937630007296,Join Joe Dorman and the team this Saturday at the @UofOklahoma's Homecoming parade and tailgate! #TeamDorman http://t.co/MYIhx3Opkg,131,4,5,1,0,1,1,6423,2
54,2014-10-15,522393255515009024,I look forward to attending! RT @ORWP_NOW: @Dorman2014 Fallin declined to talk water. Will you do the same? Media &amp; voters want answers,139,2,1,0,0,2,0,6423,2
55,2014-10-15,522396254211690497,I agree with the @OUDaily's call for a 2nd debate between @MaryFallin and myself at the @UofOklahoma! @OUDailyOpinion http://t.co/QD5td7g4bj,140,33,29,0,1,4,0,6423,5
56,2014-10-15,522435981698670592,@thecentristword Help by making phone calls! http://t.co/faVAyrx8jh,67,0,0,0,1,1,0,6423,2
57,2014-10-15,522437160574943232,"In the past six months, Joe Dorman has been to all 77 counties in Oklahoma! #TeamDorman http://t.co/drBuKYHmYb",110,11,9,1,0,0,1,6423,1
58,2014-10-15,522476916893573120,It was great to meet Sean Whitley from Street Outlaws on Discovery Channel! http://t.co/X7lwVHkS4s,98,4,9,0,0,0,1,6423,0
59,2014-10-15,522527049970229248,"@MaryFallin says no to the OU debate. Unfortunately, she says YES to @JanetBarresi's school plan! http://t.co/pl59ZdI9Ea",120,10,4,0,1,2,0,6423,3
60,2014-10-16,522891047509053441,Remember when @MaryFallin threatened teachers if they criticized her BFF @JanetBarresi's A-F grading policy? #tbt http://t.co/JG9SullYF5,136,15,9,1,1,2,0,6423,4
61,2014-10-16,522779220632936448,NEWS RELEASE: New Report Confirms Failures Of Fal-esi Education Policies http://t.co/aKFHMMbkER,95,11,6,0,1,0,0,6423,1
62,2014-10-16,522779280577925120,"Video of Barresi saying Fallin supports ""everything we're doing."": https://t.co/5NPi4H6A7i",90,17,11,0,1,0,0,6423,1
63,2014-10-16,522786417681137664,@csavagelead Here you go! https://t.co/KEnOlByq1Y,49,0,1,0,1,1,0,6423,2
64,2014-10-16,522806753000710144,"NEWS RELEASE: Regents Finally Take Action To Certify State's PASS Standards. ""It's about time."" - Joe Dorman http://t.co/vxBVcEj6K9 #oklaed",139,5,9,1,1,0,0,6423,2
65,2014-10-16,522866318203039744,Oklahoma cannot handle 4 more years of this failed leadership! http://t.co/PXKML2r0Ki,85,22,18,0,0,0,1,6423,0
66,2014-10-17,523252082778718208,#TeamDorman is working around the clock to make sure Oklahoma elects a strong leader this November that will get our state back on track!,137,8,11,1,0,0,0,6423,1
67,2014-10-17,522906157049217024,Thank you to students at Norman High School for representing #TeamDorman at tonight's NHS Homecoming Parade! http://t.co/f7787eI7TC,131,10,15,1,0,0,1,6423,1
68,2014-10-17,522906567768043521,Students live the failed policies of @MaryFallin and @JanetBarresi everyday. #oklaed,84,15,11,1,0,2,0,6423,3
69,2014-10-17,522906614060556289,"This November 4th, vote for Joe Dorman, a strong leader that will put education and our students, the future of Oklahoma, first! #TeamDorman",140,17,9,1,0,0,0,6423,1
70,2014-10-17,523133610527035392,@TulsaWorld agrees: @MaryFallin should debate Dorman again http://t.co/NtTMLTDOlS,81,5,2,0,1,2,0,6423,3
71,2014-10-17,523137254601269248,".@MaryFallin is afraid of another debate because she knows the failures of her administration, the largest one being her BFF @JanetBarresi",138,18,21,0,0,2,0,6423,2
72,2014-10-17,523137288294129664,.@MaryFallin has time to attend OU/TX but she doesn't have time to meet and discuss the issues with the citizens of Oklahoma?,125,12,17,0,0,1,0,6423,1
73,2014-10-17,523142614493954048, My absentee ballot is in! Best wishes to @Dorman2014!! http://t.co/Ggrns1y6ow,78,6,0,0,0,2,1,6423,2
74,2014-10-17,523146461996142592,.@MaryFallin @NewsOK also said you don't have an education plan and that you like to flip flop http://t.co/8NUBYQh3dU,117,8,6,0,1,2,0,6423,3
75,2014-10-17,523165117635383296,.@MaryFallin - @ExpressStarNews calls you out for flat-out lying (again) in recent anti-Dorman ad http://t.co/d12hFb6XP0,120,18,4,0,1,2,0,6423,3
76,2014-10-17,523201884601847808,"Oklahoma education cuts still the worst in the nation.

No one cuts education funding more than @MaryFallin. No one. http://t.co/y1ueCamcxu",139,25,22,0,0,1,1,6423,1
77,2014-10-17,523225753236680704,Join Joe Dorman and the rest of the #TeamDorman at tomorrow's @UofOklahoma Homecoming Parade and Tailgate! http://t.co/T0UkrvVbZp,129,3,1,1,0,1,1,6423,2
78,2014-10-17,523234566660956160," Finally watched @GovMaryFallin debate @Dorman2014  
Mr Dorman, you have my vote.",81,3,0,0,0,3,0,6423,3
79,2014-10-17,523240747102126080, Just saw a @GovMaryFallin ad paralleling  @Dorman2014 to Obama. Please! That couldn't be further from the truth! #justmorel,124,7,0,2,0,3,0,6423,5
80,2014-10-17,523240832166793217, http://t.co/siUAFl99Nn.     A vote for Failing @GovMaryFallin is a vote to cut your child's education funding. Vote @Dorm,122,14,0,1,1,3,0,6423,5
81,2014-10-17,523251871587123201,"Shout out to Wendy of #TeamDorman for her dedication to elect Joe Dorman as our Governor, even with a broken leg! http://t.co/nHxk67UC1Y",136,1,6,1,0,0,1,6423,1
82,2014-10-18,523610668088713216,Spent the afternoon at the Pauls Valley Superhero Festival! Our state needs a superhero to fight for All Oklahomans. http://t.co/ywLPgXxwvh,139,3,14,0,0,0,1,6423,0
83,2014-10-18,523579337417584641,Our state suffers as @MaryFallin and @JanetBarresi work hand in hand to fail public education! http://t.co/Mxv9NYSxp0,117,37,17,0,0,2,1,6423,2
84,2014-10-18,523581667273764864," Just shook hands with @Dorman2014 ! I am a lifelong Republican, but we need a change! Go Joe!",94,13,0,0,0,2,0,6423,2
85,2014-10-18,523526454298955777,"@MaryFallin continuously follows Joe Dorman's lead, this time on education curriculum! http://t.co/mnF1UqDMip",109,4,3,0,0,1,1,6423,1
86,2014-10-18,523271049119404032,"Stopped for a bite at Siegi's, a great, local, German restaurant in Tulsa! http://t.co/lAAPXCxdBK",97,3,4,0,0,0,1,6423,0
87,2014-10-18,523271307492720640,Oklahoma's local businesses are second to none and make me proud to say I'm from this great state.,98,6,10,0,0,0,0,6423,0
88,2014-10-18,523466079335501826,Today is @UofOklahoma's Homecoming Parade and Tailgate! Join the #TeamDorman tailgate around 9 a.m. http://t.co/ADvSLHL3NX,122,3,1,1,0,1,1,6423,2
89,2014-10-19,523940173722451968,@timcampbell1959 I will make sure they were sent. Sorry for the delay!,70,0,0,0,0,1,0,6423,1
90,2014-10-19,523946754224300035,"Together, @MaryFallin and @JanetBarresi get an F for their third grade high-stakes testing failures! http://t.co/nR8YmZU0Es",123,23,16,0,0,2,1,6423,2
91,2014-10-19,523947064653144064," It was good to hear from my Republican family today that they're voting @Dorman2014 because ""Dorman is the education can",121,15,0,1,0,2,0,6423,3
92,2014-10-19,523975652156776450,"Further proof that @MaryFallin and @JanetBarresi (""Fal-esi"") have worked hand in hand to fail public education: https://t.co/AxVTykZUSs",135,14,8,0,1,2,0,6423,3
93,2014-10-19,523947080100769794, Just read a great piece by @Dorman2014 in the @tulsaworld. Oklahoma needs him in the Gov's office to get our state back,120,5,0,0,0,3,0,6423,3
94,2014-10-19,523858643901366275,Come meet Joe Dorman this afternoon in Moore and learn more about how he will improve education! #TeamDorman http://t.co/2OtKMRsG19,131,3,4,1,0,0,1,6423,1
95,2014-10-19,523868737640755201, Got a chance to visit with @Dorman2014 yesterday at the OU game.  He cares about Firefighters and their families.  Very d,122,6,0,0,0,2,0,6423,2
96,2014-10-19,523892188455763969,"When you vote Joe Dorman on November 4th, you've voting to save our public schools and hospitals. #TeamDorman http://t.co/RrquBwb0Sq",132,35,34,1,0,0,1,6423,1
97,2014-10-19,523901852551634945,@twistermama Happy birthday!,28,0,1,0,0,1,0,6423,1
98,2014-10-19,523920287713075201,PIECE BY JOE DORMAN IN TULSA WORLD: Rep. Joe Dorman: Putting people before politics http://t.co/RzVsLomHyq,106,9,6,0,1,0,0,6423,1
99,2014-10-19,523939927273508864,@WEST3RN No. It also creates work for the departments to clean them up,70,0,0,0,0,1,0,6423,1
100,2014-10-20,524334364830621696,"Thank you to Dax Ewbank, GOP Candidate for Governor who ran against Fallin in the primary, for his endorsement! https://t.co/TeJZwBhZVR",135,13,15,0,1,0,0,6423,1
101,2014-10-20,524246184865439744,"@GovMaryFallin continuously follows Joe Dorman's lead, this time on Common Core! http://t.co/ecVMR2lh3A",103,1,2,0,0,1,1,6423,1
102,2014-10-20,524270108844118016,"If @MaryFallin wanted to run against the President, she should have in 2012! http://t.co/zBNnNZcNDL",99,33,24,0,0,1,1,6423,1
103,2014-10-20,524291483797430272,"#TeamDorman - With just about 2 weeks until the election, it's go time! Get involved and help get Joe Dorman elected! http://t.co/Blg1UKgC77",140,12,6,1,0,0,1,6423,1
104,2014-10-20,524312920784515075,"@GovMaryFallin hasn't kept her promises from 2010. In fact, she's done the exact opposite! https://t.co/nPZDz4LlJy",114,7,4,0,1,1,0,6423,2
105,2014-10-20,524348342734565376, I will be voting for Joe Dorman on November 4th. He is THE BEST candidate in the race for OK Governor. Please join me. ,120,20,0,2,0,1,0,6423,3
106,2014-10-21,524691234288594944,"@timcampbell1959 we do not have any more ourselves, but I can see if my local printer might have one left",105,0,0,0,0,1,0,6423,1
107,2014-10-21,524579307675746304,"#TeamDorman is hard at work, getting ready for this weekend's @okstate Homecoming Parade! http://t.co/AQVBGxq2NV",112,6,9,1,0,1,1,6423,2
108,2014-10-21,524609104518856704,"Watch Joe Dorman's new commercial ""End Era.""

RT if you're ready to end the Fallin and Barresi era this November 4th: http://t.co/Pka8sp8XVu",140,19,8,0,1,0,0,6423,1
109,2014-10-21,524690745656352768,@TheWadeWord Very odd!  Not sure what is causing that,53,0,0,0,0,1,0,6423,1
110,2014-10-21,524707806457659392, Let's end this era!! Vote for @Dorman2014 http://t.co/X0P9UdMbPf #teamdorman #oklaed,85,20,0,2,1,2,0,6423,5
111,2014-10-22,525033885294268417,It's time for another great homecoming Saturday! Come out and meet Joe Dorman and the team at @okstate's Homecoming. http://t.co/Yeuocs5Yaf,139,4,3,0,0,1,1,6423,1
112,2014-10-22,524944571696836608,You're invited to Joe Dorman's Meet &amp; Greet in Sapulpa this Friday evening! http://t.co/rnPJW82GcO,102,4,2,0,0,0,1,6423,0
113,2014-10-22,524968533701038081,"Fallin continuously tries to follow Joe Dorman's history of strong leadership, this time with teacher pay raises! http://t.co/oRqxr5R5FG",136,5,4,0,0,0,1,6423,0
114,2014-10-22,524988591546441729,"On Tuesday Nov. 4th, vote for a strong, bipartisan leader that is in touch with Oklahomans and puts our state first! http://t.co/fv6tMBrdpe",139,7,7,0,0,0,1,6423,0
115,2014-10-22,525011268797595650,"""If there ever was a time for true bipartisanship, it is today."" - Brad Henry http://t.co/fe5r4FwZ7v",100,10,9,0,0,0,1,6423,0
116,2014-10-22,525035839282491392,NEWS RELEASE: Mary Fallin's Hypocrisy Continues http://t.co/Oe2rgCojAS,70,23,9,0,1,0,0,6423,1
117,2014-10-23,525357791964590081, Look what we got!! @Dorman2014 We want Joe for Governor! http://t.co/NchLImqCdq,80,2,0,0,0,2,1,6423,2
118,2014-10-23,525080422976221185,"Let's officially end the Fallin and Barresi era this November 4th! Watch Joe Dorman's commercial, ""End Era."" http://t.co/cY8OXLX37S",131,15,13,0,1,0,0,6423,1
119,2014-10-23,525309926638645249,"Another Joe I Know video from Libby Wuller, a Stillwater High graduate! #TeamDorman https://t.co/2Asta7WG9q",107,0,1,1,1,0,0,6423,2
120,2014-10-23,525320620935233539, 12 days until Election Day! Let the count down begin! #Election2014 @Dorman2014,80,3,0,1,0,2,0,6423,3
121,2014-10-23,525328345567727618,@MaryFallin continues to distort the truth and lie to the people of Oklahoma for political gain! http://t.co/JIElINmTwt,119,2,2,0,0,1,1,6423,1
122,2014-10-23,525349725231255552,"Throwback: In April, Joe Dorman wrote a piece for @HuffingtonPost titled ""Why I'm Running."" Read the full piece here: http://t.co/XsmlOP0Gtl",140,5,4,0,1,1,0,6423,2
123,2014-10-23,525376576532119552,Joe Dorman has two new radio pieces and we need your help to decide which one to air! Click here to listen and vote: http://t.co/4YqOW9stwd,139,2,1,0,1,0,0,6423,1
124,2014-10-23,525398738400194560, Proud to announce that this Republican just voted for @Dorman2014!!! Just mailed my ballot! #teamdorman #ForAllOklahomans,122,10,0,2,0,2,0,6423,4
125,2014-10-23,525405910743937024,"Together, Fallin &amp; Barresi have put our schools through the disastrous, unfair, &amp; flawed A-F grading system #oklaed http://t.co/wOghuF9Kdc",146,21,18,1,0,0,1,6423,1
126,2014-10-23,525423964420444160,Want to make a huge difference in electing a Governor for All Oklahomans? Sign up now to help us Get Out The Vote: https://t.co/bTqNs88zBG,138,4,5,0,1,0,0,6423,1
127,2014-10-24,525725932166737920,"In order to have a strong economy and a strong Oklahoma, we must start investing in our education! http://t.co/SpO4b5Rlda",121,12,11,0,0,0,1,6423,0
128,2014-10-24,525772480632193024,Are you ready to end the Fallin and Barresi era and elect a Governor who cares about education and our state? https://t.co/n2cjU4Ph0e,133,14,24,0,1,0,0,6423,1
129,2014-10-24,525674373886140416,Join Joe Dorman and the rest of the team tomorrow in Stillwater for @okstate's Homecoming! http://t.co/Fmho7SqtCS,113,3,6,0,0,1,1,6423,1
130,2014-10-24,525699544340627457,"Have you read the four phases of Joe Dorman's ""Classrooms First"" education plan yet? Read now: http://t.co/7vPwzNzKVj #oklaed",125,5,2,1,1,0,0,6423,2
131,2014-10-25,526141185715601408, Kinda sticks out on national television doesn't it? @Dorman2014 @rep4dorman http://t.co/zdS0ZdtQEy,99,8,0,0,0,3,1,6423,3
132,2014-10-25,526146985070694400,"Fun times at OSU Homecoming walkaround, along w/ a great show by Cody Canada, Kyle Nix &amp; Red Dirt Rangers! http://t.co/uFv8jyNj9T",133,7,13,0,0,0,1,6423,0
133,2014-10-26,526209433563840513,@LeslieFox25 @BillYoungFOX25 Great job announcing the OKC Halloween Parade! Thanks for the chance to remind people to vote Nov 4!,129,2,6,0,0,2,0,6423,2
134,2014-10-26,526217214396207104, @Dorman2014 It was great to hang out with Joe Dorman last night at @eskimojoes for OSU homecoming bash. Joe is @reddirtran,123,11,0,0,0,4,0,6423,4
135,2014-10-27,526834482448330752,Dorman says education is key in governors race @MuskogeePhoenix   http://t.co/nAOhUD3DJb,88,4,3,0,1,1,0,6423,2
136,2014-10-27,526855245444685824,NEWS RELEASE: Dax Ewbank Endorses Joe Dorman http://t.co/xSexaR92Sm,67,9,6,0,1,0,0,6423,1
137,2014-10-27,526871086219005952,Oklahomans agree - our schools are failing under the failed leadership of @MaryFallin and @JanetBarresi! http://t.co/cLeNW6ysdT,127,5,8,0,0,2,1,6423,2
138,2014-10-27,526869724643463168,@ballouberry @DarthSloan @tcbiggs33 It has a blue stripe on it also! I am being patriotic!,90,1,2,0,0,3,0,6423,3
139,2014-10-27,526743037696032768,Joe Dorman will be in Lawton this evening for a Meet &amp; Greet and you're invited! More info: https://t.co/3iDHfgGiJp http://t.co/p5laTvre63,142,2,4,0,1,0,1,6423,1
140,2014-10-27,526759256469811201, A Day With @Dorman2014: Candidate Hits The Road Before Election Day http://t.co/R1FCNRn0CK via @kgounews &amp; @katecgreer #okvot,130,4,0,1,1,4,0,6423,6
141,2014-10-27,526766566277275648,Choose one of the these #TeamDorman graphics and make it your social media profile picture or cover photo: https://t.co/0lRIvnuD8A,130,3,0,1,1,0,0,6423,2
142,2014-10-27,526791794831687680,"NEWS RELEASE: ""The Governor is Wildly Out of Touch"" http://t.co/6Ei3H51Sj7",74,6,3,0,1,0,0,6423,1
143,2014-10-27,526814563812257792,Join the #TeamDorman online Thunderclap flash mob and help us make a lot of online noise this Saturday! More info: https://t.co/lZ7o4hsHXs,138,6,4,1,1,0,0,6423,2
144,2014-10-27,526834274159570945," GPTC hosts political candidates speaking on platforms for upcoming elections. 1st speaker, @Dorman2014 #OKvotes2014 ht",119,3,0,1,0,2,1,6423,3
145,2014-10-27,526834356695085056, Thanks @Dorman2014 for taking the time to come see us today. #Vote4Joe http://t.co/bCwXzZCBM8,94,3,0,1,0,2,1,6423,3
146,2014-10-28,527206944772071424,"Joe Dorman is the only gubernatorial candidate to visit all 77 counties this year! Watch his ""77 Counties"" video: https://t.co/RN5N2j507K",137,12,12,0,1,0,0,6423,1
147,2014-10-28,526894896557199360,"Together, @MaryFallin and @JanetBarresi receive an F for the high stakes testing they put on the backs of children! http://t.co/lIgzhywmGZ",138,17,15,0,0,2,1,6423,2
148,2014-10-28,527116416063791104,"As the election gets closer, Oklahomans are standing up and proudly saying that Oklahoma needs Joe Dorman! http://t.co/dSaJvt7Hf7",129,14,9,0,1,0,0,6423,1
149,2014-10-28,527141542369046528,This week is filled with important dates! Order your absentee ballot by 5 p.m. tomorrow: http://t.co/8bkh9WNoXq http://t.co/O1LtInYAh9,134,8,5,0,1,0,1,6423,1
150,2014-10-28,527148968439214080," 1 wk till elections! We endorse Joe Dorman for his vision to fix Oklahoma's education system
http://t.co/1hwl9mC0P8 http:/",123,6,0,0,1,1,1,6423,2
151,2014-10-28,527164147293626369,"In one week, Oklahoma has the opportunity to vote out @GovMaryFallin and elect a Governor that puts Oklahoma first! http://t.co/nJSKqFjPSK",138,20,16,0,0,1,1,6423,1
152,2014-10-28,527185568082296832,Join the #TeamDorman online Thunderclap flash mob and help us make a lot of social media noise this Saturday! https://t.co/Fi4u7Rnpc2,133,2,3,1,1,0,0,6423,2
153,2014-10-28,527228333101043715,This Friday is our GOTV (Get Out The Vote) Rally! Get fired up &amp; help get Joe Dorman elected. More info: https://t.co/83onnyeRRR #TeamDorman,144,5,4,1,1,0,0,6423,2
154,2014-10-29,527583206321577984,Join the #TeamDorman online Thunderclap flash mob and help us make a lot of social media noise this Saturday! https://t.co/Fi4u7Rnpc2,133,6,4,1,1,0,0,6423,2
155,2014-10-29,527268639150329856,"Made a direct, huge impact on the future of Oklahoma by joining our Day of Action on Saturday! For more info: https://t.co/LcnXsKuDyh",133,3,8,0,1,0,0,6423,1
156,2014-10-29,527415561542987776, #oklaed #edsandite Who do teachers trust to support public education? Joe Dorman Our best chance for better funding/policies,125,19,0,2,0,1,0,6423,3
157,2014-10-29,527483124205486080,Join us for a Day of Action all around the state on Saturday! 5 cities - 3 shifts. More info here: https://t.co/jS4l6u8QLG #TeamDorman,134,2,2,1,1,0,0,6423,2
158,2014-10-29,527496362485497857,Let's officially end the Fallin &amp; Barresi era &amp; elect someone who cares about our schools &amp; our state! #TeamDorman http://t.co/eq1ty7emY2,149,15,20,1,0,0,1,6423,1
159,2014-10-29,527542938520137729,"""Tulsa area educators applaud governor candidate Joe Dorman's education proposals"" - @tulsaworld story from August! http://t.co/kyoMzwAHZC",138,12,11,0,1,1,0,6423,2
160,2014-10-29,527603369058107392,Let's get fired up! Join Joe Dorman at the #TeamDorman GOTV (Get Out The Vote) Rally on Friday. More info here: https://t.co/83onnyeRRR,135,5,4,1,1,0,0,6423,2
161,2014-10-29,527550548438839296,//t.co/Z60JGKHDjT,17,43,15,0,0,1,1,6423,1
162,2014-10-29,527563077634375680,You have one hour to request an absentee ballot! Request your ballot by 5 p.m. TODAY so you can vote by mail: http://t.co/8bkh9WNoXq,132,9,2,0,1,0,0,6423,1
163,2014-10-29,527600341689565184, Just in case anyone is wondering who has this R's vote for #Oklahoma Gov @Dorman2014 #Election2014 http://t.co/YKiZ9BVR,120,6,0,2,0,2,1,6423,4
164,2014-10-30,527932789673701376, A pleasure meeting @Dorman2014 at @TYPros #pubandpolitics. Go pokes! http://t.co/dUl2UbyDAU,92,2,0,1,0,3,1,6423,4
165,2014-10-30,527971995816701952,Join our #TeamDorman Thunderclap online flash mob and get Joe Dorman's message out to thousands of Oklahomans! https://t.co/Fi4u7Rnpc2,134,1,1,1,1,0,0,6423,2
166,2014-10-30,527949323841974273,"Watch today's ""The Joe I Know"" by Former State Senator Judy Eason McIntyre!  https://t.co/udNtH3uTAZ",100,2,2,0,1,0,0,6423,1
167,2014-10-30,527923723622686720,NEWS RELEASE: Brad Henry Endorses Joe Dorman http://t.co/MUYetY1ybF #okgov,74,27,19,1,1,0,0,6423,2
168,2014-10-30,527918513307267073, VERY excited to have cast my vote for my friend @Dorman2014  It's time OK had a Governor for ALL Oklahomans! http://t.c,120,5,0,0,0,2,1,6423,2
169,2014-10-30,527886403133534209," @Dorman2014 Voted for U by absentee ballot, by mail. I pray &amp; hope U get elected Governor of Oklahoma.",107,4,0,0,0,2,0,6423,2
170,2014-10-30,527885166673264640,"Check out Joe Dorman's new commercial, ""Flip Flop Fallin,"" now and share with your friends! https://t.co/cczF6IRdgi",115,9,4,0,1,0,0,6423,1
171,2014-10-30,527880558005985280,@christeen405 It will be in OKC! Here are more details - https://t.co/8iPvXbHTn7,80,1,0,0,1,1,0,6423,2
172,2014-10-30,527879983256313856, Get out and vote early Oklahoma! My vote for is in for @Dorman2014 http://t.co/aFCPCNulEi,90,6,0,0,0,2,1,6423,2
173,2014-10-30,527879935185399808, @Dorman2014 Joe i just voted for you!  I am proud to have cast my vote for you.  #RockTheVote,94,4,0,1,0,2,0,6423,3
174,2014-10-30,527865038074150913,"Thank you to @okeducation, a longtime educator, for their latest, in depth blog, ""Why I'm voting for Joe Dorman."" http://t.co/uBUir2Sb9C",136,14,6,0,1,1,0,6423,2
175,2014-10-30,527844969541681152,"Early voting starts today! Help get Joe Dorman elected by voting today, tomorrow, or Saturday. More details: http://t.co/6dXisOxtrk",131,8,5,0,1,0,0,6423,1
176,2014-10-30,527843919095427072, Did some carving with the family last night @Dorman2014 http://t.co/EzLNdgVPFM,79,2,0,0,0,2,1,6423,2
177,2014-10-30,527774266549600257,@Luvs2BakeCookez Yes! That is part of my education proposal. You can read it at http://t.co/Nrfj1ANraQ,102,0,0,0,1,1,0,6423,2
178,2014-10-31,528187732540289025, Rep Dorman hanging out with us on set this morning! Remember to vote Nov 4th! @@BillYoungFOX25 @Dorman2014 http://t.co/8or,123,4,0,0,0,3,1,6423,3
179,2014-10-31,528230024717950977,Join Joe Dorman and the rest of the team for our GOTV (Get Out The Vote) Rally tonight in OKC! More info here: https://t.co/83onnyeRRR,134,3,1,0,1,0,0,6423,1
180,2014-10-31,528230734470086656, Gubernatorial candidate Joe Dorman's plans and policies for the upcoming election @Dorman2014 http://t.co/eFHrd7HEBo http://t.,127,7,0,0,1,2,1,6423,3
181,2014-10-31,528230756066525185," Fallin still under 50%, Joe D only 8 pts down. Clearly R voters are not enthused. Sending @Dorman2014 more $. You should too!",126,9,0,0,0,2,0,6423,2
182,2014-10-31,528297971994353666,Great shot of Joe Dorman recording for this Sunday's Flashpoint! Watch Joe this Sunday at 9:30 a.m. on @kfor. http://t.co/COZxDlI8bT,132,5,10,0,0,1,1,6423,1
183,2014-10-31,528315709492051968," My pick for Governor, @Dorman2014! #okvotes14 #teamdorman http://t.co/QYXXrpi5gI",81,5,0,2,0,2,1,6423,4
184,2014-10-31,528275318084079618,We need your help to win this! Join us all around the state tomorrow for a Day of Action! More information here: https://t.co/LcnXsKuDyh,136,1,2,0,1,0,0,6423,1
185,2014-10-31,528248845914759168,Help continue to grow our #TeamDorman Thunderclap social media flash mob! Sign up now: https://t.co/Fi4u7Rnpc2,110,4,4,1,1,0,0,6423,2
186,2014-10-31,528230805349605377, I guess my ballot was purple today. Voted for dems and some repubs. Most importantly I voted for @Dorman2014 for Gov of,120,6,0,1,0,2,0,6423,3
187,2014-10-31,528318017948495872,Thank you to the Hennessey Clipper for their support and endorsement! http://t.co/5NZwIaHbeb,92,4,1,0,1,0,0,6423,1
188,2014-10-31,527999922776596481, Latest @SoonerPoll shows the #okgov race getting close! 48%-@MaryFallin 40%-@Dorman2014. Let's win this #TeamDorman! http,122,8,0,2,1,4,0,6423,7
189,2014-10-31,528207311114743808,Early voting continues today and tomorrow! Let's get Joe Dorman elected as our next Governor. Early voting info here: http://t.co/8Ipl44HZKT,140,5,5,0,1,0,0,6423,1
190,2014-11-01,528696764182704129,Joe Dorman and the rest of the team braved the cold this morning for the @UCOBronchos Homecoming Parade! #TeamDorman http://t.co/J1XLZLJ4OL,139,7,16,1,0,1,1,6423,2
191,2014-11-01,528562169630060544,"Quick reminder - Early voting ends today at 2 p.m.! For more information, click here: http://t.co/8Ipl44HZKT #okgov",115,4,1,1,1,0,0,6423,2
192,2014-11-01,528580990336122880,There is still time to join Team Dorman's Day of Action all around Oklahoma! More details here: https://t.co/LcnXsKuDyh #TeamDorman,131,5,5,1,1,0,0,6423,2
193,2014-11-01,528582905220849664, Glad to see @Dorman2014 in the homecoming parade today!  Another reason to #VoteJoe!  #Change,94,3,0,2,0,2,0,6423,4
194,2014-11-01,528584461597020160," As a future teacher that will graduate in May, this election is critical! Think of our schools!! Vote @Dorman2014",114,12,0,0,0,2,0,6423,2
195,2014-11-01,528608675628580866, As a future teacher that will graduate in December this election is critical! Think of our schools!! Vote @Dorman2014 ,119,12,0,0,0,3,0,6423,3
196,2014-11-01,528608708411285505," Went to early voting today since I'll be unavailable on the 4th! Cast my vote for @Dorman2014  Do your duty folks, let's g",123,8,0,0,0,2,0,6423,2
197,2014-11-01,528608708545101824,"Thank you to everyone who came out to #TeamDorman's GOTV (Get Out The Vote) Rally last night! Now, let's go win this! http://t.co/k5eTRo0pDy",140,4,5,1,0,0,1,6423,1
198,2014-11-01,528608729974202368," Just completed early voting! If you want to see change in Oklahoma, VOTE! @Dorman2014 #VoteJoe #yourvotecounts http://t",120,9,0,2,0,2,1,6423,4
199,2014-11-01,528609985308418049, @Dorman2014 #educatorsforjoe http://t.co/xiLmo5JMIw,52,14,0,1,0,2,1,6423,3
200,2014-11-01,528610704304394240, @Dorman2014 great pic on your instagram! http://t.co/PshiOgJgdg,64,4,0,0,0,2,1,6423,2
201,2014-11-01,528623397673381888, Help make calls for Joe to Get Out The Vote! http://t.co/dpq7SmC8LR http://t.co/eJdvgVKGAI,91,5,0,0,2,1,0,6423,3
202,2014-11-01,528650988383911937," Love that I know many Dems, Repubs, and Independents who are excited to vote for @Dorman2014! #itsnotabouttheparty #bestfor",124,12,0,2,0,2,0,6423,4
203,2014-11-01,528659004201779200,"With @MaryFallin's weak leadership, Oklahoma fails! It's time to elect Joe Dorman, a strong, bipartisan leader. http://t.co/PUkkyc1Q8G",134,15,14,0,0,1,1,6423,1
204,2014-11-01,528679179374432256,"Joe Dorman with Governor Nigh, Lt. Governor Robert S. Kerr III, and Cathy Cummings at today's Chili Cookoff! http://t.co/KhspoYqZPL",131,7,14,0,0,0,1,6423,0
205,2014-11-01,528684589922123776," Remember!!!! VOTE Joe Dorman for Governor this Tuesday!!!! He is a cool,smart, motivated http://t.co/V9IeLNHDpb",112,39,0,0,1,1,0,6423,2
206,2014-11-02,528967849273221120," Enjoyed @Dorman2014 on Flashpoint this morning, particularly how he did not back down regarding vouchers. Great public schools",127,6,0,0,0,2,0,6423,2
207,2014-11-02,528987723886243840,@mustangbrewing @sheltonj7 http://t.co/ehuQP0YZpV I will support small business opportunities in Oklahoma,105,7,10,0,1,2,0,6423,3
208,2014-11-02,528984961710186496,You're invited to the Joe Dorman for Oklahoma Election Night Watch Party! More information: https://t.co/pdY8521LKi http://t.co/KNyU84X5yx,138,4,7,0,1,0,1,6423,1
209,2014-11-02,529011347711733760,"Oklahoma's future will be determined in 2 days! RT if you are voting Joe Dorman for Governor this Tuesday, November 4th!",120,84,17,0,0,0,0,6423,0
210,2014-11-02,528967818919038977, This Republican is voting @Dorman2014 voting with my mind and not my party affiliation.,88,11,0,0,0,2,0,6423,2
211,2014-11-02,528953444665540610,Thank you to Rep. Eric Proctor &amp; his wife Tara for their support! Had a great time knocking doors with Rep. Proctor. http://t.co/gSDFwlTLj4,143,5,11,0,0,0,1,6423,0
212,2014-11-02,528946680683843585, @Dorman2014 doing a great job on @Flashpoint. No one wins when the small amount of Ed $ is split instead of streamed to fi,123,4,0,0,0,3,0,6423,3
213,2014-11-03,529362635939385345,@Rhino0331 It is my intention for them to be very accessible. I want to bring in additional staff with local experience to assist businesses,140,1,1,0,0,1,0,6423,1
214,2014-11-03,529378836040126466, Tomorrow is Election Day and I am voting for Joe Dorman. I have known him since high school and he has http://t.co/lQ,118,4,0,0,1,1,0,6423,2
215,2014-11-03,529379421333909504, We set the clock back an hour but if Joe Dorman wins on Tuesday we get to move them forward about 20 years.,108,45,0,0,0,1,0,6423,1
216,2014-11-03,529379536061091841, Super Easy!  Vote Joe Dorman for Oklahoma Governor Tomorrow!! http://t.co/xmQlHIlucY,85,9,0,0,1,1,0,6423,2
217,2014-11-03,529385762509557760, Proud to support @Dorman2014 for #governor #firefighters #teachers #education #plan http://t.co/LKcdun3zLV,107,10,0,5,0,2,1,6423,7
218,2014-11-03,529395164117082112,"Thank you @okcdotnet for recognizing that @GovMaryFallin has failed Oklahoma!

""Fallin Has Failed. Go With Joe"" http://t.co/OiPcNgVLAo",134,10,6,0,1,2,0,6423,3
219,2014-11-03,529406512981360641," Remember to vote tomorrow. I am voting for @Dorman2014 because I am tired of the failed policies of our Gov Mary ""Faili",120,7,0,0,0,2,0,6423,2
220,2014-11-03,529406538860232705," Doesn't matter if you're republican or Democrat, do Oklahoma a favor tomorrow and vote for @Dorman2014 #educationfirst #f",122,19,0,2,0,2,0,6423,4
221,2014-11-03,529412350504632320, Hey @Dorman2014 tomorrow is my birthday and all I want is for you to win,73,3,0,0,0,2,0,6423,2
222,2014-11-03,529412431211397120,@Typical_Ian Happy early Birthday!,34,0,0,0,0,1,0,6423,1
223,2014-11-03,529412462056312832, I'm voting for @Dorman2014 Tuesday.,36,5,0,0,0,2,0,6423,2
224,2014-11-03,529412985132163074, EVERYONE NEEDS TO VOTE @Dorman2014 tomorrow. EVERY VOTE IS CRUCIAL,67,8,0,0,0,2,0,6423,2
225,2014-11-03,529412997052395521, RDR endorses @Dorman2014 for Oklahoma Governor! http://t.co/tGSjlgx3xy,71,13,0,0,1,2,0,6423,3
226,2014-11-03,529415327751221248,You're invited to Joe Dorman's Election Night Watch Party tomorrow evening! More info. here: https://t.co/pdY8521LKi http://t.co/VkxcoLlRQK,139,5,6,0,1,0,1,6423,1
227,2014-11-03,529422573466292224," Vote @Dorman2014 . We need a Governor that will help Oklahoma not hurt it. Get out and vote , don't let the cold weather k",123,7,0,0,0,2,0,6423,2
228,2014-11-03,529422596602073088, Joe @Dorman2014 knows that we can do better and that we must work together to do what's best for Oklahoma! #VoteJoeDor,119,5,0,1,0,2,0,6423,3
229,2014-11-03,529060469458235392,"Thank you to @enidnews for saying no to @GovMaryFallin! - ""We can't endorse incumbent Mary Fallin for Governor"" http://t.co/2ZeKBeg5Fl",134,20,18,0,1,2,0,6423,3
230,2014-11-03,529093684277837824,@jmsprincipal #oklaed  1A) I am voting for Joe Dorman also :-),62,2,17,1,0,1,0,6423,2
231,2014-11-03,529117710828191744,Help remind everyone to vote Joe Dorman for Governor by changing your profile picture to one of these Dorman logos! http://t.co/kQq7BqomBf,138,21,12,0,0,0,1,6423,0
232,2014-11-03,529246013257969664, Fallin has failed. Vote Joe. http://t.co/hMDmsOleOH,52,18,0,0,1,1,0,6423,2
233,2014-11-03,529246938282356736,"@gurl_thunder Military issues are primarily national, along with immigration.   I will work with our federal delegation for real solutions.",139,1,1,0,0,1,0,6423,1
234,2014-11-03,529247747606872064,"@gurl_thunder My Dept. of Commerce will work with local regions &amp; E.D. directors to develop small, main street businesses across Oklahoma",141,2,1,0,0,1,0,6423,1
235,2014-11-03,529296040005206016, Our View: We endorse Democratic candidate Joe Dorman and encourage fellow Sooners to do the same. @Dorman2014 http://t.,120,10,0,0,1,2,0,6423,3
236,2014-11-03,529308192715837440,1 more day - remind everyone to vote Joe Dorman for Governor by changing your profile picture to one of these logos! http://t.co/YOihAaZhrb,139,16,8,0,0,0,1,6423,0
237,2014-11-03,529322994217529344," I love my home state so much, but hated seeing it made into a national joke by @GovMaryFallin. Oklahomies, vote @Dorman2014.",125,24,0,0,0,3,0,6423,3
238,2014-11-03,529329705128701952,Thank you to the @OUDaily for their endorsement and encouraging words! @OUDailyOpinion http://t.co/1Cvf7spcZ4 #TeamDorman,121,8,13,1,1,2,0,6423,4
239,2014-11-03,529351108112576512,"Joe Dorman - a Governor for All Oklahomans, including soon-to-be retired Governors! #TeamDorman http://t.co/HjY6uAKYp9",118,27,36,1,0,0,1,6423,1
240,2014-11-03,529357092524929024,@Rhino0331 My OK Dept of Commerce will emphasize small business development &amp; partner w/ career techs to assist small business job training,143,1,0,0,0,1,0,6423,1
241,2014-11-03,529357448642306048, @Dorman2014 stepped up for all of us at OK Youth in Government - can't wait to see him step up again as Governor of Oklahoma,125,5,0,0,0,2,0,6423,2
242,2014-11-03,529362614393253888," If #oklahomans want good public #education, then @Dorman2014 is our next #governor! #GoVote #GetOutTheVote",107,7,0,5,0,2,0,6423,7
243,2014-11-03,529375010020814849,//t.co/PzW6RYQDhX,17,69,16,1,0,0,1,6423,1
244,2014-11-04,529679582752813056,"Oklahomans from all over the state, on both sides of the aisle, agree: Joe Dorman is the best choice for Oklahoma! http://t.co/L9m2yjI4Yv",137,27,16,0,0,0,1,6423,0
245,2014-11-04,529679972492115968, Go go joe! @dorman2014,23,5,0,0,0,2,0,6423,2
246,2014-11-04,529682017034960896, #NormanforDorman @Dorman2014,29,4,0,1,0,2,0,6423,3
247,2014-11-04,529682131388485632, Happy Election Day friends! Make sure you vote! #GOTV2014 #NormanForDorman,75,5,0,2,0,1,0,6423,3
248,2014-11-04,529685735012847617," The weather outside is frightful, heat inside is delightful. Since it's election day, get out and vote, get out and vote, ",123,3,0,0,0,2,0,6423,2
249,2014-11-04,529687256760848384, my heart is so full from seeing SO MANY @Dorman2014 signs around Norman! #GoJoe,80,2,0,1,0,2,0,6423,3
250,2014-11-04,529693334219268096, #TeamDorman #Grassroots #Oklahoma #RepublicansForDorman,56,3,0,4,0,1,0,6423,5
251,2014-11-04,529693382126624769, Sporting my @Dorman2014 sticker at Chickasha High today! #TeamDorman Go vote! http://t.co/2J1yRdR26G,101,5,0,1,0,2,1,6423,3
252,2014-11-04,529693538947436544, This conservative voted for Joe Dorman. I hope you will too. #TeamDorman,73,7,0,1,0,1,0,6423,2
253,2014-11-04,529694619077185537, @Dorman2014 #ivotedjoe http://t.co/krPi90GMW7,46,8,0,1,0,2,1,6423,3
254,2014-11-04,529695952349982721,@CalieOkie I have an A+ rating with the NRA,43,0,3,0,0,1,0,6423,1
255,2014-11-04,529701273520861184, Proudly voted for @Dorman2014 http://t.co/yrKLNbHXiw,53,6,0,0,0,2,1,6423,2
256,2014-11-04,529701303128436736, I just voted for Joe Dorman! @Dorman2014 http://t.co/Oh1YfA1SQk,64,6,0,0,0,2,1,6423,2
257,2014-11-04,529705237423329280, Casted my vote for @Dorman2014! #okvotes14 #TeamDorman #ElectionDaySelfie http://t.co/HQmsrIVecT,97,6,0,3,0,2,1,6423,5
258,2014-11-04,529705966162288640,"Joe - Fight - Win! Grab your friends, run to the polls, &amp; vote Joe Dorman for Governor. Together, we win! #TeamDorman http://t.co/s6OqQR2Tdd",144,18,11,1,0,0,1,6423,1
259,2014-11-04,529708576772980736, Vote @Dorman2014 today Oklahoma. We need competent leadership! This veteran of foreign war says no to Mary Fallin,114,15,0,0,0,2,0,6423,2
260,2014-11-04,529709268057214977," My good friend is 54 &amp; had never been registered to vote.

We fixed that &amp; the first box he marked was for @Dorman2014",127,10,0,1,0,2,0,6423,3
261,2014-11-04,529710652076863488, This 26-year veteran state employee says no to Fallin! @Dorman2014,67,9,0,0,0,2,0,6423,2
262,2014-11-04,529711658063888384, I'm hyped.. So many of my friends are voting @Dorman2014!,58,8,0,0,0,2,0,6423,2
263,2014-11-04,529712319870545920, Out here in rural Okla just saw a staunch REPUBLICAN doing the happy dance after voting for Joe Dorman! @Dorman2014,116,17,0,0,0,2,0,6423,2
264,2014-11-04,529714474304172033, Another proud voter for @Dorman2014.  Make a difference -- VOTE TODAY!,71,6,0,0,0,2,0,6423,2
265,2014-11-04,529714502452117504, Driving from Stillwater to Norman to vote for @Dorman2014 #SayNoToFallin,73,10,0,1,0,2,0,6423,3
266,2014-11-04,529715213395042305, Cast my vote today for Joe @Dorman2014 - A Governor for ALL Oklahomans! #Dorman2014 #TeamDorman,96,4,0,2,0,2,0,6423,4
267,2014-11-04,529715670117015552," I'm a Republican, but I voted @Dorman2014 because I'm an #Oklahoman first. #voteoklahoma #rockthevote #knowtheissues htt",121,29,0,4,0,2,1,6423,6
268,2014-11-04,529720141031153665, I was proud to cast the first vote in my #precinct for @Dorman2014 and proud to vote @GovMaryFallin out,104,5,0,1,0,3,0,6423,4
269,2014-11-04,529720164695441408, I'm very proud and honored to #vote for @Dorman2014 to be our #Governor! http://t.co/oS5kIvJSYP,96,5,0,2,0,2,1,6423,4
270,2014-11-04,529722035833176064, @PotweetSays @Dorman2014 my daughter drove from Norman to our home to 3Hours SE  to Vote @Dorman2014 !! Hope others take ,122,7,0,0,0,4,0,6423,4
271,2014-11-04,529722051855413249, @Dorman2014  scored my vote!,29,5,0,0,0,2,0,6423,2
272,2014-11-04,529722077583269888, I voted for our next Governor today... @Dorman2014 !!,54,5,0,0,0,2,0,6423,2
273,2014-11-04,529722092192006144, Turnout seems up a bit at my precinct. I was #234 and thats not bad for 1:00 PM at the north side YMCA.  #okvotes14 @Dorman2014,128,4,0,1,0,2,0,6423,3
274,2014-11-04,529722120495194113," I don't always vote for a Democrat, but when I do its for @Dorman2014!",71,7,0,0,0,2,0,6423,2
275,2014-11-04,529722462121259009," Rain has stopped, so take a late lunch and go vote! Especially if you're voting @Dorman2014, like all of us sensible people",124,5,0,0,0,2,0,6423,2
276,2014-11-04,529724180481466368," From Girls State, Youth &amp; Gov, to the Conference on National Affairs, @dorman2014 has continually http://t.co/hDPPVZENWH",125,3,0,0,1,2,0,6423,3
277,2014-11-04,529724239562416128, Get out and VOTE! @Dorman2014 http://t.co/9dcnI5Ucji,53,6,0,0,0,2,1,6423,2
278,2014-11-04,529729688496013312,It's a busy day for Joe Dorman as he continues to travel around Oklahoma! Just met with several reporters in #Tulsa http://t.co/snpM5Ak1Wl,138,15,18,1,0,0,1,6423,1
279,2014-11-04,529730314781093888, I brought my son and daughter in law with me to vote. Anyone else in Elgin need a ride to vote? vote @Dorman2014 for Gover,123,6,0,0,0,2,0,6423,2
280,2014-11-04,529739416420749312, I used my #VOTE for @Dorman2014 for #Oklahoma Governor.  Get out &amp; #VOTE wherever you are.,95,5,0,3,0,2,0,6423,5
281,2014-11-04,529740120455258112,Only 4 more hours left until the polls close at 7 p.m.! Be sure to vote &amp; make sure your friends and family do the same! #TeamDorman #okgov,143,20,5,2,0,0,0,6423,2
282,2014-11-04,529748378406899712," @Dorman2014 I'm a firefighter, the wife is a teacher. We just voted for Joe Dorman! Go Joe!",92,3,0,0,0,2,0,6423,2
283,2014-11-04,529748395049897984, Have you voted yet? You still have 3.5 hours to vote in OK. Vote @Dorman2014 - for education and all Oklahomans #TeamDorman,124,2,0,1,0,2,0,6423,3
284,2014-11-04,529770144357052417,"The polls close in two hours! As long as you're in line by 7 p.m., you can still cast your vote. #okgov http://t.co/EAi2DH7fsn",126,24,10,1,0,0,1,6423,1
285,2014-11-04,529748441086570496, Supporting @Dorman2014 for Oklahoma Governor today! Go vote!,61,2,0,0,0,2,0,6423,2
286,2014-11-04,529748423181074432, I voted for Dorman! @Dorman2014 lets put some progress in Oklahoma! #GOPOKES,77,3,0,1,0,2,0,6423,3
287,2014-11-04,529748864073351168,"Did you vote for Joe Dorman today? Tweet us a picture of you and your ""I Voted"" sticker with the hashtag #TeamDorman!",117,6,7,1,0,0,0,6423,1
288,2014-11-04,529753867463196672," This is my 96 year old mom who voted for @Dorman2014 today. When she was born, women couldn't vote. #TeamDorman http://t.",122,23,0,1,0,2,1,6423,3
289,2014-11-04,529753953849073665, This republican just voted for a democrat. #gojoe  @Dorman2014 http://t.co/i9CMrYmJXl,86,12,0,1,0,2,1,6423,3
290,2014-11-04,529758369109016576, Freshman year @RathgeberEsq and I got to work with @Dorman2014. He's a leader that cares deeply about my generation http://t,125,5,0,0,0,3,1,6423,3
291,2014-11-04,529762590952415233,You're invited to Joe Dorman's Election Night Watch Party this evening in downtown Oklahoma City! https://t.co/pdY8521LKi,121,9,8,0,1,0,0,6423,1
292,2014-11-04,529764693301530624, Today I voted to make major improvements to our State's crumbling Capitol Building. I voted for @Dorman2014,108,5,0,0,0,2,0,6423,2
293,2014-11-04,529764716990959616, Guess who voted for @Dorman2014 for Governor of OK? This girl! http://t.co/kgKKkgImSs,86,6,0,0,0,2,1,6423,2
294,2014-11-04,529764764168503296, Proud to vote for @Dorman2014. Lots of good reasons to do so but it came down to this: I care deeply about Oklahoma &amp; I ,125,10,0,0,0,2,0,6423,2
295,2014-11-04,529767376393605120," If you're in Oklahoma, go vote for Joe Dorman for governor! If you know anyone in Oklahoma, remind them to go vote for Joe! ",125,14,0,1,0,1,0,6423,2
296,2014-11-04,529434166677364738,"When you head to the polls tomorrow, remember that the future of public education is in your hands! Vote Joe Dorman. http://t.co/z0cHneS1Gx",139,30,19,0,0,0,1,6423,0
297,2014-11-04,529455536886906880,"If you or someone you know encounters problems at the polls, call our Election Protection Hotline: 405-673-5035 http://t.co/XNkcSusLY1",134,42,13,0,0,0,1,6423,0
298,2014-11-04,529622023879000066, Don't forget to vote @Dorman2014 for Oklahoma state governor today!,68,4,0,0,0,2,0,6423,2
299,2014-11-04,529624465509203968," Oklahomans can't afford to treat this like an ""off-year"" election. We need a more responsible Governor. We need @Dorman201",123,9,0,1,0,2,0,6423,3
300,2014-11-04,529624518047051776, @Dorman2014 putting on his #ivotedtoday sticker Go get one for yourself! http://t.co/5vGaIyH47I,96,12,0,1,0,2,1,6423,3
301,2014-11-04,529624529526878208, A vote for @Dorman2014 is a vote for #oklaed http://t.co/KgedeBYX9Z via @okeducation,85,8,0,1,1,3,0,6423,5
302,2014-11-04,529624565304291328, It's happening. Today. Polls are open! Vote for @Dorman2014  It's important.,77,6,0,0,0,2,0,6423,2
303,2014-11-04,529625092301787136, Just exercised my right to vote. Please do the same...especially if you're voting for @Dorman2014,98,4,0,0,0,2,0,6423,2
304,2014-11-04,529625931615600640,@Cultiv8Hope @UniteBlueOK The only number we have is 405-673-5035! Please share,79,1,2,0,0,2,0,6423,2
305,2014-11-04,529625963286777856, I have faith that @Dorman2014 will dig #Oklahoma out of this mess that Fallin has created! #NativeVote #JoeDorman #VoteJoe,123,6,0,4,0,2,0,6423,6
306,2014-11-04,529627231115808768,Happy Election Day! I voted this morning in my hometown of Rush Springs and I humbly ask for your vote today. #okgov http://t.co/bhdJB5sXT2,139,30,30,1,0,0,1,6423,1
307,2014-11-04,529627632909176832,@powwowbling Thank you for your support!,40,0,0,0,0,1,0,6423,1
308,2014-11-04,529628184749555712," Though the weather outside is crappy,
I am very happy
Because Ive one place to go:
Vote for Joe! Vote for Joe! Vote for J",122,17,0,1,0,1,0,6423,2
309,2014-11-04,529628218689875968, This Republican just voted for @Dorman2014 !!!,47,12,0,0,0,2,0,6423,2
310,2014-11-04,529630946694533120," Good morning and Happy Election Day! Please, Please go vote! #TeamDorman @Dorman2014",85,5,0,1,0,2,0,6423,3
311,2014-11-04,529632218902450176, Be sure to vote @Dorman2014! As a future teacher in OK I would love to see change in Oklahoma public schools! http://t.co/msW,126,21,0,0,0,2,1,6423,2
312,2014-11-04,529632873004158976, It's accountability day! We haven't forgotten. Rock the vote for Education! @educ_4_dorman @rep4dorman @Dorman2014 #okla,121,6,0,2,0,4,0,6423,6
313,2014-11-04,529633033503375360, Today's the day! Don't forget to go vote for @Dorman2014 !! Joe is the way to go!!,83,2,0,0,0,2,0,6423,2
314,2014-11-04,529633409396920320, Me and my boy @Dorman2014 .  Happy Election Day. #VoteForJoe #okgov http://t.co/tZ7ttcQjQX,91,1,0,2,0,2,1,6423,4
315,2014-11-04,529635230626639872, Go vote for @Dorman2014 today!,31,3,0,0,0,2,0,6423,2
316,2014-11-04,529635265636487168," VOTE JOE DORMAN FOR GOVERNOR OF OKLAHOMA  
@Dorman2014",55,3,0,0,0,2,0,6423,2
317,2014-11-04,529635278957584384, @Dorman2014 Just finished my #vote4joe,39,1,0,1,0,2,0,6423,3
318,2014-11-04,529636859857895425,Thank you to my family and friends for coming out early to support me today in Rush Springs! #TeamDorman #okgov http://t.co/ewdYVUbKg0,134,11,13,2,0,0,1,6423,2
319,2014-11-04,529639412309950464, Be a bro and vote for JOE today!! @Dorman2014,46,2,0,0,0,2,0,6423,2
320,2014-11-04,529640063559548928, Vote for a governor who cares about Oklahoma. Vote for Joe Dorman. A vote for Dorman is a vote closer to fixing education,122,10,0,0,0,2,0,6423,2
321,2014-11-04,529641972722839552," Oklahomans deserve Medicaid expansion, good schools, and sound policies, so use your vote to create positive change! @D",120,5,0,1,0,2,0,6423,3
322,2014-11-04,529642025306849280, Volunteering with friends for Joe Dorman overnight. A bipartisan Governor.  A Governor for Education.  @Dorman2014 http://t.c,126,4,0,0,0,2,1,6423,2
323,2014-11-04,529642129136832513," #gOodmorning ..rainy #ElectionDay morning, but I'm still going to #vote !  @Dorman2014 !!!!!!!!!!!!",100,2,0,3,0,2,0,6423,5
324,2014-11-04,529643611731013632, I just voted for @Dorman2014! Go #TeamDorman. Let's make our voices heard! http://t.co/CUOoECM4Ms,98,3,0,1,0,2,1,6423,3
325,2014-11-04,529643667855015936, @Dorman2014 for Governor! http://t.co/696AIKwdKZ,49,11,0,0,0,2,1,6423,2
326,2014-11-04,529645561079947264, I really hope all Oklahomans get out and vote for Joe Dorman today for governor! He can help make Oklahoma great and ha,120,5,0,0,0,1,0,6423,1
327,2014-11-04,529645771571101696,"#NormanForDorman! ""@Farbux Joe Dorman 2014! http://t.co/nfXPP77ZrQ """,68,2,3,1,1,1,0,6423,3
328,2014-11-04,529645823454625792, Joe Dorman 2014! http://t.co/JlxUAch9W0,40,3,0,0,1,1,0,6423,2
329,2014-11-04,529646109439062017, I voted for Joe!! Go Joe!! Joe Dorman for Oklahoma Governor!!,62,4,0,0,0,1,0,6423,1
330,2014-11-04,529647194782318592," My usually ""can't be bothered with elections"" hubby just woke up at 7 thru cold and rain to go vote for @Dorman2014 #o",119,8,0,1,0,2,0,6423,3
331,2014-11-04,529647360679636992,@ChrissySouthern That is fantastic! Tell him thank you!,55,0,0,0,0,1,0,6423,1
332,2014-11-04,529647995189751808, Drove from Norman to Purcell in the rain today to vote for @Dorman2014 !,73,1,0,0,0,2,0,6423,2
333,2014-11-04,529648067856072705,"@Haleyjallen Thanks for your support, Haley!",44,1,2,0,0,1,0,6423,1
334,2014-11-04,529649433622106112,"Please RT - If you encounter any problems at the polls or have questions, call our Election Hotline: 405-673-5035. http://t.co/PE55cPMhlJ",137,16,6,0,0,0,1,6423,0
335,2014-11-04,529652063463280640, Just finished voting for @Dorman2014 !! #okgov,47,1,0,1,0,2,0,6423,3
336,2014-11-04,529652101497233408, @Dorman2014 @rep4dorman I am cold and soaking wet but I voted for Joe. Now to spend the rest of day on pins and needles wai,124,4,0,0,0,3,0,6423,3
337,2014-11-04,529653835934236672," You are in my thoughts and prayers today, @Dorman2014 ! Thank you for taking a stand for #Oklaed ! We are behind you 100%! #Vo",127,3,0,2,0,2,0,6423,4
338,2014-11-04,529653878326063104, @MaryFallin I voted for @Dorman2014. I'm not a democrat. #okvotes14 #okvotes,77,4,0,2,0,3,0,6423,5
339,2014-11-04,529653901264715776, Get out and vote today! Let the rain wash the last 4 years away! @Dorman2014,77,1,0,0,0,2,0,6423,2
340,2014-11-04,529653959087366145," @Dorman2014 
More Dorman signs in Ponca City than Fallin. See Joe, see Joe go. Go Joe go. To Mary we'll say NO!",112,4,0,0,0,2,0,6423,2
341,2014-11-04,529654418422394881," I see lots of people saying they're voting for @Dorman2014 ! You better not be lying! Let's change Oklahoma today, #vote f",123,10,0,1,0,2,0,6423,3
342,2014-11-04,529655852685615105, Everybody needs to go vote today! Good luck @Dorman2014 I'm pulling for you! #Dorman4Gov,89,3,0,1,0,2,0,6423,3
343,2014-11-04,529657327641985024, Don't forget your ID and an umbrella when you go out to vote today! @Dorman2014 #teamdorman #joedorman #okvotes14 http://t.,124,10,0,3,0,2,1,6423,5
344,2014-11-04,529657593011376128," Election day today,  don't let the weather keep you home.  Vote @Dorman2014  for a Governor that will help Oklahoma.",117,3,0,0,0,2,0,6423,2
345,2014-11-04,529661498386563072, This #firefighter #educator #parent #adoptedchild is ready to go vote for @Dorman2014 #plan #good @link_03 @Dirkafd http://,124,3,0,6,0,4,1,6423,10
346,2014-11-04,529661825592606720, A proud mother watching her son vote in one of the most important elections of his career. @Dorman2014 #JoeDorman http://t.,124,13,0,1,0,2,1,6423,3
347,2014-11-04,529665689972670464," Cast my ballot for my NYC candidates, but the election results I'm watching are in my home state of Oklahoma. Come on,",119,4,0,0,0,2,0,6423,2
348,2014-11-04,529674645679919104, Go Vote! Preferably @Dorman2014 #oklahoma http://t.co/p1f8VnGckO,65,6,0,1,0,2,1,6423,3
349,2014-11-04,529674724553814017," Proud to have voted for our friend, @Dorman2014 for governor today! It is always fun to vote for people who you know &amp; like!",129,3,0,0,0,2,0,6423,2
350,2014-11-04,529676661118480384, Vote NOW!!! Vote TODAY!!! Vote Joe Dorman for Governor!!!!! Dooooo it!!!!! http://t.co/GCelIw1c6X,98,9,0,0,1,1,0,6423,2
351,2014-11-04,529676963716530176, Okies you can make a difference by voting today. Get @GovMaryFallin out of office. Vote for @Dorman2014 !!!!,109,10,0,0,0,3,0,6423,3
