,date,tweet_id,tweet_text,tweet_length,retweet_count,favorite_count,hashtag_count,url_count,user_mentions,media_count,follower_count,total_entities
0,2014-10-05,518553441635803136,Stop Common Core - Visconti for Governor: http://t.co/naEsUT3P1D via @YouTube,77,0,1,0,1,1,0,463,2
1,2014-10-06,519119214377181184,"We now know it was @TomFoleyCT who blocked me from debates. Gloves off ""@Bill_Flood: Lovallo wants ... http://t.co/snIihtZrEP",125,2,1,0,1,2,0,463,3
2,2014-10-06,519191325489778688,"Folks in media talk, most still have a conscience ""@Bill_Flood: @JoeVisconti2014 Interesting. How do you know? @TomFoleyCT""",123,0,0,0,0,3,0,463,3
3,2014-10-06,519191673491189760,"Ut oh, maybe I'm there target ? Lol MT ""@nhrmoleary: Citizens for a Sound Government sends $600,000 to PAC ... http://t.co/BNbwDZNlgW",133,0,0,0,1,1,0,463,2
4,2014-10-07,519518075654516738,"FINGERS CROSSED !! MT ""@capitolwatch: Q poll on the Connecticut governor's race drops tomorrow....""",99,2,0,0,0,1,0,463,1
5,2014-10-07,519539045190606848,Close the borders BO &amp; sign an EO to stop illegal immigration in CT now @DanMalloyCT MT #healthrisk   ... http://t.co/Fq9zvCRsNk,132,2,2,1,1,1,0,463,3
6,2014-10-08,519836926925627392,"I can win,btw, Im not tanking in October like Tom is. MT ""@Politix_Junkie: @ctnewsjunkie @JoeVisconti2014 ... http://t.co/n4XT6ZoJ5d",132,2,0,0,1,3,0,463,4
7,2014-10-08,519837389116936192,WATCH ALL SEGMENTS AND LEARN ABOUT MY POSITIONS HERE: http://t.co/NIi370qrTr,76,1,0,0,1,0,0,463,1
8,2014-10-08,519842010967339008,"#fuggetaboutit ! MT ""@Politix_Junkie: @JoeVisconti2014 @ctnewsjunkie No, you can't win. You're a spoiler at ... http://t.co/BhMujUgxGv",134,2,0,1,1,3,0,463,5
9,2014-10-08,519879943027970049,"How's that gun rights endorsement doing 4U @TomFoleyCT ? MT ""@ctcapitolreport: State Democrats send out ... http://t.co/1xiKobBjHL",130,1,0,0,1,2,0,463,3
10,2014-10-08,519939459459338240,Thank you @tomfoleyct - #ctpolitics #ctgov #viscontistrong  @danmalloyct http://t.co/P7zAnm4dfM,95,2,0,3,1,2,0,463,6
11,2014-10-08,519880179003686913,"That will be your loss mame MT ""@MaureenWolf1: @JoeVisconti2014 No offense intended, but many of us don't ... http://t.co/s8evR4Okp9",132,1,1,0,1,2,0,463,3
12,2014-10-08,519646805907091457, Re-tweet The Democrats sanctimonious claims about campaign money http://t.co/XB7RhHp5wQ,88,5,0,0,1,1,0,463,2
13,2014-10-08,519647295571107840,Shame #CTDEM &amp; #CTGOP  http://t.co/gr90yc5rg8 #ctpolitics,61,2,0,3,1,0,0,463,4
14,2014-10-08,519820198187372545,"10% of Women Voters in todays Q poll support me, this with only 14% name recognition. #ctpolitics #Ctgov #womenaresmarterthanmen",128,0,2,3,0,0,0,463,3
15,2014-10-08,519829997570494464,@TomFoleyCT &amp; @DanMalloyCT Watch Visconti &amp; prepare . https://t.co/2gVGqSedUZ #ctpolitics #ctgov @ctnewsjunkie @capitolwatch @johndankosky,146,0,0,2,1,5,0,463,8
16,2014-10-08,519835049676767232,"Of course not, that's why 86% of the public don't know me yet. MT ""@ctnewsjunkie: @JoeVisconti2014 remind me are you in tomorrow's debate ?""",140,0,0,0,0,2,0,463,2
17,2014-10-09,520216401446178817,"Hey @jimvicevich I didnt lose in the primary, because I wasnt in it. Stop lying to your listeners. #Ctgov #ctpolitics @LivNow",125,2,2,2,0,2,0,463,4
18,2014-10-09,520028127737966592,Ok so maybe I'll crash the debate tomorrow between @DanMalloyCT &amp; @TomFoleyCT &amp; bring Tom a white flag #ctpolitics #Ctgov @colinmcenroe,143,2,0,2,0,3,0,463,5
19,2014-10-09,520028204355321856," I don't know much about @JoeVisconti2014. What I do know is, he isnt #Malloy or #Foley. He has my vote. #Election2014.",119,5,0,3,0,2,0,463,5
20,2014-10-09,520028888932810752,Ok so maybe I'll crash the debate tomorrow between @DanMalloyCT &amp; @TomFoleyCT &amp; bring Tom a white flag @livnow,118,2,0,0,0,3,0,463,3
21,2014-10-09,520251530268925952,At @YankeeInstitute 30 Anniversary luncheon at The Hartford Club with MC @DanLovallo &amp; @LivNow #ctpolitics http://t.co/WXAOJO5QWX,133,0,0,1,0,3,1,463,4
22,2014-10-10,520405641798881280, @JoeVisconti2014  I am listening to you on wtic.  People need to know you are one of us the workers. No political agenda.,122,3,0,0,0,2,0,463,2
23,2014-10-10,520405569375838208," @wnprcolin @NYGovCuomo wouldnt debate @ZephyrTeachout, @TomFoleyCT wont debate @JoeVisconti2014, attempt to avoid emperor",122,5,0,0,0,6,0,463,6
24,2014-10-10,520405716008701952," ""I don't need a Republican or Democrat vote""-on WTIC-1080, Dunaway show- unaffiliated candidate for #Ctpolitics Governor @JoeVi",128,1,0,1,0,2,0,463,3
25,2014-10-13,521688720429547520,Hello @capitolwatch I Q polled 10% with women &amp; you write me out of this story ?? #ctpolitics #Ctgov  ... http://t.co/0bzN4bLbYP,132,2,0,2,1,1,0,463,4
26,2014-10-13,521511068812582913,Be on Garde !: http://t.co/VOIHznSfP2 via @YouTube,50,0,0,0,1,1,0,463,2
27,2014-10-13,521512160351252480,"Ready, Steady, Go !!!!! http://t.co/2O3QKNVVTP",46,0,0,0,1,0,0,463,1
28,2014-10-13,521515055104274433,I liked a @YouTube video from @joevisconti2014 http://t.co/VOIHznSfP2 Be on Garde !,83,0,0,0,1,2,0,463,3
29,2014-10-13,521610451881570304,"Ready, Steady, Go !! @DanMalloyCT @TomFoleyCT #ctpolitics #Ctgov     http://t.co/xjzAUbFsU8",91,0,0,2,1,2,0,463,5
30,2014-10-13,521771639659180033,I liked a @YouTube video http://t.co/Ps1C8NuJnA **Joe Visconti In Respnse To Phyllis From Baltic ~ You Don't Bid On A Job You Can't,131,0,0,0,1,1,0,463,2
31,2014-10-14,521855243467108352,"READY, STEADY, JOE !! @StevsWorld @johndankosky #ctpolitics http://t.co/xjzAUbFsU8",82,1,0,1,1,2,0,463,4
32,2014-10-14,521855011098472449," Now this is how you advertise a debate!!! @JoeVisconti2014
#ctpolitics http://t.co/Yti1eLrDRu",94,1,0,1,0,2,1,463,3
33,2014-10-15,522431720403263489,Is the #CTDEM Fed account mailer for @DanMalloyCT the reason Obama slinked back to DC? #ctpolitics #Ctgov #Ctmedia #capitolwatch,128,0,0,5,0,1,0,463,6
34,2014-10-15,522431922149285889,@Kylewrightttt through website,30,0,0,0,0,1,0,463,1
35,2014-10-15,522432001178349570," Um, here's a homemade debate promo for Thursday. RT @JoeVisconti2014: READY, STEADY, JOE !! #ctpolitics http://t.co/VBLKp",122,4,0,1,1,2,0,463,4
36,2014-10-15,522530182302040065,A Guide To Third-Party Candidates http://t.co/vOvafzFBQ3,56,0,2,0,1,0,0,463,1
37,2014-10-16,522725481482039296,"@johndankosky @JoeVisconti Let me look through my wardrobe, then I will get back to you! LOL",92,0,0,0,0,2,0,463,2
38,2014-10-16,522778644964319232,My debate rehearsal stand in for @danmalloyct #ctpolitics #ctgov @tomfoleyct http://t.co/m7i4nmPBJW,99,0,0,2,1,2,0,463,5
39,2014-10-16,522799824274751488,Tonights Debate Video Invite http://t.co/xjzAUbFsU8 #ctpolitics #Ctgov,70,0,0,2,1,0,0,463,3
40,2014-10-16,522838375527882755, What you up to tonight? Why not watch our #ctgov debate on @CPTVOnline or listen on @wnpr? Starts at 7.,104,7,0,1,0,3,0,463,4
41,2014-10-16,522870259091386370,"See you backstage Gov! MT ""@DanMalloyCT: Grab some popcorn and tune into CPTV at 7 P.M. for tonights ... http://t.co/XQptxiXUG3",127,3,0,0,1,1,0,463,2
42,2014-10-16,522868086324482048,"It's DEBATE SHOWTIME at The Garde Arts Center. Gentleman, man your dressing rooms ! #ctpolitics #ctgov http://t.co/UUWJOtCbey",125,0,1,2,1,0,0,463,3
43,2014-10-16,522565994968268801,"Mmm, Just finished a debate eve Hot Fudge Sundae at AC Petersons in WEHA ! #ctpolitics #Ctgov http://t.co/mAqG9Annlg",116,1,0,2,0,0,1,463,2
44,2014-10-16,522723056369020928,"LoL !! ""@johndankosky: BTW, @JoeVisconti I'm extending that offer to all three candidates.""",91,0,0,0,0,2,0,463,2
45,2014-10-16,522723270295322624,"shhh, you'll spoil the surprise ! ""@RussellBlairCT: @johndankosky @JoeVisconti Can he show up on horseback? http://t.co/l5Kv5DEdAo""",131,1,1,0,0,3,1,463,3
46,2014-10-18,523471925587095552,"Yo Vinnie Penn , just past you on 91 south in New Haven http://t.co/TOcMzdqkvx",78,0,0,0,1,0,0,463,1
47,2014-10-18,523484299626942465,"Ready to hand out 10,000 palm cards at the Yale Bowl (Colgate game) #ctpolitics #ctgov http://t.co/i2KNEQk0Ti",109,1,0,2,1,0,0,463,3
48,2014-10-19,523881750658043904,"Paid for by @TomFoleyCT MT ""@whateversusan: Hmm RT @ctnewsjunkie Rasmussen poll ignores Joe ... http://t.co/NtM4GzyPEp",118,0,0,0,1,3,0,463,4
49,2014-10-19,523867989800931328,"Thanks for inviting me MT ""@IanSams: At Mishkan Israel forum, @DanMalloyCT speaking to packed crowd (right ... http://t.co/9P7e51C019",133,0,0,0,1,2,0,463,3
50,2014-10-19,523875362280071168,"This Rasputin Poll is a joke right? MT ""@ctnewsjunkie: Rasmuseen poll ignores Joe @JoeVisconti2014 and says ... http://t.co/pWYyia57Ko",134,0,0,0,1,2,0,463,3
51,2014-10-19,523881404057526273," RT if you paid more in taxes last year than @TomFoleyCT, who only paid $673. #FoleyFails #ctgov",96,53,0,2,0,2,0,463,4
52,2014-10-19,523881567115309056, @ctnewsjunkie @JoeVisconti2014  poll conducted in August? #Irrelevant.,71,1,0,1,0,3,0,463,4
53,2014-10-20,524348601896800256, Too bad @TomFoleyCT is chickening out of Thursdays debate w/ Dan Malloy and @JoeVisconti2014 http://t.co/uWGGBlDZYt #Fol,121,8,0,2,1,3,0,463,6
54,2014-10-21,524554812973916160,Foley lost the gun vote &amp; now he's lost the will to fight for CT as he slinks away from the @NBCConnecticut debate @DanMalloyCT #ctpolitics,143,4,0,1,0,2,0,463,3
55,2014-10-21,524691097164189696, Voting for @JoeVisconti2014 in two weeks. He's immeasurably preferable to the dopey empty suit the CT #GOP nominated. (Again,125,2,0,1,0,2,0,463,3
56,2014-10-22,525035600177790977,"Time to clean your own propellers Tom MT ""@ctnewsjunkie: Malloy Touts His Housing Record, Foley Struggles On Policy http://t.co/MS5RWCvBGC """,140,0,0,0,1,1,0,463,2
57,2014-10-22,524869590120431616,"@johndankosky I'm taking 9% of the vote with only 20% name recognition raising only 20 Grand, never overlook running on Heart &amp; Principle!",142,0,1,0,0,1,0,463,1
58,2014-10-22,524887380223098880,"We're having a PB&amp;J Victory Party ""@johndankosky: You keep talking about raising only 20K. Won't you ... http://t.co/kORwreeZs9",131,0,0,0,1,1,0,463,2
59,2014-10-22,524895080893915137,"My political dilemma in a metaphor - ""I'm the guy you're in love with but wont marry because I have no money or job"" #ctpolitics #Ctgov",135,8,6,2,0,0,0,463,2
60,2014-10-22,525035709758193664, Please pass along ----- Malloy must come clean on his attempt to repeal collective bargaining rights http://t.co/UfNqhwo,121,5,0,0,1,1,0,463,2
61,2014-10-23,525403296631357440,Hanging out at @NBCConnecticut waiting for my 5 min call for #ctdebate with @DanMalloyCT #ctpolitics http://t.co/8HTGhiSDY5,123,0,6,2,0,2,1,463,4
62,2014-10-23,525101545697050624,"PESKY RULES !!! MT ""@ctcapitolreport: Malloy's building permits for tax write off missing http://t.co/J4Idt1rLJ5""",113,2,1,0,1,1,0,463,2
63,2014-10-23,525264175057350656,"Listen for me on The Brad Davis Show at 9:30 this morning, 1360 am #ctpolitics #ctgov",85,0,0,2,0,0,0,463,2
64,2014-10-23,525268007195774977,"Here's a photo of my ""Not @TomFoleyCT debate/forum preperation method"" #Ctgov #ctpolitics - sneak peek @DanMalloyCT http://t.co/wuBLATNAB2",138,2,1,2,0,2,1,463,4
65,2014-10-23,525349332896448514,@TomFoleyCT if you want a chance to become #ctgov meet me and @DanMalloyCT at the @NBCConnecticut studio at Sundown. #ctpolitics #ctdebate,138,11,10,3,0,3,0,463,6
66,2014-10-24,525650845447499776,Thank you @NBCConnecticut for inviting me to your debate.  It was an honor to have @GerryBrooks as our moderator #ctpolitics @GeorgeColli,137,3,2,1,0,3,0,463,4
67,2014-10-26,526481863024869376, #Decision2014 @NBCConnecticut Recapping the Gubernatorial Forum @DanMalloyCT @JoeVisconti2014  http://t.co/9DuNOsBMDl,118,3,0,1,1,4,0,463,6
68,2014-10-26,526482199529656321,"I'm in it to win it, to hell with the #ctgop &amp; @TomFoleyCT underhanded tactics ""@FoxCTVictory: Pressure ... http://t.co/KvaWAUHN5D",134,1,0,1,1,2,0,463,4
69,2014-10-26,526358353820532736,"#Ctpolitics #ctgov Vote Visconti or get Malloy, I have given you the choice, the ideas and the path to rebuild... http://t.co/b05DaVvDJT",136,1,4,2,1,0,0,463,3
70,2014-10-26,526218944294965248,Had fun tonight in Milford http://t.co/YqHXgcFclm,49,1,0,0,1,0,0,463,1
71,2014-10-27,526871525115559936,"LOL ""@LivNow: @JoeVisconti2014 @FoxCT @TomFoleyCT @DanMalloyCT Hey now, with those pics they'll be blaming ... http://t.co/OBTIBHVTYt",133,1,0,0,1,5,0,463,6
72,2014-10-27,526586704661323777, Monday's front page: @JoeVisconti2014 attracts disenchanted voters. Sewer vote in #Torrington. http://t.co/iT25pw9VkY ht,121,1,0,1,1,2,1,463,4
73,2014-10-27,526587682341003264,"Oh goody ! ""@AlexanderFlorek: Quinnipiac will be coming out with a new #CTgov poll shortly. Just took a ... http://t.co/qFOTa72uJX",130,0,0,1,1,1,0,463,3
74,2014-10-27,526699885715009537,It's becoming abundantly clear that @TomFoleyCT will not become #ctgov MT @DanMalloyCT #CTGOP ... http://t.co/StBgR4tJc0,120,0,0,2,1,2,0,463,5
75,2014-10-27,526713779871301632,"Love it !!!! MT #CTPOLITICS ""@Sea_Bunker: CT Gov race weird, @TomFoleyCT worker sends media shirtless ... http://t.co/r2X1rH1xyI",128,0,1,1,1,2,0,463,4
76,2014-10-27,526718103255015424,"CAN'T MAKE THIS STUFF UP !!! MT #CTPOLITICS ""@Dave4Liberty: #Malloy says don't vote for him, vote ... http://t.co/145KNzGAB8",124,1,1,2,1,1,0,463,4
77,2014-10-27,526732244707471360,@TomFoleyCT lost the gun vote &amp; his tool &amp; fake gun rights group prez is in panic mode #ctpolitics @DanMalloyCT  ... http://t.co/3UjAYmsP04,147,0,0,1,1,2,0,463,4
78,2014-10-27,526835147396481024,From Sundays Hartford Courant !! http://t.co/3bRUkbvSk1,55,1,1,0,1,0,0,463,1
79,2014-10-27,526855503197249538,Damn I looked good in high def on @FoxCT tonight. Thanks #CTGOP &amp; @TomFoleyCT surrogates. @DanMalloyCT #ctpolitics #Ctgov,125,2,1,3,0,3,0,463,6
80,2014-10-27,526871623098720257, @JoeVisconti2014 @FoxCT Sure did Joe. Stay strong! You can win! http://t.co/1JxGjrD6s2 #CTgov #CTpolitics,106,1,0,2,1,3,0,463,6
81,2014-10-28,527192490051661824,Great support coming from Electric Boat Works as shift ends ! #Ctgov #ctpolitics http://t.co/nAuZrcCgSJ,103,1,3,2,0,0,1,463,2
82,2014-10-28,526917646600916992,Vote Visconti or you will surely get 4 more years of @DanMalloyCT and thats a memo. @TomFoleyCT #ctgov #ctpolitics #squeezeplay,127,1,1,3,0,2,0,463,5
83,2014-10-28,527096786121666561,Joe Visconti &amp; his team will be at Electric Boat today 11-5. #ctpolitics #ctmedia #ctgov @capitolwatch @CTMirrorPaz @thedayct @rayhackettNB,143,0,2,3,0,4,0,463,7
84,2014-10-28,527099346832359424,"@BobEnglehart LoVe lOve LOVE Sundays Cartoon, what a riot !!! #ctpolitics #ctgov http://t.co/VP0lHsktrf",103,0,1,2,0,1,1,463,3
85,2014-10-28,527140094382460931,"SHOWTIME !!! MT""@GeorgeColli: Another Quinnipiac Poll on the CT Gov race will be released on Wednesday. ... http://t.co/yc80U7659M",130,0,0,0,1,1,0,463,2
86,2014-10-28,527140237139779584,"YES!!! MT""@Bill_Flood: TOMORROW: New numbers from @QuinnipiacPoll on #CTgov's race (@DanMalloyCT @TomFoleyCT @JoeVisconti2014) #CTpolitics""",139,0,0,2,0,5,0,463,7
87,2014-10-28,527140807678373889,"Ready CONNECTICUT !! MT ""@FoxCT: RT @JennBFoxCT: The next @QuinnipiacPoll on the CT Governor's race will be ... http://t.co/8PuOgtAe19",134,1,1,0,1,3,0,463,4
88,2014-10-28,527141035424886784,"I'm ready for my close up Mr Demile !! LOL MT ""@JennBFoxCT: The next @QuinnipiacPoll on the CT Governor's ... http://t.co/gBD7ikXPR7",132,0,1,0,1,2,0,463,3
89,2014-10-28,527154786945474560,"NO ""@jerrychaseCT: @JoeVisconti2014 @GeorgeColli 
Joe- Is it true that you advocated for CT LEOs to carry unloaded at all times?""",129,0,0,0,0,3,0,463,3
90,2014-10-28,527225058897698816, News anchor rips Foley 4dismissing debate http://t.co/5qIf2FX6A2 #CTDebate Media needs ripping4blocking people's candidate @Joe,128,1,0,1,1,2,0,463,4
91,2014-10-29,527409151061008384,"Wow, an inspirational &amp; timely quote for my birth sign Sagittarius today which I found on twitter #ctpolitics #Ctgov http://t.co/VwtvnqFdSr",143,0,1,2,0,0,1,463,2
92,2014-10-29,527276526694567936,"I was locked out by ABC, protest rally being planned, study tuned, MT""@ctnewsjunkie: @LivNow @capitolwatch ... http://t.co/ARvkyNAnrD",133,1,1,0,1,3,0,463,4
93,2014-10-29,527276784329719808,"Won't help his poll #'s tomorrow ! MT ""@ctnewsjunkie: RGA contributes another $600K bringing their total up ... http://t.co/BEVMFOVc4p",134,1,0,0,1,1,0,463,2
94,2014-10-29,527279948655263744,Visconti - Harris at Electric Boat Today #Ctgov #ctpolitics #ctmedia @capitolwatch @ctnewsjunkie @CTMirrorPaz http://t.co/IK7RJOARlJ,132,1,0,3,0,3,1,463,6
95,2014-10-29,527296178548133888,WATCH http://t.co/idEGhrZY3B #ctpolitics #Ctgov @capitolwatch @CTMirrorPaz #ctnewsjunkie @GeorgeColli @GerryBrooks @LivNow,122,2,1,3,1,5,0,463,9
96,2014-10-29,527300224457654272,With Patrick Lacy Chet Harris Palin Smith Renee Antaya and @karen Williams http://t.co/khQElgOR2B,97,0,0,0,1,1,0,463,2
97,2014-10-29,527423273421000705,"Q Poll over samples #CTGOP voters by 5%, undersamples Unaffiliated by 9% [14% error] &amp; only polls 838 people. #ctpolitics #Ctgov #rigged",140,3,0,4,0,0,0,463,4
98,2014-10-29,527424802496069633,Shame on Quinnipiac University ! http://t.co/PWJbN6HXtl,55,1,0,0,1,0,0,463,1
99,2014-10-29,527427783035981825," ""We don't have name recognition but we are sticking to the end"" CT 3rd Party Candidate @JoeVisconti2014 tells @wcbs880",119,1,0,0,0,3,0,463,3
100,2014-10-29,527429698465566720," .@JoeVisconti2014 unhappy w/@QuinnipiacPoll's sampling. Too many #GOP voters, not enough unaffiliated? #CTpolitics https://",124,1,0,2,1,3,0,463,6
101,2014-10-29,527432207003312129,"For the record, Joe Visconti is in it to win it ! @DanMalloyCT @TomFoleyCT #Ctgov #ctpolitics #believe #neverselloutthepeople #Ctmedia",134,2,1,5,0,2,0,463,7
102,2014-10-29,527432955476869120,"For the record, Joe Visconti is in it to win it ! @capitolwatch @CTMirrorPaz #ctnewsjunkie @gettinviggy #believe #neverselloutthepeople",135,1,0,3,0,3,0,463,6
103,2014-10-29,527435748044472320,"I Heard @McKinneyforGov was taking shots at me on the radio this AM, is that how the #CTGOP negotiates for a #ctgov deal? #ctpolitics",133,0,0,3,0,1,0,463,4
104,2014-10-29,527435901430145024,"I Heard @McKinneyforGov was taking shots at me on the radio this AM, is that how the #CTGOP negotiates for a #ctgov deal? @DanMalloyCT",134,0,0,2,0,2,0,463,4
105,2014-10-29,527486571759812608,Are #CTGOP &amp; #CTDEM sharing internal polling data with  their #ctgov candidates ? #ctpolitics #Ctmedia #electionviolations?,127,0,0,6,0,0,0,463,6
106,2014-10-29,527486715544731648, Joe VISCONTI is running for GOVERNOR of CONNECTICUT.  Learn more. http://t.co/xT1dJyamJ0 via @JoeVisconti2014,110,1,0,0,1,2,0,463,3
107,2014-10-29,527498967270301696,2 funny watching fake gun rights group CCDL twist my comments on 30 round magazine during my @NBCConnecticut debate with @DanMalloyCT,133,0,0,0,0,2,0,463,2
108,2014-10-29,527564726650540032," Unaffiliated candidate for Gov @JoeVisconti2014 reiterates that he is in the race until the end and is ""in it to win it"". ",123,1,0,1,0,2,0,463,3
109,2014-10-30,527957513359360000,"How will voter fraud be stopped in action before polls close ? MT ""@SOTSMerrill: RT: @usao_ct Federal and ... http://t.co/kqPs8k1agf",132,0,0,0,1,2,0,463,3
110,2014-10-30,527670491633696768,http://t.co/kuvPEH053o,22,0,0,0,1,0,0,463,1
111,2014-10-30,527876186106789889,For those who don't think I have a snowball's chance in hell to become #Ctgov. #ctpolitics @DanMalloyCT @TomFoleyCT http://t.co/bXkAslLeWi,138,0,0,2,0,2,1,463,4
112,2014-10-30,527876705739079681, Joe Visconti is running for Governor of Connecticut.  Learn more. http://t.co/rUtiw6kDNa via @JoeVisconti2014,110,1,0,0,1,2,0,463,3
113,2014-10-30,527876787326685185," @JoeVisconti2014 not only for governor, but also president 2k14 http://t.co/ROLGsudiZq",87,2,0,0,0,2,1,463,2
114,2014-10-30,527878218117038080,My latest tweet to non believers !! http://t.co/1yUaeu01Xm,58,0,1,0,1,0,0,463,1
115,2014-10-30,527880120544268288,Check out my website for why you should vote Visconti http://t.co/H7zPtFG5WS #ctpolitics #ctgov #tcot http://t.co/I7Cm1r7ziK,124,1,1,3,1,0,1,463,4
116,2014-10-30,527912063377870848,"Destroying our way of life MT ""@gettinviggy: @MichelleObama on @DanMalloyCT: ""He's done such an amazing job."" #ctpolitics #ctgov""",129,0,0,2,0,3,0,463,5
117,2014-10-30,527912290520399873,"No Dan it's about you ! MT ""@DanMalloyCT: .@MichelleObama: Like me, you are here today for one ... http://t.co/oRjZ8abL3l",121,0,0,0,1,2,0,463,3
118,2014-10-30,527913144048709632,"Bout time MT ""@jeffcohenwnpr: She's getting heckled.""",53,0,0,0,0,1,0,463,1
119,2014-10-30,527913219483242501, @JoeVisconti2014 @gettinviggy @MichelleObama @DanMalloyCT http://t.co/2Y8ZfKnNwU,81,1,0,0,0,5,1,463,5
120,2014-10-30,527913551642763264,"Into the worst performing economy in USA MT ""@DanMalloyCT: .@MichelleObama: Youve seen with ... http://t.co/y9MgnSvaS6",118,0,0,0,1,2,0,463,3
121,2014-10-30,527913866148470784,"That's why 49% of CT folks are trying to leave the state MT ""@DanMalloyCT: .@MichelleObama: Governor ... http://t.co/oXPCp6ZEbS",127,1,0,0,1,2,0,463,3
122,2014-10-30,527956901578166272,"LOL, CCDL suit will never be heard by SCOTUS ""@lazyacebob: @NBCConnecticut @DanMalloyCT CCDL is the ONLY ... http://t.co/jGprLLIss0",131,0,1,0,1,3,0,463,4
123,2014-10-30,527958252987101184,@WillMarotti thanks for all the free press today on @WTIC1080 #Ctgov #ctpolitics @DanMalloyCT @TomFoleyCT,105,0,0,2,0,4,0,463,6
124,2014-10-31,528326197802184705," Looking forward to ""wasting"" my vote on @JoeVisconti2014 next week. New England's GOP is long overdue for a #mercykilling. #",125,3,0,2,0,2,0,463,4
125,2014-10-31,527984341235032064,"In the heat of political battle it is easy to forget what we are fighting for, @DanMalloyCT @TomFoleyCT #ctpolitics https://t.co/R9yjF2a6Hv",139,1,2,1,1,2,0,463,4
126,2014-10-31,528164424184377344,"Truth hurts ? MT ""@lazyacebob: Another Visconti lie!  @JoeVisconti2014: LOL, CCDL suit will never be heard ... http://t.co/XFNlmFwGmZ",133,0,0,0,1,2,0,463,3
127,2014-10-31,528264172979499008,A private FB message from a supporter who had abandoned me. (Yes they gave me permission to post this)... http://t.co/DCgoWao5D2,128,0,0,0,1,0,0,463,1
128,2014-10-31,528325125289312257,Giving out candy to tricker treaters like @danmalloyct is giving out state taxpayer dollars to buy votes. #ctpolitics http://t.co/UF7QnLH3EU,140,3,3,1,1,1,0,463,3
129,2014-10-31,528166091587981314,#CTDEM VOTER INTIMIDATION IS DISPICABLE !!!! @DanMalloyCT better do a presser now or ! @TomFoleyCT #ctpolitics @colinmcenroe,124,1,2,2,0,3,0,463,5
130,2014-10-31,528262285434056705,"#Ctpolitics #ctgov  From Visconti supporter Dan Hunt to Foley supporters- ""In other words you will vote for... http://t.co/K7uIeEu5yc",133,0,0,2,1,0,0,463,3
131,2014-11-01,528346300862173184," @JoeVisconti2014 hi joey. You have my vote and rob's vote. The black el dorado will live in memories forever!

'",113,1,0,0,0,2,0,463,2
132,2014-11-03,529155236662116353,http://t.co/eTIW55vE0S,22,1,0,0,1,0,0,463,1
133,2014-11-04,529749870383747072,"It's the Hartford Democrats fault that's how !! MT ""@ctnewsjunkie: Closing arguments here in court. Judge ... http://t.co/DTZyJPO79k",132,0,0,0,1,1,0,463,2
134,2014-11-04,529749538131968000, @jeffcohenwnpr @HtfdCityline @CarolynLumsden A Moderator told me voting lists are provided night before &amp; they should've know,130,2,0,1,0,4,0,463,5
135,2014-11-04,529467279109787648,Vote @tomfoleyct for Governor on November 4th. #ctpolitics #ctgop #ctgov #tcot #defeatdanmalloy http://t.co/VxMkgqPTxK,118,7,3,5,1,1,0,463,7
136,2014-11-04,529710713506652160,"CU there MT ""@wnprcolin: Thank you for join us today, @BarackObama. The #PartyOn2014 continues with ... http://t.co/lHZdqZyBqT",126,0,0,1,1,2,0,463,4
137,2014-11-04,529712251037827072,"250,000 CT gun owners have been mobilized today to make @TomFoleyCT #Ctgov . #CTDEM machine cannot compete. Watch !!! #ctpolitics",129,5,4,3,0,1,0,463,4
138,2014-11-04,529748835976114176,"And army of 250,000 CT gun owners !! MT ""@NewsTimes: .@CTGOP mobilizes army of lawyers to combat ... http://t.co/X7noWfEoDX",123,0,1,0,1,2,0,463,3
