,date,tweet_id,tweet_text,tweet_length,retweet_count,favorite_count,hashtag_count,url_count,user_mentions,media_count,follower_count,total_entities
0,2014-10-05,518577823301124097,"Thank u! MT @NEONicoleK: 10hrs later, still doing the good work of @KasichForOhio. Love @jessfriedhoff's dedication. http://t.co/kEh2z32cy8",139,3,10,0,0,3,1,63845,3
1,2014-10-05,518787986842873858,So proud of @OhioFirstLady rocking the #RunLikeAGirlCbus half-marathon. Learn all about it: http://t.co/6h6CWB0kxH http://t.co/cbgCnfmsuw,137,9,26,1,1,1,1,63845,3
2,2014-10-05,518863639957086208,"If there was any doubt Cleveland is charmed --- wow, what a win. Congrats on the incredible comeback, Browns! #CLEvsTEN",119,51,75,1,0,0,0,63845,1
3,2014-10-06,519182095626039296," Thank you Gov. @JohnKasich, Mayor @MichaelBColeman, the fans &amp; everyone who joined us in Columbus today. Great honor. h",124,129,0,0,1,3,0,63845,4
4,2014-10-06,519179731909226496,"Today is the LAST DAY to register to vote. No matter whom you support, make sure your voice is heard this November! http://t.co/x4W6PkufP1",138,29,12,0,1,0,0,63845,1
5,2014-10-06,519182200533950464,@Schwarzenegger Thanks for visiting! Hope to see you again real soon!,69,2,3,0,0,1,0,63845,1
6,2014-10-07,519523873734541312,"Our record: 
The budget is balanced. 
Taxes are cut. 
And Ohio is up nearly a quarter million new jobs. #OhioWorks

https://t.co/46FkyJvArm",139,41,29,1,1,0,0,63845,2
7,2014-10-07,519590890130505728,Early voting has begun! I hope I can count on your support of our GOP team as we keep fighting for a stronger Ohio. http://t.co/YbFij6jCIA,138,29,19,0,1,0,0,63845,1
8,2014-10-08,519928717658046464,"""Why is our tech startup based in Akron, Ohio? Because there is no place better."" Great look at how far OH has come: https://t.co/v31ZOpVFVn",140,13,11,0,1,0,0,63845,1
9,2014-10-08,519848135338647552,"Over the past 4 years we've worked to increase opportunities for Veterans, and I appreciate their support #OhioWorks https://t.co/fDxYOlz3i3",140,6,9,1,1,0,0,63845,2
10,2014-10-08,520000299096739840,My daughters are awesome. https://t.co/A7Byv6NPsS,49,9,22,0,1,0,0,63845,1
11,2014-10-09,520315111441846272,"Another big win for Ohio, this one up in Stark County as Timken invests $40 million in a new mfg facility. #OhioWorks http://t.co/TkbNrV98Zi",140,10,11,1,1,0,0,63845,2
12,2014-10-09,520343202654470144,"First puck drop of the season tonight. Let's get it done. 

Go Jackets!  #CBJBWW #WeAreTheFifthLine",99,34,35,2,0,0,0,63845,2
13,2014-10-10,520621878629924864,We were up in Cleveland yesterday to receive the endorsement of Ohio Operating Engineers. Because #OhioWorks. https://t.co/nTYPSdaeMD,133,5,4,1,1,0,0,63845,2
14,2014-10-12,521115583870300160,@NationwideArena @DaveMcMaken Sorry I couldn't be there tonight. But how about that win? Go #CBJ! #CBJvsNYR,107,4,9,2,0,2,0,63845,4
15,2014-10-13,521672676947927040,"Two new endorsements of our campaign over the weekend. Check out what the Lima News had to say. 
https://t.co/FkNqkI9dmr",120,6,7,0,1,0,0,63845,1
16,2014-10-13,521694642346024961,"I couldn't ask for a better army of enthusiastic volunteers. Thank you all for fighting for Ohio! 
https://t.co/lftDXdf6UZ",122,6,7,0,1,0,0,63845,1
17,2014-10-14,522174193631510528,Packed house tonight at campaign HQ. Blessed to have great volunteers supporting Ohio on the comeback. http://t.co/lgrdaK5zHF,125,8,28,0,0,0,1,63845,0
18,2014-10-14,522075199593013248,Check out our new commercial highlighting how we've worked to strengthen Ohio for women &amp; their families. #OhioWorks http://t.co/Mxu0Sqc8fH,143,6,6,1,1,0,0,63845,2
19,2014-10-15,522467955096182784,"We are making every effort to identify those at risk of Ebola, monitor their health and avoid further risk. http://t.co/DqB541YSqw",130,73,34,0,0,0,1,63845,0
20,2014-10-15,522467719976071168, Gov. @JohnKasich is briefed by Ohio Dept of Health officials and his senior staff on Ohio Ebola Preparedness. http://t.co/B,124,21,0,0,0,2,1,63845,2
21,2014-10-15,522536729379487745,"We'll leave no stone unturned as we work to mitigate the Ebola situation in Ohio. 

http://t.co/rkQLBHtHpN",106,40,35,0,1,0,0,63845,1
22,2014-10-16,522802632306720768,"This morning we issued new, stronger protocols for better management of the Ebola situation in Ohio. http://t.co/LUQPGzgB0Z",123,23,9,0,1,0,0,63845,1
23,2014-10-16,522577019180032002, The State Emergency Operations Center activated today to support @OHdeptofhealth as we keep Ohioans safe. #Ebola,113,45,0,1,0,2,0,63845,3
24,2014-10-16,522745558285709312,"Our @OHDeptofHealth has a 24-hr hotline set-up to ensure Ohioans have timely, accurate info on #Ebola. Have questions? Call 1-866-800-1404.",139,56,12,1,0,1,0,63845,2
25,2014-10-17,523134911172313088,"In preparing for Ebola, we're ensuring our health professionals have the equipment they need. http://t.co/Tqell8XNIA http://t.co/lsoWR3jQq9",139,24,16,0,1,0,1,63845,1
26,2014-10-19,523655410931077120,"When it comes to Ebola prevention, Ohio acts.  We've issued new restrictions to protect travelers. http://t.co/5rD2bmVx4N",121,35,19,0,0,0,1,63845,0
27,2014-10-19,523624618750259200,Ohio has taken aggressive steps to prevent Ebola. We encourage other states to do be prepared http://t.co/6gNo9buR0u http://t.co/pkZYha9Zxl,139,32,19,0,1,0,1,63845,1
28,2014-10-19,523948434831998976,"ICYMI, we're working aggressively to keep Ohioans &amp; our fellow Americans safe from Ebola.  http://t.co/2nFcnJ7S3t",117,7,10,0,1,0,0,63845,1
29,2014-10-20,524346253086576640,"The AP got it wrong. Ohio said NO to the Obamacare exchange for a reason. As always, my position is that we need to repeal and replace.",135,181,93,0,0,0,0,63845,0
30,2014-10-21,524365204163801093,"Spent my night talking to the NYT, WSJ &amp; Politico. Why? Because the AP screwed up. Let me make my position simple. Repeal Obamacare.",136,98,59,0,0,0,0,63845,0
31,2014-10-22,524984526377091073,"""[Ohio is] making prudent preparations to safeguard residents should any cases of Ebola arise."" 

We're on it. 

http://t.co/LsYeZNGoli",135,4,5,0,1,0,0,63845,1
32,2014-10-22,524960329063997440,Angela's story is one experienced by many parents of autistic children here in Ohio. It's a real must-see. https://t.co/9VK71WOPEM,130,8,3,0,1,0,0,63845,1
33,2014-10-22,524720410265280512,You watch this and you can see just how far we've come. http://t.co/tNJo8Y3YOs #OhioWorks,89,6,5,1,1,0,0,63845,2
34,2014-10-23,525386666467676160,Ever been to the Circleville Pumpkin Show? Absolutely one of my favorites. Thx to all for the hospitality! https://t.co/2cUNU3sKXc,130,1,7,0,1,0,0,63845,1
35,2014-10-23,525314129989763072,Sometimes employers need a little extra help finding workers w/skills they need. http://t.co/nSo9DLqWAb can help. https://t.co/Z6AQBTCJWV,137,8,5,0,2,0,0,63845,2
36,2014-10-23,525358849541550081,#HumanTrafficking is real &amp; happening in Ohio. How are we trying to stop it? Listen to Barbara's Story. https://t.co/5wex4MyY57,131,16,5,1,1,0,0,63845,2
37,2014-10-23,525084966015623168,A big endorsement today. Ohio's carpenters know our great state is on the comeback. https://t.co/VpZkj77H1B,107,5,12,0,1,0,0,63845,1
38,2014-10-24,525725137916940288,"Thanks to the Plain Dealer for their ringing endorsement of our campaign for re-election. 

http://t.co/tTGGznerHo",114,16,7,0,1,0,0,63845,1
39,2014-10-24,525444796694147074,"We've made sure the 2nd amendment is protected here in Ohio, and I'm honored to receive the NRA's endorsement. https://t.co/DcY4ilJuix",134,30,21,0,1,0,0,63845,1
40,2014-10-24,525755291628224514,There is no better place to experience Fall than Ohio. Check out this great vid from @DiscoverOhio http://t.co/E5rxZZSYwv,121,13,13,0,1,1,0,63845,2
41,2014-10-27,526798585531473921,Thinking about moving your family to Ohio? 26% of the top suburbs are in the Buckeye State. Most in the nation. http://t.co/0bTTHlZuwT,134,28,24,0,1,0,0,63845,1
42,2014-10-27,526743414143188992,"Headed to another jobs announcement, this time in Pike County. There's no doubt -- #OhioWorks",93,5,13,1,0,0,0,63845,1
43,2014-10-27,526836641110183936,Rural King was considering 4 states for their new distribution center. They chose Ohio. Welcome to Pike Co! #JobsOhio http://t.co/l2ymj18zCU,140,18,23,1,0,0,1,63845,1
44,2014-10-28,526907397772554240,"This Saturday's rally is going to be incredible. I really hope you can make it. 

http://t.co/DPEknBMArv http://t.co/KkbHtxPCA9",127,11,16,0,1,0,1,63845,1
45,2014-10-28,527159918923886592,It's only halftime. Let's keep fighting for a stronger Ohio. #OhioWorks http://t.co/Ko4Io0F9GV https://t.co/ZqG5h2Qkxm,118,6,3,1,2,0,0,63845,3
46,2014-10-29,527259199106220033,One week. That's all the time we have left before Ohio chooses our way forward. Hope I can count on your support! http://t.co/FSCR9f8BsB,136,26,46,0,0,0,1,63845,0
47,2014-10-29,527562119211130880,"29 endorsements and counting. Workers, the NRA, the Call &amp; Post &amp; many more. Ohio is moving in the right direction. 
https://t.co/HnpNJIgPo8",148,20,16,0,1,0,0,63845,1
48,2014-10-30,527921212807467009,Thanks to everyone in Youngstown who came to our last big rally of the day. Ohioans know #OhioWorks. http://t.co/5Qt2K6PceI,123,7,10,1,0,0,1,63845,1
49,2014-10-30,527837743943274496,"That's how you kick off a bus tour. Thank you, Richland County! Onward to Cuyahoga Co.! #OhioWorks http://t.co/9v2uRTwxJn",121,8,10,1,0,0,1,63845,1
50,2014-10-30,527880065519210496,Just wrapped up our Rocky River rally. Glad I had the chance afterwards to chat with workers here at Joe's Deli. http://t.co/XRDfoQwoSv,135,5,1,0,1,0,0,63845,1
51,2014-10-30,527939092743340032,"A lot of communities are trick or treating tonight. Have fun, but most important, be safe!",90,9,7,0,0,0,0,63845,0
52,2014-10-31,528212361665347584,"On the road again! Thx for a great 1st stop, Lucas Co.! Again, ""it was Justice @JudgeJudi French who stole the show"" http://t.co/lwDPO5O35S",139,7,1,0,1,1,0,63845,2
53,2014-10-31,527974640065318913,Another awesome day on the road talking to Ohioans. And now it's time to watch #Lebron. #Together #GoCavs!,106,26,35,3,0,0,0,63845,3
54,2014-11-01,528603523471003649,"Enthusiasm? We've got it. Thanks for your incredible support this morning, Columbus! http://t.co/1zrY7M7ng8",107,16,18,0,0,0,1,63845,0
55,2014-11-02,529018370818334722,A quarter million new jobs can't be wrong. Our GOP team is leading the way in Ohio. #OhioWorks http://t.co/DezKhJRslE,117,18,14,1,1,0,0,63845,2
56,2014-11-02,528968253243011072,"What an incredible story. Ohio is proud of #Layup4Lauren! Good luck today! #OneLastGame 

http://t.co/J8CrNyUHQo",112,19,20,2,1,0,0,63845,3
57,2014-11-02,529046652171321344,And thx for your great service! RT @CosmicChagrin: Thanks @JohnKasich for stopping by the store! #cosmic #thankyou http://t.co/8boxMa6x7F,137,6,14,2,0,2,1,63845,4
58,2014-11-03,529312014133653504,"It's Hire a Veteran Month in Ohio! Visit http://t.co/gixBCKDYaT
today to find some of Ohio's most skilled workers! http://t.co/ZMuH0tEhcF",137,15,5,0,1,0,1,63845,1
59,2014-11-03,529067855980265472,"How great is this? Love the support Ohio's comeback is getting everywhere we go. #OhioWorks

https://t.co/ckKhvs5NOh",116,16,15,1,1,0,0,63845,2
60,2014-11-03,529335521194307584,Exercising one of the most rewarding of rights as an American. Voting at my early vote center in Delaware Co. http://t.co/JMe3vCGazW,132,13,38,0,0,0,1,63845,0
61,2014-11-04,529764354200440832,Less than 2 hours before the polls close. Make sure your voice is heard. You can find your voting location here. http://t.co/UD6uVX7Tdn,135,18,23,0,1,0,0,63845,1
62,2014-11-04,529698633420398592,"Ohio is on the comeback, and it's our Republican team that has led the way. Before you vote, get your slate card: http://t.co/UD6uVX7Tdn",136,25,18,0,1,0,0,63845,1
63,2014-11-04,529422921547382784,We're always working to strengthen Ohio. Tonight we established Community Connectors to enhance mentoring statewide. http://t.co/1l0ciR3jzm,139,6,9,0,1,0,0,63845,1
64,2014-11-04,529441320754880512,"Election Day is tomorrow! Take advantage of what helps make this country so special and let your voice be heard. 

https://t.co/zwWmgNucIc",138,35,26,0,1,0,0,63845,1
65,2014-11-04,529613041894055936,"Today is the day! I hope Mary and I can count on your support. VOTE! 

http://t.co/IV9Ih4VO8R

#OhioWorks",105,52,59,1,1,0,0,63845,2
66,2014-11-04,529679768565067776,"Ohio is on the move again. Are you with us? Vote! 

#OhioWorks

https://t.co/bYlf13Em4z",87,16,22,1,1,0,0,63845,2
