,date,tweet_id,tweet_text,tweet_length,retweet_count,favorite_count,hashtag_count,url_count,user_mentions,media_count,follower_count,total_entities
0,2014-10-05,518632725117284352,"Constitution Party supports small government, biblical principles http://t.co/dwpo3NG8uc via @matsu_news",104,1,1,0,1,1,0,97,2
1,2014-10-09,520012549480517632,It was great to participate in a Four Candidate Gubernatorial debate today in Soldotna.  #akgov #jrmyers #walker #parnell #clift,128,0,0,5,0,0,0,97,5
2,2014-10-09,520092063615168512,I'm listening to Alaska News Nightly on @TuneIn. #RealRadio #jrmyers #akgov #akelect #parnell #walker #clift #liberty http://t.co/4l7PKEXhaH,140,0,1,8,1,1,0,97,10
3,2014-10-09,520322398403690496,KSRM article  http://t.co/3B8sOmibU0,36,0,0,0,1,0,0,97,1
4,2014-10-10,520366526910566400,"Good article.
#akgov #akelect #jrmyers #parnell #walker #clift #acp #akconstitutionparty
#akbudget
#sustainability http://t.co/tTWXIj5pcW",137,0,1,10,1,0,0,97,11
5,2014-10-15,522425126428901376,@FDNMPolitics Just another half baked fake debate.  There are four candidates.  Open the debates to the truth!  #akgov #akelect #jrmyers,136,0,1,3,0,1,0,97,4
6,2014-10-17,522920567004205056, $500+ million so you have to drive farther (across 40 avalanche chutes) &amp; still have to ferry. Idiocy. http://t.co/ksBmWE,126,1,0,2,1,1,0,97,4
7,2014-10-19,523919040293507073,"http://t.co/nYP4QNYHBv
#akgov #akelect #akdebate #myers #clift #parnell #walker
#aprn #ktuu #ktva #ktoo #kakm",109,0,0,12,1,0,0,97,13
8,2014-10-19,523920193626468352,"@JohricmyeJ DEMAND ALL IN ALL
http://t.co/nYP4QNYHBv 
#akgov #akelect #akdebate #myers #clift #parnell #walker
#aprn #ktuu #ktva #ktoo #kakm",140,0,0,12,1,1,0,97,14
9,2014-10-26,526436395951210496,"Corruption is as Corruption does.
""Chamber of Commerce debates serve members, not candidates"" http://t.co/bnATgCNnaY via @newsminer  #akgov",139,0,0,1,1,1,0,97,3
10,2014-11-01,528668076942692352,Wrapping up Get Out the Native Vote in Juneau. http://t.co/Kwgs8FEkh7,69,0,0,0,0,0,1,97,0
11,2014-11-03,529091346359795712,"Check out the latest story about the campaign at: 
http://t.co/KQaSeXusLC
#akgov #akelect #jrmyers",98,0,0,3,1,0,0,97,4
12,2014-11-03,529298225685991424,@BergmanKevin NP Thank you,26,0,0,0,0,1,0,97,1
13,2014-11-03,529372314627231744,"@acscanak I tried to get on and answer several times, but the site wouldn't let me.",83,0,0,0,0,1,0,97,1
14,2014-11-04,529460143973761024,@focusgood @Will4Congress @MnGreens @HowieHawkins Because the Ds and Rs only represent their own special interests not the good if the whole,140,1,1,0,0,4,0,97,4
15,2014-11-04,529459763038654465,@focusgood @Will4Congress @MnGreens @HowieHawkins,49,0,0,0,0,4,0,97,4
