,date,tweet_id,tweet_text,tweet_length,retweet_count,favorite_count,hashtag_count,url_count,user_mentions,media_count,follower_count,total_entities
0,2014-10-05,518872007161561090,Props to PeytonManning. 500 TD passes = awesome. Throwing #500 as a @Bronco = awesome for #Colorado. #Broncos #pride http://t.co/7tBEInKz6h,139,19,18,3,0,1,1,37486,4
1,2014-10-05,518850077860048896,Here we go #Broncos...let's give the Cardinals their first loss of the season! #beatthecardinals http://t.co/xIND9TS4ZC,119,8,7,2,1,0,0,37486,3
2,2014-10-05,518877660764585984," Tarantino movie expected to help Colorado's west via @DenverChannel
Tx @hickforco 4 your support of #FilminColorado!  http:/",125,7,0,1,1,3,0,37486,5
3,2014-10-06,519146429248315392,"Colorado lost a great teacher and public servant with the passing of Regis Groff. Our hearts go out to his family, friends &amp; community.",139,3,1,0,0,0,0,37486,0
4,2014-10-06,519239115343007744,Todays SCOTUS decision means we are that much closer to declaring #MarriageEquality for all Coloradans. #huzzah http://t.co/IxN92pX4cn,134,20,18,2,1,0,0,37486,3
5,2014-10-06,519257840054444032,#allinadayswork #StateOfCO http://t.co/J7BtBbpCu3,49,4,4,2,1,0,0,37486,3
6,2014-10-07,519546810092634112,We have long advocated for equal rights for all Coloradans and today we find ourselves on the right side of history. #marriageequality,134,34,40,1,0,0,0,37486,1
7,2014-10-07,519282316204445696,Aye aye matey. RT @OITColorado: NCSAM Tip #4:Patching your computer is the 2nd line of defense against hackers. http://t.co/TSSJ9WHZ6g,134,5,2,0,0,1,1,37486,1
8,2014-10-07,519492784139407360,Pleased to announce @CO_CDHS awards @ReachOutReadCO $100K to serve kids in high-need areas &amp; improve early childhood #literacy. #StateOfCO,142,12,10,2,0,2,0,37486,4
9,2014-10-07,519528458695618562,"Issued year-in-review flood recovery report: progress made, lessons learned &amp; long-term outlook. http://t.co/0JZZ3REhyD #StateOfCo",134,9,2,1,1,0,0,37486,2
10,2014-10-07,519610652961165312,"Pioneer Energy opens new facility in Lakewood to produce MAGS technology, converting pollutants to valuable resources http://t.co/E39IHDdT2H",140,4,4,0,0,0,1,37486,0
11,2014-10-08,519955513417543681, I'm so impressed w the @ColoradoStateU students in Key Communities. #StateofCO #CoCompletes @CoHigherEd http://t.co/KZARIE,123,5,0,2,0,3,1,37486,5
12,2014-10-08,519957321611771904,"We roll up our sleeves &amp; work hard every day, but when the occasion demands a more buttoned-down http://t.co/VUMHVP9VHv",123,3,5,0,1,0,0,37486,1
13,2014-10-08,519993996693602305,Being interviewed #podcast style by comedian/CO native/fellow baseball enthusiast Adam Cayton-Holland. @CaytonHolland http://t.co/2AUiFPhyt5,140,11,33,1,0,1,1,37486,2
14,2014-10-10,520689617289220098,"G'breaking on Weld County Parkway. Building on WC's impressive growth, great collab betw state&amp;local govt. #StateOfCO http://t.co/vLS3sj9RAn",144,4,2,1,0,0,1,37486,1
15,2014-10-10,520367043879530497,Visited family-owned &amp; run McClay Cottonwood Dairy Farm and their approx 400 cows. That's a lot of #moo. #StateOfCO http://t.co/Cjm8OlVG68,142,6,7,2,0,0,1,37486,2
16,2014-10-10,520607865254338560,"Were making $3.4m in grants avail to students to pursue higher ed, prepare for the workforce &amp; graduate w/less debt. http://t.co/n9FZy1I6mq",143,15,9,0,1,0,0,37486,1
17,2014-10-10,520623265299959808,Thx to Audrey Rowe &amp; biz leaders for the thoughtful discussion about CO school lunches/nutrition matters. #StateOfCO http://t.co/RDA8XCH24k,143,3,3,1,0,0,1,37486,1
18,2014-10-10,520670082607751168,Kicking off permanent repairs to US34 East. Thx @ColoradoDOT for all you've done to build CO back better &amp; stronger. http://t.co/K1L0M7gZuH,143,1,3,0,0,1,1,37486,1
19,2014-10-11,521032320929652736,One Congregation One Family launches program to help homeless families in Ft Collins gain self-sufficiency http://t.co/XYB9NDl7pC #StateOfCO,140,8,4,1,1,0,0,37486,2
20,2014-10-12,521340501471932416,Look out New York...the #Broncos are comin' for you. #beatthejets http://t.co/vTNdlTPVdz,88,9,13,2,0,0,1,37486,2
21,2014-10-13,521747047654113280,One goose short of an Abbey Road tribute pic. #IBrakeForGeeseCrossings #WashPark http://t.co/IabNYLzF4M,103,6,15,2,1,0,0,37486,3
22,2014-10-14,522157545150885888,#Colorado has got it going on. Its where all the smart kids want to be. http://t.co/masiTkd1cs #BestPlaceToWorkAndPlay,118,11,11,2,1,0,0,37486,3
23,2014-10-15,522195787610988545,"Celebrating CO's innovators, entrepreneurs, leaders &amp; pioneers at #TheWright. Keep doing that thing you do #StateOfCO http://t.co/NCxHqbGyjw",144,13,13,2,0,0,1,37486,2
24,2014-10-15,522481262049513473,Positive momentum of CO's economy &amp; job growth couldn't happen w/o orgs like Colorado Restaurant Assoc. #StateOfCO http://t.co/WJ174NBBNI,141,4,5,1,0,0,1,37486,1
25,2014-10-16,522854435291017216, How to talk to kids about #Ebola? Here are links to a couple of great articles: http://t.co/3dGhVF3Dfx http://t.co/hVbMSWLHvb #F,129,10,0,2,2,1,0,37486,5
26,2014-10-16,522852506863300608, Looking for public health information on Ebola? Visit http://t.co/phUq73vcZW #FactsNotFear,91,5,0,1,1,1,0,37486,3
27,2014-10-16,522856910890876928, Things to remember about #Ebola http://t.co/CewEQlCuDs,55,22,0,1,0,1,1,37486,2
28,2014-10-17,523218871533060097," Congratulations to the @Colorado based @ZayoGroup on their IPO, NYSE's 100th IPO of the year $ZAYO #NYSEBell http://t.co/mn6FIMAM",130,27,0,1,0,3,1,37486,4
29,2014-10-17,523229861138006016,Help Colorado get a $10K grant! Vote for COs emergency flood response efforts in America's Transportation Awards. http://t.co/91vKJkhI1c,136,10,4,0,1,0,0,37486,1
30,2014-10-17,523223639827566592,Carve it up #Colorado! Ski &amp; snowboard season is officially underway in the Centennial State http://t.co/uSgoFS0Ikv #HitTheSlopes #StateOfCO,144,17,10,3,1,0,0,37486,4
31,2014-10-17,523179102363066368,"At #LEX in #Nashville w/Gov @BillHaslam talking #innovation, #collaboration &amp; economic/workforce development. http://t.co/rmpGNBke0M",136,0,0,4,0,1,1,37486,5
32,2014-10-17,523131519867441153,Good news for CO employers &amp; workers. RT @RoxPWhite: Helping injured workers - No increase in workers' comp premiums http://t.co/KF9OCVg8rB,143,7,2,0,1,1,0,37486,2
33,2014-10-17,522944906440888320," Staffing Gov @hickforco means long days. He never stops. Nod off on a long ride w/him, he never lets you forget it. http://",124,6,0,0,0,2,1,37486,2
34,2014-10-19,523939863457193984,Sunday Night Football at Mile High. One of the biggest matchups of the year. Go #Broncos! #BeatTheNiners http://t.co/g56DCCqA67,127,5,8,2,0,0,1,37486,2
35,2014-10-20,524014371631288320,"Congrats Peyton on TD #509. Thank you for all you've done for #football, the #Broncos &amp; communities across #Colorado. http://t.co/2RjwRIzmfV",144,121,149,3,0,0,1,37486,3
36,2014-10-20,524234263839768576,Our realtor community = critical partner in CO's growth &amp; status as the most desirable place to live&amp;work. #StateOfCO http://t.co/qxk9er0Lds,148,3,2,1,0,0,1,37486,1
37,2014-10-20,524249011385929728,ICYMI: Colorado Springs joins us in accepting Challenge to End Veteran Homelessness. http://t.co/7LLoyoWL1F @DeptVetAffairs @HUDgov #USICH,138,8,4,1,1,2,0,37486,4
38,2014-10-21,524615295197925376,Denver has become one of the most powerful magnets for college grads. Here's why: http://t.co/qqfYyeBJt1 #bestplacetoworkandplay #Colorado,138,15,14,2,1,0,0,37486,3
39,2014-10-21,524698196547993600,"CO = 1 of 4 best recovery states says Brian Lewandowski, not to be confused w/the Big Lebowski. Dude. http://t.co/xtzE3iaq20 #supersectors",138,11,15,1,1,0,0,37486,2
40,2014-10-21,524666578730631168,Met w/CO Hispanic Chamber Board to talk economy &amp; further strengthening support for minority businesses. #StateOfCO http://t.co/amkwvirlZ7,142,5,5,1,0,0,1,37486,1
41,2014-10-21,524566451349237761,"#Colorados unemployment down to 4.7%, lowest since June 2008. http://t.co/vkuBp9YvnG #bestplacetoliveandwork @ColoradoLabor",123,43,17,2,1,1,0,37486,4
42,2014-10-21,524572751344844801,"35 months of job gains, unemployment down to 4.7% = testament to resilience, work ethic &amp; innovative spirit of Coloradans across the state.",143,21,13,0,0,0,0,37486,0
43,2014-10-21,524572932740116480,We will not rest until every community in #Colorado is feeling the benefits of our robust economic growth. #collaboration #momentum,131,16,13,3,0,0,0,37486,3
44,2014-10-23,525321242958499840,Celebrating one of CO's most momentous scientific discoveries w/dedication of Snowmastodon sculpture @DenverMuseumNS http://t.co/N4qLbzu57u,139,16,12,0,0,1,1,37486,1
45,2014-10-23,525082875239337984,"Cool sidewalk chalk art rendering of #Colorado, mid-creation. #bestplacetoworkandplay http://t.co/clDwZgyEw0",108,5,4,2,1,0,0,37486,3
46,2014-10-23,525291215193772032,Charitable nonprofit work &amp; orgs like Colorado Progressive Coalition are integral to forging Colorados future. @CO_Progressive #StateOfCO,141,4,3,1,0,1,0,37486,2
47,2014-10-23,525370707833020416,Honored to speak @WFColorado re: building resources &amp; empowering women &amp; girls in CO. #femaleleadership @MalalaFund http://t.co/0qzDDgZwnO,146,7,10,1,0,2,1,37486,3
48,2014-10-23,525424947934806018,From a history-making Sun night win to a bigtime Thurs night divisional matchup. Let's go #Broncos! #beatthechargers http://t.co/YWvUVG6WOA,139,9,8,2,0,0,1,37486,2
49,2014-10-24,525722954995232768,Met w/Scottish exchange students + their CO hosts &amp; teacher. Glad to know they're #Broncos fans! #WelcometoColorado http://t.co/J05ZKs9bfy,142,5,5,2,0,0,1,37486,2
50,2014-10-26,526162891699802113,Happy Diwali everyone! Great to be part of the celebration at the Capitol. #festivaloflights #StateOfCO http://t.co/PHgys027Cz,126,12,11,2,0,0,1,37486,2
51,2014-10-26,526193574065754112,Paying tribute to breast cancer survivors at the Hope Lives Pink Gala. #celebrationoflife http://t.co/O6z3ZQLnwE,112,5,7,1,1,0,0,37486,2
52,2014-10-28,527189480436809728,Discussing the importance of early childhood education @BrightBeginUSA @ECC_Colo @LtGovGarcia @OECColorado #StateOfCO http://t.co/Z3K0FUTFgf,140,14,7,1,0,4,1,37486,5
53,2014-10-29,527525773830148096,Celebrating the opening of @LockheedMartin's new HQ in CO &amp; creation of 500 new #jobs. @ColoradoEcoDevo #StateOfCO http://t.co/qYghYrlLmB,141,17,16,2,0,2,1,37486,4
54,2014-10-29,527474244611895296," 500 new, high-paying aerospace jobs coming to Colorado - congrats @LockheedMartin! http://t.co/f5NoV4Oy5l #StateOfCO #",119,11,0,2,1,2,0,37486,5
55,2014-10-30,527950436259467264,"Of all the promising trends in CO in the last 4 years, significant drop in homelessness = some of the best news yet. http://t.co/pHH8pLdFhu",139,26,17,0,1,0,0,37486,1
56,2014-10-31,528262669036306432,Happy to have the movie Christmastime filming in Denver &amp; Boulder w/Colorado-based crew. #StateOfCO @ColoradoFilm http://t.co/Wkafgn5ERz,140,43,53,1,0,1,1,37486,2
57,2014-11-01,528626175149895680,ICYMI: new study ranks both Colorado &amp; Denver in Top 10 for job growth in U.S. http://t.co/l96rFDWiqB #momentum #StateOfCO,126,25,13,2,1,0,0,37486,3
58,2014-11-01,528665188682465280,Celebrating grand opening of newly-widened I-25. Thx @ColoradoDOT &amp; all who helped complete this project. #StateOfCO http://t.co/K65zcwk2JN,143,9,5,1,0,1,1,37486,2
59,2014-11-02,529001340060860416,"We're comin' for you, New England! #Broncos #beatthepatriots http://t.co/BbFGihALck",83,12,20,2,0,0,1,37486,2
60,2014-11-03,529419020672331776,"It's beginning to look a lot like ski season...! RT @Colorado: November arrives at @winterpark with 5"" of fresh snow! http://t.co/3wJ423r8X5",140,32,48,0,0,2,1,37486,2
61,2014-11-04,529685284003528704,"Whatever your affiliation, or what candidates and ballot measures you support, make your voice heard! http://t.co/CfevVHunX8",124,15,27,0,1,0,0,37486,1
62,2014-11-04,529741037741572096,Congrats to @ColoradoOIT leader @Suma_Nallapati on being chosen as one of Computerworld's Premier 100 IT Leaders of 2015! #StateOfCO,132,7,9,1,0,1,0,37486,2
63,2014-11-04,529679025447268355, Veterans bring more than you'd think to the workforce! Reason 1 to #hireacoloradovet below. #coworkforce http://t.co/cOC,121,6,0,2,0,1,1,37486,3
