,date,tweet_id,tweet_text,tweet_length,retweet_count,favorite_count,hashtag_count,url_count,user_mentions,media_count,follower_count,total_entities
0,2014-10-05,518851694047002624,"Politics has become the Culture of Corruption. Arizona must run Arizona.
#azgov http://t.co/KUY4MqHnE3 
D&amp;D = #bad4Az http://t.co/pvYexlpClS",144,0,1,2,1,0,1,503,3
1,2014-10-06,519173248429608963, Campaign 2014 debate w/#AZGov open seat cands @dougducey @FredDuVal @johnlewismealer @hess4governor on @cspan online http:,123,1,0,1,1,6,0,503,8
2,2014-10-06,518966023970897921,@tonypeterson must secure border by any means. End human trafficking. Water desalinization plants in Mexico deal 4 So. AZ/Mex hemp crops,136,0,0,0,0,1,0,503,1
3,2014-10-09,520009660355846144,@LaXicanista @hess4governor looks like it's at the Phoenix Ritz Carlton  I really need to get to this one.,106,0,0,0,0,2,0,503,2
4,2014-10-09,520010330794377216,@LaXicanista @hess4governor Ritz said not there.,48,0,0,0,0,2,0,503,2
5,2014-10-09,520012811557421058,"#corrupted 
#DuckingDucey #FlightyFred bailed on Tucson 9 Oct LWVGT debate. @hess4governor @johnlewismealer  #azgov http://t.co/NcP73vNl2e",138,0,0,4,0,2,1,503,6
6,2014-10-09,520014455359696896,@LaXicanista @hess4governor thank you,37,0,1,0,0,2,0,503,2
7,2014-10-09,520002452142440448,"@AZElephants @AZDemParty With two 'DC owned' candidates, will you drop them and back 100% Arizona owned http://t.co/KUY4MqHnE3 ? #azgov",135,0,0,1,1,2,0,503,4
8,2014-10-09,520004574581886977,@AZDemParty Funny thing is; I actually explain in detail how we can pay for education without raising taxes. Fred has nothing to offer AZ,137,0,1,0,0,1,0,503,1
9,2014-10-09,520005886384037889,@brahmresnik @GovChristie @dougducey @AZGOP One thing worst than bribed politician is one offering bribes @FredDuVal @billclinton #azgov,136,0,0,1,0,6,0,503,7
10,2014-10-09,520006679887622144,@LaXicanista Where is debate 10/14? They need to add me to event. We can't have 4 yrs of more D&amp;R corruption. Truth be told. @hess4governor,143,1,0,0,0,2,0,503,2
11,2014-10-10,520633200251772928,"NEWS RELEASE! ""Doug Ducey's Hair"" endorsed me. More on Fox News. You Decide. #azgov http://t.co/KUY4MqHnE3 http://t.co/maYyerZF2x",129,0,0,1,1,0,1,503,2
12,2014-10-11,521007107270000640," Third-party governor candidates @hess4governor &amp; @johnlewismealer talk business, economic plans for #Arizona @azweek https://",130,2,0,1,1,4,0,503,6
13,2014-10-11,521069179756371968,"@AZDemParty @FredDuVal At my house, I'm winning by four! #JLMEALER #azgov http://t.co/KUY4MqHnE3 http://t.co/yeL1EzKZyw",119,0,1,2,1,2,1,503,5
14,2014-10-11,521070239040425985,#azgov @azcpolitics @johnlewismealer met with #HempFest crowd has 100% support. #AzGunClubs also give 100% Az Actors=100% #someonelovesme,137,0,0,4,0,2,0,503,6
15,2014-10-12,521422402119827456, #arizona #generalelection2014 @dougducey @johnlewismealer http://t.co/IGbAokFXEk,81,2,0,2,0,3,1,503,5
16,2014-10-12,521422373921501184,"""@whitephotograph: #arizona #generalelection2014 @dougducey @johnlewismealer http://t.co/PlIK6A7pIs"" ##agov @FredDuVal @hess4governor",133,1,1,3,0,5,1,503,8
17,2014-10-14,522050673219993600, Officer Tries to Search Vehicle Because Everybody That Plays Frisbee Golf Smokes Weed  CBS totally illegal :  http:,116,20,0,0,1,1,0,503,2
18,2014-10-14,522050392881115136,Who/What is needed right now? #azgov @dougducey @FredDuVal @hess4governor @AZPMnews @azcpolitics @brahmresnik @abc15 http://t.co/pJ1zJEUQkP,139,0,0,1,0,7,1,503,8
19,2014-10-14,522050579716382720,"@SocialInPhoenix The new meaning of ""passive income"".",53,0,1,0,0,1,0,503,1
20,2014-10-14,522051378227978240,"@MarijuanaVoters @Weedkillscancer As Gov, I'll legalize. We need Industrial Hemp too. http://t.co/KUY4MqHnE3 #azgov http://t.co/as8nKmuKhb",138,5,5,1,1,2,1,503,4
21,2014-10-18,523553817435336704,@TeriFrost White Mountains congressional district 1 legislative district 7 Showlow Pinetop Lakeside Taylor Snowflake,116,0,1,0,0,1,0,503,1
22,2014-10-18,523310322346917888,"#azgov Arizona voters, don't make the same mistake that has destroyed AZ for 102 years. NO D's or R's as Governor. http://t.co/KUY4MqHnE3",137,4,1,1,1,0,0,503,2
23,2014-10-18,523311407975374848,"@dougducey @Andy_Tobin Just lost my vote Andy. Not because Doug's a bad guy, but Party-Politics is evil. #azgov @TeriFrost has Wht Mts vote.",140,1,1,1,0,3,0,503,4
24,2014-10-18,523312612541759488,@MarkBriggsLaw @WMIcentral WMI employees signed my petition. Looks like they bathe in party-line corruption. #azgov http://t.co/uRhZd1Vahc,138,0,0,1,0,2,1,503,3
25,2014-10-18,523554121832730625,@TeriFrost I know where I'm at I'm not lost two large maps in my office http://t.co/KUY4MqHnE3,94,0,0,0,1,1,0,503,2
26,2014-10-19,523913868188598272,#azgov FACT: AZ Law &amp; 14th Amend =no discrimination at all Same gender marriage protected by law.  #LGBT #gaymarriage http://t.co/KUY4MqHnE3,144,0,0,3,1,0,0,503,4
27,2014-10-19,523711829693202432,@TeriFrost  I am an independent constitutionalist AEL is just a path to the ballot @TeresaPinalAz,97,1,2,0,0,2,0,503,2
28,2014-10-19,523913141487677441,"@MsLuchadora @RWwatchMA #Chomsky wants taxpayer funds to pay private business. We had that, called Solyndra &amp; Haliburton. #azgov #bad4AZ",140,0,0,3,0,2,0,503,5
29,2014-10-19,523914583082553344,"If you've thrown away early #azgov vote for D or R, call recorder re spoiled ballot. #JLMEALER http://t.co/KUY4MqHnE3 http://t.co/XL1cbOZrEE",140,1,0,2,1,0,1,503,3
30,2014-10-20,523991020233850880,"@TeresaPinalAZ @TeriFrost Not! Neither Republicans nor Democrats actually exist, just 2 globalist parties ##agov http://t.co/KUY4MqHnE3",135,0,1,1,1,2,0,503,4
31,2014-10-20,524197019209187328,"@TeriFrost @TeresaPinalAZ Sadly, the parties own the elected candidates soul, and the parties themselves are evil &amp; anti American. #azgov",141,5,1,1,0,2,0,503,3
32,2014-10-21,524701787643998208,"http://t.co/ic6mDm6p3z
Come see last AZ Gov Debate with all candidates. ASU 10/28 5pm. Urge D&amp;D to show up!",111,4,0,0,1,0,0,503,1
33,2014-10-21,524609437122953216,@MESSinAZ5 @statepress I was invited for 28th. DoubleScoop might avoid me http://t.co/KUY4MqHnE3 #azgov,103,2,0,1,1,2,0,503,4
34,2014-10-21,524701151565205504,"@abc15 @GovBrewer I'm only candidate to discuss 'all' borders of AZ safety in debates, pre-Ebola outbreak. Glad Gov Brewer sees the need too",140,1,0,0,0,2,0,503,2
35,2014-10-21,524700617240227840,#azgov @dougducey @FredDuVal @hess4governor @johnlewismealer Last AZGovDebate w/all candidates http://t.co/ic6mDm6p3z http://t.co/IVqqWbUWe3,140,4,0,1,1,4,1,503,6
36,2014-10-21,524699215524823041,"Last Arizona gubernatorial debate. #azgov

Read: http://t.co/tp442AobBP",71,3,0,1,1,0,0,503,2
37,2014-10-21,524634908850139137,@MESSinAZ5 @statepress Yes I'm on ballot- Some people don't like the truth! #LastInLine http://t.co/KUY4MqHnE3 #azgov http://t.co/ceLvib67UY,140,3,0,2,1,2,1,503,5
38,2014-10-21,524633834227515392," Ur not gonna get recognized at ballot. Duval is runin cuz he's bored.
get him some golf clubs 4him2 stepout @johnlewismealer",125,1,0,0,0,3,0,503,3
39,2014-10-21,524701447007764481, Az media ignores truth.Even lie 4them.Here they R breakn SpecialDistrict rules @johnlewismealer @statepress @HUDgov http://t,125,1,0,0,0,4,1,503,4
40,2014-10-21,524632982880288768,#azgov There's an alternative to 'lesser of 2 evils' http://t.co/joLOcT2mjt via @azcentral Did Mealer just post THAT? http://t.co/sI0VavxmUW,140,1,0,1,1,1,1,503,3
41,2014-10-23,525342736321613824,@numbernerd @jftsisters Expected from big pharma &amp; politcians they own. I'd jail them &amp; disburse 100% of their wealth to children &amp; families,152,8,1,0,0,2,0,503,2
42,2014-10-23,525417359507750912,@American_Bridge @MittRomney I am 4th #AzGov cand. Min Wage must keep up w/inflation BUT its(was) for transition jobs http://t.co/QwwIJtsO25,140,0,1,1,0,2,1,503,3
43,2014-10-23,525414794179133440, .@johnlewismealer http://t.co/nGkdEl7Gwi by @HealthyNews2day 10 &amp; 12 Year Old Sisters Seized from Family by Hospital in Pho,128,12,0,1,1,3,0,503,5
44,2014-10-23,525414675383861248,@jftsisters I want you to have your daughters back. It rips me apart being on sidelines when I could technically fix this with one signature,140,9,6,0,0,1,0,503,1
45,2014-10-23,525413998830026752,@jftsisters @numbernerd Let's end legal kidnapping. I'm the only #AzGov candidate who publicly speaks against it. This fight can be won 11/4,140,13,5,1,0,2,0,503,3
46,2014-10-23,525413064485908480,@numbernerd @jftsisters We need to get these &amp; other children in the same situation HOME &amp; newCPS punished.  http://t.co/A0axXCSknM #azgov,146,13,5,1,1,2,0,503,4
47,2014-10-23,525412234483486720,@numbernerd @jftsisters I think we should simply go &amp; grab them and return them home. In office? It's far easier for everyone &amp; badppl pay $,148,8,2,0,0,2,0,503,2
48,2014-10-23,525411393995300866,@BI_contributors @MoneyWeek Slow down in China could be good for investors? It's anti-American to invest in foreign countries anyway. #azgov,140,0,0,1,0,2,0,503,3
49,2014-10-23,525342869046198272, @larryelder @JoeNYLaw That would be the anti-party candidate @johnlewismealer  http://t.co/taMf64HxGJ http://t.co/1gHmhHXpJp,125,3,0,0,1,4,1,503,5
50,2014-10-24,525765865963126784,There are far too many children and older adults stolen from homes and place in Gov't homes to suffer/die. #JLMEALER will remedy that #azgov,140,4,0,2,0,0,0,503,2
51,2014-10-24,525452672951140352,@numbernerd @jftsisters Rally by telling everyone. Media is mute on this because parties own them. Let's try anyway. Social Media! Thanks.,138,8,5,0,0,2,0,503,2
52,2014-10-24,525470674169921536, @johnlewismealer @numbernerd @jftsisters THANK YOU JL for STANDING UP! We want all children to be SAFE! Those in good homes,124,9,0,0,0,4,0,503,4
53,2014-10-24,525506433396506624, .@johnlewismealer Justina Pelletier II Save the others! How will U respond? http://t.co/MpXn4dQaE9 @jftsisters #Miracle42S ,124,9,0,1,1,3,0,503,5
54,2014-10-24,525507370471149568,"@jftsisters Easy fix w/me as #AzGov If not, we'll do it by force. MANY children &amp; adults stolen away by CPS/APS http://t.co/dtSEl6aL91",138,7,1,1,0,1,1,503,2
55,2014-10-24,525511523188613120,@jftsisters Close friend had his son stolen by CPS. MY DAD was kidnapped and murdered in same situation. 1st Death by Aff Care Act.,131,8,0,0,0,1,0,503,1
56,2014-10-24,525758266924879872,@LeslieMarshall #marysvilleshooting #p2 IF you're trying to say the jealous boyfriend was able to buy a gun legally. He was too young,133,0,0,2,0,1,0,503,3
57,2014-10-24,525758580218417152,"@LeslieMarshall #maryvilleshooting Besides, 2ndd Amendment has nothing to do with voting. I guess voting can be infringed, gun ownership NOT",140,0,0,1,0,1,0,503,2
58,2014-10-24,525759449265614848,"@KegParty5 In two, McCain's seat is up for grabs, but D's &amp; R's will be all over it in huge battle. Why Not? I'll bury Clintons2000HHSPolicy",144,0,0,0,0,1,0,503,1
59,2014-10-24,525760187639296000,@JohnLewisMealer for #AzGov has last minute $ needs for TV commercial &amp; event gas/travel. http://t.co/HqVmsPiBY4 Every $ helps if U back me,143,0,0,1,1,1,0,503,3
60,2014-10-24,525765363079065600,@johnlewismealer plans to block #illegalimmigrants from Welfare with workfare program for all Az's #MillionJobs #tcot http://t.co/MtJbCpBjir,140,0,0,3,1,1,0,503,5
61,2014-10-26,526185287064748032,"@dirktalk @LeslieMarshall Only constitutional answers are to arm guards, teachers, schools... Or status quo. #justthefacts",122,0,0,1,0,2,0,503,3
62,2014-10-28,526937541703114752,@MESSinAZ5 @TeriFrost The games they play with elections is criminal.,69,1,1,0,0,2,0,503,2
63,2014-10-28,526924349220356097," @johnlewismealer My parents and their PVEL friends in Concho, St. John and Show Low VOTED JOHN MEALER FOR GOVERNOR http://t.",125,1,0,0,0,2,1,503,2
64,2014-10-28,526924426798190592, .@johnlewismealer Thank you! UMBRELLA MARCH4ppl #UnjustlyTaken 10/28 6:30pm-@ Red Civic Forum- W. Elliot Rd 85233 AZ #Mir,122,4,0,2,0,2,0,503,4
65,2014-10-28,526933597102804993, Oral! ShowLows get to vote holmes. @TeriFrost @johnlewismealer,63,1,0,0,0,3,0,503,3
66,2014-10-28,526939999342985217,@MESSinAZ5 @TeriFrost The overrides are usually completely criminal. As law will not allow o/r to be used for students OR teachers.,131,1,1,0,0,2,0,503,2
67,2014-10-29,527332702262161408," ""If you want the answers, I've got the answers. Everyone has equal opportunity. "" @johnlewismealer #USGsparkingdemocracy",121,1,0,1,0,2,0,503,3
68,2014-10-29,527332459114143744, @MESSinAZ5 @johnlewismealer He'd be your best bet! http://t.co/6RPVL5iAsg,74,1,0,0,0,3,1,503,3
69,2014-10-29,527333161349681152,"""@USG_ASU: ""If you want the answers, I've got the answers. Everyone has equal opportunity. "" @johnlewismealer #USGsparkingdemocracy"" #azgov",139,0,0,2,0,2,0,503,4
70,2014-11-02,528870103275028480,@MyChildStolen @KegParty5 @numbernerd @jftsisters remember to vote for me Tuesday!,82,2,0,0,0,4,0,503,4
71,2014-11-02,528870675227107328,"""@whitephotograph: #vote for @johnlewismealer for #arizona #governor #supertuesday we want our #liberty back and we are not asking  #azgov",138,0,0,6,0,2,0,503,8
72,2014-11-03,529360285329793024,@jftsisters Id PERSONALLY bring 'em home DAYONE w/compensation4family! #JLMEALER #AzGov t #UnjustlyTaken #Miracle42S http://t.co/SPJo2ZwgKr,139,4,0,4,0,1,1,503,5
73,2014-11-03,529165915498500096,@KegParty5 @MyChildStolen @numbernerd @jftsisters #azgov I'm not into politics either. I just want 2 #fixAz,107,0,0,2,0,4,0,503,6
74,2014-11-03,529325941848551425,@MyChildStolen @KegParty5 @numbernerd @jftsisters CPS/human trafficking major prob. Mealer defends children&amp;Families #azgov Vote Mealer 2Day,144,0,0,1,0,4,0,503,5
75,2014-11-03,529326356157693952,"@MyChildStolen @numbernerd @KegParty5 @jftsisters Say NO to GOP &amp; Dems. #AzGov #JLMEALER http://t.co/KUY4MqHnE3 Solid plans, solid AZ future",144,0,0,2,1,4,0,503,7
76,2014-11-03,529332800034734080,@melissamdelaney @brahmresnik @dougducey I hope he will break cycle of Wash DC parties running Arizona. I Doubtful but I hope 4 it #JLMEALER,140,0,0,1,0,3,0,503,4
77,2014-11-03,529333763457941504,@brahmresnik @dougducey Add mobster @ChrisChristie into politics &amp; we fail. Arizona must run Arizona. Not DC Not Mob. http://t.co/KUY4MqHnE3,144,0,0,0,1,3,0,503,4
78,2014-11-03,529335235583148032,@yvonnewingett @FredDuVal @dougducey It turns out the undecideds are for #JLMEALER it appears I am winning http://t.co/KUY4MqHnE3 #AzGov,136,1,0,2,1,3,0,503,6
79,2014-11-03,529336020941410304,@jeremyduda @dougducey It appears @AnnDRomney has not looked at #JLMEALER for plans. Mine is viable when U want it. http://t.co/R3XrHvaL8R,138,1,0,1,1,3,0,503,5
80,2014-11-03,529340042968576001,@Turnner4Ducey Mrs. Romney hasn't looked at extremely solid plans from #JLMEALER as http://t.co/R3XrHvaL8R Ready 4 new Gov when needed.,135,0,0,1,1,1,0,503,3
81,2014-11-03,529340947470249984,"Party'd back party even if they're axe murderers! @yvonnewingett @RepGosar @JeffFlake @JohnMcCain ""@dougducey @FredDuVal @azcentral @AZGOV",138,0,0,0,0,8,0,503,8
82,2014-11-03,529359338973171715,#JLMEALER #AzGov #SuperTuesday Only One Vote Makes Sense. @AZPMnews @brahmresnik @azcpolitics @yvonnewingett http://t.co/4HcPsZJDP8,131,0,1,3,0,4,1,503,7
83,2014-11-04,529441483100016641,@KurtSchlichter @slone @townhallcom #agov in AZ Constitutionalist #JLMEALER must be the choice.  http://t.co/KUY4MqHnE3 vote supertuesday,137,0,0,2,1,3,0,503,6
