,date,tweet_id,tweet_text,tweet_length,retweet_count,favorite_count,hashtag_count,url_count,user_mentions,media_count,follower_count,total_entities
0,2014-10-06,519240498549370882,Gov. #Kitzhaber announced #Oregon requires access to all FDA approved birth control http://t.co/XEuud9ozcd #StandWithWomen #HobbyLobby,134,2,2,4,1,0,0,1834,5
1,2014-10-08,519647754948063233,"Watch our latest commercial, highlighting steps the Governor has taken to create an #Oregon that works for all of us. http://t.co/Lo9fnB5Zf5",140,3,0,1,1,0,0,1834,2
2,2014-10-08,519978196750446592,"In 1 week, ballots will be in the mail and many Oregonians will soon cast their votes. We need your help to #GOTV: http://t.co/cjyrKYKkyl",137,3,2,1,1,0,0,1834,2
3,2014-10-12,521378123821383680,".@Salem_Statesman endorsed Gov. Kitzhaber today, noting his 'collaborative and pragmatic' governing style: http://t.co/w9VpK0B2fQ #ORpol",136,4,0,1,1,1,0,1834,3
4,2014-10-13,521810563429449728,"The Eugene @registerguard has endorsed Governor #Kitzhaber, noting his ""proven leadership skills"". http://t.co/27WaS5I0o5 #ORpol #ORgov",135,0,0,3,1,1,0,1834,5
5,2014-10-14,522090429802504192,Oregonians from every county are endorsing Governor #Kitzhaber. You can too: http://t.co/TFp4lRPBbS #ORpol #ORgov,113,1,0,3,1,0,0,1834,4
6,2014-10-14,521813784927563776,Are you + your family registered to vote? Deadline to register/update info is tomorrow 10/14! http://t.co/dNm0oRhdEu http://t.co/fF3YDzx3F4,139,0,2,0,1,0,1,1834,1
7,2014-10-14,521826770408849409,".@Lagrandenews has endorsed Governor Kitzhaber as ""the most qualified individual to lead the state into the future."" http://t.co/8mi7OMH12z",139,2,0,0,1,1,0,1834,2
8,2014-10-14,522141978440384512,".@enviroregon endorsed Governor #Kitzhaber today, calling him ""a champion for Oregon's environment"" http://t.co/ZcsxHERHDU #ORpol",129,1,0,2,1,1,0,1834,4
9,2014-10-15,522523160978014208,Ballots are in the mail! Oregonians will soon cast votes and we need your help now to #GOTV. Join our team: http://t.co/cjyrKYKkyl #ORpol,137,0,2,2,1,0,0,1834,3
10,2014-10-17,523157799467905024,"Voting is underway and #Oregon needs a #Governor who stands up for all of us, show your support by sharing this image http://t.co/geiuWGxD1b",140,4,3,2,0,0,1,1834,2
11,2014-10-17,523202619318095872,The Natl #WomensHealth Network this wk praised Gov Kitzhaber's actions to require #Oregon insurers to cover all birth control. #ORpol #ORgov,140,4,2,4,0,0,0,1834,4
12,2014-10-19,523939795723382784,Governor #Kitzhaber was in #Corvallis this morning to stump for @repsaragelser. http://t.co/Q3EHMu93sj #GOTV #ORpol http://t.co/8t71UFYgoZ,138,6,1,4,1,1,1,1834,6
13,2014-10-20,524341160597520384,15 days til #Election2014! Gov Kitzhaber was in #Roseburg today meeting w volunteers to #GOTV http://t.co/Xux4e9f1Ga http://t.co/Yi0Jk5ZEgh,139,0,1,3,1,0,1,1834,4
14,2014-10-20,523987144357203968,The #Govenor was in #Eugene today to meet w the League of Women Voters and to thank volunteers @ the Dem. Party #GOTV http://t.co/0n3JQlbKXY,140,0,0,3,0,0,1,1834,3
15,2014-10-20,524272561505308672,".@girlsHBO's @lenadunham was in #PDX last night, urged audience at her book reading to vote for Gov #Kitzhaber http://t.co/13KIWKGDf8 #ORpol",140,1,1,3,1,2,0,1834,6
16,2014-10-21,524694831763714048,Educators across OR support @Kitzforgov. Watch+hear why @AFTOregon member Cennie Moore-Fisher's voting 4 the Governor http://t.co/nsuuGMFLJo,140,0,0,0,1,2,0,1834,3
17,2014-10-21,524352368679616512,Governor #Kitzhaber visited @SOUAshland students and the @Ashlandchamber1 today. #ORpol #ORgov http://t.co/7u6XOPxetD,117,1,0,3,0,2,1,1834,5
18,2014-10-21,524355594539782144,Don't miss tonight's final Gubernatorial debate with @KOBITV in #Medford. Livestream begins at 7pm: http://t.co/wY1K34zHhe #ORGovDebate,135,0,0,2,1,1,0,1834,4
19,2014-10-21,524682945055817728,"#Election2014 is in 2 wks! Have you voted? @OregonSoS's website has ballot drop locations, voters' pamphlets + more: http://t.co/CnA5UKmbX5",139,0,0,1,1,1,0,1834,3
20,2014-10-22,524977461788831746,"New #Poll from @KATUnews/@surveyusa : Gov. #Kitzhaber leads among all age groups, up 13 pts overall: http://t.co/VFUokDnZFM #ORgov #ORpol",137,4,1,4,1,2,0,1834,7
21,2014-10-23,525077265177014272,Gov. Kitzhaber met w leaders of @AdelanteMujeres in #ForestGrove today + toured the Virginia Garcia Cornelius Clinic. http://t.co/iwQtXqfotg,140,5,3,1,0,1,1,1834,2
22,2014-10-23,525379109111996418,Only 12 days until #Election2014! The Governor worked w volunteers at campaign offices today to #GOTV. #ORpol #ORgov http://t.co/bhOXMd5Zo0,139,3,1,4,0,0,1,1834,4
23,2014-10-24,525712142977093632,"1997: Gov #Kitzhaber pioneered the OR Salmon Plan. Today, wild #salmon are returning to our watersheds http://t.co/XCNM3RnhQF @enviroregon",138,1,3,2,1,1,0,1834,4
24,2014-10-24,525439341393625091,Gov Kitzhaber has fought for #Oregon values for decades. Will you stand up +support him today? http://t.co/otC8BfUm2W http://t.co/k17abySSiv,140,1,1,1,1,0,1,1834,2
25,2014-10-27,526806911249678336,"The Governor's #healthcare reforms have increased access to care. Today 95% of Oregonians are insured, many for the 1st time. #ORpol #ORgov",139,2,3,3,0,0,0,1834,3
26,2014-10-28,527246237351690241,Oregonians are rallying behind Gov Kitzhaber as best prepared to lead our state. Donate today: http://t.co/ELwEp4Vb9r http://t.co/pi6fYeH4Pr,140,1,1,0,2,0,0,1834,2
27,2014-10-28,526889237124087808,BIG praise from NARAL @prochoiceoregon for Gov #Kitzhaber's actions to protect access to birth control: http://t.co/2nDKU6xqY8 #ORpol #ORgov,140,3,2,3,1,1,0,1834,5
28,2014-10-28,527157152230567938,1 wk until #Election2014 + we need your help to #GOTV! See if your friends/family voted +remind them to cast a ballot http://t.co/q7Cs2SAptr,140,2,2,2,1,0,0,1834,3
29,2014-10-28,527222117822001153,Gov Kitzhaber stands up for the environment +understands that OR's natural beauty =important economic resource http://t.co/uxLBh2kQ74 #ORpol,140,3,1,1,1,0,0,1834,2
30,2014-10-29,527559271983362048,Great praise for Governor Kitzhaber from @workconnectsOR. #ORpol #ORgov http://t.co/uMgupub5Ir,94,3,1,2,0,1,1,1834,3
31,2014-10-29,527588935456022528,.@PPAdvocatesOR + @prochoiceoregon agree: Gov Kitzhaber = champion for women. See why they support @Kitzforgov http://t.co/qU0YOqa7vn #ORpol,140,6,6,1,1,3,0,1834,5
32,2014-10-30,527921698754936832,"Gov Kitzhaber has been an ally of Oregon's #LGBT community for decades. @HRC prez this week: Governor a ""champion for our community"". #ORpol",140,6,3,2,0,1,0,1834,3
33,2014-10-30,527888549082062848, The differences between @GovKitz &amp; @DRichardsonOR couldn't be more clear. Plz remind your friends every vote matters! ht,125,4,0,0,0,3,1,1834,3
34,2014-10-30,527966490448777216, Check out OLCV's Doug Moore in @blueoregon on why @GovKitz is the right choice for OR's environment http://t.co/useE2wTsBS,123,2,0,0,1,3,0,1834,4
35,2014-10-31,527983429388750848,Watch our latest ad on the stark choice between the Governor + @DRichardsonOR http://t.co/mWliqrRSL2 + Help us #GOTV! http://t.co/cjyrKYKkyl,140,2,1,1,2,1,0,1834,4
36,2014-10-31,528299606367404033,"Across OR, people are canvassing, making calls +helping others turn in ballots. Join us +#GOTV http://t.co/cjyrKYKkyl http://t.co/pgfSDv7eXA",140,3,2,1,1,0,1,1834,2
37,2014-11-01,528654734098722818,Watch our latest commercial and see why Governor #Kitzhaber loves #Oregon. http://t.co/ZbxXUV6zBE #ORpol #ORgov,111,3,0,4,1,0,0,1834,5
38,2014-11-01,528343904253263872,Gov Kitzhaber has fought to ensure that health plans in Oregon cover all fed-approved birth control w/o copays #ORpol http://t.co/0rmg0niwuV,140,3,2,1,0,0,1,1834,1
39,2014-11-01,528602204836741120,"Just 3 days until #Election2014. Can you join us to make calls, canvass +help ppl turn in their ballots? http://t.co/Xux4e9f1Ga #GOTV #ORpol",140,1,0,3,1,0,0,1834,4
40,2014-11-03,529359982500655104,Only 1 day until #Election2014! Use this tool to see if family/friends have voted yet + send them a reminder: http://t.co/q7Cs2SAptr #ORpol,139,3,1,2,1,0,0,1834,3
41,2014-11-04,529442529872052224,Watch this video of Governor #Kitzhaber sharing his vision for building a better future for all of us. http://t.co/Mea2i8IkQY #ORpol #ORgov,139,5,2,3,1,0,0,1834,4
42,2014-11-04,529701169765969920,#Election2014 is here! Find your ballot box http://t.co/sGW03E8nr9 +Join us tonight in PDX for a victory party http://t.co/QYKta7OM6g #ORpol,140,3,1,2,2,0,0,1834,4
