,date,tweet_id,tweet_text,tweet_length,retweet_count,favorite_count,hashtag_count,url_count,user_mentions,media_count,follower_count,total_entities
0,2014-10-06,518919418043056128,#LRPride Great day for a celebration. #Argov http://t.co/u22rzlMkd3,67,0,0,2,0,0,1,78,2
1,2014-10-08,519930069461270529,@kerrimargrave  I'll be through going to the AETN debate on Thursday and likely Monday also. Call my office to discuss. 5013211300,130,0,0,0,0,1,0,78,1
2,2014-10-08,519650085261426688,Asa supports constitution for unlimited campaign money but ignores constitution as to equal protection and marriage equality #argovdebate,137,4,4,1,0,0,0,78,1
3,2014-10-13,521738222687117312," #AETNDebates #ARSen w/ @RepTomCotton, @LaFrance4Senate, @SenMarkPryor and #MarkSwaney is now live! Join us at: http://t.co/EMH1pJ",130,4,0,3,1,3,0,78,7
4,2014-10-13,521764433081536513, Want to watch the #AETNDebates live and in person? All debates are free and open to the public. Find full details at: http://t.co,130,3,0,1,1,1,0,78,3
5,2014-10-13,521758062885888000,Mark Pryor has done a better job in this debate than he has in the Senate. He might pull out this election. #ARSen,114,0,0,1,0,0,0,78,1
6,2014-10-13,521755954639945728,#ARSen  All candidates in the debate means better discussion and more viewpoints. Democracy wins.  Why are other media excluding candidates?,140,2,3,1,0,0,0,78,1
7,2014-10-13,521754456723951617," Mark Swaney: ""I think we need a tax on Wall Street, we need to restore revenue to the government."" #arpx #arsen",112,1,0,2,0,1,0,78,3
8,2014-10-13,521753220415123456,"#arsen  Pryor just explained why he is really a Republican. Voted against gun control, opposes Obama's progressive policies. #votegeen",134,1,2,2,0,0,0,78,2
9,2014-10-13,521752740326682624," Mark Swaney: ""I want to see minimum wage increase to a living wage."" #arpx #arsen",82,3,0,2,0,1,0,78,3
10,2014-10-13,521752588664852480,Finally Swaney hits a home run while Pryor and Cotton snipe about Obama. #arsen,79,0,1,1,0,0,0,78,1
11,2014-10-13,521751910454288385,#arsen There is no such thing as clean coal.,44,0,0,1,0,0,0,78,1
12,2014-10-13,521751190200012800," Mark Swaney: ""The Affordable Care Act is better than nothing, it's a step in the right direction."" #arpx #arsen",112,1,0,2,0,1,0,78,3
13,2014-10-13,521750969424433152,"#arsen  Someone show Tom Cotton a real ""disaster""! Working people having healthcare is a human right.  A ""Disaster"" is the lives lost in war",140,1,0,1,0,0,0,78,1
14,2014-10-13,521749104267780097,@ArkansasBlog: Green candidate on Cotton's criticism of farm and food stamp bill: They love their ideology more than human beings. Swaney!,138,1,1,0,0,1,0,78,1
15,2014-10-13,521747924871421955," If your debate drinking game involves a shot every time Tom Cotton says Obama, you were dead 15 minutes ago. #arsen #arpx",122,19,0,2,0,1,0,78,3
16,2014-10-13,521747503662641152,#arsen Cotton's foreign policy is to have the whole world  afraid of us because of how tough and deadly we are. Everyone loves a bully?,135,0,1,1,0,0,0,78,1
17,2014-10-13,521746402880131072,#arsen Cotton has never seen a war he didn't like!,50,0,0,1,0,0,0,78,1
18,2014-10-13,521744535450161152,#arsen Cotton's foreign policy is to kill everyone who wants to do us harm. Endless war. Endless death. Everyone blind.,119,1,1,1,0,0,0,78,1
19,2014-10-13,521742802024009729,"#ARSen  you would think Tom Cotton has something to say other than Obama, Obama, Obama.",87,0,1,1,0,0,0,78,1
20,2014-10-13,521737153168936960, #ARSen Debate: @tomcottonAR  @PryorForSenate and others  LIVE at 3pm ET C-SPAN http://t.co/F6mKkgIEtn http://t.co/nG7NNn6qxM,125,18,0,1,1,3,1,78,5
21,2014-10-13,521735127416594433,"Green Mark Swaney debating Pryor and Cotton. Live on CSpan @2 and @ 8 pm tonight on AETN, public television #arsenate http://t.co/4uDXIq9EGa",140,0,0,1,0,1,1,78,2
22,2014-10-14,522125927493697536,@4029Angela @4029news It's not a debate when half the candidates are excluded  It's an illegal campaign commercial kickback from the network,140,0,0,0,0,2,0,78,2
23,2014-10-14,522124686214565888,#ARSenDebate #ARSen It's not a debate when half the candidates are excluded.  It's an illegal campaign commercial kickback from the networks,140,0,1,2,0,0,0,78,2
24,2014-10-15,522182132719157248,"At NLR campaign event, Sec of State Martin just claimed he is most popular Republican in the state will win by biggest margin. Lol",130,0,0,0,0,0,0,78,0
25,2014-10-16,522590310342221824,"We need more tax brackets in AR.  I propose we lower taxes on all incomes under $85,000.  I DO NOT think taxes should be raised on under 85k",140,1,1,0,0,0,0,78,0
26,2014-10-16,522815873061359617," Join us and candidates @Drake4Governor, @GilbertForGov, @AsaHutchinson and @MikeRossUpdates for the live stream at http://t.co/PY",130,1,0,0,1,5,0,78,6
27,2014-10-16,522618584137084928,@AsaHutchinson As a fellow attorney I'm shocked you disagree with every member of the Arkansas Supreme Court and oppose the AR Constitution,139,1,0,0,0,1,0,78,1
28,2014-10-16,522595782885515266,@THV11 @solorzanoastrid I was misunderstood in my interview. I called on more tax brackets and higher taxes on wealthy not those earning 35k,140,0,0,0,0,2,0,78,2
29,2014-10-17,522919728114049024," Drake pulling out the fan might seem out of left field. He's referencing the #FLGovDebate last night. #AETNDebates 
http:",122,1,0,2,1,1,0,78,4
30,2014-10-17,523146959738396672,I won yesterday because I spent 90 min debating the issues with the next Gov. without paying a dime to his campaign. Who else can say that?,139,0,1,0,0,0,0,78,0
31,2014-10-17,523168723885391872,@johnbrummett voters were forced to choose between Asa and Ross but in the election they have 4 choices!  #junkscience #ARGov,125,0,1,2,0,1,0,78,3
32,2014-10-17,523168274478276608,@AustinKellerman voters forced to choose between Asa and Ross by the question!  1% still said NEITHER! 4 people on the ballot. #junkscience,139,1,1,1,0,1,0,78,2
33,2014-10-17,523169550804987904,I'm concerned for our Democracy when so-called professional journalists report blatantly false and misleading polls as fact to the public.,138,1,3,0,0,0,0,78,0
34,2014-10-17,523169169928642560,Don't believe junk polls that force voters to choose between Dem and Republican where there are 4 people and parties on the actual ballot!,138,2,3,0,0,0,0,78,0
35,2014-10-30,527918196071084035,The new UA poll is glaringly deficient by it's failure to include Green &amp; Libertarian candidates in the questions #ARGov #arsen #ARGreen,140,0,1,3,0,0,0,78,3
36,2014-10-31,528236492749934594,A third and fourth way http://t.co/1T3IPDaP7l voters should have options to vote for candidates who actually represent their views. #ARGov,138,3,2,1,1,0,0,78,2
37,2014-11-01,528397384598835200,Some very rich and very powerful people are positioning Tom Cotton to the next Vice Presidential nominee. Be aware and be afraid.,129,0,0,0,0,0,0,78,0
38,2014-11-04,529447048701943808,Most experts &amp; polls agree Ross can't beat Hutchinson. Don't waste your vote on him. Vote for change.  Vote your beliefs. Vote Green. #ARGOV,144,0,1,1,0,0,0,78,1
39,2014-11-04,529444408333049856,@focusgood @ModerateKS @bswillhite @cearlwriting   Insanity= doing same thing over and over and expecting different result.,123,1,2,0,0,4,0,78,4
40,2014-11-04,529639859971829760,@THV11 you lied to kids the way the pollsters lied to voters.  4 people on the ballot not two. Young people largely support the Green Party.,140,0,0,0,0,1,0,78,1
41,2014-11-04,529512402228756480,Vote Green. http://t.co/4HKhco2Min,34,0,0,0,0,0,1,78,0
