,date,tweet_id,tweet_text,tweet_length,retweet_count,favorite_count,hashtag_count,url_count,user_mentions,media_count,follower_count,total_entities
0,2014-10-07,519584934894129154, Mayor @kevin_faulconer calls for mandatory water conservation measures. Here's the fact sheet. http://t.co/5EnxTczv53,118,3,0,0,1,2,0,9045,3
1,2014-10-07,519588030521171968,Today I called on the City Council to enact mandatory water conservation measures in response to the drought. http://t.co/0Zy11vySAW,132,11,3,0,1,0,0,9045,1
2,2014-10-07,519635482989182977,Tomorrow @KomenSanDiego and I will light the Serra Museum to launch our #SeePinkSeeSD campaign in support of those affected by breast cancer,140,0,1,1,0,1,0,9045,2
3,2014-10-07,519546168796119041,"Last night, @SherriLightner and I discussed emergency response times, street repair and infrastructure issues in UC. http://t.co/Ji88eh5qAn",139,1,1,0,0,1,1,9045,1
4,2014-10-09,520269838246100994,I just finished meeting w/ Justin Kuhel of @MarchAcrossUSA. Please help him with his noble cause &amp; donate today #MAA http://t.co/yAxSAomvq2,143,4,8,1,0,1,1,9045,2
5,2014-10-09,520290748680654848,"Today I am happy to announce the City's ""Waste No Water"" app, which allows users to report water waste immediately: https://t.co/ZNV7e2K5v7",139,11,3,0,1,0,0,9045,1
6,2014-10-09,520332574825005057,Did you know there are a ton of #KidsFreeSD promotions throughout October? Check them out: http://t.co/1ISJhgqlSM,113,8,5,1,1,0,0,9045,2
7,2014-10-09,520342346940960768," PHOTO: #KidsFreeSD press conference @iheartncm today with Mayor @Kevin_Faulconer, Joe Terzi, Kerri Fox, Theresa Kosen http",123,1,0,1,1,3,0,9045,5
8,2014-10-10,520699400104845312,I was proud to stand w/ my wife &amp; @KomenSanDiego &amp; brave breast cancer survivors to light up the Serra Museum in pink http://t.co/kxqlOuS0Wd,148,1,8,0,1,1,0,9045,2
9,2014-10-13,521716089579790337,"There's a new website with all the details on the 2015 Balboa Park Centennial. Go to http://t.co/1G3Ermyqor and click on ""2015 Celebration.""",140,3,7,0,1,0,0,9045,1
10,2014-10-13,521707504690937856,"The 2015 Balboa Park Centennial will elevate, celebrate and promote BP in 2015 and beyond. Check out our plans: http://t.co/fH4i4IH3Sx",134,7,3,0,1,0,0,9045,1
11,2014-10-14,522135350601199617,"Presented 3 Kevin Stark Scholarship Awards at #Jobtoberfest, the largest job fair for people with disabilities in SD. http://t.co/nEHtacAOSB",140,5,4,1,0,0,1,9045,1
12,2014-10-15,522536743283613696,"Word is getting out. SD's tech, talent &amp; innovation will be featured in the @NatGeo World Smart Cities Documentary: http://t.co/UccYONsj4R",142,18,8,0,1,1,0,9045,2
13,2014-10-17,523228618198355968,"Kicked off #TijuanaInnovadora, which shows that the San Diego-Tijuana mega-region is a global leader in innovation. http://t.co/mXrzxCdckg",138,12,12,1,0,0,1,9045,1
14,2014-10-19,523983245243719680, Good morning from CAF triathlon. @kevin_faulconer and I watching start of the swim before our bike start. #inspired htt,120,10,0,1,0,2,1,9045,3
15,2014-10-20,523995283521150976,".@chiefzimmerman &amp; I joined hundreds to support @CAFoundation.Inspiring org creating opportunities for kids,vets&amp;more http://t.co/bnhMUaW6q6",148,5,12,0,0,2,1,9045,2
16,2014-10-21,524623537311469569,"Congrats to @fightblindness for raising over $140,000 at #VisionWalk. Big thanks to @SDSU &amp; @UCSanDiego volunteers! http://t.co/eVOvIDCCZ5",142,1,5,1,0,3,1,9045,4
17,2014-10-21,524643678661246976,San Diego begins mandatory water use restrictions on Nov. 1. SD has been conserving but we still need your help: http://t.co/p5Kx829ava,135,11,6,0,1,0,0,9045,1
18,2014-10-21,524361218065059840,Happy to join local community leaders in celebrating the 90th anniversary of the San Ysidro Branch Library. http://t.co/yyTg4XS3PI,130,3,6,0,0,0,1,9045,0
19,2014-10-23,525378459422707712,Joined Mayor @DocAstiazaran to discuss how SD and Tijuana are working together to bolster our innovation economy. http://t.co/B7yrs3ZloM,136,4,11,0,0,1,1,9045,1
20,2014-10-27,526869466693382144,"Heartwarming experience renaming Skyview Park and honoring Officer Wilson, who served w/ the @SDPD for 17 years. http://t.co/GJopLQpAzn",135,4,9,0,0,1,1,9045,1
21,2014-10-28,526889791338475520,This weekend I joined @SurfriderSD to add 32 new ash cans as part of their Hold Onto Your Butt Campaign. #CleanSD http://t.co/R6GgeSfRpc,136,5,8,1,0,1,1,9045,2
22,2014-10-28,527195602770472961,"As a father of 2 in public school, I'm proud to endorse @MarshallTuck. He's the proven school reformer we need in Sac http://t.co/kQLt4dxZJO",140,7,11,0,0,1,1,9045,1
23,2014-10-28,527233851647463424,Congratulations 76th Fire Recruit! Thank you @SDFD for bravely answering the call to put others before yourselves. http://t.co/gbVjX7sqDj,137,5,5,0,0,1,1,9045,1
24,2014-10-29,527573442909184000,Thank you @IrvineFdn for $1Million to expand free Balboa Park wifi and elevate BP for the 2015 Centennial and beyond! http://t.co/QFrngVPZZQ,140,9,13,0,0,1,1,9045,1
25,2014-10-29,527515933066399745,"Joining @JerryBrownGov @toniatkins to support Props 1 &amp; 2, a bipartisan solution to boost CA's water and finances http://t.co/OzDVXecyPX",140,6,4,0,0,2,1,9045,2
26,2014-11-01,528578637209948160,Drought Alert and new water rules start today. Water lawns only 3x a week. Follow @SDWasteNoWater for info. Let's all do our part San Diego.,140,11,7,0,0,1,0,9045,1
27,2014-11-04,529730103409119232,Haven't voted yet? There's still time. Your mayor wants to hear your voice. Find your polling place at http://t.co/6caa2LRFx0 #SDvote,133,4,4,1,1,0,0,9045,2
