,date,tweet_id,tweet_text,tweet_length,retweet_count,favorite_count,hashtag_count,url_count,user_mentions,media_count,follower_count,total_entities
0,2014-10-09,520191695758323713,"With Gov. Hassan, ""thoughtful and smart leadership meets dogged fiscal responsibility"" - Gail Mitchell http://t.co/C6XlG7W7Ml #nhpolitics",137,3,3,1,1,0,0,4136,2
1,2014-10-11,521061688431628288,Perfect fall day at the Sandwich fair! #nhpolitics http://t.co/lqbeHM1HOO,73,10,5,1,0,0,1,4136,1
2,2014-10-13,521454036437188608,Governor Hassan the clear choice on the economy at RiverWoods debate http://t.co/aukjmKjvnX #nhpolitics #nhgov,110,5,3,2,1,0,0,4136,3
3,2014-10-13,521642348644933634,ICYMI: @NashuaTelegraph NH ranks first in nation for well-being http://t.co/91AZ9Xn0SK #nhpolitics,98,6,1,1,1,1,0,4136,3
4,2014-10-13,521656072793518080,NH Police Association endorses Gov. Hassan for her strong leadership on public safety http://t.co/IFYpEYmGU5 #nhpolitics #nhgov,127,23,6,2,1,0,0,4136,3
5,2014-10-13,521660837908717568,"""Gov. Hassan is the clear choice on public safety, and we are proud to endorse her for re-election - NHPA President John Yurcak #nhpolitics",139,6,2,1,0,0,0,4136,1
6,2014-10-14,522050182280929281,Gov Hassan highlights the clear choice on the economy this election at CommonPlaces in Manchester http://t.co/iGOKd6N3eU #nhpolitics #nhgov,139,3,2,2,1,0,0,4136,3
7,2014-10-14,522010072323751936,"ICYMI: @ConMonitorNews: ""N.H. Police Association again endorses Hassan"" http://t.co/oymTcMnrPv #nhpolitics #nhgov",113,4,2,2,1,1,0,4136,4
8,2014-10-15,522369402344587264,"""As a retired member, I am proud that the NH Troopers Association has endorsed Gov Hassans reelection"" http://t.co/kDOzOvcXAp #nhpolitics",137,5,2,1,1,0,0,4136,2
9,2014-10-16,522740055870550016,Thanks to everyone who came out to support Gov. Hassan before this morning's #nhgov debate! #nhpolitics http://t.co/IbBONE0fs0,126,5,5,2,0,0,1,4136,2
10,2014-10-16,522830603256082432,Gov Hassan highlighted the clear choice on expanding opportunity &amp; building a stronger workforce at NHTI http://t.co/zBMXSRSYPT #nhpolitics,143,1,1,1,1,0,0,4136,2
11,2014-10-16,522888290131664898,Packed house of fired up @nhdems ready to move #nhforward #NHJJ14 http://t.co/KCxPHaHYCK,88,8,7,2,0,1,1,4136,3
12,2014-10-17,522904139366678528,Governor Hassan rallies over a thousand supporters at tonight's Jefferson-Jackson Dinner #nhpolitics #NHJJ14 http://t.co/XiiB7za7Nk,131,4,0,2,0,0,1,4136,2
13,2014-10-17,522904292618158080,"We're here tonight because we are all united in a common purpose, to keep NH moving in the right direction -Gov Hassan #nhpolitics #NHJJ14",138,1,0,2,0,0,0,4136,2
14,2014-10-17,522904499795816448,"Together, we have put our state back on the right track, and we cant afford to go backward. #nhpolitics #NHJJ14",111,3,3,2,0,0,0,4136,2
15,2014-10-17,522905486111563777,"Gov gives a shoutout to JJ headliner @BillClinton: ""Hes been fighting for our families and economy for his entire life #nhpolitics #NHJJ14",138,2,0,2,0,1,0,4136,3
16,2014-10-17,522905745617321984,"If we want to keep NH moving in the right direction, were going to need to work hard over these final days. #nhpolitics #nhjj14",127,3,1,2,0,0,0,4136,2
17,2014-10-17,522905918024196096,We'll stand together to fight for the priorities that make our state strong because thats what we do. Thats NH. #nhpolitics #NHJJ14,131,5,2,2,0,0,0,4136,2
18,2014-10-17,522906421353259009,Gov Hassan introduces @JeanneShaheen - Jeanne Shaheen always puts NH first. #nhpolitics #NHJJ14 http://t.co/TNdNnATc7G,118,14,5,2,0,1,1,4136,3
19,2014-10-17,523088412950417408,Gov Hassan speaks to the Greater Salem Rotary Club &amp; highlights the clear choice on the economy #nhpolitics #nhgov http://t.co/rVB9nx3YFP,141,4,5,2,0,0,1,4136,2
20,2014-10-19,523907052654325760,Great weekend on the campaign trail! Visited Hometown Diner &amp; the VFW in Rindge &amp; Charlie's in Merrimack https://t.co/lEIWi3Pwzo #nhpolitics,148,3,3,1,1,0,0,4136,2
21,2014-10-19,523885984812134401,Thanks to the Southern NH Jewish Mens Club for hosting another great candidate forum! #nhpolitics http://t.co/Rd2jFdAZYU,120,4,5,1,0,0,1,4136,1
22,2014-10-20,524221687840395264,"Manchester Police Patrolman's Association: ""We are proud to endorse Gov. Hassan for re-election"" http://t.co/QLAJ8ccBTk #nhpolitics #nhgov",138,4,1,2,1,0,0,4136,3
23,2014-10-21,524600290184794112,Thanks to the Rotary Club of Concord for hosting Gov. Hassan to discuss the clear choice on the economy #nhpolitics http://t.co/iPFCJmcztY,138,1,2,1,0,0,1,4136,1
24,2014-10-21,524613456818098176,Thanks for having me on the show! RT @1055jyy: Nazzy &amp; Mya got a chance to hang with the governor in studio. http://t.co/YcBzLZyTcd,135,0,0,0,1,1,0,4136,2
25,2014-10-21,524663054420934656,Stopped by two great local businesses in Lebanon this afternoon - Omer &amp; Bob's Sportshop &amp; Salt Hill Pub #nhpolitics http://t.co/xy8veOTd25,147,1,1,1,0,0,1,4136,1
26,2014-10-22,525066329888268288,Gov Hassan: I'll keep working across party lines to solve NHs biggest challenges &amp; balance budget without a sales or income tax #nhpolitics,143,7,3,1,0,0,0,4136,1
27,2014-10-22,525071418787393536,"Gov Hassan working with fellow NE govs to bring more natural gas to region, diversify energy resources #nhpolitics #nhgov",121,2,1,2,0,0,0,4136,2
28,2014-10-22,525072366758797313,"Gov Hassan: unemployment is lowest it's been since '08, private sector created thousands of jobs last year but more work to do #nhpolitics",138,14,6,1,0,0,0,4136,1
29,2014-10-22,525045712560873473,Thanks to all who came out in the rain to show their support for Gov Hassan before the debate! #nhpolitics #NHForward http://t.co/wsz2bolcM2,140,7,3,2,0,0,1,4136,2
30,2014-10-23,525387761394532352,"LTE: ""Hassan's leadership &amp; effectiveness as our governor have been proven"" - Marcia Zahr, Bedford http://t.co/3Kq1yo745V #nhpolitics #nhgov",144,6,3,2,1,0,0,4136,3
31,2014-10-24,525454005645082624,Gov Hassan visited MaryAnn's Diner this morning to talk to voters about the clear choice on the economy https://t.co/3E8lQ0jxBL #nhpolitics,139,0,0,1,1,0,0,4136,2
32,2014-10-24,525604612553072640,Good morning Manchester! #viz #nhpolitics #NHForward http://t.co/4k331kmZxN,75,6,6,3,0,0,1,4136,3
33,2014-10-24,525614168238735361,Thanks to everyone for coming out to support Gov Hassan before the debate! #nhpolitics #NHForward http://t.co/8TM5AAW2mU,120,3,0,2,0,0,1,4136,2
34,2014-10-24,525645290314170369,"""Governor Hassan has done the right thing for our children"" - Scott Marion, Rye http://t.co/zfcMDTV5rh #nhpolitics #nhgov",121,4,1,2,1,0,0,4136,3
35,2014-10-24,525655986598846464,"""It is important that we get out and vote to keep Maggie Hassan as our Governor"" - Floyd Inman, Bedford http://t.co/QqujR34fGh #nhpolitics",138,2,0,1,1,0,0,4136,2
36,2014-10-24,525663741145522176,NH Home Builders Association endorses Gov Hassan for her record of delivering for small businesses http://t.co/063iXSz9h6 #nhpolitics #nhgov,140,5,2,2,1,0,0,4136,3
37,2014-10-24,525693733044752385,".@sentinelsource endorsement: ""Maggie Hassan the choice for governor http://t.co/YiQRG04aHX #nhpolitics #nhgov",110,4,2,2,1,1,0,4136,4
38,2014-10-24,525731293934657536,"Letter: ""Governor Hassan is paving a road toward long-term economic success for New Hampshire"" http://t.co/33jOQqPxIG #nhpolitics #nhgov",136,4,3,2,1,0,0,4136,3
39,2014-10-25,526123161897947136,Governor Hassan greeted voters in Portsmouth on this beautiful afternoon #nhpolitics #nhgov http://t.co/4eJKgGMly6,114,3,5,2,0,0,1,4136,2
40,2014-10-25,526145427511705601,Great day on the trail! Gov Hassan stopped by Market Basket in Seabrook &amp; greeted voters in Portsmouth https://t.co/0EB54soQAP #nhpolitics,142,2,0,1,1,0,0,4136,2
41,2014-10-25,526064035239047169,Governor Hassan greeted customers and employees at Market Basket in Seabrook this morning #nhpolitics #nhgov http://t.co/T6YziCRJ5W,131,4,2,2,0,0,1,4136,2
42,2014-10-26,526390925489356801,Thanks to Temple Adath Yeshurun for hosting the debate this morning #nhpolitics #nhgov http://t.co/EbwlsWmrlO,109,2,4,2,0,0,1,4136,2
43,2014-10-26,526498228880310273,"Always great to stop by the Peterborough Diner where ""it's all good!"" #nhpolitics #nhgov http://t.co/alln0aa6Bq",111,5,7,2,0,0,1,4136,2
44,2014-10-26,526501293209440257,Gov Hassan also talked to voters at Toadstool Bookshop in Peterborough - a fantastic local bookstore! #nhpolitics http://t.co/9YwL3c0QWq,136,0,5,1,0,0,1,4136,1
45,2014-10-26,526509686145941504,Gov Hassan visited the @GSF2014 office in Claremont to thank the terrific vols who are moving #nhforward #nhpolitics http://t.co/Pg1JxxuDPE,139,6,5,2,0,1,1,4136,3
46,2014-10-26,526380574492340224,"""We love the Gov!"" - outside the Temple Adath Yeshurun debate #nhpolitics #nhgov #NHForward http://t.co/4mmeQSi1kr",114,3,1,3,0,0,1,4136,3
47,2014-10-27,526543161171386368, Hillary will be joining Jeanne Shaheen and Maggie Hassan. Sign up now to get info: http://t.co/v5JEZKtc7V #NHpolitics,118,3,2,1,1,1,0,4136,3
48,2014-10-27,526718179327090688,"""So I ask you [...] to vote for opportunity and for our future; I ask you to vote for Gov Maggie Hassan!"" http://t.co/a1VOaLoa4B #nhpolitics",140,6,4,1,1,0,0,4136,2
49,2014-10-27,526773056220721153,Thanks to @GovernorOMalley for joining Gov Hassan for a visit to Wellington's Marketplace in Concord! #nhpolitics http://t.co/a90icHx9yw,136,4,2,1,0,1,1,4136,2
50,2014-10-27,526774520531918848,Gov Hassan talked to voters at Live Juice &amp; the Works Bakery Cafe about the clear choice on the economy #nhpolitics http://t.co/Ys0B9czoOl,142,7,5,1,0,0,1,4136,1
51,2014-10-27,526823617402003457,Thanks to @GovernorMarkell for coming to talk to LRCC students about how much is at stake this election #nhpolitics http://t.co/CFux7GvCGK,138,5,2,1,0,1,1,4136,2
52,2014-10-27,526822606662823936,.@GovernorMarkell joined Gov Hassan for a tour of the advanced manufacturing training program at LRCC #nhpolitics http://t.co/UhWOgVk01y,136,3,1,1,0,1,1,4136,2
53,2014-10-28,527241685852782593,Gov. Hassan stopped by the @mwvchamber annual meeting in Bartlett this evening to greet voters #nhpolitics #nhgov http://t.co/H5636vWKyT,136,5,4,2,0,1,1,4136,3
54,2014-10-28,527124277662060544,"""I support Maggie Hassan for governor because she supports public education in NH"" - Gail Mitchell http://t.co/25phxkQbNQ #nhpolitics #nhgov",140,5,0,2,1,0,0,4136,3
55,2014-10-29,527435660500926464,"ICYMI: Portsmouth Herald, Concord Monitor &amp; Valley News endorse Governor Hassan for re-election http://t.co/RnhinAEZSI #nhpolitics #nhgov",141,12,3,2,1,0,0,4136,3
56,2014-10-29,527464768890998784,Concord Police Patrolmen's Association endorses Gov Hassan for her bipartisan leadership on public safety http://t.co/TKgXHaBeYD #nhpolitics,140,2,2,1,1,0,0,4136,2
57,2014-10-29,527581732074455040,Thanks to the incredible supporters who braved the rain to cheer on Gov Hassan before the debate! #nhpolitics #nhgov http://t.co/ZkJ9pyi1tL,139,12,10,2,0,0,1,4136,2
58,2014-10-29,527601803660369920,"Gov Hassan: our bipartisan innovation strategy froze in-state tuition at universities, cut tuition at community colleges #nhpolitics #nhgov",139,5,3,2,0,0,0,4136,2
59,2014-10-29,527606812099768320,Gov Hassan: proud we came together to pass fiscally responsible plan that's expanding health care to 50k Granite Staters #nhpolitics #nhgov,139,5,5,2,0,0,0,4136,2
60,2014-10-30,527876843656200192,"Gov Hassan toured Dalianis House in Nashua with Dr. Dalianis, chair of the ""Veterans for Hassan"" group #nhpolitics http://t.co/ItwMRx2KJI",137,8,5,1,0,0,1,4136,1
61,2014-10-30,527917115714859009,Plymouth loves the Gov! #nhpolitics http://t.co/o3sfNXoFgT,58,4,3,1,0,0,1,4136,1
62,2014-10-30,527951777187250176,Gov Hassan got to sample @SchillingBeer's finest pretzels &amp; beer in Littleton this afternoon #nhpolitics http://t.co/kFGC9yJwRQ,131,6,3,1,0,1,1,4136,2
63,2014-10-30,527953352785920000,Thanks to the incredible @GSF2014 Littleton volunteers for all of your work to move #nhforward http://t.co/kzo3SNIq1O,117,1,0,1,0,1,1,4136,2
64,2014-10-30,527839459459739648,Gov Hassan talked with Teamsters at UPS facility &amp; First Student in Nashua about the importance of GOTV #nhpolitics http://t.co/t3Ni9icLvc,142,3,2,1,0,0,1,4136,1
65,2014-10-31,528163950857170947,Thanks to everyone who was up early in North Conway to support the Gov before this morning's debate #nhpolitics http://t.co/ceguY1bv9O,134,6,5,1,0,0,1,4136,1
66,2014-10-31,528263208826851328,"Great GOTV kickoff event at @TrueBrewBarista with Gov Hassan, @ColinVanOstern &amp; @DanFeltesNH #nhpolitics http://t.co/YGCjwhM447",131,3,3,1,0,3,1,4136,4
67,2014-10-31,528276335085752320,Gov Hassan stopped by Market Basket #6 in Salem to talk to voters about the need to get out the vote! #nhpolitics http://t.co/IZZB5owSXX,136,2,1,1,0,0,1,4136,1
68,2014-10-31,528298587122597888,Governor Hassan stopped by @Tuscan_Kitchen in Salem to remind customers to vote on Tuesday! #nhpolitics http://t.co/bzh0TmGVRd,126,3,3,1,0,1,1,4136,2
69,2014-11-01,528539834751938560,Gov Hassan kicking off a canvass in Portsmouth with @Schriock1. Now let's knock some doors! #NHForward #nhpolitics http://t.co/uIRW2RbbAH,137,10,9,2,0,1,1,4136,3
70,2014-11-01,528540634630864897," Great turnout for the 9am GOTV canvass launch with @Maggie_Hassan, @TeamSheaPorter, and @Schriock1! http://t.co/j1BqXhWvcQ",123,6,0,0,0,4,1,4136,4
71,2014-11-01,528553989517115393,2nd stop of the day at Cafe on the Corner in Dover talking to voters about how much is at stake on Tues #nhpolitics http://t.co/SyPTiHtK4Q,138,5,5,1,0,0,1,4136,1
72,2014-11-01,528586754790805505,Nashua is ready to knock more doors! Gov Hassan kicking off a canvass with @Schriock1 #nhforward #nhpolitics http://t.co/jMzmP0YZgR,131,12,4,2,0,1,1,4136,3
73,2014-11-01,528666039035641856,Gov Hassan also stopped by Black Forest Cafe in Amherst earlier to remind customers to vote on Tuesday! #nhpolitics http://t.co/9VMlOQJX0U,138,2,1,1,0,0,1,4136,1
74,2014-11-01,528666913246052352,No walk down Elm St. is complete without a visit to Bridge Cafe! Gov Hassan greeted employees &amp; customers #nhpolitics http://t.co/K4GPB3zyss,144,0,2,1,0,0,1,4136,1
75,2014-11-01,528671472731295744,Thanks to @ChadHGriffin for helping fire up a room full of phone bankers in Manchester! #nhforward #nhpolitics http://t.co/fF7sHt2APJ,133,5,1,2,0,1,1,4136,3
76,2014-11-01,528680649109278720,Thanks again to @GovernorMarkell for visiting LRCC with Gov Hassan last week. Read all about it  http://t.co/3Y4gtA2hkY #nhpolitics,131,1,1,1,1,1,0,4136,3
77,2014-11-01,528681146683752449,Gov Hassan's packed day talking to voters on the trail continues at American Legion Post 79 in Manchester #nhpolitics http://t.co/VjMVIZj5JU,140,4,4,1,0,0,1,4136,1
78,2014-11-02,528896817908678656,".@EagleTrib: ""New Hampshire needs another two years of Hassan's leadership. Live free and move forward."" http://t.co/kzyXtbdaUs #nhpolitics",139,7,8,1,1,1,0,4136,3
79,2014-11-02,528921812827394048,Governor Hassan started the day talking to voters at Chez Vachon in Manchester #nhpolitics #NHForward http://t.co/cybH92mcnK,124,5,0,2,0,0,1,4136,2
80,2014-11-02,528923471246807040,"Next stop, Blake's in Manchester with @LouDallesandro #nhpolitics http://t.co/kmAwol0L4F",88,4,2,1,0,1,1,4136,2
81,2014-11-02,528943507936129024,Gov Hassan stopped by the Teamsters Local 633 regional meeting this morning in Manchester #nhpolitics http://t.co/xLRuZCoeI7,124,1,1,1,0,0,1,4136,1
82,2014-11-02,528972637696184322,"""Its wonderful to welcome back to New Hampshire, my friend, @HillaryClinton"" - Gov Hassan #nhpolitics http://t.co/3LemTGbngC",124,4,1,1,0,1,1,4136,2
83,2014-11-02,528973313465659395,"""@HillaryClinton is here to re-energize us in our final push to get out the vote"" - Gov Hassan #nhpolitics",106,0,1,1,0,1,0,4136,2
84,2014-11-02,528973386555600896,"""At Nashua Community College, and all the community colleges across our state, this fall, tuition is five percent less."" #nhpolitics",132,8,4,1,0,0,0,4136,1
85,2014-11-02,528974741907202048,"""@HillaryClinton has been inspiring women and men with her extraordinary leadership for her entire life"" #nhpolitics http://t.co/amPXeBLo3Q",139,9,4,1,0,1,1,4136,2
86,2014-11-02,528974957678956545,"""We need you to work harder than you ever worked before over the next two days because theres so much at stake"" - Gov Hassan #nhpolitics",136,4,0,1,0,0,0,4136,1
87,2014-11-03,529287279299547136,Gov Hassan starting the day at @nhiop Kids Voting Day talking about the importance of civic engagement #nhpolitics http://t.co/tFTwbSfhtQ,137,8,2,1,0,1,1,4136,2
88,2014-11-03,529303181621473281,"Stop number two, the Pink Cadillac in Rochester to remind customers to get out and vote tomorrow! #nhpolitics http://t.co/n6hXctzgWY",132,0,1,1,0,0,1,4136,1
89,2014-11-03,529309371835371520,Full Derry News endorsement  http://t.co/gDPTUu6EOu #nhpolitics #nhgov,70,3,2,2,1,0,0,4136,3
90,2014-11-03,529329871491973121,Gov Hassan stopped by to thank @UNHDems for all their hard work #GOTV #nhpolitics http://t.co/4h7faduzjH,104,11,11,2,0,1,1,4136,3
91,2014-11-03,529339227260321792,Gov Hassan made a quick stop at the @GSF2014 Exeter office to thank the   midday phone banking crew! #nhpolitics http://t.co/zyjWjwuWvY,135,7,6,1,0,1,1,4136,2
92,2014-11-03,529369691454976000,Another day another Market Basket! Gov Hassan reminded customers &amp; employees in Epping to vote tomorrow #nhpolitics http://t.co/G5zYiRgxqZ,142,5,5,1,0,0,1,4136,1
93,2014-11-03,529384953935826945,.@ChrisPappasNH &amp; Gov Hassan stopped by @macksapples in Londonderry to remind customers to vote tomorrow! #nhpolitics http://t.co/Eas9A4ObGT,144,6,3,1,0,2,1,4136,3
94,2014-11-03,529416489187962881,#TeamMaggie photo shoot at Pappy's Pizza in Manchester #nhpolitics http://t.co/e4ZH2WfkS2,89,7,2,2,0,0,1,4136,2
95,2014-11-03,529418898903662592,Manchester dinner tour continues with @LouDallesandro at Cotton #nhpolitics http://t.co/or5Qpg2RcF,98,3,5,1,0,1,1,4136,2
96,2014-11-04,529616036673642497,Gov Hassan voted with her family in Exeter. Find your polling place: http://t.co/Stdgq9xwrY #nhpolitics #NHForward http://t.co/KuEU9Ld3yi,137,11,5,2,1,0,1,4136,3
97,2014-11-04,529632000890900481,Gov Hassan just stopped by the Marston School in Hampton. Find your polling place: http://t.co/vaL6ttwpZD #nhpolitics http://t.co/Q1vBYKaaGB,140,9,3,1,1,0,1,4136,2
98,2014-11-04,529638401604325376,Get. Out. The. Vote! Gov Hassan greeting supporters at the polls in Portsmouth. http://t.co/vaL6ttwpZD #nhpolitics http://t.co/EaGW59N51q,137,15,5,1,1,0,1,4136,2
99,2014-11-04,529645567430107137,Voting is simple. Know your rights! Gov Hassan stopped by the polls in Durham #nhpolitics #nhforward http://t.co/1vLUdJDcQF,123,18,7,2,0,0,1,4136,2
100,2014-11-04,529687062723956736,Don't wait. Go vote! Gov Hassan stopped by Charlotte Ave Elementary in Nashua http://t.co/vaL6ttwpZD #nhpolitics http://t.co/csl11VDOB2,135,6,3,1,1,0,1,4136,2
101,2014-11-04,529696647828484096,"If you haven't voted, get off twitter &amp; vote! Gov Hassan visiting polls in Nashua http://t.co/vaL6ttwpZD #nhpolitics http://t.co/iFmaSYIh2w",143,11,7,1,1,0,1,4136,2
102,2014-11-04,529763739718152192,It's not too late! Find your polling place here and get to the polls! http://t.co/vaL6ttwpZD #nhpolitics http://t.co/UYHkTSAGv4,127,20,7,1,1,0,1,4136,2
103,2014-11-04,529615257933971456,Governor Hassan just voted - now you should too! Click here if you don't know where to vote: http://t.co/Stdgq9xwrY http://t.co/A0VTnX811b,138,6,2,0,1,0,1,4136,1
