,date,tweet_id,tweet_text,tweet_length,retweet_count,favorite_count,hashtag_count,url_count,user_mentions,media_count,follower_count,total_entities
0,2014-10-06,519138048689582080,@Mark_Dayton &amp; @tinaflintsmith headlined a 30 Days Out Rally with over 100 supporters in Minneapolis this weekend http://t.co/WH6fw6YKQj,140,3,2,0,0,2,1,4321,2
1,2014-10-08,519984186233745411,"Tune in TONIGHT @7 PM for the second gubernatorial debate: #mngov
http://t.co/F4H7acMfw0",88,4,2,1,1,1,0,4321,3
2,2014-10-13,521674060775063553,Police Federation endorses @mark_dayton for reelection #BetterMN http://t.co/w65y702FCa,87,1,3,1,0,1,1,4321,2
3,2014-10-14,521818041471221760,"We've made progress in building a #bettermn, and there's more to be done. Read @mark_dayton's op-ed in @DuluthNews: http://t.co/90aHmzaVQH",138,3,1,1,1,2,0,4321,4
4,2014-10-15,522434968673607680,@CrookstonTimes editorial endorses @mark_dayton for delivering a #BetterMN http://t.co/9P1tR8bavn,97,0,0,1,1,2,0,4321,4
5,2014-10-16,522759207150714880,"Did you see the Governor's new ad this week? ICYMI, here's the link: http://t.co/gXB27FAKD3",91,2,0,0,1,0,0,4321,1
6,2014-10-18,523574750879440897,Reserve your spot at Thursday's dinner honoring @Mark_Dayton w/ special guest @HillaryClinton! http://t.co/BWzEhXaIM1 http://t.co/8Kj5WIESc6,140,5,2,0,1,2,1,4321,3
7,2014-10-19,523977777520054272,@StarTribune endorses @Mark_Dayton for building a #bettermn: http://t.co/VvFB8CFE1n,83,5,6,1,1,2,0,4321,4
8,2014-10-20,524258059892580352,"@altribune says @mark_dayton ""deserves 4 more years."" Check out their endorsement here: http://t.co/Q9J9mMA697",110,0,0,0,1,2,0,4321,3
9,2014-10-22,525039710541193216,"Did you see @FLOTUS at yesterday's rally. ICYMI, check out this story: http://t.co/zKK4bf4FNk",93,3,3,0,1,1,0,4321,2
10,2014-10-23,525311212037636096,"@hometownsource endorses @mark_dayton, says he ""deserves to be reelected on his record."" http://t.co/828M5VxIj9",111,0,0,0,1,2,0,4321,3
11,2014-10-24,525697733462851584,Did you see @HillaryClinton at yesterday's #GOTV rally for @mark_dayton? She urged MN voters to turn out on Nov. 4: http://t.co/HkW3e9Gr9x,138,3,2,1,1,2,0,4321,4
12,2014-10-26,526493648033415169,@mark_dayton spoke at a doorknock kickoff in St. Paul with @BettyMcCollum04 and @paulthissen #BetterMN #GOTV http://t.co/FF3swARLG4,131,0,3,2,0,3,1,4321,5
13,2014-10-29,527557522069422080,#UofM students endorse @Mark_Dayton for his focus on making college affordable. Here's the @mndailynews editorial:  http://t.co/oHCCACK339,138,1,2,1,1,2,0,4321,4
14,2014-10-29,527580876063141888,Today Gov. @Mark_Dayton kicked off the #mndfl #GOTV bus tour at the State Capitol: http://t.co/FyOZ9jDWye,105,0,3,2,0,1,1,4321,3
15,2014-10-29,527540517136248832,Last night @Mark_Dayton joined @RickNolanMN for the Wellstone-Oberstar Community Bean Feed #bettermn http://t.co/taJhR95wJa,123,2,1,1,0,2,1,4321,3
16,2014-10-31,528237930360610817,Newspapers across the state endorse @Mark_Dayton for building a #BetterMN. http://t.co/xnNQXPX8NI,97,1,2,1,0,1,1,4321,2
17,2014-10-31,528252999635042305,"@PB_News: ""state is in a better place today than it was 4 years ago, which is why we are endorsing Gov. Dayton."" http://t.co/9cqeSYnWi6",135,0,0,0,1,1,0,4321,2
18,2014-10-31,528260429483888640,"@PB_News endorses @Mark_Dayton today, citing Gov's early support of Destination Medical Center http://t.co/IRbi78Ox8U",117,0,0,0,1,2,0,4321,3
19,2014-10-31,528275229353975808,"Help #GetOutTheVote @FirstAvenue this Sunday w/ @Mark_Dayton, @keithellison and more:  http://t.co/rECMmhwUhJ http://t.co/O7So9DgoDU",132,3,3,1,1,3,1,4321,5
20,2014-11-02,529028686113423360,"Our closing ad, ""Rising,"" is on the air! Watch and RT: http://t.co/bAP88yvpFo",77,5,4,0,1,0,0,4321,1
21,2014-11-04,529634497843961856,Remember to VOTE for @Mark_Dayton and @tinaflintsmith TODAY to secure a #BetterMN http://t.co/4E24e79eyN,104,18,7,1,0,2,1,4321,3
