,date,tweet_id,tweet_text,tweet_length,retweet_count,favorite_count,hashtag_count,url_count,user_mentions,media_count,follower_count,total_entities
0,2014-10-06,519251560707395584,"The annual Feeding Oklahoma Food Drive is underway. Please consider donating! 
https://t.co/UbRyYGMaky http://t.co/LE0feXuBxH",125,6,6,0,1,0,1,20232,1
1,2014-10-07,519494532891959296,"Speaking at the annual gov's #STEM summit promoting science, tech, engineering and math education in Oklahoma http://t.co/nx0Nmjpszf",132,2,3,1,0,0,1,20232,1
2,2014-10-07,519521622387339266,#STEM jobs are growing at nearly 7000/year in Oklahoma. Thx to these OKC STEM students who came to 2day's conference! http://t.co/yfkhT29pzp,140,3,4,1,0,0,1,20232,1
3,2014-10-07,519522039481511936,this Purcell student even brought a robot he designed to today's #STEM conference. Cool! http://t.co/7mvJONJOzu,111,2,3,1,0,0,1,20232,1
4,2014-10-08,519880866819215364," Each year @OkCareerTech provides 7,000 OK businesses with customized employee training, nearly 300,000 enrollments #skill",122,1,0,2,0,2,0,20232,4
5,2014-10-08,519880727413153794,ODOT is saving taxpayers millions of dollars by employing a new bridge construction process.  http://t.co/qq6qsML995,116,1,1,0,1,0,0,20232,1
6,2014-10-09,520304646833700864, .@GovMaryFallin's goal to raise 2 million meals for hungry Oklahomans can happen if you donate today. http://t.co/ON7c,119,4,0,1,1,2,0,20232,4
7,2014-10-10,520608144037531648,Staff at Deaconess Hospital acted quickly to isolate and contain patient with symptoms before Ebola was ruled out https://t.co/0Wf9Eq0ZxF,137,3,3,0,1,0,0,20232,1
8,2014-10-10,520591977318858754,Deaconess Hospital has confirmed their patient is NOT an Ebola risk http://t.co/TbrhURLsbI,90,9,6,0,1,0,0,20232,1
9,2014-10-10,520607980715511808,There are NO currently identified patients at risk of Ebola in Oklahoma https://t.co/0Wf9Eq0ZxF,95,8,3,0,1,0,0,20232,1
10,2014-10-10,520608347545169920,Health officials are working non-stop with OKla health care providers  to ensure we are ready for any potential Ebola-linked future threat,138,8,7,0,0,0,0,20232,0
11,2014-10-11,521020339930017792,"Great win for the #Sooners! For those who made it to the game, please drive safely coming home!",95,3,11,1,0,0,0,20232,1
12,2014-10-11,520965279808258048,in Dallas getting ready for #OUvsTX! Let's go @OU_Football!,59,5,12,1,0,1,0,20232,2
13,2014-10-11,520991667097440256,ran into these OU Thetas before the game. Go Sooners! http://t.co/Irq2qWEdLM,76,10,33,0,0,0,1,20232,0
14,2014-10-11,521037764432003072,On the field w/Coach Stoops and the Sooners! congrats on a great win. Keep it up @OU_Football! http://t.co/RI0cBcK8Xo,117,9,19,0,0,1,1,20232,1
15,2014-10-13,521707029455732736,Health Commissioner Terry Cline: Okla health system has been preparing for over a decade for potential contagious disease outbreaks,131,2,2,0,0,0,0,20232,0
16,2014-10-13,521706865948766208,Meeting w state/local/health officials to discuss ongoing preparations for potential Ebola threat http://t.co/Sl3MYkPyy4,120,5,2,0,0,0,1,20232,0
17,2014-10-13,521707363666239488,At this time there are no identified Ebola cases in Okla but agencies preparing for any possibility,99,8,4,0,0,0,0,20232,0
18,2014-10-14,522102930548477952,"Pleased to announce the appointment of Joe Vandevier to the Grand River Dam Authority.
http://t.co/NJHGcZE9Qo",109,2,1,0,1,0,0,20232,1
19,2014-10-14,522021299775090688,"Congratulations to Tulsa for being named @google's eCity of the year for its strong online business community. 
http://t.co/J9LUfr2VkN",134,6,11,0,1,1,0,20232,2
20,2014-10-14,522109132539969537,"Wow! Check out the video of 
@Okpork making an amazing sculpture for the
@FeedingOklahoma Drive! Thx for the support
http://t.co/9F1pS9xkA8",139,3,2,0,1,2,0,20232,3
21,2014-10-15,522497988740927488,"Congratulations to NORDAM, which today announced it will add 300 new employees to its Tulsa facility! 
 https://t.co/XnHdFgRUtg",127,10,8,0,1,0,0,20232,1
22,2014-10-15,522461537730973696,"Okla is struggling to pay for its current Medicaid system. Expanding the system thru Obamacare would be irresponsible
http://t.co/PWrGiK91sl",140,2,3,0,1,0,0,20232,1
23,2014-10-15,522496983555375104,"Congratulations to #OKC, named the #1 city in the country for home buyers in this new report by @builderonline http://t.co/4eTadluPXB",133,6,5,1,1,1,0,20232,3
24,2014-10-15,522513083487379456, $1 = 5 meals. Make a donation today to help @GovMaryFallin's @FeedingOklahoma drive http://t.co/bNpXw1oHmV #FeedingOK ,119,3,0,1,1,3,1,20232,5
25,2014-10-16,522802733385265152,"The White House needs to get serious about Ebola and take stronger precautions to protect our citizens.
http://t.co/itJubumjAf",126,4,3,0,1,0,0,20232,1
26,2014-10-16,522750609381154816,"From @NewsOK: Obamacare reduces employment and upward mobility. I will continue to oppose expanding it in Oklahoma! 
http://t.co/5jhYcG4epE",139,4,5,0,1,1,0,20232,2
27,2014-10-16,522796432836001794,"State Regents certify PASS standards, Oklahoma to reapply for No Child Left Behind waiver.
https://t.co/NiyllLBB9j",114,7,5,0,1,0,0,20232,1
28,2014-10-16,522866479633416193,"#TBT this was fun! @koconews @PaulFolger @KOCOJessica ""Gov tests new zipline"" http://t.co/EW2q0r3XJ0",100,3,4,1,1,3,0,20232,5
29,2014-10-17,523145267047321600,Modernizing state purchasing systems is saving taxpayers $25 million/year. #EndGovernmentWaste  http://t.co/XJC2qEcddu,118,1,6,1,1,0,0,20232,2
30,2014-10-17,523199890369679360,1 in 4 children in #OK struggles with hunger. You can help @FeedingOklahoma! #FeedingOK http://t.co/XAMaesskKq,110,6,5,2,0,1,1,20232,3
31,2014-10-17,523131454822580226,"I'm proud of Oklahoma's energy industry! From @newsok: OK production boosts global energy security
http://t.co/BCy6bgdX4E",121,3,4,0,1,1,0,20232,2
32,2014-10-19,523836844547395587,Proud to join 2nd Amendment supporters at the @NRA Women's Leadership Forum this weekend! http://t.co/gTbWoTg6y9,112,3,9,0,0,1,1,20232,1
33,2014-10-20,524191392189259776,from @NewsOK - Job prospects look good for new graduates in Oklahoma http://t.co/SaSadqkFmV,91,2,2,0,1,1,0,20232,2
34,2014-10-20,524203585735647232," .@Verizon is proud to support @GovMaryFallin's @FeedingOklahoma Food Drive, be sure to donate today! http://t.co/EzOO6HNWKA",124,4,0,0,1,4,0,20232,5
35,2014-10-20,524274432047448065,"Help us reach our goal of 2 million meals for the @FeedingOklahoma Drive by Oct 31. Donate today at http://t.co/UxoCGzWT6J
#FeedingOK",133,9,5,1,1,1,0,20232,3
36,2014-10-21,524561716009373696,"From @NewsOK: ""We can help our hungry neighbors in Oklahoma"" 
@FeedingOklahoma, @rfbo, @okfoodbank #FeedingOK
http://t.co/CazDABqPR6",132,4,5,1,1,4,0,20232,6
37,2014-10-22,525024275904733185,"Breaking News: New Report Predicts Oklahoma Will Lead Nation in Economic Growth in 2015
http://t.co/oZHNd4xRXj",110,16,7,0,1,0,0,20232,1
38,2014-10-22,524931798183448577,"Good news! Tulsa was recently named a top 5 city for advanced manufacturing!
http://t.co/sEm0O5q6YV",99,3,4,0,1,0,0,20232,1
39,2014-10-22,524958066421559296, Thank you @GovMaryFallin for visiting with our members in McCurtain County during their annual meeting this week! http://,122,2,0,0,1,2,0,20232,3
40,2014-10-22,525032903424495617,We've set up our Virtual Food Drive so you can give from anywhere! Donate today to help the @rfbo &amp; @okfoodbank http://t.co/EZmRM7JXky,138,7,2,0,1,2,0,20232,3
41,2014-10-23,525288861023207424,Congrats to OKC &amp; Tulsa for being named in the top 10 for most affordable big cities in the US http://t.co/egbJcY0Mnu http://t.co/jisAC16Guc,144,8,14,0,1,0,1,20232,1
42,2014-10-23,525297735314833408,Speaking today abt being good stewards of our environment at the Governor's Water Conference themed Every Drop Counts http://t.co/Dse7ThctSM,140,2,1,0,0,0,1,20232,0
43,2014-10-23,525385284389978112,"Pleased to sign a car tag compact w/ Chickasaw Nation Governor Anoatubby to offer license plates to tribal members. 
http://t.co/RleLqYng2s",139,10,2,0,1,0,0,20232,1
44,2014-10-24,525680163808632832,It is appalling that this monument was attacked. Those who committed this crime will be caught &amp; held responsible http://t.co/SkYiyUwO8W,140,127,59,0,0,0,1,20232,0
45,2014-10-24,525679818244100099,I have volunteered to help lead private fundraising efforts to restore the Ten Commandments Monument at the State Capitol,121,18,25,0,0,0,0,20232,0
46,2014-10-27,526763500593360897,Had a great time at the 125th anniversary of the @fbcnorman. I wish Dr. Smith &amp; the church many more yrs of success! http://t.co/qPdCvUla1o,143,0,4,0,0,1,1,20232,1
47,2014-10-27,526730981080723461,1 in 6 Oklahomans struggle with hunger. Get involved in @FeedingOklahoma. Support @rfbo @okfoodbank and give today! http://t.co/apRFCVBPJ8,138,4,4,0,0,3,1,20232,3
48,2014-10-27,526751925291974657,"Had a great time @ the First Baptist Church block party in Norman this weekend, celebrating their 125th anniversary http://t.co/Oqp8Cl9Lyd",138,1,1,0,1,0,0,20232,1
49,2014-10-28,527111187453214720," Help Oklahomas hungry during the holidays. Support @GovMaryFallin's @FeedingOklahoma drive, @rfbo, @okfoodbank and Ok",118,3,0,1,0,5,0,20232,6
50,2014-10-29,527556499061895169,Thank you to President David Boren for 20 years of service at  @UofOklahoma! #BoomerSooner,90,5,7,1,0,1,0,20232,2
51,2014-10-30,527916309301194752," Say ""hello!"" to Halloween in Oklahoma with this list of 55 events happening 10/31: http://t.co/oHzTYVu2Le http://t.co/sezARhO",126,5,0,0,1,1,1,20232,2
52,2014-10-30,527845565137436672,@annakooiman the WH decision 2 delay the #Keystone pipeline is costing the US thousands of jobs. thx for ur report http://t.co/BXJ1nnBadk,137,5,7,1,1,1,0,20232,3
53,2014-10-30,527849808137302016,Great news! Unemployment continues to fall in Oklahoma as we create more jobs. From @NewsOK:  http://t.co/xcLNmXXs66,116,3,6,0,1,1,0,20232,2
54,2014-10-30,527861801447608321,Thx to First Gentleman Christensen for volunteering his time this morning at the @rfbo as part of @FeedingOklahoma! http://t.co/TKX4nueuJC,138,6,8,0,0,2,1,20232,2
55,2014-10-30,527919182323933184, Oklahoma @GovMaryFallin honors five for Governor's #Disability Employment Awards of Excellence http://t.co/EZpgDU0NeO,118,3,0,1,1,2,0,20232,4
56,2014-10-31,528263975314931713, It's the last day of @FeedingOklahoma! Support @rfbo and @okfoodbank and hungry Oklahomans. Donate now at http://t.co/,119,3,0,1,1,4,0,20232,6
57,2014-10-31,528334608732282880,Have a safe and fun #Halloween!,31,4,10,1,0,0,0,20232,1
58,2014-11-03,529312654310277120, Hanging out with @GovMaryFallin and @BillYoungFOX25 #liveonOKCFOX this morning! Remember to vote tomorrow! http://t.co/LG9,123,4,0,1,0,3,1,20232,4
59,2014-11-03,529355903837802496,"Read my latest monthly column: Honoring Our Military Families
http://t.co/VIehP18Jb7",84,5,2,0,1,0,0,20232,1
60,2014-11-04,529715421440913409,Oklahomas manufacturing sector continues to be a national leader in job growth. Read more here: http://t.co/crZ0P1eIOl,118,4,2,0,1,0,0,20232,1
61,2014-11-04,529637255640801280,Today is Election Day! Pls make sure to exercise your most important freedom and vote!,86,18,13,0,0,0,0,20232,0
