,date,tweet_id,tweet_text,tweet_length,retweet_count,favorite_count,hashtag_count,url_count,user_mentions,media_count,follower_count,total_entities
0,2014-10-05,518793126820188160,Evil needs power to spread. A small government naturally eliminates the easiest path by which evil is most prolific.,116,7,8,0,0,0,0,351,0
1,2014-10-06,519155973953683457,Many politicians say they want smaller government. What they don't tell you is that their version is slightly smaller than communist China.,139,13,11,0,0,0,0,351,0
2,2014-10-07,519518319804960768,A government with the tools to fight every perceived evil in the world inevitably turns inward upon the people it was meant to protect.,135,17,10,0,0,0,0,351,0
3,2014-10-08,519880639307595776,Freedom provides opportunities for all while regulations restrict opportunities to just a few.,94,4,7,0,0,0,0,351,0
4,2014-10-09,520243040901144576,Throughout history the poor and oppressed become the ground upon which dictatorships are laid.,94,8,9,0,0,0,0,351,0
5,2014-10-10,520605410727063553,Without freedom you have no future that you are able to call your own.,70,11,15,0,0,0,0,351,0
6,2014-10-11,520967630854053889,Plentiful government welfare programs have transformed brief misfortune into a career path.,91,9,5,0,0,0,0,351,0
7,2014-10-12,521329959881940992,Democrats and Republicans are generally guilty of doing our economy the same justice that was seen during the Salem witch trials.,129,6,12,0,0,0,0,351,0
8,2014-10-13,521692655244562432,The problem with expecting politicians to be leaders is that they usually have the worst ideas and will use force to implement them.,132,17,13,0,0,0,0,351,0
9,2014-10-14,522055073489514496,Government doesn't work. Reform or finding the right person to manage it won't fix it. Only a reduction to the minimum possible will help.,138,11,9,0,0,0,0,351,0
10,2014-10-15,522523286962708481,@oldmom50 no Mormons in the family that I know of.,50,0,0,0,0,1,0,351,1
11,2014-10-15,522417507093999616,If a gimmick gets you to vote for a particular candidate you're doing it wrong.,79,1,0,0,0,0,0,351,0
12,2014-10-15,522478408589004800,@oldmom50 I saw your question.. I don't believe we are related.,63,0,0,0,0,1,0,351,1
13,2014-10-15,522264054451040256,@JesseEnsyn1 no governor in CO has much influence on common core. Best approach is repeal of PARCC testing law via legislature.,127,0,0,0,0,1,0,351,1
14,2014-10-15,522522742764355585,@oldmom50 how you've been treated? I am not sure what you mean.,63,0,0,0,0,1,0,351,1
15,2014-10-16,522780802757980160,Many politicians look for problems to solve often finding them where they don't exist.,86,7,10,0,0,0,0,351,0
16,2014-10-16,522831811462721537, WATCH/SHARE: Open Colorado Gubernatorial Debate w @RealProfGriff: http://t.co/zqzPNmXj2B @Dunafon4Gov @hempy4governor @mx,122,10,0,1,1,5,0,351,7
17,2014-10-17,523141849591332864,I've been asked how I will shrink government. I'd start by demanding government operate within the confines of the Constitution.,128,11,21,0,0,0,0,351,0
18,2014-10-18,523504419657510913,Government doesn't work. Why would we put our decisions into the hands of people who pay no price for being wrong?,114,37,29,0,0,0,0,351,0
19,2014-10-19,523866727067971584,"Government is best at overreacting, making you afraid of something, telling you who is to blame, and not much else.",115,25,18,0,0,0,0,351,0
20,2014-10-20,524229275852210176,Government won't be fixed because it's not in the interest of many politicians to fix what benefits them so greatly.,116,26,25,0,0,0,0,351,0
21,2014-10-21,524710832987705344," Voters guide: Colorado gov candidates @hickforco  @bobbeauprez, @hempy4governor and @mxhess on the issues. http://t.co/S6n3qNT",127,4,0,0,1,5,0,351,6
22,2014-10-21,524711243203244032,@JackShine99 I might not be able to make it down there again. I'll see what I can do.,85,0,1,0,0,1,0,351,1
23,2014-10-21,524592541627600896,There is no such thing as a problem so bad that government cannot make worse.,77,26,15,0,0,0,0,351,0
24,2014-10-22,524955038494773248,In this day and age a penny saved is a tax loophole.,52,7,8,0,0,0,0,351,0
25,2014-10-23,525317399583932416,Having the power to do something is much different than having the wisdom not to do it.,87,4,8,0,0,0,0,351,0
26,2014-10-24,525679638463660035,Passing a law and believing the problem is solved is as naive as believing that major parties will work to cut spending.,120,12,20,0,0,0,0,351,0
27,2014-10-25,526041169328082945,The best thing any representative can do about the economy is stop trying to use government to improve it.,106,24,21,0,0,0,0,351,0
28,2014-10-26,526403399366234112,No matter how many problems it causes government always shows up on a white horse to rescue us from the problems it created.,124,15,8,0,0,0,0,351,0
29,2014-10-26,526448311113240576,Vote for substance this fall. http://t.co/a2uSwg4Nml,52,0,0,0,1,0,0,351,1
30,2014-10-27,526765893502906368,"When someone demands a new government program they are basically saying, ""Tell the police to use their guns to get me what I want.""",131,19,18,0,0,0,0,351,0
31,2014-10-28,527128740577689600,Why are we so suprised when government fails to do something right? It's not as if that failure is the first time government screwed up.,136,6,7,0,0,0,0,351,0
32,2014-10-29,527490789749043201,Government can never be run like a business because it's volunatry to interact with a business and government is not voluntary.,127,15,11,0,0,0,0,351,0
33,2014-10-30,527853258979950592,"Ask not what government can do for you, ask what government can do to leave you alone.",86,68,56,0,0,0,0,351,0
34,2014-10-31,528215513496035328,My ideals and goals have been called a fantasy by those that believe Democratic or Republican politicians really want to reduce government.,139,2,0,0,0,0,0,351,0
35,2014-11-01,528564714587312128,I am not here to fight a new revolution. I just want to preserve the one we already have. #InvisibleCandidates,110,5,4,1,0,0,0,351,1
36,2014-11-01,528565955107250176,#InvisibleCandidates,20,0,1,1,0,0,0,351,1
37,2014-11-01,528567223276044288,Becoming part of government to restrain government is the peaceful solution. #InvisibleCandidates,97,7,7,1,0,0,0,351,1
38,2014-11-01,528568444623781888,"Not career politicians, not wealthy individuals, just regular people who are trying to make a difference. We are the #InvisibleCandidates",137,9,8,1,0,0,0,351,1
39,2014-11-01,528591441878990849,"@JerMyersMusic @LibertarianCiti @RonPaul agreed, best to get in and get out quick.",82,0,1,0,0,3,0,351,3
40,2014-11-01,528577742200401920,If a particular government program is such a great investment why is government the only one willing to invest in it?,117,13,15,0,0,0,0,351,0
41,2014-11-01,528563382556053504,The odds are never in our favor. #InvisibleCandidates,53,1,2,1,0,0,0,351,1
42,2014-11-02,528955219481464832,Giving a current politician power to do good is also giving a future politician power to do bad. Stop giving politicians more power.,132,34,27,0,0,0,0,351,0
43,2014-11-03,529317844081995776,Whenever government fails to provide security the event is used to justify the need for government to be involved in providing security.,136,14,15,0,0,0,0,351,0
44,2014-11-04,529680180110172160,"Those that find freedom and prosperity too ""extreme"" will glady labor in chains for political handouts.",103,7,7,0,0,0,0,351,0
45,2014-11-04,529649859763376128,Never underestimate the magnitude with which a bureaucrat can screw something up and still claim partial success.,113,6,8,0,0,0,0,351,0
