,date,tweet_id,tweet_text,tweet_length,retweet_count,favorite_count,hashtag_count,url_count,user_mentions,media_count,follower_count,total_entities
0,2014-10-07,519595687432814595,WY filed a brief with the U.S. 10th Circuit Court of Appeals challenging the EPA's attempt to expand the Wind River Reservation boundaries,138,8,2,0,0,0,0,1133,0
1,2014-10-10,520704448868261888,WY launches a Drive Sober Wyoming smart phone app to help someone who has too much to drink find a safe ride home http://t.co/3giSWeyP1W,136,3,0,0,1,0,0,1133,1
2,2014-10-10,520632273083711488,I will be in Pinedale Oct 15 with Interior Sec. Jewell and the USFWS to applaud ranchers protecting sage grouse. http://t.co/JuomVrPeVp,135,1,1,0,1,0,0,1133,1
3,2014-10-21,524694217709195265,10th Circuit Court of Appeals upheld Wyoming's plan to control SO2 under t... http://t.co/kLI8tcIqTi,100,0,0,0,1,0,0,1133,1
4,2014-10-24,525760478958456833,I am saddened to learn of death of US District Court Judge Clarence Brimme... http://t.co/hMvumFTEBN,100,0,0,0,1,0,0,1133,1
5,2014-10-24,525775078269517824,Antoinette L.M. Williams-Healy is the new Circuit Court Judge for the First Judicial District in Laramie Co http://t.co/UyIpNM1zy3,130,1,3,0,1,0,0,1133,1
6,2014-10-31,528304804297052163,Joseph B. Bluemel is the new District Court Judge for the Third Judicial District for Lincoln and Uinta Counties. http://t.co/5yj2jN6LPp,136,1,0,0,1,0,0,1133,1
