,date,tweet_id,tweet_text,tweet_length,retweet_count,favorite_count,hashtag_count,url_count,user_mentions,media_count,follower_count,total_entities
0,2014-01-02,418800435575549952,"Bagneris off and running in New Orleans mayor's race
http://t.co/5BHeCPTzJ5",75,2,0,0,1,0,0,123,1
1,2014-01-03,418944838164156416,The Voice for Change: http://t.co/1oK1s2t99R via @youtube,57,2,0,0,1,1,0,123,2
2,2014-01-03,418952499161075713,Michael Bagneris builds instant war chest in bid against Mitch Landrieu for mayor of New Orleans http://t.co/GCxpZ0pFT5,119,4,0,0,1,0,0,123,1
3,2014-01-04,419577874731896833,The show must go on! http://t.co/wndHlkcjSr,43,2,0,0,1,0,0,123,1
4,2014-01-05,419969103114162176,"Crime is clearly out of control! We can do better! We need to be stronger! We deserve to be safer! #BagnerisForMayor
http://t.co/lng3AvKlJk",139,3,0,1,1,0,0,123,2
5,2014-01-08,420944128763895808,I am grateful and humbled to have received the endorsement of the Independent Women's Organization last night. Very inspiring group! Thanks,139,2,0,0,0,0,0,123,0
6,2014-01-09,421391410844037120," Obama aside, New Orleans Democrats endorse mayors challenger http://t.co/lFY8IKbE6A",84,4,0,0,1,1,0,123,2
7,2014-01-09,421126202200293376,Tonight I received the endorsement of the Orleans Parish Democratic Executive Committee! I'm thankful to the ladies &amp; gentleman of the org!,143,3,0,0,0,0,0,123,0
8,2014-01-09,421171128401272832," New Orleans Mayor Mitch Landrieu rival Michael Bagneris gains Democrats' endorsement, despite Obama backing Landrieu http://t",126,7,0,0,1,1,0,123,2
9,2014-01-09,421287975503151104, NOPD investigating a murder 2000 block of Pauger St. Police say a man was found lying on the sidewalk.,103,6,0,0,0,1,0,123,1
10,2014-01-09,421332193277784064,New Orleans ... ARE YOU SAFE? RT @Simpson504: #NOPD is currently working a murder in the 3500 block of Calhoun. More details to follow.,135,3,0,1,0,1,0,123,2
11,2014-01-09,421391242778275841,Join us tonight at 6pm for the Alliance for Good Government's Endorsement Forum @ Holy Name of Jesus School (6220 LaSalle Place),128,3,0,0,0,0,0,123,0
12,2014-01-10,421738144367521792," After interviewing all #nola Mayoral Candidates, our members voted to endorse @Bagneris4Mayor in the Mayor's Race. #nolaelex ",126,8,0,3,0,2,0,123,5
13,2014-01-10,421740609196417024,I would like to publicly thank @BOLDnola and it's members for their endorsement of my candidacy for Mayor of New Orleans.,121,10,1,0,0,1,0,123,1
14,2014-01-10,421716788791877632,We've heard your voice! Here are my solutions. &gt;&gt;&gt; http://t.co/jDt7A8DBgR,82,6,2,0,1,0,0,123,1
15,2014-01-12,422189197579915265,STOP THE BLUE HEMORRHAGE: http://t.co/mQORJTIbUT via @youtube,61,4,1,0,1,1,0,123,2
16,2014-01-15,423553861064736768,Thanks to State Representative Jeff Arnold for his endorsement of my candidacy for Mayor of New Orleans. http://t.co/dx0bo9KQZs,127,4,1,0,1,0,0,123,1
17,2014-01-17,424220851160887296, Tonight at 7: Commitment 2014 New Orleans Mayoral Debate http://t.co/NGu9gtPepm,80,5,0,0,1,1,0,123,2
18,2014-01-20,425411634165600256,BAGNERIS WINS SOUL ENDORSEMENT FOR MAYOR; ORGANIZATION BREAKS LONGTIME TIES WITH MITCH LANDRIEU | http://t.co/LLT21Gu1YU,120,10,1,0,1,0,0,123,1
19,2014-01-20,425411831557943296,"LIFE, POLITICAL ORGANIZATION FOUNDED BY MAYOR DUTCH MORIAL, ENDORSES BAGNERIS FOR MAYOR | http://t.co/CFtdMiZ99z",112,7,1,0,1,0,0,123,1
20,2014-01-21,425455910010368000,ALMOST 100 MINISTERS FROM ACROSS CITY TO ENDORSE BAGNERIS FOR MAYOR ON THURSDAY | http://t.co/LNInV85J3p,104,5,1,0,1,0,0,123,1
21,2014-01-24,426541315338145793,"New Orleans Police Vote, Endorse and send a strong message to  citizens: Bagneris for Mayor | http://t.co/Lt13j7ei4Z",116,6,1,0,1,0,0,123,1
22,2014-01-26,427262948227047424,Havent we been cheated long enough? http://t.co/I800OJP1tN,58,7,1,0,1,0,0,123,1
23,2014-01-31,429335543202062339,Watch the full Eyewitness News mayoral debate http://t.co/qG17ouGZNt,68,5,0,0,1,0,0,123,1
24,2014-01-31,429335695958605826,Election Day is almost here! On tomorrow join these groups in supporting Micheal Bagneris #11 for Mayor. http://t.co/FyjHDT0JPh,127,10,1,0,0,0,1,123,0
25,2014-02-01,429449423748210688,"Polls will be open tomorrow from 7 a.m. to 8 p.m. If you need a ride to the polls, please call (504) 415-9680.",110,5,1,0,0,0,0,123,0
26,2014-02-01,429449623862661122,To find your polling location visit https://t.co/jxx5IIw2kF,59,5,0,0,1,0,0,123,1
