,date,tweet_id,tweet_text,tweet_length,retweet_count,favorite_count,hashtag_count,url_count,user_mentions,media_count,follower_count,total_entities
0,2014-10-05,518908416278802432,@GovtsTheProblem @denverpost I suppose @hickforco sites a lot of repealing. He repeals voter decisions too. #politics #dunafon4gov,130,2,2,2,0,3,0,744,5
1,2014-10-05,518832061961224192, #COpolitics are pissing EVERYONE off~! http://t.co/6H5wrJsASQ,62,3,0,1,1,1,0,744,3
2,2014-10-05,518826794095767552,My fellow Coloradans please come out and see me at the Indigenous film &amp; Art festival! Stay thirsty for liberty! #Dunafon4Gov,129,2,2,1,0,0,0,744,1
3,2014-10-05,518664689639645184,"#GypsyJaneFest is over, and I saw a lot of positivity and fun had. One thing I didn't see...violence. cheers @hickforco  &amp; @bobbeauprez",139,0,1,1,0,2,0,744,3
4,2014-10-05,518647534802059266,#GypsyJaneFest with @E40 and @TooShort talking about politics and liberty.,74,2,2,1,0,2,0,744,3
5,2014-10-05,518634500629078017,Say it with me #Colorado #yeswecannibis http://t.co/dZGjQUoNlg,62,0,0,2,0,0,1,744,2
6,2014-10-05,518633922599477248,http://t.co/ddowNxCvFR,22,1,0,0,0,0,1,744,0
7,2014-10-05,518633611554091008,I'm on the ground with folks at #GypsyJaneFest...Where is @hickforco and @bobbeauprez ? Beer fest? #copolitics,110,2,0,2,0,2,0,744,4
8,2014-10-05,518631884264177664,Enjoying the #GypsyJaneFest  backstage with young Coloradans. No violence. No problem. Liberty works. When we allow it.,119,3,0,1,0,0,0,744,1
9,2014-10-05,518578964898787329,@teleskiguy No they don't. U R playing into corporate hands. Both parties have been purchased by private interests. Think outside parties,137,1,0,0,0,1,0,744,1
10,2014-10-05,518578334272589825,@projectpeace I get it,22,0,0,0,0,1,0,744,1
11,2014-10-05,518841153563947008, @bstevens84 @bobbeauprez lol that elderly draft DOGER will lose again #elderly #outoftouch #abortion #iud ##cogov #Broncos #v,126,1,0,8,0,3,0,744,11
12,2014-10-05,518886801532936192, Colorado Governor race is a yawner so far. Here's something to shake it up: http://t.co/pdN3rPXi3V. Interesting! @Dunafon4Gov,126,3,0,0,1,2,0,744,3
13,2014-10-05,518909139867561984, Congrats to @DemaryiusT on my breaking my single gm Bronco recieving record.Dinners now r always on you. Most important.,121,154,0,0,0,2,0,744,2
14,2014-10-06,519248332573904896,"2 options, #colorado slow painful death to the Cannabis industry that YOU voted for, or an indy candidate that cares about your liberty?",136,2,2,1,0,0,0,744,1
15,2014-10-06,518919923586707458,@RealDJsOnly Dm me your number!,31,0,0,0,0,1,0,744,1
16,2014-10-06,518967245645422592, A huge day for #PeytonManning throwing for 4 TDs and a career-high 479 yards as the @Broncos beat the @AZCardinals http://t,124,8,0,1,0,3,1,744,4
17,2014-10-06,519151463323680768,"Wondering why @hickforco can't give marijuana users get ""cheers""? Perhaps because they don't make him rich. #dunafonforgov #copolitics",134,1,1,2,0,1,0,744,3
18,2014-10-06,519181580070551552,"Good morning CO! If you want to connect with me, I'll be doing my radio show tomorrow at 9am! ( link below)
- http://t.co/OgcIkW5yq8",132,0,0,0,1,0,0,744,1
19,2014-10-06,519181634239987713,"Good morning CO! If you want to connect with me, I'll be doing my radio show tomorrow at 9am! ( link below)
- http://t.co/PZZoO4RALk",132,0,0,0,1,0,0,744,1
20,2014-10-06,519182063136940033,"Good morning CO! If you want to connect with me, I'll be doing my radio show tomorrow at 9am! ( link below)
 http://t.co/O31Sbhg6O1",131,0,0,0,1,0,0,744,1
21,2014-10-06,519199403811561473,Why don't we get real about @hickforco and @bobbeauprez they are the SAME candidate. Think outside #thetrap ! #dunafonforgov #copolitics,136,1,1,3,0,2,0,744,5
22,2014-10-06,519200806382612480,"Recording artist Pries believes: ""Yes We Cannabis"" #Dunafon4Gov #Restoreliberty2014 http://t.co/VFS23OoJY1",106,0,1,2,0,0,1,744,2
23,2014-10-06,519201910734065664, @bobbeauprez  @Hick2014  agree #Cannabis legalization is #reckless Thats why i'm voting for @Dunafon4Gov #YesWeCannabis #votema,128,2,0,4,0,4,0,744,8
24,2014-10-06,519210860603269120,@hickforco @bobbeauprez 55% voted for #legalization it would be #Reckless for them to vote for either of you #yeswecannabis @MediaMarcus,136,1,1,3,0,3,0,744,6
25,2014-10-06,519234506688315393,Catch me this week at the 11th annual Indigenous film &amp; Art festival to celebrate Colorado artists! #Dunafon4Gov,116,0,2,1,0,0,0,744,1
26,2014-10-07,519566719170269184,@bobbeauprez What grade do you think the ppl of #CO give you? A failure to respond will mean that you don't care what the ppl think at all.,139,0,0,1,0,1,0,744,2
27,2014-10-07,519289800890003456,"@teleskiguy I disagree with you completely. All we have to do is defeat the parties one time, and confidence will be restored in thinking.",138,0,0,0,0,1,0,744,1
28,2014-10-07,519317717099110400,"@teleskiguy well just have to go ahead and steal it back then...this year, the corps waste their money! #copolitics",115,0,0,1,0,1,0,744,2
29,2014-10-07,519323880121700353,http://t.co/HCCY4nuhyr | The Politics of Free Trade Agreements http://t.co/Ycjs67EOqH,85,0,1,0,2,0,0,744,2
30,2014-10-07,519491173476761600,Start your morning with a dose of liberty! Mike Dunafon radio show: 9:00am http://t.co/D5Jsf9oOP1 http://t.co/3iJRzQT79l,120,2,3,0,1,0,1,744,1
31,2014-10-07,519491893617360896, Dougco to issue same-sex marriage licenses: Marriage licenses will be available at the Recording Office at 8 a... http:,120,3,0,0,1,1,0,744,2
32,2014-10-07,519515203298660352,@projectpeace thx for the RT How did you like the vid??? #dunafon4gov @wyclef,77,0,0,1,0,2,0,744,3
33,2014-10-07,519530796638797824,An Open Letter to @hickforco --&gt; http://t.co/OZPloNd7vl,58,1,0,0,1,1,0,744,2
34,2014-10-07,519610761895608320,"@teleskiguy when you choose the lesser of two evils, you have still chosen evil.",80,0,0,0,0,1,0,744,1
35,2014-10-08,519896434309857281,Don't miss me at the 11th Annual Indigenous Film &amp; Arts Festival today where we're celebrating local artists! #Dunafon4Gov #restoreliberty,142,0,0,2,0,0,0,744,2
36,2014-10-08,519655982729674752,I'm ready to #TakeTheCrown from both parties on Nov 4th. @hickforco and @bobbeauprez are invited to the victory party. I'm good like that.,138,1,2,1,0,2,0,744,3
37,2014-10-08,519732591939706880,http://t.co/PhsSPF75Aa | The Problem With Steve Forbess New Gold Standard http://t.co/UHYmJG6ZEK,96,0,0,0,2,0,0,744,2
38,2014-10-08,519850671273562112, Debate hashtag is #NowThatsADebate @Dunafon4Gov @hempy4governor @RealProfGriff @RockTheVote #copolitics @KGNU @WeAreChang,122,3,0,2,0,8,0,744,10
39,2014-10-08,519855162152599552," ""Every election is a sort of advance auction sale of stolen goods."" H.L. Mencken #Democracy run amuck.",103,2,0,1,0,1,0,744,2
40,2014-10-08,519881256994344960,@hicklooper @bobbeauprez #Colorado is still waiting for an answer on why you have decided to reverse their decision. Where's our answer???,138,0,0,1,0,1,0,744,2
41,2014-10-08,519968730668101633,#copolitics will never be the same when @bobbeauprez and @hickforco realize that #CO is moving on from party warfare,116,3,3,2,0,2,0,744,4
42,2014-10-09,520060362583207936,@tpaige0991 thank you very much! My views come from issues CO needs to resolve to prosper. I stand for everything I say! Liberty and trust!,139,0,0,0,0,1,0,744,1
43,2014-10-09,520016506340384768,The @FreeandEqual debate starts in just a few moments! #dunafon4gov  #copolitics,80,3,5,2,0,1,0,744,3
44,2014-10-09,520022569399771136,Dr Jill Stein just put it best: closed debates = scripted politics. This is the first open debate in #copolitics  #dunafon4gov,126,3,3,2,0,0,0,744,2
45,2014-10-09,520023386324742145,Interested in hearing your thoughts and or concerns based on what was heard during tonight's debate! #Dunafon4Gov #YesWeCannibis,128,1,0,2,0,0,0,744,2
46,2014-10-09,520023799421349888," Ready for the Gubernatorial debate. Looking forward to a heated, educational debate by @Dunafon4Gov @ProgressWomen #cannabis",125,3,0,2,0,3,0,744,5
47,2014-10-09,520024124324712451,@Ari_Levav @ProgressWomen I promise to deliver! #dunafon4gov #nowthatsadebate,77,0,0,2,0,2,0,744,4
48,2014-10-09,520027061834878978,Couldn't make the @FreeandEqual debate? No problem. Go here for a live feed: http://t.co/LR4cAR27RA,99,2,1,0,1,1,0,744,2
49,2014-10-09,520045875801112576, We can do a 'quantitative easing' on student debt. Watch #nowthatsadebate here: http://t.co/TuSHh5305i,103,14,0,1,1,1,0,744,3
50,2014-10-09,520045902581743616, Closing Statements being given- Colorado Governor's Debate live right now http://t.co/SjpywzCo89  #nowthatsadebate,115,1,0,1,1,1,0,744,3
51,2014-10-09,520046149773045763, @Dunafon4Gov if I was American I would definitely vote for you ! Amazing micro speeches &amp; honest heart felt rebuttals at,125,3,0,1,0,2,0,744,3
52,2014-10-09,520046320930025472,@flipthistweet Thank you very much! I am glad we share similar views for what Colorado needs to do to restore its liberty,121,3,2,0,0,1,0,744,1
53,2014-10-09,520046401318060032, Mike Dunafon @Dunafon4Gov for Colorado Governor! He clearly has a good idea of what CO needs. Watch him debate! http://t.co/,125,3,0,0,1,2,0,744,3
54,2014-10-09,520046614694879232,@TEosuroks I've taken the time to observe what Colorado needs because I am a candidate who cares! #Dunafon4Gov,110,1,0,1,0,1,0,744,2
55,2014-10-09,520046754365190146, #NowThatsADebate @FreeandEqual @RealProfGriff @christinatobin @Dunafon4Gov http://t.co/Lb2jWg4RyA,98,3,0,1,0,5,1,744,6
56,2014-10-09,520046792961163264," ""@Dunafon4Gov: Couldn't make the @FreeandEqual debate? No problem. Go here for a live feed: http://t.co/ZgtOYaetdw""",116,1,0,0,1,3,0,744,4
57,2014-10-09,520047221161857024,"As I stated earlier,I am Interested in hearing your thoughts and or concerns based on what was heard during tonight's debate! #Dunafon4Gov",138,0,1,1,0,0,0,744,1
58,2014-10-09,520049396101419009,"@flipthistweet No, Thank you! All the best, Mike",48,0,1,0,0,1,0,744,1
59,2014-10-09,520052054728122368," Put us all together &amp; this is what democracy looks like, open debates is what democracy sounds like. Watch now: http://t.c",127,20,0,0,1,1,0,744,2
60,2014-10-09,520054700683440128,@tpaige0991 ha I see it....good eye!,36,0,0,0,0,1,0,744,1
61,2014-10-09,520057247431282688,10 year old Hayden was inspired enough to interview me after the debate. Well done young man. Nice hat! #dunafon4gov http://t.co/hCqfJHbk9x,139,1,7,1,0,0,1,744,1
62,2014-10-09,520059581527900160, @Dunafon4Gov I think you had the strongest opinions of the other two guys in the debate. I also think you remind me of King,124,1,0,0,0,2,0,744,2
63,2014-10-09,520237125690617856, .@SanhoTree He just keeps on providing us with #meme opportunities &amp; digging himself deeper the hole #VoteMarijuana @Dunafo,128,2,0,3,0,3,0,744,6
64,2014-10-09,520238195154239491,"If you didn't catch the debate between myself, @mxhess and Harry Hempy, check it out! http://t.co/LR4cAR27RA #copolitics #dunafon4gov",133,1,1,2,1,1,0,744,4
65,2014-10-09,520250702070046720,"If you have any questions abouts last nights debate, now is your time to let me know! I'd love to answer any of your questions! #Dunafon4GOv",140,3,3,1,0,0,0,744,1
66,2014-10-09,520260032886489088,Don't get caught in The Trap! #RestoreLiberty #RestoreColorado #Dunafon4Gov http://t.co/05FBiWu3g7,98,0,1,3,0,0,1,744,3
67,2014-10-09,520287939847524352,"Come by Green Labs to meet Mike Dunafon who believes that marijuana should be legal statewide &amp; Nationwide!
- http://t.co/u9VISBIRxy",136,0,1,0,1,0,0,744,1
68,2014-10-09,520293898120216576, @SanhoTree #Colorado don't be #reckless #vote @Dunafon4Gov #YesWECannabis,74,2,0,4,0,3,0,744,7
69,2014-10-09,520294076260708352," @Dunafon4Gov DNR: Do not resuscitate the parties. #Chickenlooper #Fauxprez #YesWeCannabis #VOTEDUNAFON
#p2 #tcot 
http://t.co/",127,1,0,6,1,2,0,744,9
70,2014-10-09,520294214840500224, RT @Dunafon4Gov @DrJillStein  just put it best: closed debates = scripted politics This is the first open debate in #cop,121,2,0,1,0,3,0,744,4
71,2014-10-09,520335430747959296,"Had a great time on my weekly radio show this week! Every tuesday at 9:00am! 
http://t.co/ouAogmYwz3 http://t.co/OqaH1SjpcU",123,1,2,0,1,0,1,744,1
72,2014-10-10,520719376786288640,Collaborating with some of the greatest minds in #Colorado to make the last stretch change #copolitics forever http://t.co/oZWWIfu9C3,133,3,3,2,0,0,1,744,2
73,2014-10-10,520413001451466752, I think @Dunafon4Gov  is going to pull a huge upset in Nov. Severe lack of polling in CO govs race #copolitics #dunafon4gov,124,4,0,2,0,2,0,744,4
74,2014-10-10,520413607977578496,"@SamCosenza Were on a mission to restore Colorado! All the best, Mike",69,0,0,0,0,1,0,744,1
75,2014-10-10,520633034421579776,"Hemp is a wonder plant! Corporate interest groups are pulling the strings of both parties to block our progress.
- http://t.co/77YEUxKjuY",137,0,4,0,1,0,0,744,1
76,2014-10-10,520650473519718400,"If you are in the dispensary business on October 22nd, then you are cordially invited to Dispensaries for Dunafon.
- http://t.co/Cz7YvYfF9h",139,1,2,0,1,0,0,744,1
77,2014-10-10,520696555318558721,Politics is far too important to leave in the hands of unreputable characters. Critical thinking for critical times. http://t.co/SmPlGt6adS,139,1,2,0,0,0,1,744,0
78,2014-10-11,521033044451676160,"One symptom of overpowered government is open abuse of power. As your next governor, I will protect your rights!
- http://t.co/NcQDuCPc19",137,3,3,0,1,0,0,744,1
79,2014-10-11,521046345894068225,"Because we all know that the media won't ask, and the parties don't care, which policy would YOU strike from the books? #AskMike",128,2,3,1,0,0,0,744,1
80,2014-10-11,521049876403339264, .@BobBeauprez made things easier for his Wall St. buddies at the expense of Colorado working families. #COPolitics http://t.co/,128,13,0,1,0,2,1,744,3
81,2014-10-11,521050642300014592,Lesser of two evils is still evil. Show @hickforco and @bobbeauprez that you are NOT playing their fake party game. #dunafon4gov #copolitics,140,2,1,2,0,2,0,744,4
82,2014-10-11,521058954848518144,"Don't let the corporate Cronies runaway with your State! As Governor, corporations will have no say in our lives! http://t.co/PeQ3pVOA5o",136,2,1,0,0,0,1,744,0
83,2014-10-11,521067479884636162,@davewakefieldco @hickforco @bobbeauprez it's time to embrace the wishes of the people concerning hemp/pot not debate them.,123,1,1,0,0,3,0,744,3
84,2014-10-11,521061769352318976,@davewakefieldco I'm a firm believer in second amendment rights and will uphold them.,85,1,1,0,0,1,0,744,1
85,2014-10-11,520741897250553856,"As your next acting Governor, I will cut the corporate interests out of your states legislations! http://t.co/luBI5v4EXf",120,0,1,0,0,0,1,744,0
86,2014-10-11,520954684719128576,"Wondering if @hickforco and @bobbeauprez realize that #CO loves us, and only tolerated them. Pic by Jennifer. Thx! http://t.co/U6Ptd8X8V8",137,4,4,1,0,2,1,744,3
87,2014-10-11,521000501454721025,The growing hemp industry on #CO could teach is own #startupschool,66,1,2,2,0,0,0,744,2
88,2014-10-11,521001057531756545,http://t.co/HCCY4nuhyr | Claudio Grass: The Upcoming Swiss Gold Referendum http://t.co/unv9ry2Vu0,97,1,1,0,2,0,0,744,2
89,2014-10-11,521014611290509312, I think @dunafon4gov is my fav candidate so far. He's calling for the silicon valley of hemp in CO,99,3,0,0,0,2,0,744,2
90,2014-10-12,521105515984998400,Show @hickforco and @bobbeauprez that you are more than a statistic in a poll. Show them that in #copolitcs people matter. Vote #dunafon4gov,140,3,2,2,0,2,0,744,4
91,2014-10-12,521182141749927936,@mrsamybrooks I agree with you that the state has gotten or of hands and is over-extending itself. #politics #dunafon4gov,121,1,3,2,0,1,0,744,3
92,2014-10-13,521781234809458690,A Campaign team with integrity &amp; passion for politics in Colorado! Couldn't have asked for a better group of people! http://t.co/axYaKjV4ca,143,1,3,0,0,0,1,744,0
93,2014-10-13,521803702139887616, @Dunafon4Gov Love it! Keep up the good work! #dunafon4gov,58,1,0,1,0,2,0,744,3
94,2014-10-13,521544123007127552,http://t.co/HCCY4nuhyr | Price Deflation and Price Inflation Are Always Optimal http://t.co/Yu5D0t4icG,102,0,0,0,2,0,0,744,2
95,2014-10-13,521717773865873409,"Politics should be about ideas and trust. All the best, Mike
- http://t.co/HVUUVkpXGL",85,0,2,0,1,0,0,744,1
96,2014-10-13,521734777834311680,Take a stand! In November we all restore liberty. #Dunafon4Gov #Restoreliberty2014 http://t.co/SqGztgn9pA,105,4,5,2,0,0,1,744,2
97,2014-10-13,521761680481869824," Judging by the many Instagram photos, @SnoopDogg and Colo. gubernatorial candidate @Dunafon4Gov are new besties: http:/",120,3,0,0,1,3,0,744,4
98,2014-10-13,521761706243289088, Is @SnoopDogg hip-hops answer to the Koch Brothers? http://t.co/PelRk9k0WR #marijuana #pot @Dunafon4Gov,104,5,0,2,1,3,0,744,6
99,2014-10-13,521761947549966338, .@SnoopDogg is the latest rapper to throw his support behind Colorado gubernatorial candidate @Dunafon4Gov: http://t.co/TRZ5k1YB0S,131,3,0,0,1,3,0,744,4
100,2014-10-13,521764834086760448,Special Thanks to my friend @SnoopDogg for pledging his support for my campaign for Governor! #YesWeCannabis http://t.co/oHL94VdyXT,131,1,3,1,1,1,0,744,3
101,2014-10-13,521786256045654016,Snoop Dogg is the latest rapper to throw his support behind my campaign for Governor of Colorado! http://t.co/SCFAA01x2g,120,7,9,0,1,0,0,744,1
102,2014-10-14,522063165593780224," At #arvada forum, @Dunafon4Gov calls Common Core curriculum ""Common Floor,"" supports local control. #copolitics",112,4,0,2,0,2,0,744,4
103,2014-10-14,521858393414586368," By the looks of social media, @SnoopDogg and Colo. gubernatorial candidate @Dunafon4Gov are besties now: http://t.co/aGrTTCVQsH",128,4,0,0,1,3,0,744,4
104,2014-10-14,521884646200844288, @Dunafon4Gov @hickforco @bobbeauprez Go Mike go!! #dunafon4gov,63,2,0,1,0,4,0,744,5
105,2014-10-14,521907151728807936,http://t.co/HCCY4nuhyr | Rothbard on Self-Defense and War - Contrary to the claims of many advocates for expanding... http://t.co/2RSdeDNwyU,140,0,0,0,2,0,0,744,2
106,2014-10-14,522089236905099264," Fact. @Dunafon4Gov IS, in fact, the most interesting politician in the world: http://t.co/9lSxFwc4gq (+1 for @SnoopDogg) ",122,1,0,0,1,4,0,744,5
107,2014-10-14,522091431994097664," ""If youre not spending money, you better be different"" ~ @Dunafon4Gov http://t.co/k7pk5te6f6",93,1,0,0,1,2,0,744,3
108,2014-10-14,522092104890470400,"Should the ""war on hemp"" be stopped? I think so! All the best, Mike
- http://t.co/yO8Idzrfcr",92,1,3,0,1,0,0,744,1
109,2014-10-14,522092379923574784, IVN interviews Independent @Dunafon4Gov. Read here: http://t.co/5C6rYg6NDT Good work @DMBalderas!,98,5,0,0,1,3,0,744,4
110,2014-10-14,522095948487749632,Don't trust politicians who tell you and your loved ones lies! #Dunafon4Gov #Restoreliberty http://t.co/AfxkCqfaGK,114,3,3,2,0,0,1,744,2
111,2014-10-14,522115219234234368, Heard you were a wine drinker @Dunafon4Gov #dunafon4gov #yeswecannabis http://t.co/IAPteW3cK1,94,5,0,2,0,2,1,744,4
112,2014-10-14,522115451644833792,@ShopChatterbox major thx for the official wine glass of #dunafon4gov and the revolution in #copolitics,103,1,2,2,0,1,0,744,3
113,2014-10-14,522133560690761729,"Mail-in Ballots today.
Who are YOU voting for as your next governor?

- http://t.co/2ZmNs0Zkjo http://t.co/FM9tY50jnE",117,4,4,0,1,0,1,744,1
114,2014-10-14,522138223410446336,@Hick2014 @ArvadaChamber why did you leave so early???,54,1,1,0,0,2,0,744,2
115,2014-10-14,522138402670800896,"@joeybunch @hickforco left to avoid his ""standing NOvation""",59,1,0,0,0,2,0,744,2
116,2014-10-14,522146494972186624, @Austin_Irabor @Dunafon4Gov Glad U like them!  $15.99 ea ~ We have diff styles &amp; we personalize them 4 just $1 more htt,124,3,0,0,0,3,1,744,3
117,2014-10-14,522146636261494785,@ShopChatterbox @Austin_Irabor amazing! These are a must-have,61,2,2,0,0,2,0,744,2
118,2014-10-14,522160043584942080,http://t.co/QWxmrBCWMN,22,0,1,0,0,0,1,744,0
119,2014-10-15,522519488617783296," If you don't know, now you know: @SnoopDogg guested on @Dunafon4Gov's official campaign song 'The Trap:' http://t.co/uOBJOH0iAD",128,4,0,0,1,3,0,744,4
120,2014-10-15,522211135525638145, Lesser-known candidates for #Colorado governor shine at @ArvadaChamber  event. #copolitics @Dunafon4Gov http://t.co/ChYOUGgo,125,3,0,2,1,3,0,744,6
121,2014-10-15,522211336906752000," @bobbeauprez on #cannabis: ""I'm somewhere between @Dunafon4Gov and @Hick2014 #notreckless  #clearchoices #Dunafon4Gov #YesWeCan",128,1,0,5,0,4,0,744,9
122,2014-10-15,522267388189102080,http://t.co/HCCY4nuhyr | Is the Surge in Capital Goods Orders Due to Malinvestment? http://t.co/unya4WWbN6,106,0,0,0,2,0,0,744,2
123,2014-10-15,522397900522135552,"Listen to me live on Mile Hi Radio today at 9:00AM MST

http://t.co/00ErsxOMtL",78,2,1,0,1,0,0,744,1
124,2014-10-15,522429244291698689, @Dunafon4Gov Do an Ask me Anything on reddit!theyd be interested in hearing from the Snoop Dogg-endorsed candidate running for ,128,3,0,0,0,2,0,744,2
125,2014-10-15,522429541764329472,@CFRorg great idea! I'll do this after my whistle stop tour! #dunafon4gov #copolitics,85,1,2,2,0,1,0,744,3
126,2014-10-15,522429964373987329,@tomlucero1 @joeybunch @ArvadaChamber No. He was in Inglewood.,62,0,0,0,0,3,0,744,3
127,2014-10-15,522445175508172800,"A true story of liberty at work:

""Got my ballot today and am voting for an Independent for the first time in my... http://t.co/yYkC7x8g3g",138,0,1,0,1,0,0,744,1
128,2014-10-15,522450003646631936," Visit http://t.co/HVxT2YxRee

He turned Glendale around and will be good for Colorado. Only spent 30K 

@Dunafon4Gov 
#t",121,2,0,2,1,2,0,744,5
129,2014-10-15,522450105983438849," @Dunafon4Gov It is the new Jim Crow, Dunafon said, #truthtalk #thetrap #Dunafon4Gov #coleg #jefferson  http://t.co/D5qvccopbX",126,1,0,5,1,2,0,744,8
130,2014-10-15,522450171183906816," @SnoopDogg adds track to @Dunafon4Gov ""The Trap"" music video with @wyclef. Three-day #GOTV Halloween festival developing #",123,3,0,2,0,4,0,744,6
131,2014-10-15,522454750122749952,"Come show your support! And I'll be in attendance! #Dunafon4Gov
Denver Rock 'n' Roll Marathon Race 2014 http://t.co/Odbr1iDTw5",126,2,1,1,1,0,0,744,2
132,2014-10-15,522470749463117824,"If you missed my radio show this morning, you can click on the link below to listen ""On Demand""!!! #Dunafon4Gov
- http://t.co/bPo1qkmYy1",136,2,2,1,1,0,0,744,2
133,2014-10-15,522478470673498113, MT @MediaMarcus: Story: @SnoopDogg in talks with @Dunafon4Gov for 3-day #GOTV concert. #OctoberSurprise http://t.co/5lc3zt,123,7,0,3,1,4,0,744,8
134,2014-10-15,522478518874439681, If he'll go by SnoopHoneyBadger I'll vote for him. MT @MediaMarcus: @SnoopDogg talks w/ @Dunafon4Gov for 3day #GOTV en,119,3,0,2,0,4,0,744,6
135,2014-10-15,522484945240203264," Do your research, or whatever but just know @Dunafon4Gov is the man to be voted in for Colorado governor. Don't ignore this ",125,1,0,0,0,2,0,744,2
136,2014-10-15,522484989943099393, @karencrummy @Dunafon4Gov @MediaMarcus @SnoopDogg I'm liking Dunafon more and more every day,93,1,0,0,0,5,0,744,5
137,2014-10-15,522485098323910656, .@SnoopDogg is throwing a music and comedy festival for Colorado governor candidate @Dunafon4Gov:  http://t.co/ecUaKix4o0,122,5,0,0,1,3,0,744,4
138,2014-10-15,522487722234363904, Story: @SnoopDogg in talks with @Dunafon4Gov for three-day #GOTV endorsement concert. #OctoberSurprise http://t.co/QOW87dn,123,5,0,3,1,3,0,744,7
139,2014-10-15,522488385219604481,"@MMJMommaCO not that we don't need money, it's that we don't WANT money from corporations. Both parties are corrupt, &amp; we reject corruption!",144,0,1,0,0,1,0,744,1
140,2014-10-15,522488816473739264, Vote @Dunafon4Gov check out his website too. It's connected to his Twitter page. http://t.co/gUNXKOtAq7,104,3,0,0,1,2,0,744,3
141,2014-10-15,522491219654770690, @Dunafon4Gov Thank you! Great show with MileHIRadio!!! clarifies a few things excited for your show! :D,104,2,0,0,0,2,0,744,2
142,2014-10-15,522492547105820672,"Whistle Stop Tour!
- http://t.co/XmLYTP41FQ",43,3,1,0,1,0,0,744,1
143,2014-10-15,522494386513657857, @miguelmarquez - plan to visit Denver over Halloween. Snoop is throwing a 3-day fest to #GOTV w/ @Dunafon4Gov  http://t.,121,1,0,1,1,3,0,744,5
144,2014-10-15,522495228100767744, JUST IN: @SnoopDogg backs Colo. gov hopeful @Dunafon4Gov with music fest Halloween weekend http://t.co/rvmvxI38B6 by @bruvs ,125,20,0,1,1,4,0,744,6
145,2014-10-15,522495974640726016,If he'll go by SnoopHoneyBadger I'll vote for him. MT @MediaMarcus: @SnoopDogg talks w/ @Dunafon4Gov for 3day #GOTV endrsmt show #copolitics,140,2,0,2,0,3,0,744,5
146,2014-10-15,522496421225058305, @cannabist @SnoopDogg @Dunafon4Gov @bruvs This is groundbreaking and eye opening! #copolitics,94,3,0,1,0,5,0,744,6
147,2014-10-15,522501311447957504,@MMJMommaCO thank you! purse spread every easy you can. We have a race to win!,78,0,1,0,0,1,0,744,1
148,2014-10-15,522501508878065665,"""@RomeforFreedom: @cannabist @SnoopDogg @Dunafon4Gov @bruvs This is groundbreaking and eye opening! #copolitics""",112,3,1,1,0,5,0,744,6
149,2014-10-15,522501599697317888, Snoop Dogg backs Colorado gov hopeful with music fest http://t.co/79vcT1dyQZ via @po_st YES WE CAN-NABIS! VOTING FOR @Du,121,2,0,0,1,3,0,744,4
150,2014-10-15,522502031182147586,#HipHopBooks Snoop and I are throwing a the day festival to get out the vote! All Coloradans invited!,101,6,2,1,0,0,0,744,1
151,2014-10-15,522507250120671232,@Caldweeze Thank you for getting the word out. We truly appreciate your help. Mike,82,1,1,0,0,1,0,744,1
152,2014-10-15,522509207145558018," JUST IN via @cannabist: @SnoopDogg endorses @Dunafon4Gov, who appeared at our CO Gov. Debate Moderated by @RealProfGriff ",122,3,0,1,0,5,0,744,6
153,2014-10-15,522509370652123137, @Dunafon4Gov you got it!!!! Let us know what else we can do to help!!,70,1,0,0,0,2,0,744,2
154,2014-10-15,522509631172902913, @Dunafon4Gov MY INDEPENDENT FRIENDS AND I WHOM SUPPORT 21ST C. COMMON SENSE ECONOMICS WILL BE @ FESTIVAL IN FULL SUPPORT,121,2,0,1,0,2,0,744,3
155,2014-10-15,522520808305225729," @DLoesch please get @Dunafon4Gov on #dailydana
#Coloradans MUST know his story
True #independent w/ #libertarian values
#glenda",128,3,0,7,0,3,0,744,10
156,2014-10-16,522840293914058752,"My Friends, 
Next stop, Frisco in 15 minutes at Rocky Mountain Coffee Roasters.
Stay Thirsty for Liberty, and Vo... http://t.co/Kn1fdbd3Y2",138,3,0,0,1,0,0,744,1
157,2014-10-16,522555135080529920,"Redirect the runaway train that is political injustice and take back your state! Special thanks to Brian Frederick
- http://t.co/TGIKdVX0Vk",139,2,2,0,1,0,0,744,1
158,2014-10-16,522563666898849792," @Johnschroyer ask if they are willing to really chase 10,000 jobs out of our state? #A64 #marijuana @Dunafon4Gov @SLC_CO",121,2,0,2,0,4,0,744,6
159,2014-10-16,522564112996663297,"@samijow @Johnschroyer @SLC_CO that's right. The parties want to ruin what we've built, so the corporations can sell their prescription crap",140,1,1,0,0,3,0,744,3
160,2014-10-16,522567233995030528,"@Johnschroyer isn't it sad that they only want a 2 party race??? We're gunning 4 them, &amp; they know it. They can't hide from the people.",139,1,1,0,0,1,0,744,1
161,2014-10-16,522568321536102400," To understand the #collectivist threat that the #UN poses to freedom, read my new book The Real Culture War http://t.co",120,2,0,3,1,1,0,744,5
162,2014-10-16,522571208391684096," In case you didn't see this coming, @SnoopDogg has joined @wyclef in rapping about @Dunafon4Gov: http://t.co/ulw0FdxHM3 via @cann",130,4,0,0,1,5,0,744,6
163,2014-10-16,522578973201805313, @Dunafon4Gov http://t.co/yd1lljRKNe,36,3,0,0,0,1,1,744,1
164,2014-10-16,522579456419176448,@mikekilburn719 you'll never understand how important you are. Thank you for your support. Please spread the word. #dunafon4gov,127,2,2,1,0,0,0,744,1
165,2014-10-16,522638000409546752," @Dunafon4Gov maybe I should run the Rock n Roll rockin' ""Dunafon for Governor"" gear!! #getthewordout #yeswecannabis #DNR #the",126,1,0,4,0,2,0,744,6
166,2014-10-16,522765529439035392,http://t.co/HCCY4nuhyr | An Austrian Economist Reports From a Mainstream Economics Conference http://t.co/aWNssP2jqH,116,2,0,0,2,0,0,744,2
167,2014-10-16,522766584545570817," Can't wait, sick of #Frackenlooper. @hickforco has got to go @cannabist @SnoopDogg @Dunafon4Gov @bruvs @FreeandEqual",117,3,0,1,0,7,0,744,8
168,2014-10-16,522773787792916480,"*** Are you voting for Mike Dunafon? If so, leave your comment below, and I'll choose tw... http://t.co/yYkC7x8g3g http://t.co/hM2dHusKtC",137,3,1,0,1,0,1,744,1
169,2014-10-16,522776739354013696,"Fact. @Dunafon4Gov IS, in fact, the most interesting politician in the world: http://t.co/3FouftDfny (+1 for @SnoopDogg) @DMBalderas",132,2,0,0,1,3,0,744,4
170,2014-10-16,522809111713689601,"My Friends, 
We're heading out today on our whistle stop tour. Tonight, we'll land in Gr... http://t.co/yYkC7x8g3g http://t.co/wCnpP5CvOT",137,4,0,0,1,0,1,744,1
171,2014-10-16,522812928886841344, @Dunafon4Gov  You have my vote Governor,40,3,0,0,0,2,0,744,2
172,2014-10-16,522813002207465472, I voted! #yesonCannabis @Dunafon4Gov So long @hickforco You are too #reckless #CO http://t.co/SqlUCnfWhZ,105,7,0,3,0,3,1,744,6
173,2014-10-16,522813735518633986, WATCH/SHARE: Open Colorado Gubernatorial Debate w @RealProfGriff: http://t.co/zqzPNmXj2B @Dunafon4Gov @hempy4governor @mx,122,10,0,1,1,5,0,744,7
174,2014-10-16,522817042358218753,"@snoopdogg showing his support for my campaign! The message is clear! no more two party politics! #Dunafon4Gov
- http://t.co/BL02wmqvfs",135,2,1,1,1,1,0,744,3
175,2014-10-16,522823134391459843," @Dunafon4Gov @MediaMarcus @SnoopDogg I second that.
#SnoopHoneyBadger doesn't give a $h!t",90,1,0,1,0,4,0,744,5
176,2014-10-16,522841974790168576,"My Friends, 
Next stop, Frisco in 15 minutes at Rocky Mountain Coffee Roasters.
Stay Thirsty for Liberty, and Vo... http://t.co/yYkC7x8g3g",138,0,0,0,1,0,0,744,1
177,2014-10-16,522842101000966146,http://t.co/yYkC7x8g3g http://t.co/StNhVLAsBL,45,1,0,0,1,0,1,744,1
178,2014-10-16,522842116389490689,http://t.co/Kn1fdbd3Y2 http://t.co/RU7hh7VN5u,45,3,0,0,1,0,1,744,1
179,2014-10-16,522850096879136768," Pick me, @Dunafon4Gov for free tickets to see @SnoopDogg Nov.1st!!! GIMMIE GIMMIE ME ME ME, ME ME ME!!!!!!! PICKME!!! http://t.c",129,3,0,0,0,3,1,744,3
180,2014-10-16,522851384480120832, You have to be prepared to govern after you win the peace. - @Dunafon4Gov. Read here: http://t.co/sQhMrh3G8W,109,12,0,0,1,2,0,744,3
181,2014-10-16,522869768638840834,"Snoop Dogg and I are throwing a Music and Comedy Festival to get Coloradans to vote and take a stand this November!
- http://t.co/7xObW8hbk9",140,6,5,0,1,0,0,744,1
182,2014-10-16,522872945677725697,Liberty at work. Coloradans are moving beyond party lines and into a state without party... http://t.co/yYkC7x8g3g http://t.co/QksUUIno4z,137,4,3,0,1,0,1,744,1
183,2014-10-16,522879493719863296," I just voted @Dunafon4Gov. Socially liberal and fiscally conservative, a candidate for true individual freedom. #copolitics",124,6,0,3,0,2,0,744,5
184,2014-10-17,522976618638483457,I'll be at the Rock and Roll N' Roll Denver Marathon this Sunday to support the incredible athletes and converse with the people of Colorado,140,5,4,0,0,0,0,744,0
185,2014-10-17,523250605717213184, Making National news... Washington Post! @Dunafon4Gov  http://t.co/mMVZnXo0FS,78,1,0,0,1,2,0,744,3
186,2014-10-17,522992142055395328,http://t.co/HCCY4nuhyr | Four Reasons the Bernanke-Yellen Asset-Price Inflation May Be Nearing Its End http://t.co/nKbGnMMCG0,125,1,0,0,2,0,0,744,2
187,2014-10-17,523126572786909184, @bruvs @Dunafon4Gov @SnoopDogg Wake up in the morning feeling as good as I can/Heading to the voting booth so I can vot,120,1,0,1,0,4,0,744,5
188,2014-10-17,523144003584528384," @SnoopDogg endorses liberty candidate Mike @Dunafon4Gov in Colorado
http://t.co/fQY865NyIH
#Vote4Liberty",105,3,0,1,1,3,0,744,5
189,2014-10-17,523151674450644992,"I'm happy to announce: ""The Trap"", now featuring @Wyclef and @SnoopDogg
How's that for support? --&gt; http://t.co/jzGGQ274A9",125,7,3,0,1,2,0,744,3
190,2014-10-17,523161319256891392," Yes, I voted for @Dunafon4Gov , Just like @SnoopDog would if he lived here!",76,3,0,0,0,3,0,744,3
191,2014-10-17,523173561369116672,"Check out the remix to my political song The Trap ft. Snoop doggy &amp; Wyclef! Please share! 
http://t.co/fIqlehpmMH",117,3,1,0,1,0,0,744,1
192,2014-10-17,523177661246763008, Hooray @Dunafon4Gov! 'Join Snoop and Wyclef: Yes We Cannabis!' is included - See it here  http://t.co/iuA7RKCCkg,113,2,0,0,1,2,0,744,3
193,2014-10-17,523188147224866816, How @Dunafon4Gov @SnoopDogg &amp; @wyclef are changing politics: http://t.co/yIlvl9YAuO #copolitics http://t.co/7BE8wKgvv6,123,2,1,1,1,4,1,744,6
194,2014-10-17,523204591614439424, Spoiler alert!!! @Dunafon4Gov has 22% of the vote thus far! Your vote does matter and he CAN win!!!! #yeswecannabis,116,2,0,1,0,2,0,744,3
195,2014-10-17,523207982038151168, Dunafon!!! @Dunafon4Gov http://t.co/VpcUPq5jHI,47,2,0,0,0,2,1,744,2
196,2014-10-17,523235910008459265,We are close to destabilizing the corrupt two party system. Your votes matters and we will affect change in Colorado http://t.co/bY3D5r5lZr,139,3,5,0,0,0,1,744,0
197,2014-10-17,523244103195447296,On our Western Slope Campaign Tour. Next Stop Durango! http://t.co/yYkC7x8g3g http://t.co/iunyAHddX3,100,2,3,0,1,0,1,744,1
198,2014-10-17,523250475886710785,On our Western Slope Campaign Tour. Next Stop Durango! http://t.co/lTnOe20tSX,77,2,0,0,0,0,1,744,0
199,2014-10-17,523250575174287360, #TellYourCrowd about Join Snoop and Wyclef: Yes We Cannabis! http://t.co/VfUAB5Ay2X via @CrowdfundCentre @dunafon4gov,118,2,0,1,1,3,0,744,5
200,2014-10-18,523547876635729920, Just read about Mike Dunafon (@dunafon4gov) in roostermagazine &amp; he has my vote for #CO Gov! http://t.co/Wy1P8yz4WT,120,2,2,1,1,2,0,744,4
201,2014-10-18,523305253744435201," The PERFECT metaphor for #copolitics : ""The Trap"" by @Dunafon4Gov ft. @Wyclef and @SnoopDogg.  #ilikemike http://t.co/u",120,3,0,2,1,4,0,744,7
202,2014-10-18,523305129756598273,@PsudoRnchrBprz @wyclef @SnoopDogg lol no. But they are great guys and support critical thinking and liberty. #copolitics #dunafon4Gov,134,2,0,2,0,3,0,744,5
203,2014-10-18,523494276261761024, @Dunafon4Gov  my roommate says he'll give me $5 if you get more than 5%. Challenge easily accepted,99,2,0,0,0,2,0,744,2
204,2014-10-18,523595737117257729,@CRobertBuchanan voting for me puts YOU on charge. Never vote out of fear. #yeswecannibis #copolitics,101,1,2,2,0,1,0,744,3
205,2014-10-18,523495262971764736,@kjw393 the tour is going VERY well! The real fruits of our labor will be known on Nov 4th,90,1,0,0,0,1,0,744,1
206,2014-10-18,523495363286937600, @B33Qn @Dunafon4Gov I got offered drinks if we break 20%. I'm waiting till we get 37% on election night and win.,113,1,0,0,0,3,0,744,3
207,2014-10-18,523495651276247041,@SLC_CO @B33Qn now THAT'S the spirit!,37,1,1,0,0,2,0,744,2
208,2014-10-18,523501311845990401,Liberty then. Liberty now. #dunafon4gov #copolitics http://t.co/gXZrKDGSWq,74,6,3,2,0,0,1,744,2
209,2014-10-18,523544971618844672,"My Fellow Coloradans, were getting close to dismantling the two party system! We need your votes and the continued push for liberty.",132,3,3,0,0,0,0,744,0
210,2014-10-18,523547237809676288, There's going to be an #OctoberSurprise #dunafon4gov @SnoopDogg @Dunafon4Gov #copolitics  http://t.co/pLBaac1jvw http://t.co/6i,128,1,0,3,1,3,1,744,7
211,2014-10-18,523574671246389248,"My Friends,
Great visit today at Southern Ute Indian Reservation in Ignacio, Colorado. T... http://t.co/yYkC7x8g3g http://t.co/I9pVUJDfzp",137,2,1,0,1,0,1,744,1
212,2014-10-19,523640978947997696, @Dunafon4Gov MY INDEPENDENT FRIENDS AND I WHOM SUPPORT 21ST C. COMMON SENSE ECONOMICS WILL BE @ FESTIVAL IN FULL...,116,1,1,0,0,2,0,744,2
213,2014-10-19,523964472680251392,"learned about local issues with shop owners Martin &amp; Betty. And lets mail in those ballots! All the Best, Mike http://t.co/ffbnnfgOgp",137,3,1,0,0,0,1,744,0
214,2014-10-19,523935447219974144,"Protect your rights from the two party political system! #dunafon4Gov 
http://t.co/Q8jkuAzmBn",93,3,1,1,1,0,0,744,2
215,2014-10-19,523916436704858112,"My Friends, 
Stopped into Nature's Medicine in Salida and had a wonderful conversation w... http://t.co/yYkC7x8g3g http://t.co/YmeXSYR5GR",137,2,0,0,1,0,1,744,1
216,2014-10-19,523902781225463808,"We must continue to build a world-leading cannabis and hemp industry here in Colorado.
Snoop is in. Are you? http://t.co/sigzsXH9cd",131,4,2,0,0,0,1,744,0
217,2014-10-19,523896637270540288,L,1,1,0,0,0,0,0,744,0
218,2014-10-19,523887668103356418," @MichaelSalamone @DenverNewsWatch @Dunafon4Gov @hickforco 
Pls know you risk getting a Gov who wants to repeal A64, &amp; MORE c",129,2,0,0,0,5,0,744,5
219,2014-10-19,523703898897674240,Come on out to the Rock and Roll N' Roll Denver Marathon this weekend to support the incredible athletes representing Colorado! #Dunafon4Gov,140,1,1,1,0,0,0,744,1
220,2014-10-19,523654473357750272,http://t.co/yYkC7x8g3g http://t.co/ZBewOeu7jn,45,1,1,0,1,0,1,744,1
221,2014-10-19,523654469545127937,http://t.co/yYkC7x8g3g http://t.co/MGXupq7tXT,45,1,0,0,1,0,1,744,1
222,2014-10-19,523650467319267329,"My Friends, 
Had a great conversation with Phil &amp; John at Pat Parelli Natural Horsemanship today. They run a fir... http://t.co/yYkC7x8g3g",142,1,0,0,1,0,0,744,1
223,2014-10-20,524321756296011777, 2 votes for @Dunafon4Gov !,27,3,1,0,0,2,0,744,2
224,2014-10-20,523994520363757568,"Some important information about the parties. Anti-birth control, anti-women.
http://t.co/qJ4FEHrtcT
http://t.co/uNDoLIX1rc",123,1,0,0,2,0,0,744,2
225,2014-10-20,524197126075858945,I'm in #PuebloCO today getting up to speak to fellow Coloradans about why whip will change &amp; will remain for them. #copolitics #dunafon4gov,143,3,1,3,0,0,0,744,3
226,2014-10-20,524203904574443520, @Dunafon4Gov 3rd Parties Under Attack With Open Primary / Top 2 Voting Scheme http://t.co/SdPG4AuY61 please retweet share,122,2,0,0,1,2,0,744,3
227,2014-10-20,524208015830835201,"My interview with Ann Butler, Durango Herald staff writer:

Unaffiliated gubernatorial candidate Mike Dunafon, 6... http://t.co/Kn1fdbd3Y2",138,1,1,0,1,0,0,744,1
228,2014-10-20,524209249413767168,"My interview with Ann Butler, Durango Herald staff writer:

Unaffiliated gubernatorial candidate Mike Dunafon, 6... http://t.co/yYkC7x8g3g",138,0,1,0,1,0,0,744,1
229,2014-10-20,524213829027520512," @SenRandPaul do the right thing and endorse @Dunafon4Gov...NOW!
#copolitics #Colorado #liberty #ilikemike
@SnoopDogg...",120,3,2,4,0,4,0,744,8
230,2014-10-20,524228998805860352," @Dunafon4Gov #Godbless you Mike!
#WINNING!",43,2,0,2,0,2,0,744,4
231,2014-10-20,524239898149404672,Dont forget how important each and every vote can be! Vote through a process of critical thinking. Vote for change. Vote to restore liberty,139,1,0,0,0,0,0,744,0
232,2014-10-20,524274553464561664, You have got my vote just sent in my mail in ballot. I want to see you as my Senator not Govenor.@Dunafon4Gov,110,1,0,0,0,2,0,744,2
233,2014-10-20,524278859513217024,"Friends, 

I'm speaking at the Red Leg Brewing Company in Colorado Springs tonight at 5:00PM.

My speech is open... http://t.co/yYkC7x8g3g",138,6,2,0,1,0,0,744,1
234,2014-10-20,524290990505754625,"I'm speaking at the Red Leg Brewing Company in Colorado Springs tonight at 5:00PM.
My speech is open to the public &amp; I will answer your Q's!",144,2,1,0,0,0,0,744,0
235,2014-10-20,524307620882952193, You have to be prepared to govern after you win the peace. - @Dunafon4Gov. Read here: http://t.co/sDV5KxqI6C,109,13,0,0,1,2,0,744,3
236,2014-10-20,524328980800106496, .@HuffingtonPost and frustrated #democrats are turning to @dunafon4gov because @hickforco is so terrible!! #nofracking #votec,126,3,0,3,0,4,0,744,7
237,2014-10-21,524649500359786496, So I tagged a voter at random in very D crowd. Says Democrats will pull it off. But...she's voting for @Dunafon4Gov over Hic,125,3,0,0,0,2,0,744,2
238,2014-10-21,524365761805299713," Make no mistake #Colorado, a #vote for @Dunafon4Gov is a vote for the #cannabis #industry #cannabiz @TheHempCast...",116,7,3,5,0,3,0,744,8
239,2014-10-21,524501480271642624,Where are all the people? - http://t.co/96VK0rJHFI http://t.co/ShlC0Q0D4S,73,4,1,0,1,0,1,744,1
240,2014-10-21,524585748725764096,"Do you or your friends want to hear more about my liberty philosophy? 
Catch me on State Scoop Radio today at 11... http://t.co/yYkC7x8g3g",138,2,0,0,1,0,0,744,1
241,2014-10-21,524587053166886912, @Dunafon4Gov Thanks for sharing. More great interviews by @jeff4justice at http://t.co/FYWskijPI5 Subscribe at http://t.c,122,1,0,0,2,3,0,744,5
242,2014-10-21,524588226343100416,@tomlucero1 I will dm you.,26,0,0,0,0,1,0,744,1
243,2014-10-21,524589705841893376, The people of #Colorado are not having 2nd thoughts. Prohibitionist zealots in public office are masquerading as people.,121,5,6,1,0,1,0,744,2
244,2014-10-21,524594901586284544, WANT A WORLD-CLASS #MARIJUANA INDUSTRY? @Dunafon4Gov is your candidate for governor! #copolitics #cogov #coleg #Colorado,121,4,2,5,0,2,0,744,7
245,2014-10-21,524622505710215168,"Do you or your friends want to hear more about my liberty philosophy? 
Catch me on State Scoop Radio today at 11AM. http://t.co/nm3jBCojJh",138,1,2,0,1,0,0,744,1
246,2014-10-21,524627031074803715," Does the rap video #TheTrap with @Dunafon4Gov and @wyclef signal a new normal in political campaigning? 
http://t.co/ERb23",123,5,0,2,1,3,0,744,6
247,2014-10-21,524632624166629376," C'mon #PuebloCO! Cast your ballot for @Dunafon4Gov!!!
#copolitics #Colorado #2014election #vote4liberty #ilikemike #liberty",124,1,0,7,0,2,0,744,9
248,2014-10-21,524636330438197248,"As election day nears, I can't help but think about all the things we can change! List your top 3 issues that have unjustly been ignored.",137,2,1,0,0,0,0,744,0
249,2014-10-21,524655721745772544," @Dunafon4Gov 
1) #Business #tax #reform i.e. #useTax
2) #deregulation = #jobs in #oilandgas #mmj
3) #noMore #taxes to public sc",128,2,0,11,0,2,0,744,13
250,2014-10-21,524682194825248768, Another reason to vote @Dunafon4Gov CO state officials want to ban edible #cannabis products Only #vote is #dunafon4gov don't...,129,3,2,3,0,2,0,744,5
251,2014-10-22,525039266087591936,http://t.co/yYkC7x8g3g http://t.co/M6oUGxEWcY,45,2,0,0,1,0,1,744,1
252,2014-10-22,524723184487387136,The fight is on! http://t.co/QrYVNmpCUo VOTE out Hickenlooper &amp; Beauprez @Dunafon4Gov for Governor and lets stop this absurdity!,132,3,1,0,1,1,0,744,2
253,2014-10-22,524757819661500417,http://t.co/HCCY4nuhyr | World War I in Our Minds: A Historical View http://t.co/aNV0g2szTI,91,2,1,0,2,0,0,744,2
254,2014-10-22,524884157336662016,"My Friends,
I love 14-hour days for victory.
Peter Boyles show 7:25am
Mandy Connell show 8am
Adam Dunn show 11:3... http://t.co/yYkC7x8g3g",138,1,0,0,1,0,0,744,1
255,2014-10-22,524950181025153024," Does rap video #TheTrap with @Dunafon4Gov and @wyclef signal a new normal in political campaigning? 
http://t.co/0qpY762Kiz",124,2,1,1,1,3,0,744,5
256,2014-10-22,524985823478165504,"I'll be on the Adam Dunn show today, recording more with a trailblazer in the fight to change Colorado for Good!
- http://t.co/zJuv0r491R",137,4,1,0,1,0,0,744,1
257,2014-10-22,525002693363134464,What are 3 laws I need to address as next Governor that are driven by corrupt greed &amp; corrupt politics in Colorado? http://t.co/Xny3zXhSLg,142,2,4,0,0,0,1,744,0
258,2014-10-22,525038088289275904,"My Friends,
The Champs show at the convention center is bringing together cannabis entrepreneurs and I want to a... http://t.co/yYkC7x8g3g",138,1,0,0,1,0,0,744,1
259,2014-10-22,525038090428350464,"My Friends, 
Is this a NASCAR event?
No, it's the Champs show backdrop. Congrats to all of the small businesses ... http://t.co/yYkC7x8g3g",138,1,0,0,1,0,0,744,1
260,2014-10-22,525039243891314688,http://t.co/yYkC7x8g3g http://t.co/mrsd4lxH02,45,1,1,0,1,0,1,744,1
261,2014-10-22,525039248257589250,http://t.co/yYkC7x8g3g http://t.co/9KP4I6tg2P,45,1,1,0,1,0,1,744,1
262,2014-10-22,525039254972686337,http://t.co/yYkC7x8g3g http://t.co/wrDkuzezbV,45,1,1,0,1,0,1,744,1
263,2014-10-22,525039260735668224,http://t.co/yYkC7x8g3g http://t.co/BjMFjhzjIe,45,2,0,0,1,0,1,744,1
264,2014-10-22,525064157587316736,"Overcome fear with knowledge. Thanks to CB Scientifics new THC testing kit, now THC levels in edibles can be accurately tested!",127,2,1,0,0,0,0,744,0
265,2014-10-22,525047802783883264,"We're close, but we still need people to cast in votes. Every vote gets us closer to alleviating corporate influence. http://t.co/IUcyEAnkgl",140,4,2,0,0,0,1,744,0
266,2014-10-23,525332595190812672,"Veterans for Dunafon is tonight! Cant wait to meet my veteran supporters tonight. Please, stop by Colorado Athletic Club Iverness Tonight.",138,2,3,0,0,0,0,744,0
267,2014-10-23,525078046819500032,"Some important information about the parties. Anti-birth control, anti-women.
http://t.co/qJ4FEHrtcT
http://t.co/uNDoLIX1rc",123,2,1,0,2,0,0,744,2
268,2014-10-23,525090199953367040,"If you are in the mmj biz &amp; plan on attending tonight's Dispensaries for Dunafon event, the address is: 1250 31st St Denver, Colorado 80205",143,2,1,0,0,0,0,744,0
269,2014-10-23,525092879581327362,"If you are in the mmj biz &amp; plan on attending tonight's ""Dispensaries for Dunafon"" event, the proper address is:... http://t.co/yYkC7x8g3g",142,1,0,0,1,0,0,744,1
270,2014-10-23,525110985791897600,"At Green Labs Denver, we are gearing up for the biggest political upset in #CO history. #copolitics #yeswecannabis http://t.co/lWPr7mNV8E",137,2,1,3,0,0,1,744,3
271,2014-10-23,525118112661004289,"Without us, big government, fueled by corporate dollars and party games is nothing more ... http://t.co/yYkC7x8g3g http://t.co/PRgAPEtjB1",137,4,2,0,1,0,1,744,1
272,2014-10-23,525333187216814080,"At last night's Dispensaries for Dunafon event, we solidified the fact that the relation... http://t.co/yYkC7x8g3g http://t.co/RwGyHFxKYe",137,3,0,0,1,0,1,744,1
273,2014-10-23,525349756030418944,"Hold dear strength in numbers. Without us big government, fueled by corporate dollars and party games is nothing more than an echo chamber.",139,3,1,0,0,0,0,744,0
274,2014-10-23,525380009633275906,A critical thinking mind is a powerful tool. Break free from the theoretical chains inhibiting our states progress! http://t.co/kLTDi4IrD6,138,3,1,0,0,0,1,744,0
275,2014-10-23,525385336873287680,"My Friends,
Special thanks to Joel, Mike and Gabe at Green Labs for hosting an awesome e... http://t.co/yYkC7x8g3g http://t.co/pi1HIoPNwy",137,2,0,0,1,0,1,744,1
276,2014-10-23,525406516569210882,"It's not about needing government. It's about people needing other people, &amp; the fact that we don't need manipulative leaders to get along.",143,2,2,0,0,0,0,744,0
277,2014-10-24,525743067014651904,"My Friends,
Thanks to Chris Ward for hosting a wonderful conversation on how we can do so much more to support our veterans.",124,1,0,0,0,0,0,744,0
278,2014-10-24,525443048680210432,"Special thanks to Joel, Mike &amp; Gabe at Green Labs for their event last night. With the Red Card vote, we will win! http://t.co/cfo0viCAbv",141,3,2,0,0,0,1,744,0
279,2014-10-24,525528641930010624,http://t.co/HCCY4nuhyr | Public Accommodation and Social Engineering http://t.co/fRpGnPYh9X,91,1,0,0,2,0,0,744,2
280,2014-10-24,525668276614234112,"My Friends,
Thanks to Chris Ward for hosting a wonderful conversation on how we can do so much more to support o... http://t.co/iSbysAXpGM",138,2,0,0,1,0,0,744,1
281,2014-10-24,525669143891415041,"My Friends,
Thanks to Chris Ward for hosting a wonderful conversation on how we can do so much more to support o... http://t.co/yYkC7x8g3g",138,1,0,0,1,0,0,744,1
282,2014-10-24,525698230135164928,Speaking to families who have our medical marijuana laws to thank for saving their children lives. This election is bigger than #copolitics,139,3,3,1,0,0,0,744,1
283,2014-10-24,525727385006915585,The over-regulation of marijuana that @hickorco &amp; @Bonneville have voted to push are hurting small kids and families. Choose #liberty #CO,141,3,0,2,0,2,0,744,4
284,2014-10-24,525741396909883394,"With attack ads, radio commercials, and everything else that fights our attention, it's ... http://t.co/yYkC7x8g3g http://t.co/Acw8SF5D7q",137,2,1,0,1,0,1,744,1
285,2014-10-24,525780225226194944,"Lets vote conscientiously, ignore the political party games, and VOTE with our fellow people in mind. http://t.co/9uQxxniBBF",124,4,2,0,0,0,1,744,0
286,2014-10-25,526126598043746304," @Dunafon4Gov This is horrifying HHS, CPS and the Criminalization of Parenthood - virtually any human condition
http://t.co/",124,2,0,0,1,2,0,744,3
287,2014-10-25,525824451787882497, Does anyone take these clowns seriously? @Hick2014 and @bobbeauprez are the best reasons to vote for @Dunafon4Gov http://t.co/R,128,2,0,0,1,4,0,744,5
288,2014-10-25,525845577674661888,"http://t.co/PhsSPF75Aa | Obamacare Is Not a Revolution, It Is Mere Evolution http://t.co/XH3paPGUCP",99,2,0,0,2,0,0,744,2
289,2014-10-25,525848163584720896,"We need 50 volunteers to help get the word out. It will greatly impact the results of this campaign! please, REPLY with you availability!",137,3,2,0,0,0,0,744,0
290,2014-10-25,526079240014688256,"http://t.co/w9hRg8WQza

Take a look at these children. If not for the people of Colora... http://t.co/yYkC7x8g3g http://t.co/DCuQqLs8fR",135,3,2,0,2,0,1,744,2
291,2014-10-25,526125880536748032,Parties have decided that their corporate medicine donors are more important than the future of kids &amp; the people http://t.co/BtfmwCgPz0,140,4,3,0,0,0,1,744,0
292,2014-10-25,526126645418393600,@MMJMommaCO it's what were trying to stop,41,0,1,0,0,1,0,744,1
293,2014-10-26,526430794299224064,"http://t.co/w9hRg8WQza

Our veterans are often the only people truly standing between ... http://t.co/yYkC7x8g3g http://t.co/whQBA5iQVo",135,3,1,0,2,0,1,744,2
294,2014-10-26,526162893155618817,"Look for my Sirius Radio interview with Cannabis Network Radio.

It's great conversation... http://t.co/yYkC7x8g3g http://t.co/LkpAT0OsQ8",137,4,4,0,1,0,1,744,1
295,2014-10-26,526416109919293440,"Look for my Sirius Radio interview with Cannabis Network Radio! 
http://t.co/O3KqKPhYaj http://t.co/NdOunIN0UA",110,4,1,0,1,0,1,744,1
296,2014-10-26,526424215281340416,Our Veterans Deserve Peace - http://t.co/kaEw82s9be,51,2,2,0,1,0,0,744,1
297,2014-10-26,526470148639977472,This election year is our chance to give our veterans what they deserve: PEACE. http://t.co/TxkonIzRTU,102,4,3,0,0,0,1,744,0
298,2014-10-27,526602134415233026,"http://t.co/fzTs9sAeeg In this 30-minute unedited conversation, Mayor Mike Dunafon sits down with four Canna Mo... http://t.co/mC7WXTZdwD",137,2,1,0,1,0,1,744,1
299,2014-10-27,526528644202901506, My #vote for #Colorado #governor - Mike Dunafon! @Dunafon4Gov http://t.co/vxDSD14kBe #copolitics #dunafon4gov #denver #GoVo,124,2,0,7,1,2,0,744,10
300,2014-10-27,526528776914866176, @Dunafon4Gov You can do it! You have my vote!,46,1,0,0,0,2,0,744,2
301,2014-10-27,526541940968665088,"http://t.co/w9hRg8WQza

Please share this card with at least two friends. By passing t... http://t.co/yYkC7x8g3g http://t.co/UXKaCT3jEF",135,3,2,0,2,0,1,744,2
302,2014-10-27,526553305418575872,"By passing this message on, we build the energy we need to win the race, and end irresponsible politics in http://t.co/6B7bKShm9c",129,4,1,0,0,0,1,744,0
303,2014-10-27,526598441938325504,Mike Dunafon visits with Canna Moms: http://t.co/f3R1wgOEUH via @YouTube,72,2,0,0,1,1,0,744,2
304,2014-10-27,526761689119985664,"My sit down with four Canna moms &amp; their children to discuss the cannabis treatment that has saved their lives.
http://t.co/ohwuojYtAE",138,3,0,0,1,0,0,744,1
305,2014-10-27,526809362019676160,"As November 4th approaches, I ask all my supporters to do one thing. Help spread the word! all the best, Mike http://t.co/NUumuL5621",132,4,2,0,1,0,0,744,1
306,2014-10-27,526881566971412480, Glad I wore a shirt that's somewhat presentable today. My chat with @MollyHughes about @Dunafon4Gov for DPTV: http://t.,120,3,0,0,1,3,0,744,4
307,2014-10-27,526883218260492288, Here's how Colorado politician @Dunafon4Gov charmed @SnoopDogg and @wyclef: http://t.co/u7fi60ga3e,99,4,0,0,1,4,0,744,5
308,2014-10-27,526883627641364481,"Last Day to Register to Vote online with the Secretary of State!!!

- http://t.co/i7BbhUJ0vL",92,3,0,0,1,0,0,744,1
309,2014-10-28,527130142020497408,http://t.co/yYkC7x8g3g http://t.co/B4mNJGu81D,45,3,2,0,1,0,1,744,1
310,2014-10-28,526902444358656000,"How much of this so called record breaking political cash flood is going towards keeping the people in the dark?
- http://t.co/x1r8CqfsfL",137,2,2,0,1,0,0,744,1
311,2014-10-28,526916424728850432,"Reverb stopped by to learn about my political views and how I can get the job done in Colorado. #RestoreLiberty2014
- http://t.co/Y7YcK7rI2Q",140,2,1,1,1,0,0,744,2
312,2014-10-28,526926933045440512," Who is @Dunafon4Gov? Great reporting by @bruvs &amp; @Official_MattM on this pro-weed, pro-hip-hop cowboy candidate: http://t.c",128,4,0,0,1,4,0,744,5
313,2014-10-28,527010323426185217,"Tonight, you can find me at the 710 Private Art Collective from 7-8 PM in Aurora.

I'll be admiring works of fin... http://t.co/yYkC7x8g3g",138,2,0,0,1,0,0,744,1
314,2014-10-28,527119196573163521,Supporter Tiny Martinez strapped himself to my billboard this am in an effort for fair coverage. #freetiny http://t.co/4NLtYTRv3g,129,5,6,1,0,0,1,744,1
315,2014-10-28,527120423558066176, Hick just condoned statutory rape in #cbs4debate #tcot #copolitics,67,10,0,3,0,1,0,744,4
316,2014-10-28,527143450115067904,"Interested in hearing me talk about state politics? Follow the link below! All the best, Mike http://t.co/of0QKVJCKm",116,1,2,0,1,0,0,744,1
317,2014-10-28,527230572339658752,"Tonight, you can find me at the 710 Private Art Collective from 7-8 PM in Aurora. Ill be admiring works of art, and engaging with artists",137,2,1,0,0,0,0,744,0
318,2014-10-28,527120897266946048, @Dunafon4Gov #denver citizen Tiny Martinez supporting #mikedunafon 4 #Colorado #governor #vote #election #protest http://t.,124,1,0,7,0,2,1,744,9
319,2014-10-28,527130136177815552,http://t.co/yYkC7x8g3g http://t.co/NCulMAgr3m,45,5,2,0,1,0,1,744,1
320,2014-10-28,527136665341816832,"***Support your fellow Coloradan. Reply to this post with #freetiny

Early this morning, supporter Tiny Martinez... http://t.co/yYkC7x8g3g",138,3,3,1,1,0,0,744,2
321,2014-10-29,527295429688709122,http://t.co/HCCY4nuhyr | Nobel Winner Jean Tiroles Faulty Views on Monopoly http://t.co/cVdOtlBP67,98,1,0,0,2,0,0,744,2
322,2014-10-29,527290912645582849,"At the 710 Private Art Collective, where liberty &amp; freedom of expression go hand-in-hand. #yeswecannabis #copolitics http://t.co/olhXtFxQ2g",143,2,1,2,0,0,1,744,2
323,2014-10-29,527292162049064960," Colorado's state slogan is, ""Enter a Higher State.""",52,2491,0,0,0,1,0,744,1
324,2014-10-29,527479618220351488,"Tiny Martinez, supporter who strapped himself 2 my billboard demanding fair coverage was freed from jail last night! #freetiny #copolitics",138,1,3,2,0,0,0,744,2
325,2014-10-29,527503132038037504,"My Friends, 
Join me for an informal happy hour today at 5:30pm in Boulder. We will be a... http://t.co/yYkC7x8g3g http://t.co/LNXXHwYee6",137,2,1,0,1,0,1,744,1
326,2014-10-29,527522262849961984,"Join me for an informal happy hour today at 5:30pm in Boulder. We will be at the Bohemian Biergarten, 2017, 13th Street, Boulder, 80302.",136,2,2,0,0,0,0,744,0
327,2014-10-29,527531620413485056,"Hey Team Dunafon, We are looking for volunteers who can help us make phone calls on behalf of the campaign to voters!
http://t.co/Ut8ekPKsbX",140,2,1,0,1,0,0,744,1
328,2014-10-29,527569477752598529,"Join me at the Bohemian Biergarten, 2017, 13th Street, Boulder, 80302 for an informal happy hour today at 5:30pm in Boulder.",124,2,1,0,0,0,0,744,0
329,2014-10-29,527582350142869505,"My Friends,
Last night in Aurora, while the Hickenlooper campaign was drinking beer and ... http://t.co/yYkC7x8g3g http://t.co/e1FumRLv0B",137,1,0,0,1,0,1,744,1
330,2014-10-29,527607097748647937,"As always, the Adam Dunn show fostered a great conversation about the future of hemp and #copolitics #yeswecannabis http://t.co/wZjoWehJLp",138,2,0,2,0,0,1,744,2
331,2014-10-29,527608728108150785,Catch my interview on the Adam Dunn show podcast &amp; learn how 2 keep #copolitics in your favor! http://t.co/qogEwdeyb6 http://t.co/oYk8qcMI1g,144,2,2,1,1,0,1,744,2
332,2014-10-30,527952849091981313,My latest Denver Post article sheds light the transformative power music and celebrity. http://t.co/lK4JcCuojp,110,3,1,0,1,0,0,744,1
333,2014-10-30,527635841116413953,At CU-Boulder speaking to the students who are going to change the world. #thefutureisnow #copolitics http://t.co/uGqtGEamRo,124,2,2,2,0,0,1,744,2
334,2014-10-30,527829053018226689,"Have a look at our future. 

A Colorado where the citizen's are happy and eager to see t... http://t.co/yYkC7x8g3g http://t.co/2XMBHBGCOr",137,3,2,0,1,0,1,744,1
335,2014-10-30,527856973497520128,Read my @denverpost article about the transformative power of music and support we've gained. http://t.co/76pZWoH6T3,116,3,1,0,1,1,0,744,2
336,2014-10-30,527863718647197696,My latest Denver Post article sheds light the transformative power music and celebrity. It's also a testament to... http://t.co/yYkC7x8g3g,138,3,1,0,1,0,0,744,1
337,2014-10-30,527880018492678144,"A State where the governor is one of the common people! Were close. We can WIN this election, together Colorado! http://t.co/GlFaBadSQu",135,3,2,0,0,0,1,744,0
338,2014-10-30,527912725859815424,I'm confident that the students at CU-Boulder have the potential to carry the torch of liberty. #copolitics http://t.co/GGDnGLC0TM,130,3,1,1,0,0,1,744,1
339,2014-10-30,527918697521119233,"How Pueblo County's Victor Head ousted 2 deep-pocketed Senator campaigns. --&gt; #liberty across #copolitics 
http://t.co/PdRHZ9Lnf2",132,3,2,2,1,0,0,744,3
340,2014-10-30,527930023182090240,http://t.co/yYkC7x8g3g http://t.co/ZtiM4umqZ0,45,3,1,0,1,0,1,744,1
341,2014-10-30,527930030874435584,http://t.co/yYkC7x8g3g http://t.co/ystJYOCKyO,45,4,4,0,1,0,1,744,1
342,2014-10-30,527970726809440256,"If youre in the Colorado Springs area tonight, meet me at 7:00 pm tonight at The Speak Easy Vape Lounge! https://t.co/JVPzdhypwL",128,3,0,0,1,0,0,744,1
343,2014-10-31,528065513931681792,http://t.co/HCCY4nuhyr | When Money Dies: Germany and Paper Money After 1910 http://t.co/dPvbUhxzwZ,99,3,0,0,2,0,0,744,2
344,2014-10-31,527980341407936512,"Meet me at The Speak Easy Vape Lounge in Colo Springs in a half hour @ 7:00!

2508 E Bijou St, Colo Springs http://t.co/ATUrFlxoob",130,4,1,0,0,0,1,744,0
345,2014-10-31,528001612124418048,We haven't starred yet! Come on down to Speak Easy Vape Lounge. Thx Jaymen for hosting. http://t.co/sc7EB3Rd34 http://t.co/LGwu7qSyNn,133,3,2,0,1,0,1,744,1
346,2014-10-31,528010484562530304,Talking about real issues at Speak Easy Vape Lounge. We're showing up to the polls to change the world in a week! http://t.co/qxuzYZzxFo,136,3,2,0,0,0,1,744,0
347,2014-10-31,528020212646285312,Ask me anything regarding Colorado policy.  #askmike,52,3,3,1,0,0,0,744,1
348,2014-10-31,528022648802926593,@Austin_Brand I am an advocate for sensible local control of curriculum #askmike,80,0,0,1,0,1,0,744,2
349,2014-10-31,528212766562484224,"As my campaigning comes to an end, I cant help but feel as though were on the verge of creating the change Colorado needs! #Dunafon4Gov",135,5,2,1,0,0,0,744,1
350,2014-10-31,528246958830653440,"http://t.co/qJ4FEHrtcT

Sometimes you wind up asking yourself,  ""what time... http://t.co/yYkC7x8g3g http://t.co/0KuWtUEl6w",123,3,1,0,2,0,1,744,2
351,2014-10-31,528302756311089152,"http://t.co/w9hRg8WQza

Every person is born independent, free and pretty darn cute. S... http://t.co/yYkC7x8g3g http://t.co/BPnBdrWvQx",135,3,2,0,2,0,1,744,2
352,2014-10-31,528313802232967168,"Who is free from 3-7 pm tomorrow to meet us in Denver to make some phone calls for the campaign? 

We need all t... http://t.co/yYkC7x8g3g",138,2,0,0,1,0,0,744,1
353,2014-10-31,528318597069037568,"Who is free from 3-7 pm to meet us in Denver to make some phone calls on behalf of the campaign?

We need all th... http://t.co/yYkC7x8g3g",138,1,0,0,1,0,0,744,1
354,2014-10-31,528326011688329216,We need all the help we can get as this campaign comes to its end!Contact: Austin@dunafonforgovernor.com to help out!,117,2,0,0,0,0,0,744,0
355,2014-10-31,528329285996920833,"If you are a proponent of the yes we cannabis slogan, please encourage your social network to make the right vote! The vote for our future!",139,4,1,0,0,0,0,744,0
356,2014-10-31,528329352145293312,Mike Dunafon in The Springs @Dunafon4Gov @SLC_CO @Austin_Irabor #dunafon4Gov #weedpimps #Election2014 #govote #vote http://t.co/dg5ayWwdTy,138,3,1,5,0,3,1,744,8
357,2014-11-01,528623979893100545,"My Friends,
Tiny Martinez understands the urgency to vote. So be like Tiny, and do your ... http://t.co/yYkC7x8g3g http://t.co/HsLYJOPQCN",137,2,1,0,1,0,1,744,1
358,2014-11-01,528660393305329665,"Tiny Martinez understands the urgency to vote. Be like Tiny, and do your part to free Colorado!
All the Best, Mike http://t.co/68nqzRvY7c",137,2,1,0,0,0,1,744,0
359,2014-11-01,528340764926156802,//t.co/7FXz0pW1D4,17,3,1,3,0,5,1,744,8
360,2014-11-01,528349466605408257,"Ignorance is more damaging than marijuana. Neither of us ""potheads"" sweetie. RT @gutsy9: @tamaraholder @Dunafon4Gov Great: a pot head lawyer",140,1,2,0,0,3,0,744,3
361,2014-11-01,528359540954529792,"@RealJaredYoung Don't blame @SnoopDogg the Dems in #CO used bullying tactics, and the Reps called in a favor to pull him away. #nothisfault",139,1,1,2,0,2,0,744,4
362,2014-11-01,528363349898452992,The #yeswecannabis forum is just two days away! Hosted by @tamaraholder http://t.co/blCnRRhcQb,94,3,1,1,1,1,0,744,3
363,2014-11-01,528427087376683008,http://t.co/HCCY4nuhyr | American Tariffs and Wars From the Revolution to the Depression http://t.co/IlngVW1qU3,111,2,0,0,2,0,0,744,2
364,2014-11-01,528578607204270080,The Yes We Cannabis Forum will bring together a diverse &amp; creative group of panelists on Nov. 2nd. Tickets are FREE! http://t.co/ULn8wew1Ot,143,3,1,0,1,0,0,744,1
365,2014-11-01,528599621703331840,"***Important Notice - Please Share***

Today (Saturday) is the LAST day to mail in ballots to ensure that they a... http://t.co/yYkC7x8g3g",138,3,1,0,1,0,0,744,1
366,2014-11-01,528605391098503169,"*** Let's Empower the Women of Colorado***

Want to help more women to empower themselves this election? 

Share... http://t.co/yYkC7x8g3g",138,3,1,0,1,0,0,744,1
367,2014-11-01,528606576547221505,For those who are volunteering today: We'll see you at Green Labs from 3-7pm. Please show up when you can for as... http://t.co/yYkC7x8g3g,138,1,0,0,1,0,0,744,1
368,2014-11-01,528623861798285312,Volunteer! Contact Austin@dunafonforgovernor.com to add yourself to the our list of weekend supporters!,103,2,1,0,0,0,0,744,0
369,2014-11-01,528338637071851520,http://t.co/HCCY4nuhyr | Guest Op-ed: Not the right kind of rape victim http://t.co/76jEvysi4c,94,1,0,0,2,0,0,744,2
370,2014-11-01,528645475004862465,For those who are volunteering today: Well see you at Green Labs from 3-7pm. Please show up when you can for as long as you can!,128,1,1,0,0,0,0,744,0
371,2014-11-02,528989565264990209, Join me for a screening of @theculturehigh tonight @Casselmans @cannabist @TheFarmCo @TerrapinCare @Dunafon4Gov #free http://t.,128,2,0,1,1,7,0,744,9
372,2014-11-02,529047412971954176,"The Yes We Cannabis Forum kicks off in less than an hour! Meet me at Casellman's in Denver. First 1,000 people get in free!",123,4,0,0,0,0,0,744,0
373,2014-11-02,528955745543655424,"Want to help more women to empower themselves this election? 

Share the We Rise Up pledge to vote page: http://t.co/2t4G2JtPo2",127,2,1,0,1,0,0,744,1
374,2014-11-02,528973209375608833, Hey @hickforCO ready to move out of the gov's mansion? Better pack your bags. You are going to lose. #CO #Votingmarijuana &amp; @,130,3,0,2,0,3,0,744,5
375,2014-11-02,528983641456922624,The quick and dirty details of the Yes We Cannabis Forum http://t.co/yYkC7x8g3g http://t.co/AsEUcQMb3N,102,2,2,0,1,0,1,744,1
376,2014-11-02,529046184644837376,The quick and dirty details of the Yes We Cannabis Forum http://t.co/BjtCw9N9e0,79,3,0,0,0,0,1,744,0
377,2014-11-03,529359395420119040,"Saturday was the cutoff day for mail-in ballots, however getting out and turning in your ballot is of utmost importance today! #Dunafon4Gov",139,1,1,1,0,0,0,744,1
378,2014-11-03,529084881087643648,Meet me up close at Casellman's right now! We have an entire panel of big names in the marijuana community. it's time to #askmike,129,2,2,1,0,0,0,744,1
379,2014-11-03,529093889764753409,@ttancredo is making a surprise speech to kick if the Yes We Cannabis Forum at Casselman's Denver! http://t.co/r2V15XlCc1,121,0,0,0,0,1,1,744,1
380,2014-11-03,529105395009077249,"Couldn't make it to @Casselmans ? Ask me something regarding mj policy right now, and I'll try to answer it publicly right now! #askmike",136,1,0,1,0,1,0,744,2
381,2014-11-03,529106379253239808,http://t.co/HCCY4nuhyr | Moral Hazard and Socialism in Collective Security Agreements http://t.co/msE55F7Kbl,108,1,2,0,2,0,0,744,2
382,2014-11-03,529107925629812736, Mike Dunafon Truth &amp; Info Rally @ttancredo @Dunafon4Gov @SLC_CO @HopeForLandon #Dunafon4GOV #leadership #cannabis #CO http:,128,4,0,4,0,5,1,744,9
383,2014-11-03,529111341940760576,"@SLC_CO : ""I literally saw a Glendale PD officer light a joint for a citizen, where @Dunafon4Gov is the mayor"" http://t.co/vBES7NBFrJ",133,2,2,0,0,2,1,744,2
384,2014-11-03,529113192274726912, Can't make it to @Casselmans? tune in to the panel http://t.co/NV4qNbWJLm @CanNetRadio @bruvs @Dunafon4Gov #YesWeCannabis,122,2,0,1,1,5,0,744,7
385,2014-11-03,529288698115141632," After moderating @Dunafon4Gov panel on state's &amp; people's rights, it is clear he's the ONLY choice for #CoGov. #copolitic",126,3,0,4,0,2,0,744,6
386,2014-11-03,529305015975174146,Theres Only two days left to vote!Make sure you get out and vote for yourself and for the people of CO! #Dunafon4Gov #Restoreliberty,132,2,2,2,0,0,0,744,2
387,2014-11-03,529315908096131074,"http://t.co/w9hRg8WQza

The Yes We Cannabis Forum was kicked off by a surprise speech ... http://t.co/yYkC7x8g3g http://t.co/UN01KEUdjc",135,1,0,0,2,0,1,744,2
388,2014-11-03,529330822864982016,The Yes We Cannabis Forum was kicked off by a surprise speech from special guest Tom Tancredo. http://t.co/4zxmoQBReR,117,2,2,0,0,0,1,744,0
389,2014-11-03,529369631308656640,"Encourage your friends &amp; family to VOTE TODAY! Educate then on my stances on various issues! http://t.co/qJ4FEHrtcT
 http://t.co/gY0l2q1ora",143,1,1,0,2,0,0,744,2
390,2014-11-03,529399145673392129, #Dunafon4GOV @ttancredo @tamaraholder @Dunafon4Gov @SLC_CO @HopeForLandon @Austin_Irabor @cannababies @tiny_martinez http:/,124,5,0,1,0,9,1,744,10
391,2014-11-03,529409164570021889,"At Sunday nights Yes We Cannabis Forum, leaders from the marijuana community reached a consensus. Colorado needs more! #Dunafon4Gov",131,2,1,1,0,0,0,744,1
392,2014-11-03,529410179469541376, @Blobfishissexy @Austin_Brand #fear of @bobbeauprez is no excuse for @Hick2014 don't be #reckless @Dunafon4Gov #GotMyVote #YesW,128,3,0,4,0,6,0,744,10
393,2014-11-03,529410219978153985, Much fun was last night's #YesWeCannabis panel with @Dunafon4Gov and some of cannabis's smartest thought leaders. http:/,121,5,0,1,0,2,1,744,3
394,2014-11-03,529410256708059136,"At Sunday night's Yes We Cannabis Forum, leaders from the marijuana community reached a ... http://t.co/yYkC7x8g3g http://t.co/rEdEnRDiAq",137,3,1,0,1,0,1,744,1
395,2014-11-03,529415428502994944,Please get out there and turn in your ballot its of the utmost importance today! http://t.co/qJ4FEHrtcT,103,2,0,0,1,0,0,744,1
396,2014-11-03,529420232138686464,"My Friends,
It's time to shock the world with people power to overcome the big money of ... http://t.co/yYkC7x8g3g http://t.co/YAQshDZcU6",137,2,2,0,1,0,1,744,1
397,2014-11-04,529751309361377280,"We can kick these corrupt corporate parties out of office and out of Colorado, and we can do it RIGHT NOW! http://t.co/qJ4FEHrtcT",129,3,2,0,1,0,0,744,1
398,2014-11-04,529423096537948161,"More education about the benefits of medicinal cannabis.
More control of local issues.
More liberty.
More leadership: http://t.co/56v50lPueQ",140,3,5,0,1,0,0,744,1
399,2014-11-04,529430347159986176,Encourage your friends and family to VOTE TODAY! We are on the cusp of something great!,87,2,0,0,0,0,0,744,0
400,2014-11-04,529445599217979392,"We have a little more than 24 hours to execute a plan that was over a year in the making. I believe in Coloradans, and I believe in change!",139,3,3,0,0,0,0,744,0
401,2014-11-04,529446227013038080, http://t.co/4YMKIbgUIB #UndergroundHeat RT if u #love @SnoopDogg @Arvonni @KitinaLee236 @EhL236 @MrWaters236 @SimplyJayJa,122,7,0,2,1,8,0,744,11
402,2014-11-04,529453015334682624,Its time to shock the world with the  power of the peoples vote. To overcome the big money of the parties and their corporate sponsors.,135,5,6,0,0,0,0,744,0
403,2014-11-04,529515003498758144,http://t.co/HCCY4nuhyr | How Wilson and the Fed Extended the Great War http://t.co/crj8LNyXTC,93,1,0,0,2,0,0,744,2
404,2014-11-04,529651954461732864, @drmicheleross @RockTheVote @Dunafon4Gov #colorado Mike Dunafon for Governor #GOTV #GotMyVote,94,2,0,3,0,4,0,744,7
405,2014-11-04,529653480114638849, @dailycamera @Dunafon4Gov #GotMyVote for #Colorado #Governor #gotv #RockTheVote,80,2,0,5,0,3,0,744,8
406,2014-11-04,529662358004989953, @JamesViser @SenatorBrophy I said #DearJohn too! @Dunafon4Gov #GotMyVote See ya #Chickenlooper http://t.co/Si65Dc35Kf,118,2,0,3,0,4,1,744,7
407,2014-11-04,529675847150870528,"Shots from the Yes We Cannabis Forum

http://t.co/JL7lZm6c8u 

 http://t.co/16QmWTcl9E http://t.co/2uOaAVi8hJ http://t.co/k3c9mKuUKL",132,1,0,0,3,0,1,744,3
408,2014-11-04,529683369052106752,"Spread the word. Spread liberty. Get out the word, and get out the vote.We can do this!",87,3,0,0,0,0,0,744,0
409,2014-11-04,529690922263797762,We have less than 24 hours to execute a plan that was over a year in the making. I believe in in change &amp; I believe in Coloradans!,134,3,1,0,0,0,0,744,0
410,2014-11-04,529697069603516416, Wishing #COGov candidate @Dunafon4Gov all the best today! Please get out and vote! #copolitics #co #cannabis #marijuna #f,122,4,0,6,0,2,0,744,8
411,2014-11-04,529697093049675776," @Dunafon4Gov It's time to leave the trap.
Today the doors will open.
#dunafon4gov
#poeticjustice
#Symbolism",108,3,0,3,0,2,0,744,5
412,2014-11-04,529698463207145472,Every vote gets us closer to our goal of creating a Colorado that puts the people first and not the interested of corporations.,127,3,1,0,0,0,0,744,0
413,2014-11-04,529706031480586242,"We cant stop short of our goal, the political  machine is working overtime to defeat us. Where can you play a part? VOTE",120,2,0,0,0,0,0,744,0
414,2014-11-04,529713548843556864,Revolutions are built on a simple idea regardless of political leanings. Americans like freedom. This revolution will be built on just that!,140,3,2,0,0,0,0,744,0
415,2014-11-04,529719025925111808,@Austin_Brand we have and we will!,34,0,0,0,0,1,0,744,1
416,2014-11-04,529719091465302016, @denverpolitics I voted for @Dunafon4Gov in #Boulder #gotmyvote #2014Midterms #GOTV #RockTheVote http://t.co/OgynHfdZ4p,120,3,0,5,0,3,1,744,8
417,2014-11-04,529766393604882432,"Lets all make sure we get to the polls today and support CO politics! As a independent, I am true to my ideas and stances on issues!",132,4,3,0,0,0,0,744,0
418,2014-11-04,529776439822798848,"Hick and Beau have spent about $15 million which amounts to about $20 per vote. Our campaign has spent less than $70K in total, YOU choose.",139,5,4,0,0,0,0,744,0
419,2014-11-04,529719630391427073, Go Vote! Same Day Registration is for real!! Bring an ID and go get a ballot and vote. No lines and so easy. #govote http:/,124,4,0,1,0,1,1,744,2
420,2014-11-04,529720607387430912,Split from the two party system. Restore YOUR Colorado and end their deceitful corporate political tricks. http://t.co/qJ4FEHrtcT,129,4,5,0,1,0,0,744,1
421,2014-11-04,529723620718022656,"@tiny_martinez Michael Bowman and #cannamom Sierra Riddle

 http://t.co/6QYsYkNwwb http://t.co/pbwq9omiF2 http://t.co/kBxfmlOy9T",128,0,1,1,2,1,1,744,4
422,2014-11-04,529732393280999425,"Today is your last chance to express your political views. Please show up to vote! #Dunafon4Gov 
http://t.co/qJ4FEHrtcT",119,4,2,1,1,0,0,744,2
423,2014-11-04,529743703200780288,Revolutions are built on a simple idea and regardless of political ideologies we all want the same thing. That thing is freedom.,128,1,2,0,0,0,0,744,0
424,2014-11-04,529752663928614914,"Having had no corporate influence during my campaign, I believe I am the right man to lead Colorado! #Dunafon4Gov 
http://t.co/qJ4FEHrtcT",137,3,5,1,1,0,0,744,2
