,date,tweet_id,tweet_text,tweet_length,retweet_count,favorite_count,hashtag_count,url_count,user_mentions,media_count,follower_count,total_entities
0,2014-10-05,518819116485185536,I had a great morning in Brunswick meeting w/ students at Bowdoin then attending a meet &amp; greet downtown! http://t.co/7vVYTjPqQk #mepolitics,144,4,2,1,1,0,0,2667,2
1,2014-10-06,519135738680856576,"Great turnout at today's veterans event w/ Secretary Principi, Congressman Buyer and Gen. McCormack. #mepolitics http://t.co/HGvt6ya2iv",135,4,3,1,0,0,1,2667,1
2,2014-10-08,519818838742171649,Great to see so many student here this morning! #mepolitics #eggsNissues http://t.co/ljQJDhnDOS,95,3,3,2,0,0,1,2667,2
3,2014-10-09,520346880707166208,Great to be at the Maine Women's Lobby Candidate Night tonight! #mepolitics http://t.co/kinSxI6xUt,98,6,3,1,0,0,1,2667,1
4,2014-10-10,520366756418695169," @Michaud2014: the more you can invest up front in early childhood education, the better the outcomes #mewomenforum #mepo",121,6,0,2,0,2,0,2667,4
5,2014-10-10,520645048623702016,Thanks to the Maine Disability Rights Center for organizing a great even this afternoon. #mepolitics http://t.co/gpXmsnYoc3,123,2,1,1,0,0,1,2667,1
6,2014-10-10,520594278352162816,".@GlobeScotLehigh says - ""Ill go out on a limb here. Mike Michaud is the next governor of Maine"" - http://t.co/bkfYugusRK #mepolitics",133,3,0,1,1,1,0,2667,3
7,2014-10-10,520366439472300032, @Michaud2014 is now talking about economic security for women &amp; families at tonight's gubernatorial forum. http://t.co/pldP,128,4,0,0,0,2,1,2667,2
8,2014-10-10,520591903675650050,Spent the morning following the Andro. Chamber Debate visiting voters at L/A credit unions. http://t.co/Wz6vInkpKU #mepolitics,126,4,2,1,1,0,0,2667,2
9,2014-10-10,520366353635479552, @Michaud2014: notes he is sponsoring legislation at the federal level to support paid family leave #mewomenforum #mepoli,121,11,0,2,0,2,0,2667,4
10,2014-10-13,521780121976725505,Republican Jessica Chubbuck is putting party aside &amp; voting for Mike Michaud http://t.co/CqUb9dskn1 #mepolitics http://t.co/y6j8RCFjfR,138,5,5,1,1,0,1,2667,2
11,2014-10-13,521684915696697345,"""A Republican for Michaud: LePages policies have hurt us"" - http://t.co/oS9uwQz32r #mepolitics",94,12,2,1,1,0,0,2667,2
12,2014-10-14,522038499424620544,"New BDN/Ipsos poll: 42 % - Michaud, 36% - LePage, 16% - Cutler - http://t.co/PFh3pOHzvl #mepolitics",99,6,5,1,1,0,0,2667,2
13,2014-10-15,522532120045289472, .@Michaud2014 smart to turn Ebola discussion into attack on @lepage2014 blockage of Medicaid expansion. #mepolitics,116,11,0,1,0,3,0,2667,4
14,2014-10-15,522460626124537856,Looking forward to seeing you tonight @PatCallaghan6  #MEPolitics @WCSH6 @WLBZ2,79,2,2,1,0,3,0,2667,4
15,2014-10-15,522477719934996480, We've endorsed @Michaud2014 for #MEGov. Michaud understands the needs of middle class Mainers. #icymi http://t.co/nD2KC,120,4,0,2,0,2,1,2667,4
16,2014-10-15,522503815871082496, Lot of @Michaud2014 supporters outside #megovdebate in Augusta http://t.co/MtEnkSdReZ,86,2,5,1,0,2,1,2667,3
17,2014-10-15,522509047124475904, We're ready &amp; waiting for @michaud2014 to take the stage in tonight's #megov debate #mepolitics #welikemike http://t.co/7cjR,129,2,0,3,0,2,1,2667,5
18,2014-10-15,522518095681036288,"Watch tonight's #megov debate live on @Wcsh6 or @wlbz2, hope to make you proud - Mike #mepolitics",97,7,4,2,0,2,0,2667,4
19,2014-10-15,522521985327575040,Were about to go live with tonight's #megov debate on @Wcsh6 or @Wlbz2 #welikemike #mepolitics,94,1,2,3,0,2,0,2667,5
20,2014-10-15,522532086125957121," ""We should not pick and choose who we care for."" @michaud2014 #mepolitics #MEGovDebate",87,15,0,2,0,2,0,2667,4
21,2014-10-15,522532774386102272, @Michaud2014 has a plan to feed Maine people @Governor_LePage veto feeding programs for children and getting mad.,114,2,0,0,0,3,0,2667,3
22,2014-10-16,522791116962553856,"Retired Brig. Gen. Don McCormack, lifelong Republican who worked for @Governor_LePage, supports Mike http://t.co/wAWe9MHiqj #mepolitics",135,11,3,1,1,1,0,2667,3
23,2014-10-16,522537851402350592,Thanks @PatCallaghan6 for the tough questions and the lively debate. #mepolitics,80,10,10,1,0,1,0,2667,2
24,2014-10-16,522566820365336576, The fact that both Cutler and LePage are focused on attacking Michaud tells you everything you need to know about state of rac,127,43,0,1,0,1,0,2667,2
25,2014-10-16,522750395362594816,Good recap of last nights debate by @ethan6_2 &amp; @phil6_2. #mepolitics http://t.co/wavWwVoLf7,96,4,2,1,1,2,0,2667,4
26,2014-10-16,522805510698192896,I had a great time speaking w/ students at Glenburn School abt the importance of voting today. #mepolitics http://t.co/9JS6g4gRCR,129,8,4,1,0,0,1,2667,1
27,2014-10-17,523193361679671297,@DennisBailey @dfarmer14 @EliotCutler thats the one. Also it appears McKinnon is in town today for a happy hour.,112,0,0,0,0,3,0,2667,3
28,2014-10-19,523949052225134594,Want to attend the event w/ Hillary Rodham Clinton on Friday? RSVP here: https://t.co/QnySQl3FWM #mepolitics http://t.co/fRmtbyqAdj,131,12,6,1,1,0,1,2667,2
29,2014-10-19,523937736617914370,Big News! Hillary Rodham Clinton is coming to Maine THIS Friday! RSVP at http://t.co/jC59LOvZcu #mepolitics http://t.co/y9fb4vRTRm,130,23,14,1,2,0,0,2667,3
30,2014-10-20,524329943254040578,Tune in at 7pm for tonight's #megov debate on @WGME @bangordailynews #mepolitics,80,6,1,2,0,2,0,2667,4
31,2014-10-20,524334612558778368,"Will @Governor_LePage answer Mike's simple question about expanding health care to 70,000 Mainers? #mepolitics http://t.co/yXACLCfj6d",133,24,8,1,0,1,1,2667,2
32,2014-10-20,524336802480390145,We need to start investing in education and our future http://t.co/BASYP1TNRH #mepolitics #MaineMade,100,6,4,2,1,0,0,2667,3
33,2014-10-20,524340616734334977,Mike's Maine Made plan will make our state the food basket of New England http://t.co/BASYP1TNRH #mepolitics,108,6,3,1,1,0,0,2667,2
34,2014-10-20,524337599268143104,Budgets are about priorities &amp; @Governor_LePage has made his priority tax cuts for the wealthiest 1% #mepolitics,116,3,4,1,0,1,0,2667,2
35,2014-10-20,524317776496705537,Amazing support for Mike outside @WGME @bangordailynews #megov debate! #mepolitics http://t.co/7SHKt1xuv1,105,9,6,2,0,2,1,2667,4
36,2014-10-21,524690975097360384,Looking forward to tonight's @WMTWTV @CNN debate! Tune in at 7pm #mepolitics,76,2,3,1,0,2,0,2667,3
37,2014-10-21,524699495230357504,Mike fought very hard to double the workforce at DFAS in Limestone #mepolitics http://t.co/nrTVt65d7D,101,4,2,1,1,0,0,2667,2
38,2014-10-21,524700530405564417,"Budgets are priorities &amp; Mike has the experience to pass a bipartisan, balanced budget #mepolitics",102,3,2,1,0,0,0,2667,1
39,2014-10-21,524701413189124098,We need to make sure that seniors can age in place #mepolitics,62,3,2,1,0,0,0,2667,1
40,2014-10-21,524706409641164801,"On day one, I will submit legislation to expand health care to cover 70,000 Mainers #mepolitics",95,12,7,1,0,0,0,2667,1
41,2014-10-21,524707706297679872,FYI: State Nurses Union: Maine Not Prepared to Deal with Ebola http://t.co/fKRal5rjSQ #mepolitics,97,5,2,1,1,0,0,2667,2
42,2014-10-21,524709199784460289,.@Governor_LePage doesn't understand what hard working men and women in Maine are going through #mepolitics,107,9,8,1,0,1,0,2667,2
43,2014-10-21,524711461244141568,We need a governor with a positive attitude of the State of Maine #mepolitics,77,8,11,1,0,0,0,2667,1
44,2014-10-21,524707873780404224, Here's the story about the 2 CDC epidemiologist vacancies by PPH's @jowlawlorph: http://t.co/KDuQ38n67Q #mepolitics,116,4,0,1,1,1,0,2667,3
45,2014-10-21,524350088236531713,Thank you to @bangordailynews &amp; @WGME for hosting tonight's debate. And HUGE thank you to @GreggWGME for moderating #mepolitics,131,5,8,1,0,3,0,2667,4
46,2014-10-21,524560841245724672,//t.co/xcVUxeXkk2,17,40,7,1,0,0,1,2667,1
47,2014-10-21,524587383082467329,".@Governor_LePage: ""I don't know how many of you are making $100,000, but it's not that rich"" https://t.co/6SVPaWf0dm #mepolitics",129,6,2,1,1,1,0,2667,3
48,2014-10-21,524591070286323712,"The median income in Maine is $48,219, but @Governor_LePage thinks $100k/yr is not that rich #mepolitics http://t.co/KMzZ03kWVv",127,6,4,1,1,1,0,2667,3
49,2014-10-21,524591989988130816,"Only 16% of Mainers make 100k or more a year, but @Governor_LePage thinks $100k/yr is not that rich #mepolitics http://t.co/swKTCbk9YS",134,16,2,1,0,1,1,2667,2
50,2014-10-21,524593973835227137,"Police officers in Maine make $42,800/yr, but @Governor_LePage thinks $100k/yr is not that rich #mepolitics http://t.co/NbbjJwMiWY",130,3,1,1,1,1,0,2667,3
51,2014-10-21,524608206568718338,Only 16% of Maine households make 100k or more a year #mepolitics (corrected chart) http://t.co/0sW888U8Uw,106,0,1,1,0,0,1,2667,1
52,2014-10-21,524708653044346881,"Under a Michaud administration, we will not tolerate waste, fraud, and abuse that's happened under this Governor #mepolitics",124,7,2,1,0,0,0,2667,1
53,2014-10-22,524714365728333824,Thank you again to @DanaBashCNN for coming up to Maine for tonight's debate #mepolitics http://t.co/Dn1ucLSPio,110,3,3,1,0,1,1,2667,2
54,2014-10-22,524712996103544832,A big thank you to @WMTWTV &amp; @PaulMerrillWMTW and @CNN's @DanaBashCNN for tonight's #megov debate #mepolitics,113,3,5,2,0,4,0,2667,6
55,2014-10-23,525315050517852160,Thank you to students &amp; faculty at Cape Elizabeth High School for a great forum this morning! #mepolitics http://t.co/wAgpsOWfqT,132,3,3,1,0,0,1,2667,1
56,2014-10-24,525709032926236673,"7,000 new donors and $440,000 raised in just 35 days! http://t.co/ZR9RpD5hub #mepolitics #Momentum",98,5,6,2,1,0,0,2667,3
57,2014-10-24,525787466662686720,.@HillaryClinton: You can veto the governor by voting for Mike Michaud! #mepolitics,83,20,10,1,0,1,0,2667,2
58,2014-10-24,525787103813443585," .@hillaryclinton on @Michaud2014 ""He saw a mess and decided to roll up his sleeves and clean it up. #mepolitics",112,8,0,1,0,3,0,2667,4
59,2014-10-24,525784039001960449,".@HillaryClinton: ""I like Mike!"" #mepolitics http://t.co/sQHVUmODy0",67,24,14,1,0,1,1,2667,2
60,2014-10-24,525779835558588416,Mike takes the stage at the @HillaryClinton rally! #mepolitics http://t.co/3uWB3DSS0M,85,2,3,1,0,1,1,2667,2
61,2014-10-24,525767633074159616,What a great crowd at the @HillaryClinton rally! #mepolitics http://t.co/0v5RLemdzX,83,8,10,1,0,1,1,2667,2
62,2014-10-24,525764694716731393, The auditorium is filling up for @michaud2014 @HillaryClinton #mepolitics #welikemike http://t.co/CH7Ig69z2z,109,2,0,2,0,3,1,2667,5
63,2014-10-24,525761596984147969,Great to see so much support before the @HillaryClinton rally! #mepolitics http://t.co/imzPzowr6l,97,3,7,1,0,1,1,2667,2
64,2014-10-24,525637181369769985," Excited to see @Michaud2014 and @HillaryClinton today in Scarborough, ME! #ReadyForMike #ReadyToVote @ReadyForHillary ",119,2,0,2,0,4,0,2667,6
65,2014-10-25,526013971435102208,"""On the campaign trail: U.S. Rep. Mike Michaud thrives on one-on-one campaigning"" http://t.co/Hl2HrekO6g #mepolitics",116,4,1,1,1,0,0,2667,2
66,2014-10-26,526421160624680960,Having a great day talking to voters at the Sylvia Ross home in Bangor. #mepolitics http://t.co/LgIeAbLDgd,106,7,1,1,0,0,1,2667,1
67,2014-10-26,526512052349964288,"Great time at tonight's ""community spaghetti supper"" in Bangor! #mepolitics http://t.co/40DvzeOWkk",98,8,7,1,0,0,1,2667,1
68,2014-10-27,526868761442521088, .@Michaud2014 had some fun with supporters in Brunswick tonight! #mepolitics #welikemike #unite4mike http://t.co/dj6so1SjPX,124,3,0,3,0,2,1,2667,5
69,2014-10-27,526757834667855872,ICYMI: Veterans and Republicans showed their support for @Michaud2014. #mepolitics http://t.co/nXZmsF36sJ,105,2,2,1,1,1,0,2667,3
70,2014-10-27,526758268379869185,"ICYMI: Bush VA Sec.: ""Im here as a life-long Republican because I believe in Mike Michaud. #mepolitics http://t.co/nXZmsF36sJ",125,9,2,1,1,0,0,2667,2
71,2014-10-27,526776080330674176,Great to see the Hall-Dale High School Democrats today. Now I'm off to Brunswick. #mepolitics http://t.co/0CM3zvfnso,116,16,21,1,0,0,1,2667,1
72,2014-10-28,527105400337084416,I'm proud to earn the endorsement of the Maine Small Business Coalition today! #mepolitics http://t.co/irL3ltbmsm,113,12,9,1,0,0,1,2667,1
73,2014-10-28,527107583924912129,"New SMS/Pan Atlantic poll shows Mike gaining, with LePage/Cutler support slipping #mepolitics http://t.co/Kl5SSxXe8p",116,16,11,1,0,0,1,2667,1
74,2014-10-29,527555336002338816,"I am grateful and humbled by the support of @SenAngusKing. If we all stand together, we can bring change to Augusta. #mepolitics",128,59,36,1,0,1,0,2667,2
75,2014-10-29,527499860144955392,Over 130 town and city leaders across Maine endorsed Mike today! http://t.co/QdjWnbiNBv #mepolitics http://t.co/wPKXY5pGos,122,21,9,1,1,0,1,2667,2
76,2014-10-29,527551855585685504, BREAKING: @SenAngusKing announces support for @michaud2014 #mepolitics,71,34,0,1,0,3,0,2667,4
77,2014-10-29,527587966672072704,So honored to receive @SenAngusKing's endorsement today #mepolitics http://t.co/xpZxwgELiG,90,34,30,1,0,1,1,2667,2
78,2014-10-30,527962959327551488,"It doesn't matter if you're a Democrat, Republican, or independent. I will always listen to you. #mepolitics",108,16,14,1,0,0,0,2667,1
79,2014-10-30,527817096059953152,Thank you to Sen. George Mitchell for his strong support. Check out the ad he made for the campaign. #mepolitics https://t.co/cRGZXrri3M,136,22,11,1,1,0,0,2667,2
80,2014-10-30,527936746924032001,Folks are getting fired up at the @BarackObama rally in Portland! #mepolitics http://t.co/LIUiWtSzmO,100,49,28,1,0,1,1,2667,2
81,2014-10-30,527961717780004864,"This is your state, and in five short days, you can take it back! #mepolitics",77,11,7,1,0,0,0,2667,1
82,2014-10-30,527965118173569024,President @BarackObama likes Mike! #mepolitics http://t.co/FR3MUAMRHQ,69,42,34,1,0,1,1,2667,2
83,2014-10-31,528238747897585664,Having a great time talking to business owners &amp; voters in Bath today! Next stop: Wiscasset! #mepolitics http://t.co/F44AwKNjnA,131,5,2,1,0,0,1,2667,1
84,2014-10-31,528206627330342914,Women like Mike Michaud for Governor! https://t.co/RR8KAzIRWt,61,6,1,0,1,0,0,2667,1
85,2014-10-31,528322378288611329,"Im honored and grateful to have the support of my friend Betsy Smith heading into Election Day! Thank you, Betsy. #mepolitics",125,13,16,1,0,0,0,2667,1
86,2014-11-01,528558959062700032,Mike takes stage to rally with 250 @steelworkers. A little rain wont stop them from knocking doors. #mepolitics http://t.co/kkx75c69Ma,134,8,9,1,0,1,1,2667,2
87,2014-11-01,528549414248644608,Great to be with so many fired up @steelworkers for a rally in Portland this morning. #mepolitics http://t.co/DXfcIRtHJk,120,15,14,1,0,1,1,2667,2
88,2014-11-01,528549772664520705, .@steelworkers rally this morning for @Michaud2014 in Portland Maine! A packed house -- we're going to knock on doors and ge,125,6,0,0,0,3,0,2667,3
89,2014-11-01,528550158188163073,@LBoucher77 At Baxter Brewing tonight at 5 p.m.,47,1,2,0,0,1,0,2667,1
90,2014-11-01,528572946793910272,Looking forward to campaigning with @SenAngusKing on Monday in Skowhegan. #mepolitics,85,8,6,1,0,1,0,2667,2
91,2014-11-01,528631083492200448,Talking to students at Bates about the stakes in this election. #mepolitics http://t.co/FlZap9lB79,98,7,8,1,0,0,1,2667,1
92,2014-11-01,528634307288760321,Thanks to the Bates College Democrats for hosting me this afternoon and helping GOTV! #mepolitics http://t.co/vVITYO2cSA,120,7,10,1,0,0,1,2667,1
93,2014-11-02,528977991037378560,Snow won't stop these volunteers in Cape Elizabeth from knocking on doors! #mepolitics http://t.co/Z9BiBD6JOt,109,41,30,1,0,0,1,2667,1
94,2014-11-02,528948539960098818,Students from Foxcroft Academy came to Portland to meet Mike and see President Obama on Thursday. #mepolitics http://t.co/c4OpdiKTTI,132,5,4,1,0,0,1,2667,1
95,2014-11-02,528970313900777472,"Thank you, Chris, for this great op-ed. #mepolitics http://t.co/VuSKa7rLyu",74,2,0,1,1,0,0,2667,2
96,2014-11-02,529056040298770433,"Despite the snow, we finally made it to the harvest supper in Fort Kent! #mepolitics http://t.co/3zKYCc6TuE",107,17,17,1,0,0,1,2667,1
97,2014-11-02,528989194090479616, Snow didn't stop us from getting out the vote! #welikemike #1u #mepolitics http://t.co/prYLrXBfd0,98,6,0,3,0,1,1,2667,4
98,2014-11-02,528999516742356992,I want to thank the leaders of the Penobscot and Passamaquoddy Tribes for their endorsement today! #mepolitics http://t.co/OchrQsWH41,133,25,18,1,1,0,0,2667,2
99,2014-11-02,528999705456672768, Lots of volunteers phone banking for our Dem ticket today! #GOTV2014 #mepolitics http://t.co/NSsiP2qJNJ,104,7,0,2,0,1,1,2667,3
100,2014-11-03,529347252469264385, .@SenAngusKing and @Michaud2014 greet @newbalance workers in Skowhegan. #mepolitics http://t.co/qpdbmsHS7A,107,3,0,1,0,4,1,2667,5
101,2014-11-03,529074550890590209,I'm having a great time at the VFW in Madawaska tonight! #mepolitics http://t.co/w4JdZAVOmZ,91,6,7,1,0,0,1,2667,1
102,2014-11-03,529344184898289666,Honored to have @SenAngusKing with me today at New Balance in Skowhegan. Well keep fighting for US jobs. #mepolitics http://t.co/Dwe9T8cb78,139,13,8,1,0,1,1,2667,2
103,2014-11-03,529346139351691264,".@SenAngusKing: Mike is a bulldog on behalf of Maine, and that's a good quality to have ... in a governor #mepolitics http://t.co/re5IUbfNUl",140,7,4,1,0,1,1,2667,2
104,2014-11-03,529346493418074112, .@SenAngusKing and @Michaud2014 greet workers today at the @newbalance factory in Skowhegan. #mepolitics http://t.co/lRC786,124,3,0,1,0,4,1,2667,5
105,2014-11-03,529391480440651778,Thank you to the @PortlandPhoenix for endorsing my campaign for governor. http://t.co/TsbCjL0WuS #mepolitics,108,6,7,1,1,1,0,2667,3
106,2014-11-04,529683025341460480,Great turnout at the polls in Bangor! #mepolitics http://t.co/JTpT3mjae8,72,13,15,1,0,0,1,2667,1
107,2014-11-04,529423593604919297,"Mike is home in East Millinocket tonight campaigning with his dog, Max. #mepolitics http://t.co/Fsom7kKrYq",106,19,22,1,0,0,1,2667,1
108,2014-11-04,529430205002432513," Mikes dog, Max, shows his support in East Millinocket. #mepolitics http://t.co/QoxqpexeAu",90,10,0,1,0,1,1,2667,2
109,2014-11-04,529617608472289280, Canvassers up at 6 am to #GOTV for @Michaud2014 #mepolitics #welikemike http://t.co/hmavTRj5dc,95,13,0,3,0,2,1,2667,5
110,2014-11-04,529634726840397824,I stopped in at Ruthie's in Millinocket this morning. Headed to East Millinocket to vote! #mepolitics http://t.co/PdHzE1wLsm,124,9,7,1,0,0,1,2667,1
111,2014-11-04,529640458516180993,I stopped in at Rick's Market in East and saw an old mill buddy before heading to the polls! #mepolitics #gotv http://t.co/gGlHCGDupn,133,7,8,2,0,0,1,2667,2
112,2014-11-04,529747476002381824,Great to be in Brunswick with U.S. Sen. Angus King greeting voters at the polls! #mepolitics http://t.co/2yHnCINeoS,115,18,11,1,0,0,1,2667,1
113,2014-11-04,529650934532816896,Just voted in East Millinocket! #mepolitics http://t.co/0t9kbII9yp,66,21,22,1,0,0,1,2667,1
114,2014-11-04,529715856469934080,Young Dems knocking and dialing for Mike in Augusta! http://t.co/UeUOuLf2Sy #mepolitics  #nextgenactivists,106,18,16,2,1,0,0,2667,3
