,date,tweet_id,tweet_text,tweet_length,retweet_count,favorite_count,hashtag_count,url_count,user_mentions,media_count,follower_count,total_entities
0,2014-10-05,518880549847695361,Fun Day at the Kohala Country Fair on the Big Island. People came from all over the 808 to have a good time. http://t.co/JsMcM9dixx,131,2,1,0,0,0,1,498792,0
1,2014-10-05,518883559185326080,Maui News endorses Mufi! Read more: http://t.co/3evtGLguoK http://t.co/EJKJWRdgDo,81,2,1,0,1,0,1,498792,1
2,2014-10-06,519225369874812928,See you at our fundraiser tonight - Ala Moana Hotel - http://t.co/GvodQ2dZhR http://t.co/VfzW45uNuL,99,1,0,0,1,0,1,498792,1
3,2014-10-06,519173606371524608,Two special evenings  honoring a couple of outstanding women role models in our community of Filipino ancestry. http://t.co/ktl6tbZiP2,134,0,0,0,0,0,1,498792,0
4,2014-10-06,519180116182986752,"Great reaction again to Mufi's straightforward &amp; honest answers at Maui Native Hawaiian Chamber of Commerce forum.
http://t.co/fqT9BOLMLH",141,1,0,0,1,0,0,498792,1
5,2014-10-07,519425408786497536,"There's major support for a new racetrack on Oahu...and I'm all in.
http://t.co/TFIcNwiBf3 http://t.co/7UQqNx81vx",113,1,0,0,1,0,1,498792,1
6,2014-10-07,519376132396052480,A great day on the Leeward side. The New Hope candidate forum in Kapolei followed by a sunset rally at Maili Beach. http://t.co/lRdcd9mZjE,138,0,0,0,0,0,1,498792,0
7,2014-10-07,519384018379603969,What is HIP fundraiser at the Ala Moana Hotel a huge success - standing room only! http://t.co/Tl1jenIq3J,105,1,0,0,0,0,1,498792,0
8,2014-10-07,519602014141960193,Hope you watch Mufi Hannemann tonight on the KHON-2 AARP Debate beginning at 7 p.m. http://t.co/RfYldkE8hO,106,2,1,0,0,0,1,498792,0
9,2014-10-08,519779624285261826,Mahalo to AARP and KHON for the opportunity to connect with the public. http://t.co/ubMBatKMyF http://t.co/lp4zoJZcLJ,117,0,1,0,1,0,1,498792,1
10,2014-10-08,519903772320215040,Midweek's Island Matters: Hats off to a young designer &amp; his vision for the new brand Fitted. http://t.co/pMvef811qM http://t.co/D8YMjSrWzy,143,0,0,0,1,0,1,498792,1
11,2014-10-10,520701609811013633,Who will vote for Mufi?  find out...http://t.co/QvAvt6qODI http://t.co/6Z7YDyjOTX,81,0,0,0,1,0,1,498792,1
12,2014-10-10,520397883846053888,Mufi got to talk story with the Filipino community at the governors forum in Waipahu http://t.co/AbeXKvbUdz http://t.co/ypyKPmFMFK,130,0,0,0,1,0,1,498792,1
13,2014-10-10,520399320030654466,Non-Profit organizations gathered downtown at the YWCA to discuss the needs of their community http://t.co/hfXj9haMuq http://t.co/hoU7ljvhMt,140,0,1,0,1,0,1,498792,1
14,2014-10-10,520400641433550848,"Go Mufi! Governor Candidate Forum Set for Hilo tonight, Oct. 9 at Sangha Hall.
Doors will open at 5 p.m. http://t.co/KVfEk1O5CL",127,1,0,0,1,0,0,498792,1
15,2014-10-10,520723311118921728,Debates move to the Neighbor Islands...with Hilo among the first...Kona on Monday! http://t.co/7t05RjPTfR http://t.co/xviD0plGXC,128,0,0,0,1,0,1,498792,1
16,2014-10-11,521036929014706176,Mufis Island Favorites from 12-1 on 107.9 Hawaiis Kool Gold or catch us online at http://t.co/ANJAHiSJpM http://t.co/hWPfRMgtui,127,2,0,0,1,0,1,498792,1
17,2014-10-11,521079953627316225,Les &amp; I happy to be in Molokai this morning to be part of a proud tradition  - Aloha Week Parade http://t.co/ZkgRIz6Sf3,123,1,0,0,0,0,1,498792,0
18,2014-10-13,521488190419767296,Off to spend time with friends and supporters in Kona and the Kona Kohala Chamber of Commerce Forum Monday night. http://t.co/KwIKSD1pTX,136,0,0,0,1,0,0,498792,1
19,2014-10-13,521709983944441856,At the Palladium at the Ala Wai Golf Course for the swearing in ceremony of the Pan Pacific Ballroom Association . http://t.co/zYX36kJCGQ,137,0,0,0,0,0,1,498792,0
20,2014-10-14,522070754498981888,Mufi Hannemann will participate in today's Hawaii Energy Policy Gubernatorial Forum.  Info: http://t.co/ZWvJNTRXiw http://t.co/EqTZsavpnV,137,1,1,0,1,0,1,498792,1
21,2014-10-14,522108925005406208,Mufi had precise and comprehensive answers to tough questions facing Hawaii Island's people. http://t.co/MNoWA7f4fU http://t.co/oh0kHVo0Is,138,0,0,0,1,0,1,498792,1
22,2014-10-15,522298072337235969,"Gratifying to conclude the day with a ""choke"" number of supporters sign waving at the state capitol- mahalo gang! http://t.co/Fzbdwa9H43",136,1,1,0,0,0,1,498792,0
23,2014-10-15,522466342893797376,Hawaii News Now to host town hall debate with leading candidates for governor TONIGHT on KHNL from 6:30-8 pm http://t.co/ORaqq7LBnc,131,2,0,0,0,0,1,498792,0
24,2014-10-15,522195090673258496,Hannemann is the only candidate to release a comprehensive energy policy. Read the doc here...http://t.co/xyJAVGm3m2 http://t.co/vqxBl39Bw7,139,1,0,0,1,0,1,498792,1
25,2014-10-16,522671793182875649,"UH Political Science professor Colin Moore, Hawaii News Nows political analyst: Hannemann was the strongest debater. http://t.co/3xgtpaJSCw",139,1,2,0,1,0,0,498792,1
26,2014-10-16,522788542200967169,"In MidWeek's Island Matters...Jack Lord was Steve McGarrett both on and off screen  
http://t.co/EZUM0GC2r7 http://t.co/bZcHHKtjM9",130,0,0,0,1,0,1,498792,1
27,2014-10-16,522845672349777921,Nice coverage from MidWeek and fellow columnist Dan Boylan...http://t.co/Jidp84XAzn,83,1,0,0,1,0,0,498792,1
28,2014-10-16,522542132347695104,"FOR COVERAGE OF YESTERDAY'S ENERGY FORUM:
http://t.co/IOi5JMUgBm",64,1,1,0,1,0,0,498792,1
29,2014-10-16,522648320142229504,"Getting good reviews on the recent debates, including tonight's on KHNL. 
READ MORE: http://t.co/upwCO3aLls http://t.co/CSkMAj47xw",130,3,2,0,1,0,1,498792,1
30,2014-10-17,523167923473768448,"As we brace for Anas rain and high winds, we should remember to check our personal preparedness...stay safe! http://t.co/WwGQH8fXvu",131,0,2,0,0,0,1,498792,0
31,2014-10-18,523317740598472704,Taking time for kids and dogs...and remembering why we should be focused on building a better future. http://t.co/eGRmNMgeCg,124,1,2,0,0,0,1,498792,0
32,2014-10-18,523317381624786944,"""If I could vote, I would vote uncle Mufi because he's cool!""
Tama - 5 yrs old north shore surfer http://t.co/xiKrVTcdUa",120,1,2,0,0,0,1,498792,0
33,2014-10-18,523570959593521152,Mufi's Island Favorite's - 12 noon on 107.9 Kool Gold for an hour of fun or catch us online at http://t.co/ANJAHiSJpM http://t.co/V6P8Ai8ndH,140,0,0,0,1,0,1,498792,1
34,2014-10-19,523971250184790016,"No negative campaigning, just good ideas...http://t.co/CwNvo9h09O http://t.co/U8ymIxaxpy",88,0,1,0,1,0,1,498792,1
35,2014-10-19,523975119929356288,Re-broadcast of PBS Insights forum featuring candidates for Governor. Today at 2:00 pm on KHET. Don't miss it! http://t.co/8DslOLDrww,133,1,0,0,0,0,1,498792,0
36,2014-10-20,524107983220129792,Had a great time as guests of Maui Mayor Alan Arakawa at his Filipino Rally over the weekend http://t.co/8ZHUqw7bqO,115,2,1,0,0,0,1,498792,0
37,2014-10-20,524097188574789632,They braved  the inclement weather conditions last night to turn out to see Mufi and Les in Kapaa. http://t.co/tm8h5MH1Ly,121,1,1,0,0,0,1,498792,0
38,2014-10-20,524273720589058048,Our Music Monday honoree is  none other than one of Hawaii's all time favorite entertainers John Rowles. http://t.co/n42UmYtn6I,127,1,1,0,0,0,1,498792,0
39,2014-10-21,524684854894415873,It was great running into my buddy Parker as this was our third picture together - from baby pic to current age 8. http://t.co/VAYS6Xla5R,137,0,0,0,0,0,1,498792,0
40,2014-10-21,524606308524515328,"45th anniversary of the Lanakila Sr Center - Seniors like Dorothy Mau (in the middle) make you feel  ""forever young http://t.co/2kNIVlINDz",138,1,0,0,0,0,1,498792,0
41,2014-10-21,524609083002085377,"Les and I are grateful to have the support of these exceptional Filipino leaders Al Tipon, Joe Lazo and Firmo Dayao http://t.co/R7ShkLX9vH",138,1,0,0,0,0,1,498792,0
42,2014-10-21,524666623198625792,"I am so proud of my Fern School classmate, MSG Rico Pascual whose retirement party I attended at Fort Shafter. http://t.co/hvuo6arug6",133,0,1,0,0,0,1,498792,0
43,2014-10-22,525072373385805824,In MidWeek we meet Moanalua resident Roy Nagahara who is known as the man with nine lives http://t.co/SIuAWVC2v9 http://t.co/cIsfNeYsZe,135,0,0,0,1,0,1,498792,1
44,2014-10-22,525053652105306113,Getting tired of negative political commercials? You can vote on the worst ones here: http://t.co/c8BTbRcr2m,108,1,0,0,1,0,0,498792,1
45,2014-10-22,524741490510008320,"Great evening of ""talking story "" on the Ewa plains It's all about the people! http://t.co/lbJMEZVWV5",101,0,0,0,0,0,1,498792,0
46,2014-10-23,525401181925814274,Mahalo Maui! http://t.co/c247WOCXV9 http://t.co/M5oKsRvf47,58,1,0,0,1,0,1,498792,1
47,2014-10-24,525572083078930432,"Visiting and ""talking story"" with small businesses on the Valley Isle. http://t.co/lQz8Qotadj",93,1,0,0,0,0,1,498792,0
48,2014-10-24,525451697133748224,It was great doing a Big Island Blitz from Kohala thru Waimea to Hilo - mahalo gang! http://t.co/DNgVsg3Ele,107,1,0,0,0,0,1,498792,0
49,2014-10-24,525467508443463680,"Getting down on Kauai with the Mayor, my bud Councilman Ross Kagawa and friends. http://t.co/h6F63bRkt0",103,2,0,0,0,0,1,498792,0
50,2014-10-24,525526891504353280,"Kamsahamnida to our Korean friends and supporters for another wonderful ""talk story"" session last night. http://t.co/aLm425iiwU",127,1,0,0,0,0,1,498792,0
51,2014-10-25,526067774771437568,Les with enthusiastic sign wavers in West Oahu http://t.co/ydc1L1Cf77,69,0,0,0,0,0,1,498792,0
52,2014-10-25,525854328767008768,"Three generations supporting Mufi - l to r - Samuel C. Streep, III, May Fujiwara , Mufi, &amp; Deborah Loffler. http://t.co/cfc83wDKcn",134,0,1,0,0,0,1,498792,0
53,2014-10-25,526067510307979266,Mufi was out sign waving in West Maui with our friends and participating in a governor's forum in Lahaina. http://t.co/iIVJjAo1Lc,129,0,0,0,0,0,1,498792,0
54,2014-10-25,526131987745370112,MUFI'S ISLAND FAVORITES on NOW at 107.9 Kool Gold for an hour of fun or catch us online at http://t.co/ANJAHiSJpM http://t.co/M19iUeDDOR,136,1,0,0,1,0,1,498792,1
55,2014-10-26,526501279175303168,Join us!  Today in Kapolei! http://t.co/lIUTfQnYIj http://t.co/od1RHCMn8z,73,0,0,0,1,0,1,498792,1
56,2014-10-26,526431844418719744,Greeting University of Hawaii football fans at Aloha Stadium... http://t.co/gpUrpjGV7E,86,2,0,0,0,0,1,498792,0
57,2014-10-26,526518196950798336,"Maui Madness this weekend- starting with West Maui forum, Plantation Days in Lahaina and then the MEO Seniors Fair! http://t.co/hXwtR2PtgF",138,1,1,0,0,0,1,498792,0
58,2014-10-27,526879866105638912,This Star Advertiser cartoon says it all! http://t.co/LrG5Chy4tk,64,5,5,0,0,0,1,498792,0
59,2014-10-27,526562647748399104,Always gratifying when some of our ideas get traction...http://t.co/RcsaXjvYz4,78,1,0,0,1,0,0,498792,1
60,2014-10-27,526619671894958080,"Had another successful ""Taste of Kalihi"" event yesterday - an activity we started when I was mayor http://t.co/KaBN9qJyiR",121,3,0,0,0,0,1,498792,0
61,2014-10-27,526780450480852993,Mufi diehards in Millilani Town last nite waving till the arms got sore . http://t.co/EWnj3aaNt7,96,0,1,0,0,0,1,498792,0
62,2014-10-27,526789524324888576,Our Motorsports rally at Kapolei High School attracted hundreds of enthusiastic supporters! http://t.co/EjYgCf4jVU,114,1,1,0,0,0,1,498792,0
63,2014-10-27,526801374424891392,I had a good time  with Les yesterday meeting with members of our Korean community of all ages. http://t.co/PtH2kQ8sY3,118,1,1,0,0,0,1,498792,0
64,2014-10-28,527145001575534592,Our Tuesday Tribute is none other than the Society of Seven - here performing 99.8: http://t.co/awaZOdKtw2 http://t.co/a0SMZVDwMN,129,0,0,0,1,0,1,498792,1
65,2014-10-29,527545979898036224,"Today in MidweekWe visit with stay-at-him dad, Kaipo Hussey and wife Jenny. http://t.co/10piTjrNu0 http://t.co/2YIeem5RIg",121,0,1,0,1,0,1,498792,1
66,2014-10-29,527292099671375873,"Join us on Maui for a big rally with the Hawaii Independent Party and all our supporters. Wednesday, October 29th. http://t.co/BZBD9cKADn",137,1,0,0,0,0,1,498792,0
67,2014-10-29,527394473668788224,Grateful to be able to take our case directly to the people...http://t.co/WN6cREdpHa http://t.co/bv85QICBVZ,107,1,1,0,1,0,1,498792,1
68,2014-10-30,527612910348955648,Enjoyed being on Kauai yesterday from Lihue to Anahola- good time! http://t.co/VfwfIaZSYo,89,0,0,0,0,0,1,498792,0
69,2014-10-30,527915921050857472,"Final Gov Forum - Hawaii Venture Capital Association will gather at the Plaza Club on Thursday, October 30, beginning at 11:30 a.m.",131,4,5,0,0,0,0,498792,0
70,2014-10-31,528325768968151041,"After Saturdays rally at our Kalihi HQ (1-4 pm), there will be a Family Fun Carnival in Kakuku 5:30 pm - 9:30 pm). http://t.co/JHMI2ZoI2s",137,1,0,0,0,0,1,498792,0
71,2014-10-31,528011143466725376,"Mufi, Gail, Les &amp; Sharon exercise their right as Americans to vote! Go Mufi Go &amp; Go Les Go - People not Politics! http://t.co/4DSxcHjkKk",144,2,0,0,0,0,1,498792,0
72,2014-10-31,528084205277048833,Maui was definitely on my mind and Les' as we did a blitz on the Valley Isle http://t.co/5IaD9xq9Sf,99,1,0,0,0,0,1,498792,0
73,2014-10-31,528256938807930880,Please join us this Saturday from 1 pm to 4 pm for our big rally at our Kalihi Headquarters (in Dillingham Plaza). http://t.co/2ibyzBjadH,137,1,0,0,0,0,1,498792,0
74,2014-11-01,528617218205315072,Dr. Ruth M. Ono endorses Mufi Hannemann. To see who else endorses Mufi click here: http://t.co/cidhpt7K8I http://t.co/4ntkG75r0B,128,1,1,0,1,0,1,498792,1
75,2014-11-01,528393035265347584,Nice interview with Paula Akana...http://t.co/sYvqleFEiI,56,2,0,0,1,0,0,498792,1
76,2014-11-01,528459969885380608,"Les and I are feeling ""Spooky"" in Hilo at the KTA Haunted House - we had a gr8 time. http://t.co/opyex52qNO",107,1,1,0,0,0,1,498792,0
77,2014-11-01,528611175198896128,See who the Hawaii Venture Capitol Association forum audience picked as the winner click here: http://t.co/WN6cREdpHa http://t.co/7LrOZWXz1I,140,0,1,0,1,0,1,498792,1
78,2014-11-01,528624027532029952,Mufi's Island Favorites on107.9 Kool Gold at 12 noon or catch us online at http://t.co/ANJAHiSJpM http://t.co/hPvOuul7F8,120,1,1,0,1,0,1,498792,1
79,2014-11-02,528878052231905280,More pics from the Kahuku Rally... http://t.co/sVy2n2ZytB,57,1,0,0,0,0,1,498792,0
80,2014-11-02,528740366309412865,"It was all about the ""Hilo Rain"" on a beautiful BI Sat morning - felt good especially with all the honks and waves! http://t.co/gnYUCbQrd4",138,1,0,0,0,0,1,498792,0
81,2014-11-02,528845945040289793,Having fun at the Kahuku Rally...http://t.co/wNapuDE1pY,55,0,0,0,1,0,0,498792,1
82,2014-11-02,528846832324329474,Sending them home with a song in Kahuku...http://t.co/VSXgiszBui,64,1,1,0,1,0,0,498792,1
83,2014-11-02,528972596860420096,Hope to see you today or when we roll again tomorrowGet our sched here: http://t.co/xSmmeSHFq0,94,0,0,0,1,0,0,498792,1
84,2014-11-03,529240728258772992,Day Two of our round-the-Island trolley campaign caravan! Get our updated schedule here: http://t.co/xSmmeSHFq0 http://t.co/OXulpMPzsk,134,2,2,0,1,0,1,498792,1
85,2014-11-03,529158165905293312,Wow what a day! We took the campaign crew on the road from Hawaii Kai to Kalihiback at it tomorrow! http://t.co/ZEhXxRCLIn,122,3,0,0,0,0,1,498792,0
86,2014-11-03,529201606169223168,@emilymei808 Mahalo to you and @Kawahine for your support - gr8 poster...,73,1,0,0,0,2,0,498792,2
87,2014-11-03,529379715681775616,"Please take the time to vote, and consider our qualifications and experience when you do. http://t.co/gtwuoYRbcI http://t.co/Wd6ZrsUqvt",135,2,1,0,1,0,1,498792,1
88,2014-11-04,529686114500882432,Mufi sounding great in making one final pitch to GOTV on this morning's Sunrise show. Please vote Mufi and Les! http://t.co/fX3rmSvQAn,134,0,0,0,0,0,1,498792,0
89,2014-11-04,529554381625389056,Join me on Sunrise on Hawaii News Now at 6:30 am Tuesday morning!,65,0,1,0,0,0,0,498792,0
90,2014-11-04,529546060784742400,Another wonderful road trip with the trolley gang - this time up through the Leeward side from Salt Lake to Waianae! http://t.co/LsfDUKJpgd,139,0,0,0,0,0,1,498792,0
