,date,tweet_id,tweet_text,tweet_length,retweet_count,favorite_count,hashtag_count,url_count,user_mentions,media_count,follower_count,total_entities
0,2014-10-06,519187778052300800,@GAFirstLady and I are honored and grateful to have the support of @karenhandel #GAGOP #gapol http://t.co/KoRtDvMymc,116,10,7,2,0,2,1,9280,4
1,2014-10-07,519586970343731200,Thank you to supporters from all across the state for coming out tonight! #gagov #gagop http://t.co/vkWMB4mQ18,110,12,14,2,0,0,1,9280,2
2,2014-10-08,519664186557624320,"Thankful for all of our friends &amp; supporters, but especially @GAFirstLady http://t.co/KdJcafpOlX",100,25,33,0,0,1,1,9280,1
3,2014-10-09,520271041680396288,Honored to receive endorsement from Ga teacher group Educators First http://t.co/5TGEGwDWIq,91,8,7,0,0,0,1,9280,0
4,2014-10-10,520709133021220864,North Central Lions cheerleaders brought @GAFirstLady a welcome basket http://t.co/QHp923knwh,93,5,8,0,0,1,1,9280,1
5,2014-10-10,520581528775299074,Many thanks to Women for Deal in Albany for the hospitality and warm breakfast. http://t.co/dTQCeNF57m,102,3,2,0,0,0,1,9280,0
6,2014-10-10,520710009874055169,The few and the proud at North Central High School. http://t.co/A8mDmFTcui,74,5,7,0,0,0,1,9280,0
7,2014-10-10,520711133381267457,Friday night lights pep talk http://t.co/cYXrWDxD4A,51,14,15,0,0,0,1,9280,0
8,2014-10-13,521680873834692608,"Don't forget to purchase your ticket for tonight's event --&gt;
https://t.co/pq6f0LFP6M",87,4,1,0,1,0,0,9280,1
9,2014-10-15,522188336333484033,"Mack Burgess always had a smile on his face. That is how Sandra, our team and I will always remember him. http://t.co/9gssvRFQ85",128,98,88,0,0,0,1,9280,0
10,2014-10-16,522884141449494528,Showing @GovChristie some Southern hospitality in Roswell. http://t.co/rqPPAdAnPM,81,22,22,0,0,1,1,9280,1
11,2014-10-16,522890334205136896,"@bluestein @carter4governor I've always supported Gurley, not just during election season. #FreeGurley http://t.co/tw0EHu2Rea",125,472,327,1,0,2,1,9280,3
12,2014-10-19,523967013744836608,Debate tonight: Be sure to tune in at 7 p.m. You can watch it on Georgia Public Broadcasting or stream it live here: http://t.co/LLHzM798fF.,140,7,4,0,1,0,0,9280,1
13,2014-10-21,524669404584611841,".@DickYarbrough says @NathanDeal's education vision ""could change the face of public education for decades to come. http://t.co/W8bAYmdyqy",138,7,1,0,1,2,0,9280,3
14,2014-10-23,525317952338681856,"@mdjonline: A vote for @NathanDeal is a vote for 4 more years of competency &amp; conservatism, strong leadership &amp; economic growth.",136,5,1,0,0,2,0,9280,2
15,2014-10-23,525282700681555968,Discussing criminal justice reforms this morning w/ @THEHermanCain http://t.co/8NimRScXOq,89,9,7,0,0,1,1,9280,1
16,2014-10-23,525288841205514241,@THEHermanCain Good talking with you!,37,0,0,0,0,1,0,9280,1
17,2014-10-24,525792321866981376, The crowd goes wild for Gov. @NathanDeal ! #gagop #gapol http://t.co/MoH1VKE8db,80,7,0,2,0,2,1,9280,4
18,2014-10-25,526056732578287616, The #GAVictoryTour rolled through Chatham County earlier and is now heading to Hartwell! #gagop #gapol http://t.co/Lfznh,121,6,0,3,0,1,1,9280,4
19,2014-10-25,526024770752872448,@GAFirstLady &amp; I along w/ candidates from the Republican Ticket are coming to a city near you. http://t.co/TDQQq4SjUi #GAVictoryTour,136,3,0,1,1,1,0,9280,3
20,2014-10-25,526031479814762496,"Our bags are packed, our tank is full &amp; our bus is on the move. --&gt; http://t.co/TDQQq4SjUi #GAVictoryTour http://t.co/kRtZXPHpw9",135,14,11,1,1,0,1,9280,2
21,2014-10-26,526491876946640897,Looking forward to tonight's debate on Ch. 2. Watch live on C-SPAN or at http://t.co/xMOwb2Rgt7 at 6:30. #YourVoteon2 #gagop #gapol,131,8,8,3,1,0,0,9280,4
22,2014-10-27,526740601388429314,Good food and even better folks at Jefferson House Restaurant #GAVictoryTour http://t.co/dvZCh1fxWZ,99,3,4,1,0,0,1,9280,1
23,2014-10-27,526709080401121280,"@RepDougCollins in Dahlonega: When you see @NathanDeal, you see a promise kept. #GAVictoryTour #gagop http://t.co/0vJwoad6o2",124,1,2,2,0,2,1,9280,4
24,2014-10-27,526711773219815424,A special thanks to all of you who came out bright and early for the #GAVictoryTour http://t.co/waIGUqJVTM,106,13,9,1,0,0,1,9280,1
25,2014-10-27,526745170159869953,"Together, we'll keep Georgia No. 1 #gavictorytour http://t.co/NGfgMnYWiB",72,16,12,1,0,0,1,9280,1
26,2014-10-28,527150253490057216,"From Macon on to Muscogee! Thank you for your support, your well-wishes and your vote. #GAVictoryTour http://t.co/tLRC6zIcAj",124,6,5,1,0,0,1,9280,1
27,2014-10-28,526895614303694848,@GAFirstLady and I are so thankful for the warm welcome tonight in Dalton. #GAVictoryTour http://t.co/mp20hGNRxl,112,6,7,1,0,1,1,9280,2
28,2014-10-28,527074870140862464,Day 2 on the #GAVictoryTour. Rome is Deal Country. http://t.co/JdbdUspc9a,73,5,5,1,0,0,1,9280,1
29,2014-10-28,527075361662988289,Glad to have @GASOSKemp and @GaryBlack4Ag on the #GAVictoryTour http://t.co/tz2wcLRdGB,86,5,3,1,0,2,1,9280,3
30,2014-10-28,527136048963661825,"Stopped to sign her cast before greeting folks at 
@Bass_Pro_Shops in Macon #gavictorytour http://t.co/AsZ75FsCag",113,2,4,1,0,1,1,9280,2
31,2014-10-28,527148398865297408,Proud to be endorsed by The Georgia Hunting and Fishing Federation #gavictorytour http://t.co/KkvhqqJ67E,104,12,6,1,0,0,1,9280,1
32,2014-10-28,527148791879962624, @GaRepublicans @NathanDeal Gov Deal has shown real leadership and has earned our support for another four years #gagop #gap,124,10,0,3,0,3,0,9280,6
33,2014-10-28,527148869826908161,@AllenPeake @GaRepublicans Thank you for the intro today!,57,0,0,0,0,2,0,9280,2
34,2014-10-28,527209771473338369,#gavictorytour arrives in Early County http://t.co/hruPGQmTly,61,2,5,1,0,0,1,9280,1
35,2014-10-29,527600614399016960,Grateful. #GAVictoryTour arrived at SSI just in time http://t.co/E0mB17AmQk,75,1,11,1,0,0,1,9280,1
36,2014-10-29,527590759219077120,@JackKingston with another #FreeGurley update on the #GAvictorytour http://t.co/nrXFvUnVgY,90,1,2,2,0,1,1,9280,3
37,2014-10-29,527558434842230785, Gov. Nathan Deal getting hourly updates on #FreeGurley crisis. http://t.co/8oUNUL2Ylq #wishfulthinking http://t.co/uzR6ZIltm6,126,21,0,2,1,1,1,9280,4
38,2014-10-29,527552595280547840,Perfect weather in Valdosta's Old Court House Square as the #GAVictoryTour rolls on http://t.co/YkyPw1ZqmH,106,5,4,1,0,0,1,9280,1
39,2014-10-29,527516523351773184,#GAvictorytour in Moultrie http://t.co/Eea4U4gifV,49,4,5,1,0,0,1,9280,1
40,2014-10-29,527487408859021312,#GAVictoryTour kicked off the day with coffee at Dave's Bread and Coffee House. Thank you Dave! http://t.co/EkpHVHbJsR,118,1,4,1,0,0,1,9280,1
41,2014-10-29,527475050501259264,Create your very own @NathanDeal Voter Page and see how you can get a FREE Limited Edition Team Deal T-shirt! http://t.co/prq6ZDGlvy #gagop,139,58,77,1,1,1,0,9280,3
42,2014-10-29,527252700543860736,The good folks of Albany greet our #GAVictoryTour bus http://t.co/GmFMHBaHsI,76,16,18,1,0,0,1,9280,1
43,2014-10-29,527250198540869633," ""No one has done as much as Gov. @NathanDeal to move Georgia forward!"" #GAVictoryTour #gagop #gapol http://t.co/SkZnEgUXQp",123,11,0,3,0,2,1,9280,5
44,2014-10-29,527250155666685952,More from #beautifulblakely #GAVictoryTour http://t.co/JFmmqlvrKX,65,6,6,2,0,0,1,9280,2
45,2014-10-29,527249176623845377,"Thank you, Blakely, for the hospitality. #GAVictoryTour http://t.co/7T75lqVIWd",78,4,5,1,0,0,1,9280,1
46,2014-10-30,527921714274263040,"#GAVictoryTour's secret weapon, @GAFirstLady http://t.co/um4TmowZjA",67,18,19,1,0,1,1,9280,2
47,2014-10-30,527623573276725248,Skippers' Fish Camp game day shirt  #FreeGurley #GAVictoryTour http://t.co/vzCztkXriz,85,10,7,2,0,0,1,9280,2
48,2014-10-30,527808628817158144,@wsbradio #TBT #GAVictoryTour http://t.co/tUVpaMS4pE,52,1,2,2,0,1,1,9280,3
49,2014-10-30,527830410513117185,"Good morning, Effingham Co. #GAVictoryTour is at New Ebenezer Retreat. http://t.co/jWnsUG9y2h",93,7,4,1,0,0,1,9280,1
50,2014-10-30,527836836610457600,Bill Crane: @NathanDeal offers the best choice &amp; smart voters will ultimately select 4 more years of the real Deal. http://t.co/W1L9UBtQx7,142,4,4,0,1,1,0,9280,2
51,2014-10-30,527873534358728704,@rickallen hopped on the #GAVictoryTour stop in Evans http://t.co/hkDRN9xvy7,76,1,0,1,0,1,1,9280,2
52,2014-10-30,527873833622323200,"Thank you, Columbia County. And the bus rolls on. #GAVictoryTour http://t.co/X59bSvwavf",87,5,5,1,0,0,1,9280,1
53,2014-10-30,527910681988046848,The #GAVictoryTour couldn't have asked for more perfect weather in Greensboro. Thanks for coming out! http://t.co/FmTecGgdTy,124,5,6,1,0,0,1,9280,1
54,2014-10-30,527910978818940929,@GAFirstLady and some young supporters in Greene Co. #GAVictoryTour http://t.co/8zHgqQmVce,90,1,4,1,0,1,1,9280,2
55,2014-10-30,527936012136509440,What a welcome. Couldn't think of a better place to end the day than here in Monroe. #gavictorytour http://t.co/uqv98Gx6qk,122,3,6,1,0,0,1,9280,1
56,2014-10-31,528227344721641472,Trick or treat! #GAVictoryTour stopped by Sprayberry's for some of their famous bbq. http://t.co/EOcz0AMvq3,107,3,7,1,0,0,1,9280,1
57,2014-10-31,528154272261627904,"Humbled and honored by endorsements from @alvedaking, Pastors Tony Kitchens, Peter Paye &amp; others. #GAVictoryTour http://t.co/E4Eog6z7oh",139,6,8,1,0,1,1,9280,2
58,2014-10-31,528155405499650049,African American pastors gather with supporters in McDonough this morning. #GAVictoryTour http://t.co/cZU8iCELxv,112,1,9,1,0,0,1,9280,1
59,2014-10-31,528156454545391616,"When I look at this crowd, I don't see skin color. I see Georgians. -ND #GAVictoryTour http://t.co/9m2iT4wKkc",109,8,13,1,0,0,1,9280,1
60,2014-10-31,528162909977710593,Thank you @andywelchga. What a welcome! #GAVictoryTour http://t.co/uZabVwrqXg,77,2,4,1,0,1,1,9280,2
61,2014-10-31,528187749346865152,#GAVictoryTour rolls in to Fayetteville. http://t.co/wX3vr0YUu4,63,1,2,1,0,0,1,9280,1
62,2014-10-31,528188151974875136, This lil guy said he learned about @NathanDeal in school &amp; was so excited to meet him. #GAVictoryTour http://t.co/Oc8fN4SoWW,129,4,0,1,0,2,1,9280,3
63,2014-10-31,528195640028061696,The good men of the Fayetteville PD #GAVictoryTour http://t.co/trbSYtDOwK,73,2,1,1,0,0,1,9280,1
64,2014-10-31,528246370214637568,@StudentsFirstGA @Scharlesquinn Thank you for your support!,59,1,2,0,0,2,0,9280,2
65,2014-10-31,528246411272654848, [blog] Why a Democrat is voting for @NathanDeal http://t.co/LDIeakFGg2 by @Scharlesquinn #k12 #gapol,101,3,0,2,1,3,0,9280,6
66,2014-10-31,528248680844132352,@GAFirstLady and the #GAVictoryTour in Carrollton http://t.co/mRkJ3hpTEc,72,1,4,1,0,1,1,9280,2
67,2014-10-31,528258248034750464,"@aug_editorial endorsed @nathandeal saying #GA needs his ""strong, conservative leadership."" http://t.co/YNmIeq4upf #GaGOP",121,2,0,2,1,2,0,9280,5
68,2014-10-31,528258385750540290,"Savannah Morning News encourages Georgians to vote for @nathandeal, who has ""passed the leadership test.""   http://t.co/DMCPDJUVEu",130,3,5,0,1,1,0,9280,2
69,2014-10-31,528258504797454336," When it comes to education, @NathanDeal has a record that appeals to Republicans and Democrats http://t.co/LDIeakFGg2 ",119,8,0,2,1,2,0,9280,5
70,2014-10-31,528273876242169856,#GAVictoryTour arrives in Douglasville http://t.co/5fjRPOKYX8,61,2,3,1,0,0,1,9280,1
71,2014-11-01,528610533457801216,Thank you @GovChristie! #GAVictoryTour http://t.co/jq08HMAVJB,61,3,8,1,0,1,1,9280,2
72,2014-11-01,528537725495152640,@GAFirstLady honored in Gwinnett Co. #GAVictoryTour http://t.co/pQGF31hxx1,74,8,10,1,0,1,1,9280,2
73,2014-11-01,528577090556530688,"Thank you for the warm welcome, Dunwoody. Headed home for #GAVictoryTour's final stop in Hall County. http://t.co/itbWamFU1h",124,10,12,1,0,0,1,9280,1
74,2014-11-01,528610667457441794,Gainesville. #GAVictoryTour http://t.co/jc1r6msUhy,50,7,10,1,0,0,1,9280,1
75,2014-11-01,528610838996078593,Feels like home. #GAVictoryTour http://t.co/4lhyxYMSbq,54,13,13,1,0,0,1,9280,1
76,2014-11-02,528998125588217856,"Columbus Ledger-Enquirer endorses Deal, citing restoration of education spending &amp; criminal justice reforms. 
http://t.co/Qw1eYAUab0",136,8,8,0,1,0,0,9280,1
77,2014-11-02,528965390396047360,@MaconTelegraph endorses @nathandeal saying he has the experience to work on our economy. http://t.co/qvza8OCSe3,112,5,4,0,1,2,0,9280,3
78,2014-11-03,529325894184501248,Honored to be named Booster of the Year by the Veteran Boosters. http://t.co/QdC9dZEZzj,87,1,1,0,0,0,1,9280,0
79,2014-11-03,529305122846040066,"@SenatorIsakson: We didn't get to No. 1 by accident, but by the leadership of Nathan Deal. #gagop",97,7,4,1,0,1,0,9280,2
80,2014-11-03,529310309916631040, ICYMI Why a Democrat is Voting for @NathanDeal http://t.co/LDIeakFGg2 #gapol #vote2014 #Election2014 @Scharlesquinn,116,6,0,3,1,3,0,9280,7
81,2014-11-03,529310625324089345,"@GAFirstLady and GOP ticket in Albany. Next stop, Thomasville. #gagop http://t.co/U4sz7ujq6M",92,6,4,1,0,1,1,9280,2
82,2014-11-03,529348538950758401,"@SenatorIsakson: When Nathan removed the sales tax from energy manufacturers, CAT &amp; Baxter came &amp; brought jobs to GA. #gagop",132,3,1,1,0,1,0,9280,2
83,2014-11-03,529321559404863488,"Thank you for the warm welcome, Thomasville. Let's keep our GOP team together here &amp; send @perduesenate to DC. http://t.co/g9JO8PhqcF",137,4,4,0,0,1,1,9280,1
84,2014-11-03,529414660119097345,Deal Real in Atlanta #gagop http://t.co/PPVXnnBoSm,50,10,9,1,0,0,1,9280,1
85,2014-11-03,529370845442224130,It's a great day for Augusta-Richmond Co. Let's make tomorrow a great day for all of Georgia by voting for our GOP ticket. #gagop,129,2,5,1,0,0,0,9280,1
86,2014-11-03,529370351575527424," .@NathanDeal: ""We have added 2900 new jobs in the last three weeks alone."" #gagop #gapol http://t.co/tjUJywsyir",112,24,0,2,0,2,1,9280,4
87,2014-11-03,529370329081479168,"Unisys, a global IT leader, will open a facility in Augusta, creating 700 new jobs. Thrilled to be here to share the news in person.",132,4,5,0,0,0,0,9280,0
88,2014-11-03,529369736396951552," .@NathanDeal: ""I look forward to working with @Perduesenate when he's in the U.S. Senate."" #gapol #gagop http://t.co/b5C",121,8,0,2,0,3,1,9280,5
89,2014-11-03,529351487491936256,"Talking jobs, economy, port deepening &amp; getting out the vote in Savannah #gagop http://t.co/E7a5vxd045",106,4,7,1,0,0,1,9280,1
90,2014-11-04,529642253061734400,"@GAFirstLady &amp; I are waiting to cast our votes in Habersham County. Polls are open until 7, get out the vote! #gagop http://t.co/jtNxgVLMyK",143,6,8,1,0,1,1,9280,2
91,2014-11-04,529653023975682048,Let's re-elect @GAFirstLady. #gagop http://t.co/LN07v5qSZV,58,38,32,1,0,1,1,9280,2
