,date,tweet_id,tweet_text,tweet_length,retweet_count,favorite_count,hashtag_count,url_count,user_mentions,media_count,follower_count,total_entities
0,2014-10-24,525734544084054016,"You said it. He doesn't give a hoot about poor kids in failing schools. @adlerben: @JerryBrownGov launches website, http://t.co/wla4z7iP5v.",139,4,4,0,1,2,0,6542,3
1,2014-10-24,525743372133486592,@SoquelCreek indeed. Not surprising,35,0,0,0,0,1,0,6542,1
2,2014-10-24,525748255603572736,"Thank you!  ""@PattyDBenLo: @neelkashkari just wanted u know that I am a dem voter, but u will be first repub I've voted for since Reagan.",137,2,4,0,0,2,0,6542,2
3,2014-10-24,525764678635360256,"WATCH my new ad, ""Vergara"" and join me in fighting for California kids. 

http://t.co/uK7dvceq3q http://t.co/8rGwKMH3Gs",119,8,3,0,1,0,1,6542,1
4,2014-10-24,525768055994187776,"Thank you! ""@SharonCasey6: @neelkashkari Good luck! You have my vote!",69,1,1,0,0,2,0,6542,2
5,2014-10-24,525771969916968960,"We launched a new site today! 
Check out http://t.co/Xj2xSzQQfW to see how Jerry Brown has failed California's kids.",116,10,4,0,1,0,0,6542,1
6,2014-10-24,525776256340471808,"Unlike @JerryBrownGov, I'll stand up for CA's kids and fight for their futures. RT to join me! http://t.co/BzK2qiw3Zs",117,5,7,0,0,1,1,6542,1
7,2014-10-24,525792732753965057,"Very sad. ""@JWilliamsAP: SACRAMENTO, Calif. (AP)  Sheriff's spokeswoman says second California deputy shot by assailant has died.",129,2,1,0,0,1,0,6542,1
8,2014-10-24,525733607508549633," Hammering @JerryBrownGov on #Vergara teacher tenure case, @neelkashkari unveils new site claiming ""betrayal"" of kids http",122,5,0,1,1,3,0,6542,5
9,2014-10-24,525739281776914432,"Thank you! @CarrieLewman: Im not in to politics, don't usually vote, and would be Democrat if I did, I but will be voting for @neelkashkari",139,1,2,0,0,2,0,6542,2
10,2014-10-25,526113336891805697," ""@i80chains: CHAINS: KINGVALE  To THE DONNER LAKE INTERCHANGE  (13:48)",71,0,0,0,0,1,0,6542,1
11,2014-10-25,526115886470799360," Slow going over the Sierra Crest along I-80.  http://t.co/D0iTNOUA7v 
#snow #CAwx",82,23,0,2,1,1,0,6542,4
12,2014-10-25,526155491375054848,Another great @CAGOP turnout today- @Vidak4Senate @dgvaladao headquarters in Hanford! http://t.co/2WYKEWY2Lm,108,7,5,0,0,3,1,6542,3
13,2014-10-25,526135523610755072,@CPensioner hopefully!,22,0,0,0,0,1,0,6542,1
14,2014-10-25,525851841318227968,I missed the game but apparently Giants fans now know about @JerryBrownGov's betrayal of poor kids. #vergara,108,1,3,1,0,1,0,6542,2
15,2014-10-25,525854808066908160,@Snarkley1 I'm glad you were able to navigate. I want all kids to have that chance.,83,0,1,0,0,1,0,6542,1
16,2014-10-25,526054207204638720,"Wow!!! ""@washingtonpost: The new snack craze on Mexico's streets starts with Doritos http://t.co/aZsj33rriP http://t.co/QjJUwi69in",130,4,2,0,1,1,1,6542,2
17,2014-10-25,526069832857698304,Great turnout to GOTV today with @DougOse in Fair Oaks! http://t.co/tRjN7k89LE,78,8,4,0,0,1,1,6542,1
18,2014-10-25,526089041578852352,Some nice rain in Modesto! ,27,2,5,0,0,0,0,6542,0
19,2014-10-25,526091237334728704, .@neelkashkari's emoji game... strong.,39,1,0,0,0,2,0,6542,2
20,2014-10-25,526092396460011520,"Thank you! ""@CarisaCarlton: We don't have to remain victims of poor #leadership.  I am voting for @neelkashkari""",112,2,8,1,0,2,0,6542,3
21,2014-10-25,526111241631444992,Another great GOTV event today in Modesto with @KristinOlsenCA @JeffDenham @JackMMobley. Great turnout! http://t.co/d0cKRIiZvG,126,4,5,0,0,3,1,6542,3
22,2014-10-25,526112726855483394,Which two pictures are @CAGOP events today and which are @CA_Dem? #enthusiasmgap http://t.co/TBbrlvYGDv,103,8,1,1,0,2,1,6542,3
23,2014-10-26,526232192129966082,"Great to meet you! ""@Dalelorde: More than delighted to meet both @neelkashkari and @KristinOlsenCA... http://t.co/WhajMdq93D",124,7,7,0,0,3,1,6542,3
24,2014-10-26,526185697950965760,Read @JebBush's statement about Gov. Brown's poor choice in the Vergara case: http://t.co/ecAIay7ZCo,100,0,1,0,1,1,0,6542,2
25,2014-10-26,526223865056591872,Wonderful meeting tonight with Statewide Republican Women Federated in Bakersfield. @GOPLeader gave a great speech! http://t.co/fSW29ravWg,138,11,3,0,0,1,1,6542,1
26,2014-10-26,526225269821304833," The Giants beat the Royals, 11-4, to even the World Series at 2-2",66,52,0,0,0,1,0,6542,1
27,2014-10-26,526230835058733058,Thank you but what about 2014? @HaydenGoldstein: @neelkashkari Congrats u won presidential elect in AP Gov class! http://t.co/1VEcJ4Moa3,136,3,16,0,0,2,1,6542,2
28,2014-10-26,526465043542450177,@JerryBrownGov thinks that failing schools is only an 'ephemeral' issue. This issue is far from that. RT if you agree http://t.co/uZgTp6JRF2,140,10,2,0,0,1,1,6542,1
29,2014-10-27,526839294921412608,Q: What did @JerryBrownGov say to the poor minority kid who was starving? A: ,77,0,4,0,0,1,0,6542,1
30,2014-10-27,526736363543355392,"Going on air on @KOGORadio in 3 min.
Tune in!",45,3,3,0,0,1,0,6542,1
31,2014-10-27,526832951397335040,BREAKING: Wrong.,16,2,1,0,0,0,0,6542,0
32,2014-10-27,526835433976508416,I have a major campaign announcement to make.,45,1,7,0,0,0,0,6542,0
33,2014-10-27,526835894557241345,Announcement: I am squeezing in a workout before heading to San Diego for the YR meeting. Commence hyperventilating...now. ,123,2,12,0,0,0,0,6542,0
34,2014-10-27,526836158395736065,@kyleraccio y,13,0,0,0,0,1,0,6542,1
35,2014-10-27,526837995018534912,".@JerryBrownGov this is 4 U: ""@Students_Matter: MUST READ: A High School Student Responds To @TIME Cover: http://t.co/JJnuenQFcv #Vergara",137,4,0,1,1,3,0,6542,5
36,2014-10-27,526838720553435136,Imagine the outcry if a Republican governor were fighting poor minority kids in court who just wanted a good education. #shame,126,15,16,1,0,0,0,6542,1
37,2014-10-27,526840095467257856,@JeffreyCor agreed,18,0,1,0,0,1,0,6542,1
38,2014-10-27,526840266192216065,Go to http://t.co/4CosAU9vWN and see how @JerryBrownGov has turned his back on Californias kids. http://t.co/cgtxGk0XXc,119,8,3,0,1,1,1,6542,2
39,2014-10-27,526853578573774850,.@JerryBrownGov: @Students_Matter: Parent of a special needs student responds to the @TIME cover: http://t.co/OWyuKdVQYb #Vergara,129,1,0,1,1,3,0,6542,5
40,2014-10-27,526875679900827648,Newsome and Winslow expressing their excitement for the final week of the campaign. https://t.co/yubMPIlGv0,107,2,6,0,1,0,0,6542,1
41,2014-10-28,527239899741577216,"Join us for an Election Night Party!

Click here for details --&gt; http://t.co/X36WuqLXME http://t.co/7DficNHWmj",113,4,7,0,1,0,1,6542,1
42,2014-10-28,526887704756510721,"Thank you! ""@bryceingalls22: @neelkashkari #firstimevoter http://t.co/MIMJR9oo4d",80,1,2,1,0,2,1,6542,3
43,2014-10-28,526892812554760193,".@JWilliamsAP pls explain. ""@daveweigel: Good news 4 journos: Rob Ford elected to his old Toronto city council seat. http://t.co/9ZpClMayRL",139,0,1,0,1,2,0,6542,3
44,2014-10-28,526894816685481984,@JWilliamsAP ,13,0,0,0,0,1,0,6542,1
45,2014-10-28,526897891340603393,.@JerryBrownGov is trying to deny CA kids a fair and equal education. CA kids deserve better! RT if you agree. http://t.co/wh6WfLlaSY,133,19,11,0,0,1,1,6542,1
46,2014-10-28,526935202707566592,How many different non-sensical answers can JB come up with to explain his betrayal of poor kids? @cmarinucci: http://t.co/iB4aiPIfrg,133,8,7,0,1,1,0,6542,2
47,2014-10-28,526935478898290688,First he said he had no choice - he had to appeal. Which was an outright lie. @cmarinucci,89,0,1,0,0,1,0,6542,1
48,2014-10-28,526935688454082561,Then he said tenure is ephemeral. People will forget about it soon enough. @cmarinucci,86,0,1,0,0,1,0,6542,1
49,2014-10-28,526935983766646784,"Now he is saying #Vergara doesn't even affect teachers. What a joke. Come on Jerry, we aren't stupid. @cmarinucci",113,2,1,1,0,1,0,6542,2
50,2014-10-28,526936234795749376,Maybe tomorrow he will say @SutterBrown made him do it. @cmarinucci,67,0,2,0,0,2,0,6542,2
51,2014-10-28,526936776599171074,"If Vergara has no effect on teachers, why is his co-conspirator @rweingarten hyperventilating about the ruling? @cmarinucci",123,1,3,0,0,2,0,6542,2
52,2014-10-28,526936866600534016,"Unfortunately ""@CO2Insanity: @neelkashkari You know JB's a BS MACHINE.",70,0,2,0,0,2,0,6542,2
53,2014-10-28,526937429778108417,"Thank you! ""@debbyoconnor: @neelkashkari We're looking forward to casting our vote for you next week.",101,1,1,0,0,2,0,6542,2
54,2014-10-28,526937483205165056,"Thank you! ""@MichaelSDuell: @neelkashkari You've got my vote.",61,1,2,0,0,2,0,6542,2
55,2014-10-28,526938465184006144,@JohnHeaner @cmarinucci nothing semi private about them. I want everyone in CA to know about Jb's betrayal of poor kids.,120,1,0,0,0,2,0,6542,2
56,2014-10-28,526942857551417345,The HSR is powered by magic. MT @keaneiscool: Kashkari is so full of hot air he could power the high-speed rail all by himself. #CA2014,135,5,7,1,0,1,0,6542,2
57,2014-10-28,527138455932121088,Fun interview this morning with @ABC7Carlos on @ABC7 in Glendale. http://t.co/hDHMKcJCY3,88,3,2,0,0,2,1,6542,2
58,2014-10-28,527161644276019200,"Wide ranging interview this morning with Jack Zhao: Vergara, SCA5, crazy train, jobs. http://t.co/xgQwO7cyRL",108,3,1,0,0,0,1,6542,0
59,2014-10-28,527164310502768640,"Dear @JerryBrownGov, please make sure to watch the Giants tonight. California will learn how you betrayed kids. http://t.co/i1Ld3RClC2",134,4,4,0,1,1,0,6542,2
60,2014-10-28,527165296088743936,".@ChrisMegerian @RVartabedian once I've done enough to know it is fundamentally flawed, what more is needed?",108,1,0,0,0,2,0,6542,2
61,2014-10-28,527185185281167360,"Excuse #4 for @JerryBrownGov betraying needy kids over unions: ""misnomer."" (Note I wasn't an English major but his usage sounds funny to me)",140,1,2,0,0,1,0,6542,1
62,2014-10-28,527186172809060352,"Thank you! ""@JamestownCalif: @neelkashkari @JerryBrownGov I Mailed in my ballot yesterday. Good Luck",100,0,0,0,0,3,0,6542,3
63,2014-10-28,527186589693521920,Enjoyed lunch with the Pasadena Republican Womens Federated. GOTV! With @GregConlon http://t.co/ZeWT3McBcT,106,2,2,0,0,1,1,6542,1
64,2014-10-28,527187457012666369,".@JerryBrownGov betrays kids and backs his donors. Is that a ""misnomer?"" Or a mistake? Or just shameful? I'm going with shameful.",129,5,4,0,0,1,0,6542,1
65,2014-10-28,527192805853392897,Reporter just told me @JerryBrownGov today used BS excuse #1 for betraying kids: legally had to appeal. Repeating lie doesn't make it true.,139,7,5,0,0,1,0,6542,1
66,2014-10-28,527194299038187520,.@JerryBrownGov You exercised your discretion by not appealing gay marriage ruling but you didn't do same for poor kids. Why? #shame,132,3,2,1,0,1,0,6542,2
67,2014-10-28,527195203279781888,Interviewing with @conanNBCLA in Pasadena. He is undercover  http://t.co/rnYJzEIXRu,83,3,4,0,0,1,1,6542,1
68,2014-10-28,527198861346234368, Meet the most adorable member of #Boston PD's K-9 Unit! Tuco's named after a Mexican drug kingpin in @BreakingBad_AMC ht,121,763,0,1,0,2,1,6542,3
69,2014-10-28,527202655127367680,Go to http://t.co/4CosAU9vWN and see how @JerryBrownGov has turned his back on Californias kids. http://t.co/Ed6fxbEVlU,119,1,2,0,1,1,1,6542,2
70,2014-10-28,527246266431209472, Candidate for governor @neelkashkari joins @johnandkenshow at 5 pm. Listen live. http://t.co/mDn2cjmPXG,104,5,0,0,1,3,0,6542,4
71,2014-10-28,527209364990742530,Recorded interview with @KPCC to air tomorrow. Talked at length about Vergara and @JerryBrownGov's betrayal http://t.co/gndyBw8ISX,130,6,6,0,0,2,1,6542,2
72,2014-10-28,527217359996850177," Strategy: @CAGOP cand @NeelKashkari goes for buzz, eyeballs - tonite 60 sec World Series ad, 40 rating,$162,000 to hit 2.5m",124,5,0,0,0,4,0,6542,4
73,2014-10-28,527241705993797632,"Awful. Shows how hard space flight is. ""@raablauren: rocket exploded after liftoff today. http://t.co/oYJjUHn78H http://t.co/KFPtuldqw0",135,2,0,0,1,1,1,6542,2
74,2014-10-29,527575475246596096,In case there was any doubt why @JerryBrownGov betrayed the neediest kids of California. Look no further. http://t.co/BVO5ba0tXp,128,5,1,0,1,1,0,6542,2
75,2014-10-29,527603524457480192, How Teacher Tenure Figures Into the November Election  http://t.co/4wcfJrAV8W,78,1,0,0,1,1,0,6542,2
76,2014-10-29,527602284830552064,"Join us for an Election Night Party!

Click here for details --&gt; http://t.co/X36WuqLXME http://t.co/2z145CdG0U",113,7,4,0,1,0,1,6542,1
77,2014-10-29,527593831106367489, I added a video to a @YouTube playlist http://t.co/xANAli1JuH Neel Kashkari Governor For California| East to West G&amp;E,122,3,0,0,1,2,0,6542,3
78,2014-10-29,527565040195354625,Go to http://t.co/4CosAU9vWN and see how @JerryBrownGov has turned his back on Californias kids. http://t.co/tPMdcWFuzB,119,5,0,0,1,1,1,6542,2
79,2014-10-29,527555936119189505, California moms chat education with Neel Kashkari!: http://t.co/FlTToqx7LL via @YouTube,88,6,0,0,1,2,0,6542,3
80,2014-10-29,527517397046267904,"She/JB know they r on wrong side of history. ""@johnmyers: On #Vergara, civil rts/tenure, @KamalaHarris: ""unethical"" to comment while appeal",139,0,1,1,0,2,0,6542,3
81,2014-10-29,527506485056909315,Thank you! @SchoolerLA: I voted this morning and put my ballot in mail.  I voted for @neelkashkari. It's time for a change in California,136,5,4,0,0,2,0,6542,2
82,2014-10-29,527474970088062976,"Election Day is only 6 days away!

RT if you're ready for a true California Comeback! http://t.co/JU9iL0joXi",108,19,8,0,0,0,1,6542,0
83,2014-10-29,527265641644826624,.@JerryBrownGov is trying to deny CA kids a fair and equal education. CA kids deserve better! RT if you agree. http://t.co/E8e0mYgDwX,133,31,9,0,0,1,1,6542,1
84,2014-10-29,527256320173699072, @neelkashkari: Going live in 5 min with @CarlosTVRadio @PatriotAM1150,70,4,0,0,0,4,0,6542,4
85,2014-10-29,527255984734212098,Going live in 5 min with @CarlosTVRadio,39,3,3,0,0,1,0,6542,1
86,2014-10-29,527255814231584768, Fun time listening-- and watching -- @neelkashkari interview on @johnandkenshow http://t.co/oadAPdwNga,103,1,0,0,0,3,1,6542,3
87,2014-10-30,527933662785187840," .@rweingarten's attacks ""undermine the credibility of those within the status quo who say they're open"" to change. htt",119,2,0,0,1,2,0,6542,3
88,2014-10-30,527616629073408000,Every vote counts! Join me and let's bring California back! http://t.co/M9XcvhEFOE,82,20,10,0,0,0,1,6542,0
89,2014-10-30,527631220797345792,"Unhinged ""@CapitolAlert: VIDEO: Jerry Brown, weary of agenda questions, dares reporter to print half of what I say http://t.co/IEZGwjEWT6",137,1,1,0,1,1,0,6542,2
90,2014-10-30,527652869067923456,.@JerryBrownGov is trying to deny CA kids a fair and equal education. CA kids deserve better! RT if you agree. http://t.co/3r5dkMd2tA,133,25,9,0,0,1,1,6542,1
91,2014-10-30,527656048745017344,@WhoopsOhMy pls see http://t.co/JTrJSMu2YG and /education for detailed plans,76,1,0,0,1,1,0,6542,2
92,2014-10-30,527658016699842561,@WhoopsOhMy thank you,21,0,0,0,0,1,0,6542,1
93,2014-10-30,527658646843686912,Terrific event in Torrance tonight with @DavidHadley2014. Great turnout tonight! http://t.co/9HJowTUXAC,103,8,4,0,0,1,1,6542,1
94,2014-10-30,527665324796420096,"Trying to minimize meltdowns? ""@LATSeema: Brown's last campaign stop of the year - and likely as a candidate ever... http://t.co/KDrwZr8XL4",139,4,0,0,1,1,0,6542,2
95,2014-10-30,527665687582760960," 1905, 1921, 1922, 1933, 1954, 2010, 2012 and 2014. #SFGiants #WorldSeries",74,2315,0,2,0,1,0,6542,3
96,2014-10-30,527680410231529472, Ready to #vote! #LosAngeles @neelkashkari @TonyStrickland http://t.co/Lr254U7Qz0,81,5,0,2,0,3,1,6542,5
97,2014-10-30,527687821751238656, Photos: #66thAssembly candidate @DavidHadley2014 joined by @neelkashkari at a Torrance support rally - Daily Breeze http:/,123,2,0,1,1,3,0,6542,5
98,2014-10-30,527692909806903297,"Thank you! ""@SumrLuv825: Happy to say that my fellow OC ""neighbor"" @neelkashkari has my vote! I'm rooting for you! #youdecide #vote2014",135,5,5,2,0,2,0,6542,4
99,2014-10-30,527824499325296640, .@neelkashkari is on with @marklarsonradio in 5 minutes! Listen here: http://t.co/YEJQW9cKuS,93,1,0,0,1,3,0,6542,4
100,2014-10-30,527868568633757696,"Congratulations @SFGiants! 
#worldseries http://t.co/QClgxIZlxM",63,3,7,1,0,1,1,6542,2
101,2014-10-30,527927427373080576,Go to http://t.co/4CosAU9vWN and see how @JerryBrownGov has turned his back on Californias kids. http://t.co/UQ01rKUpkW,119,9,4,0,1,1,1,6542,2
102,2014-10-30,527964671861469184,"Join us for an Election Night Party!

Click here for details --&gt; http://t.co/X36WuqLXME http://t.co/qnCr3RxoeL",113,14,7,0,1,0,1,6542,1
103,2014-10-31,528299376980922368,I'm running for governor to fight for California's kids. They deserve a fair and equal education. RT if you agree! http://t.co/nxS2jvNLNJ,137,27,18,0,0,0,1,6542,0
104,2014-10-31,527979016888664064,Every vote counts! Join me and let's bring California back! http://t.co/75S0FCVkBq,82,28,21,0,0,0,1,6542,0
105,2014-10-31,528004234529484801,Fun visit with volunteers at @JeffGorell HQ tonight in Camarillo on my way to Santa Barbara. Starting young! http://t.co/wnKHmNNfvl,131,5,10,0,0,1,1,6542,1
106,2014-10-31,528005252843589632, Our A-Team @MartinAJGarcia and Evan making Calls for @JeffGorell and @neelkashkari http://t.co/BcCQPE0GFT,106,11,0,0,0,4,1,6542,4
107,2014-10-31,528020616818221057,"Thank you! ""@Barbsk80: @neelkashkari I did and already submitted to my county!",78,1,2,0,0,2,0,6542,2
108,2014-10-31,528020702679793665,@UnrulyUnruh I'm not hanging on to some scraps,46,0,0,0,0,1,0,6542,1
109,2014-10-31,528021381339168768,I love this! @newsomekashkari and @winslowkashkari step up! RT @KFIAM640: Dog brings owner ice cold beer. http://t.co/bkWuBkaFtv,128,0,5,0,1,3,0,6542,4
110,2014-10-31,528045145212874752,"Thank you both!! ""@sg2waugh: @neelkashkari It's official my wife and I vote for you. Good luck! http://t.co/e9dWyxmHLE",118,1,3,0,0,2,1,6542,2
111,2014-10-31,528064589498707969,"Thank you! ""@_NicholasHunt: A vote for a better California @neelkashkari http://t.co/Q9fncGzplF",95,12,15,0,0,2,1,6542,2
112,2014-10-31,528205190953197568,"Never!  ""@DarkLinkRespawn: @neelkashkari Has anyone ever told you you look like lex Luther?",91,0,3,0,0,1,0,6542,1
113,2014-10-31,528206156461010944,Coming up: Halloween Rumble with @brianwhitman @benshapiro and @ElishaKrauss on @am870theanswer!  Tune in!,106,4,3,0,0,4,0,6542,4
114,2014-10-31,528253429106622465,Great events this morning in Santa Barbara GOP with @MitchumCA24 and @RonNehring. Getting out the vote! http://t.co/UIYB8NYy9O,126,10,11,0,0,2,1,6542,2
115,2014-10-31,528273412238876672, Gubernatorial Candidate Neel Kashkari Visits Santa Barbara GOP Headquarters http://t.co/CbGHYTj7aS @neelkashkari @KEYTNC3 @,124,6,0,0,1,4,0,6542,5
116,2014-10-31,528295430757814272,Great visit with @MitchumCA24 and @RonNehring to the @RPSLO today! Our side is fired up! http://t.co/4kGbSL49K0,111,4,8,0,0,3,1,6542,3
117,2014-10-31,528296304460705793,"Early release ""@cmarinucci: @CA_Dem We stand corrected, but his early release about his elex night sked didn't mention @CA_Dem party event",138,1,1,0,0,3,0,6542,3
118,2014-10-31,528319138046177280,Absolutely pouring in Monterey ,31,1,4,0,0,0,0,6542,0
119,2014-11-01,528621138218606593,"@Calefati @JerryBrownGov as you know, I've been talking about this since day 1 of the campaign.",95,1,1,0,0,2,0,6542,2
120,2014-11-01,528350542842826754,Getting out the vote with @montereygop. Dedicated folks endured a wonderful rainstorm to join us. Thank you! http://t.co/cC57Qjc4pH,131,3,4,0,0,1,1,6542,1
121,2014-11-01,528358689707917312,@RealWayneScrogg sorry traveling the state on a crazy schedule. Pro 2A. Long time gun owner. See video on my website about gun rights. Thx,138,2,1,0,0,1,0,6542,1
122,2014-11-01,528362516863528960, Rain! In California!,21,4,0,0,0,1,0,6542,1
123,2014-11-01,528366320505876481,Brilliant strategy! Necco Wafers? @richgalen: I tried to buy candy I don't  like so I wouldn't eat it. There IS no candy I don't like.,134,2,4,0,0,1,0,6542,1
124,2014-11-01,528574524795940864, California's sky high poverty rate has been one of the hottest issues in an otherwise tepid governor's race http://t.co/WTAlD,126,18,0,0,1,1,0,6542,2
125,2014-11-01,528574840215961602," .@JerryBrownGov takes credit for engineering CA's Comeback, but the revival has done little to help 5.6 million ppl still liv",126,8,0,0,0,2,0,6542,2
126,2014-11-01,528616885756387328, It's time to GOTV Baby!  Proud to join @neelkashkari @Pete4SOS @SueCaro1 @Jaime_Patino @GOPCoachJ for our final Sat. of t,122,10,0,1,0,6,0,6542,7
127,2014-11-01,528622079005167616,@kcraSharokina Are they displaying the family silver platter on which everything is passed forward? ,100,1,1,0,0,1,0,6542,1
128,2014-11-01,528622251219111936, Massive Get Out The Vote rally and walk with @neelkashkari @Pete4SOS @kuoforsenate @Jaime_Patino  @SueCaro1 @GOPCoachJ @,121,9,0,0,0,8,0,6542,8
129,2014-11-01,528642866546229250," Changing face of @CAGOP? Milpitas rally for @kuoforsenate, @NeelKashkari, @Pete4SOS draws overwhelmingly Asian voters http:",124,21,0,0,0,5,1,6542,5
130,2014-11-01,528645084515164160,Great turnout for rally with @kuoforsenate @Pete4SOS in Milpitas. The mandarin translator was impressive! http://t.co/Ph3U6x7rI0,128,8,8,0,0,2,1,6542,2
131,2014-11-01,528675463930335232," CA voters: If you asked for mail-in ballot, now too late to mail it in; must be RECEIVED by pollworkers/registrar's office ",124,14,0,0,0,1,0,6542,1
132,2014-11-01,528677628216356864,.@CA_Dem's r energized!  @cmarinucci: Dem @mikehonda17 joined by IL @RepGutierrez at rally for campaign at SJ HQ http://t.co/B27PM9Z3ur,135,3,1,0,0,4,1,6542,4
133,2014-11-02,529019365518499840,"Thank you! ""@Kenwhite4444: @neelkashkari I did my part.. I pray you win CA deserves a break , you would be answer. http://t.co/gVxT6UcpBB",137,10,14,0,0,2,1,6542,2
134,2014-11-02,528703792603095040,Every vote counts! Join me and let's bring California back! http://t.co/K0LRkiqSeA,82,29,28,0,0,0,1,6542,0
135,2014-11-02,528778326996180992,2014 the year of  http://t.co/A7bl0kQzOv,40,6,10,0,1,0,0,6542,1
136,2014-11-02,528944103174995968,"Going out on a limb ""@thehill: Nate Silver: GOP 'probably' wins the Senate http://t.co/vysUT60k0H",97,2,3,0,1,1,0,6542,2
137,2014-11-02,528971460250198017,@1motomami he's using the cap and trade money for the train. That comes from raising gas and electricity prices,111,1,1,0,0,1,0,6542,1
138,2014-11-02,528972587226116096,Great stop in Chico this morning! Enthusiastic supporters. And some @CA_Dem's actually protesting!?! Love it! http://t.co/V09ig9LNnL,132,10,9,0,0,1,1,6542,1
139,2014-11-02,529010039458394113,Fun visit to the Sikh parade in Yuba City.  A lot of voters excited for Tuesday! http://t.co/KIuWb6xDp7,103,7,9,0,0,0,1,6542,0
140,2014-11-02,529011582710607872,Who is the guy on the right? A high school classmate I haven't seen since 1991. Bumped into at the Yuba City parade. http://t.co/1Nt3Ebm6N3,139,3,4,0,0,0,1,6542,0
141,2014-11-02,529012700060606464,"Thank you! ""@Till_You: @neelkashkari #Caneedsachange leave #jerrybrown in bed with the Unions. Best of luck  http://t.co/fqT89eojDm",131,1,8,2,0,2,1,6542,4
142,2014-11-02,529039252172980224,I'm running for governor to fight for California's kids. They deserve a fair and equal education. RT if you agree! http://t.co/9X0C4rhK7X,137,23,13,0,0,0,1,6542,0
143,2014-11-03,529400135692726272,Polls open at 7AM tomorrow! Go out and VOTE to fight for California's kids! http://t.co/G3NiMdjOnU,98,25,18,0,0,0,1,6542,0
144,2014-11-03,529069307251392513,"Thank you! ""@Gas8128: @neelkashkari  You Got My Vote http://t.co/fCqKDmn3NN",75,10,10,0,0,2,1,6542,2
145,2014-11-03,529285081031249922,This video on state legislatures is hilarious and so on point. Shrimp Boy and plastic bags? @daveweigel http://t.co/7A67cVpGj6,126,6,5,0,1,1,0,6542,2
146,2014-11-03,529285718775181312,@daveweigel we regulated football practice this year and now allow dogs in restaurants. Failing schools? Record poverty? Don't bother...,136,0,1,0,0,1,0,6542,1
147,2014-11-03,529295192042790913,"@JohnDiazChron ""liberal by national standards &amp; conserv in shades of blue of Bay Area politics"" I think that's just called liberal John. ",141,2,0,0,0,1,0,6542,1
148,2014-11-03,529341644605116416, Neel Kashkari is voting tomorrow morning in Laguna Beach. Jerry Brown cast his vote last week in Oakland. Wonder who the,121,3,0,0,0,1,0,6542,1
149,2014-11-03,529376693157654528,Great event with @OCGOP and @RonNehring getting out the vote! http://t.co/dwaiXv3tNc,84,5,7,0,0,2,1,6542,2
150,2014-11-03,529378374054346753,About to go on air on @KABCRadio with @Johnnydontlike. Tune in!,63,7,5,0,0,2,0,6542,2
151,2014-11-03,529406928007725056,Another terrific GOTV event - in Oceanside with @RPSDC @AsmRocky @RonNehring! Fired up! http://t.co/YrKZbsicO0,110,4,5,0,0,3,1,6542,3
152,2014-11-04,529450249799356417," Tomorrow, the youngest woman to ever be elected to Congress will win her seat. Oh, and--she's a Republican. Congrats @Elis",123,46,0,1,0,2,0,6542,3
153,2014-11-04,529427076232007680,"Thank you! ""@ducksfan713: Voting for @neelkashkari tomorrow instead of @JerryBrownGov",85,5,5,0,0,3,0,6542,3
154,2014-11-04,529427378121232388,"Thank you! ""@brianwhitman: I hope Democrats in California will join me in voting for @neelkashkari for Governor tomorrow! ...""",126,5,6,0,0,2,0,6542,2
155,2014-11-04,529427508115288065,@theikemancometh thank you so much!,35,0,0,0,0,1,0,6542,1
156,2014-11-04,529726507892346880," ""Extremely proud of campaign""- Republican gubernatorial candidate @NeelKashkari casts ballot #OCGOP #abc7eyewitness http://",124,11,0,2,0,2,1,6542,4
157,2014-11-04,529676742441844737, Grandma fled Communism. Lived the American Dream. Now 88 yrs old and just out of hospital. Voted for @neelkashkari! http://t,125,28,0,0,0,2,1,6542,2
158,2014-11-04,529664389465374722,It's Election Day! Go out and VOTE Neel if you're ready for a true California Comeback! http://t.co/giDcIABVWI,110,45,36,0,0,0,1,6542,0
159,2014-11-04,529504970694213632,"Thank you! ""@jeskanik: There is some red in the Monterey Bay Area. 
You have my vote. Good luck tomorrow! 
@neelkashkari",120,5,11,0,0,2,0,6542,2
160,2014-11-04,529504864452509696,@ducksfan713 yup ,17,1,2,0,0,1,0,6542,1
161,2014-11-04,529501439115415552,"Thank you! ""@BayAreaFan2: Checking the box for @neelkashkari.....for a new California. Be sure to vote tomorrow!",112,7,14,0,0,2,0,6542,2
162,2014-11-04,529500132061229056,"Thank you! ""@dannyahm: Good luck man!  @neelkashkari http://t.co/jyNVS75w7y",75,5,11,0,0,2,1,6542,2
163,2014-11-04,529428901513412608, Can't find your #pollingplace ? Find it here: https://t.co/DAWHfIvPeu $GOOG #2014Elections #GOTV @neelkashkari,111,2,0,3,1,2,0,6542,6
164,2014-11-04,529439386924896256,"Join us for an Election Night party tomorrow!

Click here for details and to RSVP!
http://t.co/X36WuqLXME",105,5,3,0,1,0,0,6542,1
165,2014-11-04,529440296313298944,"Fantastic event rallying the troops with my friend @GuerraForSenate! Dedicated volunteers, Rep, Dem and Ind. http://t.co/PgqqfcHqBN",131,5,9,0,0,1,1,6542,1
166,2014-11-04,529745495888236547, First time she's ever voted for a Republican. Lifelong FDR democrat voting for @neelkashkari ... @JerryBrownGov http:/,119,16,0,0,0,3,1,6542,3
167,2014-11-04,529498590558060544," For all who can vote tmrw, please do-@neelkashkari for Governor, @MarshallTuck for Superintendent of Schools,@DrStevenCh",121,7,0,0,0,4,0,6542,4
