,date,tweet_id,tweet_text,tweet_length,retweet_count,favorite_count,hashtag_count,url_count,user_mentions,media_count,follower_count,total_entities
0,2014-10-08,519845968498671616,Sign up here to show your support and get your name on the Team Haley bus: http://t.co/aF90cETdQV,97,13,15,0,1,0,0,92995,1
1,2014-10-09,520007629297700864,Post and Courier: Governor Nikki Haley helps Nexans officials cut ribbon at their brand new Berkeley County plant http://t.co/CCERJmgm1J,136,11,14,0,1,0,0,92995,1
2,2014-10-14,522080707880189952,WMBF: Startek officially open for business and hiring in Horry County http://t.co/uH7dXA3qyy,92,6,10,0,1,0,0,92995,1
3,2014-10-14,522099651953324033,Penn Energy: Nexans opens power transmission cable plant in South Carolina http://t.co/mWNMGEthzY,97,4,9,0,1,0,0,92995,1
4,2014-10-14,522147466008088576,WBTW: Governor Haley attends StarTek Ribbon Cutting Ceremony on Monday http://t.co/Fx1s19243a,93,5,8,0,1,0,0,92995,1
5,2014-10-15,522508478565613569,Post and Courier: Manning S.C. beats out China for bike factory http://t.co/S9yGstAXvK,86,22,39,0,1,0,0,92995,1
6,2014-10-17,523164876878118913,Had a great time with @citadelgop. The cadets continue to make South Carolina proud. http://t.co/h11ZuKMSXQ,107,15,30,0,0,1,1,92995,1
7,2014-10-20,524272743270055936,The Item: Bicycle plant opens in Clarendon County http://t.co/oVcZm27Ail,72,6,14,0,1,0,0,92995,1
8,2014-10-20,524317941269938176,Post and Courier: Aerospace-related plant to create 400 jobs in Pee Dee http://t.co/Zi9qrfqPOO,94,17,13,0,1,0,0,92995,1
9,2014-10-20,524227400935415808,Journal Scene: Showa Denko celebrates major expansion http://t.co/VdTxlBe93r,76,3,7,0,1,0,0,92995,1
10,2014-10-20,524217329425850369,Times and Democrat: British firm plans to hire 50 at new Orangeburg County facility http://t.co/gvKYY7su01,106,9,8,0,1,0,0,92995,1
11,2014-10-20,524204758526349312,Morning News: Dillon County lands 400 aerospace jobs with Wyman-Gordon http://t.co/qiBhAlMqIg,93,11,6,0,1,0,0,92995,1
12,2014-10-24,525769180323536897,WTMA: Valmet Corporation to Add 40 Jobs to Lancaster County Facility http://t.co/rKvYhBM5yx,91,11,12,0,1,0,0,92995,1
13,2014-10-29,527544798291701760,Great kickoff to our bus tour in Florence! Next stop: Myrtle Beach http://t.co/aF90cETdQV,89,11,19,0,1,0,0,92995,1
14,2014-10-29,527590941960712193,Thanks to everyone who came to our Myrtle Beach event! Day two of our bus tour starts in Conway tomorrow: http://t.co/aF90cETdQV,128,15,22,0,1,0,0,92995,1
15,2014-10-31,527994366951174144,"Bus tour day two is in the books. Day three takes us to HHI, Bluffton, Bamberg, Aiken, and North Augusta. http://t.co/aF90cETdQV",128,13,17,0,1,0,0,92995,1
16,2014-11-01,528646388964659200,Always warms my heart to be back in Clemson http://t.co/Cnyzipw0g1,66,36,83,0,0,0,1,92995,0
17,2014-11-01,528546215072653312,"If you can make it out safely today we'll be in Greenwood, Abbeville, Anderson, Clemson, and Greenville! http://t.co/aF90cETdQV",127,8,17,0,1,0,0,92995,1
18,2014-11-02,529031155644125185,One more day left on the bus tour. Hope to see you out there tomorrow! http://t.co/aF90cETdQV,93,21,26,0,1,0,0,92995,1
19,2014-11-04,529690699462373377,Don't forget to vote today! If you don't know where to vote you can check here: http://t.co/cYlRtLIKom,102,23,44,0,1,0,0,92995,1
20,2014-11-04,529642577856045056, Mt Horeb UMC precinct #selfie w/ @nikkihaley in line to vote. http://t.co/GFInjJoWSS,85,24,0,1,0,2,1,92995,3
