,date,tweet_id,tweet_text,tweet_length,retweet_count,favorite_count,hashtag_count,url_count,user_mentions,media_count,follower_count,total_entities
0,2014-10-06,519168003552735232,Each state that lifts unconstitutional bans against marriage equality &amp; allows couples to marry equally is a victory for our entire country.,144,20,18,0,0,0,0,20115,0
1,2014-10-06,519167762745139201,I applaud today's Supreme Court decision to reject appeals that would prevent loving couples from joining together in marriage.,127,7,18,0,0,0,0,20115,0
2,2014-10-07,519538763983499265, http://t.co/p1AROeav5W fixed-rate mortgages are now as low as 3.625%. Contact a lender today! #millennials #Realtors http://,125,6,0,2,1,1,1,20115,4
3,2014-10-07,519567997661229056,It's Renewable Energy Education Week-check out how @IllinoisDCEO is encouraging clean energy production in #Illinois. http://t.co/PYeOjm6IU8,140,9,1,1,1,1,0,20115,3
4,2014-10-10,520677511869784065, @GovernorQuinn dedicates @Illinois_Alma  #eceupgrade - will serve 2500 students &amp; prepare them for in-demand careers ht,124,2,0,1,0,3,1,20115,4
5,2014-10-10,520676972905910273," #Jobs in the cloud: Software maker @springcm adding 500 jobs over the next 5 years, getting $2.3M state grant. http://t.co/L",125,6,0,1,1,2,0,20115,4
6,2014-10-10,520691028924563456," Today @GovernorQuinn announced $35M to continue work on the Macomb Bypass, which will take motorists around the west sid",121,8,0,1,0,2,0,20115,3
7,2014-10-11,521001331750744064,.@springcms growth is a testament to #Illinois' strong workforce &amp; position as a hub for technology and innovation. http://t.co/fHOlGAY6vO,142,15,9,1,0,1,1,20115,2
8,2014-10-11,520758229454688257,It was a great day at U of I for the opening of their new state-of-the-art Electrical &amp; Computer Engineering building. #ECEupgrade,134,6,4,1,0,0,0,20115,1
9,2014-10-11,520758445020962816,The @eceILLINOIS facility will enhance educational opportunities &amp; fuel job-creating research breakthroughs in #IL. http://t.co/QNL8ENBzYv,142,3,2,1,1,1,0,20115,3
10,2014-10-11,520758734893498368,#Illinois believes investing in students &amp; higher education builds a brighter future for us all. http://t.co/Xet34GKoku,123,21,9,1,0,0,1,20115,1
11,2014-10-11,521001100929822720,A growing tech industry is creating jobs across #Illinois. Happy to announce @springcm will add 500 jobs in #IL. http://t.co/UusuSC9uKJ,135,6,4,2,1,1,0,20115,4
12,2014-10-11,521009359648993281, Today @GovernorQuinn announced a $45M investment for consolidating several @PaceSuburbanBus operations to improve produc,121,20,0,0,0,3,0,20115,3
13,2014-10-14,522113653403705344,"In 2 short years, 1871 has created 1k+ jobs &amp; their new space will help more #IL digital startups get support &amp; create high-tech jobs.",142,3,6,1,0,0,0,20115,1
14,2014-10-14,522113418816266240,"There is so much talent at @1871Chicago, where today we opened the digital hubs major $2.5 million expansion. http://t.co/a066eSm8qx",132,24,14,0,0,1,1,20115,1
15,2014-10-14,522113876058316802,Our growth of tech &amp; innovation sectors &amp; special places like @1871Chicago are helping drive Illinois' comeback. http://t.co/FZvLbEhSAm,143,3,3,0,1,1,0,20115,2
16,2014-10-15,522514804955566080,"#Illinois just launched http://t.co/dHn5VlGn0w, where parents can find information on quality ratings for early learning providers.",131,8,3,1,1,0,0,20115,2
17,2014-10-15,522444343676661760,"Tomorrow at 10:16 a.m., people across the globe will practice how to Drop, Cover &amp; Hold On as part of the #GreatShakeOut Earthquake Drill.",142,5,3,1,0,0,0,20115,1
18,2014-10-15,522444597427843072,#Illinois is committed to emergency preparedness &amp; I encourage everyone to participate in the #GreatShakeOut. http://t.co/YMJiVof74d #twill,143,9,3,3,1,0,0,20115,4
19,2014-10-15,522453000816955392, RT @Readygov: Reminder: Join the @ShakeOut #EQChat TODAY at 3p EDT. http://t.co/dfzrQquoVi,91,18,0,1,0,3,1,20115,4
20,2014-10-15,522510991653736448,"Today with some of #Illinois youngest residents, I announced an investment in early childhood ed in Brighton Park. http://t.co/wWHeMxTvaD",137,6,2,1,0,0,1,20115,1
21,2014-10-15,522511247011377152,"By investing in #ECE, we can prepare all children for success both inside and out of the classroom. http://t.co/CHhYtmHrsl",122,6,3,1,1,0,0,20115,2
22,2014-10-15,522515020890918913,http://t.co/hBhOYDtnAn gives parents information on early education providers &amp; empowers them to choose the best fit for their child.,137,8,7,0,1,0,0,20115,1
23,2014-10-16,522792444669460480,"The sky is the limit at @UChicagos new Chicago Innovation Exchange, supporting entrepreneurship &amp;  innovation in #Illinois. @ChicagoCIE",139,12,8,1,0,2,0,20115,3
24,2014-10-16,522761741210771456,"Reminder: Practice how to drop, cover &amp; hold on along with 570k Illinoisans &amp; people around the world during the #GreatShakeOut at 10:16a.m.",148,5,3,1,0,0,0,20115,1
25,2014-10-16,522792627108728832,"A $1m investment in @ChicagoCIE will help faculty, students &amp; entrepreneurs turn ideas into job-creating startups. http://t.co/OMMU5TeF4a",141,14,5,0,1,1,0,20115,2
26,2014-10-17,523242601026428928,Thriving companies like @Vosges are increasing their workforce &amp; fueling #Illinois comeback. http://t.co/5esvD0fl4D,119,11,8,1,0,1,1,20115,2
27,2014-10-17,523242444868313088,"Illinois comeback continues as our unemployment rate fell for the seventh consecutive month, from 6.7 to 6.6. http://t.co/8nargsQtp9",132,18,10,0,1,0,0,20115,1
28,2014-10-20,524229830796001283,"An indoor track at Gately Park will provide Pullman families, athletes &amp; neighbors a place to gather, rain or shine. http://t.co/QpKPHklKMM",143,7,5,0,0,0,1,20115,0
29,2014-10-20,524230111923408896,Investing in Gately means more opportunities for residents of all ages to try a new sport or chase an Olympic dream. http://t.co/1fMlt9nUcG,139,3,5,0,1,0,0,20115,1
30,2014-10-22,525065295137103872,"While there are no cases of Ebola in IL, a task force of experts will work with @IDPH to ensure the state is prepared http://t.co/n4t1tSgcnW",140,5,3,0,1,1,0,20115,2
31,2014-10-22,525065400091152384,"For questions &amp; updates regarding the Ebola virus, IL residents &amp; visitors can visit http://t.co/VcXgiWfbzH or call 1-800-889-3931.",139,7,4,0,1,0,0,20115,1
32,2014-10-23,525093407652589569,"To all those who observing the ""Festival of Lights,"" I wish you Happy Diwali and Saal Mubarak.",94,12,11,0,0,0,0,20115,0
33,2014-10-24,525755961248874496,"An investment for new LED lighting at @SIUC will help increase campus safety for students, staff &amp; visitors. http://t.co/GxPGPrQMhC",135,7,3,0,1,1,0,20115,2
34,2014-10-24,525733893191004160,Investing in a new community health facility for @Rockford_IL will ensure residents have access to needed services. http://t.co/TpTrzLJ1ua,138,1,2,0,1,1,0,20115,2
35,2014-10-24,525734024279764992,"Upgrades to @Rockford_IL s Crusader Community Health will help reach underserved patients, so nobody is left out. http://t.co/Qt9H9DBI5J",136,4,3,0,0,1,1,20115,1
36,2014-10-24,525755916252364802,Great to visit @SIUC yesterday in the middle of #Saluki homecoming week!,72,4,3,1,0,1,0,20115,2
37,2014-10-25,526132514772221952,Thank you to the @IllinoisNG's 108th Brigade for your sacrifice &amp; service to our country. Welcome home. http://t.co/ozLXDUwAk1,130,22,18,0,0,1,1,20115,1
38,2014-10-27,526788202372161538,"As #Illinois leads the Midwest in job growth, @CoyoteLogistics is adding to our momentum with 500 new full-time jobs. http://t.co/R4HIVFcnwa",140,7,5,1,1,1,0,20115,3
39,2014-10-27,526788467745763329,"Illinois comeback continues, &amp; we are proud to be home to @CoyoteLogistics, one of the fastest growing logistics companies in America.",138,10,7,0,0,1,0,20115,1
40,2014-10-28,527135491749990400,"Making the tough decisions is improving our economy and helping us attract new employers, but there's more work to do.",118,9,9,0,0,0,0,20115,0
41,2014-10-28,527135333154967552,Proud to join @amazon &amp; @SenatorDurbin to announce the retail giant's plans to create 1k full-time jobs in #Illinois. http://t.co/xMlGvyL5ML,144,11,14,1,0,2,1,20115,3
42,2014-10-28,527135732150714369,"With great companies like @amazon growing &amp; thriving in Illinois, we'll build on our progress &amp; create even more jobs.http://t.co/nMkSIowild",148,9,5,0,1,1,0,20115,2
43,2014-10-30,527869268172754945,Illinois manufacturing has been a major priority of my administration &amp; I'm proud to move forward on the @DMDII_ http://t.co/yQqSy7hZIl,139,4,2,0,1,1,0,20115,2
44,2014-10-30,527853468430925824,With @SenatorDurbin &amp; @ChicagosMayor to break ground on the new @UILABS_  &amp; @DMDII_  digital manufacturing hub. http://t.co/pfvkXCWN13,142,14,6,0,0,4,1,20115,4
45,2014-10-30,527853780550025216,"The @DMDII_ will solidify #Illinois' position as a high-tech manufacturing hub, support a growing tech sector &amp; create jobs across #IL.",139,4,3,2,0,1,0,20115,3
46,2014-10-30,527947080716025856,"#TBT Nearly one year ago, #Illinois became the 16th state to embrace full marriage equality. http://t.co/ssboN38WL7",115,11,13,2,1,0,0,20115,3
47,2014-10-30,527891762774540288, Big day for #manufacturing in #Chicago with groundbreaking of @DMDII_ &amp; @UILABS_ with @ChicagosMayor @GovernorQuinn ht,123,27,0,2,0,5,1,20115,7
48,2014-10-30,527908070773379073,"Cronus Fertilizers is bringing their thriving &amp; innovative business to Tuscola, Illinois. http://t.co/lfxYyetbtD",116,4,4,0,1,0,0,20115,1
49,2014-10-30,527908354346070016,"A new Cronus plant in Tuscola will boost the #IL economy, create thousands of good jobs &amp; keep our momentum going. http://t.co/kCZiOJtl24",141,10,10,1,0,0,1,20115,1
50,2014-10-31,528319903825412096,Thank you to all the new Safe Passage workers joining the many others helping students get to school safe every day. http://t.co/gUf31Tz5CY,139,9,6,0,0,0,1,20115,0
51,2014-10-31,528198020094242816," Congrats again to Steven Elza, the new #Illinois Teacher of the Year!   http://t.co/wpcmigDwGn #palatine #IL #vikings http://",126,12,0,4,1,1,1,20115,6
52,2014-10-31,528320124139634688," Thanks to all those who staff the safe passage routes that serve and support over 75,000 of our children! http://t.co/Uw",121,17,0,0,0,1,1,20115,1
53,2014-11-02,528996277758201857,"For more information on how to access our new homebuyer loan program #WelcomeHomeIllinois, visit http://t.co/Kdp2Cw5zuj",119,13,8,1,1,0,0,20115,2
54,2014-11-02,528995766325760002,"Congratulations to Brady &amp; Naomi, Illinois' newest homeowners through #WelcomeHomeIllinois! http://t.co/ilHunUV1pc",118,6,6,1,0,0,1,20115,1
55,2014-11-02,528996029304418304,"Through #WelcomeHomeIllinois, more than 10,000 first-time homebuyers have accessed more than $1.2 billion in mortgage assistance.",129,10,11,1,0,0,0,20115,1
