,date,tweet_id,tweet_text,tweet_length,retweet_count,favorite_count,hashtag_count,url_count,user_mentions,media_count,follower_count,total_entities
0,2014-10-05,518853221972848640,".@govsambrownback's health care compact will privatize 440,000+ KS Seniors' Medicare: http://t.co/WNheOMibf1 #ksleg #ksgov #failedexperiment",140,12,2,3,1,1,0,5778,5
1,2014-10-05,518822978486693889,KS projected budget deficit grows even more after another month of @govsambrownback's #failedexperiment http://t.co/YEVDMhEPY5 #ksleg #ksgov,140,12,3,3,1,1,0,5778,5
2,2014-10-05,518792769536397313,"""The very personal reason @govsambrownback won't get my vote."" http://t.co/vJLHbql4Cm His #failedexperiment must end. #ksleg #ksgov",131,16,15,3,1,1,0,5778,5
3,2014-10-05,518762573609439232,If reelected @govsambrownback will defund TWORKS (KS's largest jobs program) to pay for his #failedexperiment: http://t.co/iHFDN4OKA2 #ksgov,140,11,1,2,1,1,0,5778,4
4,2014-10-05,518551456161742848,In 1month polls will close &amp; all that will be left to do is wait for results. Let's work hard for 30 days to ensure it's the result KS needs,144,14,19,0,0,0,0,5778,0
5,2014-10-06,519200490211377153,The top 13 governor's races of 2014 (#5!): http://t.co/VQK3kThYpf #ksleg #failedexperiment #ksgov @govsambrownback,114,6,4,3,1,1,0,5778,5
6,2014-10-06,519215601219153920,"""The reason I wont vote for @govsambrownback is waiting to be born."" Powerful piece. Phttp://bit.ly/1sVoE6h #ksleg #failedexperiment #ksgov",139,7,8,3,0,1,0,5778,4
7,2014-10-06,519260876218437632,"Davis hits @govsambrownback on #ksed funding, #failedexperiment at Manhattan rally: http://t.co/cCB4UAS78o #ksleg #ksgov via @MERCnewsroom",138,4,1,4,1,2,0,5778,7
8,2014-10-06,519230683172990977,"I offered a plan to lower KS property taxes in 2012, @govsambrownback opted for a #failed experiment:  http://t.co/US3AfuUJre #ksleg #ksgov",139,21,7,3,1,1,0,5778,5
9,2014-10-06,519113834641231872,"[Another] missed opportunity for Kansas kids, courtesy of @govsambrownback: http://t.co/iWgitskdDn #ksleg #failedexperiment #ksgov",130,10,1,3,1,1,0,5778,5
10,2014-10-06,518919678715265024," Up next for Kansas, a #BlueNovember @PaulDavisKS ""@govsambrownback: Well done @Royals! #HuntForBlueOctober""",108,5,0,2,0,4,0,5778,6
11,2014-10-06,519140071149023233,.@govsambrownback is ignoring the realities of his #failedexperiment: http://t.co/E9NY4BBHYn #ksleg #ksgov,106,10,2,3,1,1,0,5778,5
12,2014-10-06,519170287070220289,.@govsambrownback among the 10 most vulnerable governors: http://t.co/OiaWCxa9Dv #ksleg #failedexperiment #ksgov,112,6,4,3,1,1,0,5778,5
13,2014-10-07,519537142188769280,"Like #ksed, KS highways in danger of slipping into mediocrity, all for @govsambrownback's #failedexperiment: http://t.co/N8PpMGmR4A #ksgov",138,12,3,3,1,1,0,5778,5
14,2014-10-07,519302561854398465,Thanks Coalition for KS Arts for #ksgov endorsement! #Brownback damage to Arts have been severe. We must #RestoreKS. http://t.co/hXg8iwRfOd,139,27,31,3,0,0,1,5778,3
15,2014-10-07,519472261820989440,".@govsambrownback has antagonized one Kansas group after another: artists, teachers, Moderates, to name a few: http://t.co/uTxFdwEXUb #ksgov",140,16,7,1,1,1,0,5778,3
16,2014-10-07,519609602514489344,New poll has us up 47-42! Kansans care more about #ksed than @govsambrownback's offensive mudslinging. #ksleg #ksgov http://t.co/8SErFt1GyX,139,47,29,3,0,1,1,5778,4
17,2014-10-08,519925276625485824,After @govsambrownback made historic #ksed cuts no amount of money buys him victory: http://t.co/qCSuqgLzp6 #ksleg #ksgov #failedexperiment,139,14,4,4,1,1,0,5778,6
18,2014-10-08,519838918863114240,Another powerful piece on why we must end @govsambrownback's #failedexperiment: http://t.co/d1hKaoHUzO #ksgov #ksleg #kseln,123,11,6,4,1,1,0,5778,6
19,2014-10-08,519849775714148353,.@govsambrownback &amp; allies spent millions in offensive attacks yet our lead persists: http://t.co/rTsPXvU4Kv #ksgov #ksleg #failedexperiment,144,14,3,3,1,1,0,5778,5
20,2014-10-08,519879959003688960,Davis rallies in support of the Arts after @govsambrownback defunded KS Arts: http://t.co/ElXICohxa4 #ksleg #ksgov #failedexperiment #kseln,139,6,4,4,1,1,0,5778,6
21,2014-10-08,519986225512726528,Late #ksed payments? http://t.co/CGCmJJbznG @govsambrownback claimed this wld not happen in May fundraising letter. What's going on? #ksleg,139,15,10,2,1,1,0,5778,4
22,2014-10-09,520272567664267264,I will carve the ID/DD population out of @govsambrownback's KanCare disaster: http://t.co/Q93NaO0Q1N #ksleg #ksgov #failedexperiment #kseln,139,8,5,4,1,1,0,5778,6
23,2014-10-09,520015870488109057,Kansas economic promises are often dust in the wind: http://t.co/jaTEUpkQVI @govsambrownback #ksleg #ksgov #failedexperiment,124,5,0,3,1,1,0,5778,5
24,2014-10-09,520041173940207616, Members of the KSHSDems made over 400 calls this month supporting the @PaulDavisKS campaign! #RestoreKansas http://t.co/,121,19,0,1,0,2,1,5778,3
25,2014-10-09,520212178972848130,.@govsambrownback's TWORKS promises are empty.  He's defunding TWORKS to pay for his #failedexperiment: http://t.co/iHFDN4OKA2 #ksleg #ksgov,140,11,2,3,1,1,0,5778,5
26,2014-10-09,520242397385474049,This is what happens when [far right] #ksgop try to destroy #ksed: http://t.co/1ftT3W0mUN @govsambrownback #ksleg #ksgov #failedexperiment,138,8,2,5,1,1,0,5778,7
27,2014-10-09,520249339395194880,"#Brownback touts TWORKS in SEK while running ads attacking me for supporting it. Concurrently, he's defunding the program. #hypocrisy #ksleg",140,18,6,3,0,0,0,5778,3
28,2014-10-09,520302754288246784,"No, @govsambrownback. It's not the media's fault you're losing: http://t.co/yPLuKouyAt. #failedexperiment #ksleg #ksgov #kseln",126,17,14,4,1,1,0,5778,6
29,2014-10-10,520665175603429376,"#Ksgop Senate President Dick Bond comments on @govsambrownback's desperate, shameless ad. #PullTheAd #ksgov #ksleg http://t.co/eJU2pSFFAn",137,19,8,4,0,1,1,5778,5
30,2014-10-10,520604766800326656,"#Ksgop senator/pastor responds  to tasteless, offensive new ad by @govsambrownback &amp; allies. #PullTheAd #ksgov #ksleg http://t.co/PtMFlAgRMz",144,38,22,4,0,1,1,5778,5
31,2014-10-10,520628521082032129,.@govsambrownback's tactics are morally bankrupt and disgusting. Call him and tell him to #PullTheAd. #ksleg #ksgov http://t.co/u2eEcn0twr,138,23,13,3,0,1,1,5778,4
32,2014-10-10,520637599258775553,Former #ksboe member comments on @govsambrownback's disgraceful mudslinging. #PullTheAd #ksleg #ksgov #kseln #ksgop http://t.co/WsB6TxqSYx,138,29,16,6,0,1,1,5778,7
33,2014-10-10,520650031880093696,".@govsambrownback's ""hate first, seek forgiveness later"" tactics aren't new, but they're still unacceptable. http://t.co/hzeo5GC7Na #ksgov",138,15,7,1,1,1,0,5778,3
34,2014-10-10,520681510492704768,Law enforcement agree that @govsambrownback's sleazy tactics reek of desperation. #ksgov #ksleg http://t.co/AGnlFN9VgJ,118,24,17,2,0,1,1,5778,3
35,2014-10-11,520757893990465536,"""#Brownback shld stick to the issues, bc he's definitely not in a position to lecture anyone about character."" #ksgov http://t.co/nXjbwFMdsI",140,40,28,2,0,0,1,5778,2
36,2014-10-11,520965193728532480,"I'm proud to release a new ad about my record while @govsambrownback relies on false, sleazy attacks. http://t.co/Aj2IlFF3lB #ksgov #ksleg",138,19,20,2,1,1,0,5778,4
37,2014-10-11,521029071044878336, Run your vulgar ads and send your glossy postcards distorting the truth Gov. #Brownback. We'll keep walking. #ksleg http://t.co,128,18,0,2,0,1,1,5778,3
38,2014-10-13,521703480227287040,I'm campaigning w/ KS Republicans this week. @govsambrownback is campaigning w/ the out of state politicians who fund his sleazy ads. #ksgov,140,35,31,1,0,1,0,5778,2
39,2014-10-14,522044797809618944,"In total, 500+ #ksgop elected/community leaders endorse our team. I'll take that over #Brownback's east coast buddies any day. #ksleg #ksgov",140,27,20,4,0,0,0,5778,4
40,2014-10-14,522122238254792704,"Former #ksgop Rep Sheryl Spalding: 4 yrs ago, I supported 
@govsambrownback. Sadly, it didnt take long to regret my decision. #ksgov #ksleg",139,8,9,3,0,1,0,5778,4
41,2014-10-14,522129807207698433,"Former #ksgop Sen Wysong: #Brownback policies are bankrupting KS. His tax policies are nothing more than, well, they're unbelievable! #ksgov",140,6,4,3,0,0,0,5778,3
42,2014-10-14,522131088291143680,"#Ksgop Senate Pres Dick Bond: I predicted #Brownback would lie, mislead &amp; smear to keep power. That's exactly what he's done. #ksgov #ksleg",143,23,7,4,0,0,0,5778,4
43,2014-10-14,522141058239442944,Former #Ksgop State Chair Dennis Jones: @govsambrownback's roadmap has been a dead end road to nowhere. It is a disaster! #ksgov #ksleg,135,7,3,3,0,1,0,5778,4
44,2014-10-14,522137309068550145,Wichita BOE Pres &amp; #ksgop businessman Lynn Rogers: No responsible businessperson wld run a business the way @govsambrownback runs KS. #ksgov,144,7,3,2,0,1,0,5778,3
45,2014-10-14,521864048845938688," One of state's largest Head Start programs not applying for funding because of difficulties dealing with DCF. #ksleg 
http://",126,8,0,1,1,1,0,5778,3
46,2014-10-14,522037575603601408,Proud to announce 75 new members of Republicans for KS Values. I now have endorsement of 180 current &amp; former #ksgop electeds. #ksleg #ksgov,144,20,16,3,0,0,0,5778,3
47,2014-10-14,522038343920799744,I'm also proud to announce over 360 KS #ksgop community/business leaders &amp; educators have endorsed our campaign. #ksgov #kseln #ksleg,137,16,10,4,0,0,0,5778,4
48,2014-10-15,522506922499788800, I wonder how Sam Brownback cut taxes for people like the fictional mom? My state taxes have gone up every year with him as,123,7,0,0,0,1,0,5778,1
49,2014-10-15,522386493650644993,500+ elected/civic/business/#ksed #ksgop leaders break w/ @govsambrownback: http://t.co/l5T2LDfFrl #ksgov #ksleg,112,7,6,4,1,1,0,5778,6
50,2014-10-15,522416691515371520,"Davis reveals support of 500 #ksgop politicians, educators: http://t.co/p2OEtoIUmM #ksleg #ksgov #ksed",102,5,5,4,1,0,0,5778,5
51,2014-10-15,522499883585257472,"Slow and steady steals bases, wins races. #takethecrown http://t.co/qLElt7NTjj",78,14,21,1,0,0,1,5778,1
52,2014-10-15,522529488039866368,Huge congratulations to the @Royals! Let's make 2014 the year of the underdog in more ways than one. #takethecrown http://t.co/oK2lRbk2hc,137,39,81,1,0,1,1,5778,2
53,2014-10-16,522805668068466688,"""All politicians spin. But Ive never seen a public official lie as easily &amp; relentlessly as @govsambrownback."" http://t.co/7X3aiQnig2 #ksgov",144,13,9,1,1,1,0,5778,3
54,2014-10-16,522745069619920896, Westlake Hardware closing distribution center in Lenexa. Another notch in Brownback miracle for Kansas. Sunshines somewhere,124,13,0,0,0,1,0,5778,1
55,2014-10-16,522786007654350850,Instead of putting ideology ahead of policy as #Brownback has done Davis/Docking will return reason to #ksgov: http://t.co/0frbGRru4c #ksleg,140,4,5,3,1,0,0,5778,4
56,2014-10-16,522840887282655233," #Ksgop Senate Pres Dick Bond: I predicted #Brownback would lie, mislead &amp; smear to keep power. That's exactly what he's ",125,16,0,4,0,1,0,5778,5
57,2014-10-17,523171652960407552,.@govsambrownback continues to blatantly misrepresent my record (and his) in mailboxes: http://t.co/J32pq3xJCY #ksgov #kseln #ksleg,131,6,1,3,1,1,0,5778,5
58,2014-10-17,523111256450797568,Pratt Tribune: Sam is not our man: http://t.co/u1AnY6uY9Z #ksgov #kseln #ksleg @govsambrownback,95,7,3,3,1,1,0,5778,5
59,2014-10-17,523129508933947392, Kansas gubernatorial candidate Paul Davis sounds more like a moderate than a Democrat on environmental issues http://t.co/MlgUzVC,130,5,0,1,1,1,0,5778,3
60,2014-10-17,523141436619759616,Putting blame where it belongs (hint: with @govsambrownback): http://t.co/FwUnnn33Hd #ksgov #kseln #ksleg #failedexperiment,123,8,5,4,1,1,0,5778,6
61,2014-10-17,523164099568361472,I'm so proud to have the endorsement of Kansas law enforcement. http://t.co/HsouFATH0M #RestoreKansas #ksgov #kseln,115,19,11,3,1,0,0,5778,4
62,2014-10-17,523186764362428416,.@PaulDavisKS takes moderate stance on energy (among other issues) http://t.co/0ysBjmp06a #ksgov #ksleg #kseln @kcur http://t.co/lT2VotTA96,139,3,3,3,1,2,1,5778,6
63,2014-10-17,523201854746812416,Kansas one of seven states not expecting revenue growth: http://t.co/Ceq8T50Sby @govsambrownback #failedexperiment #ksgov #ksleg,128,8,4,3,1,1,0,5778,5
64,2014-10-17,523214250756419585, Report: Kansas drop in per-student funding fourth biggest since 2008 http://t.co/LwJr113u72 #ksleg #ksed,105,24,0,2,1,1,0,5778,4
65,2014-10-18,523548551565942784, I voted yesterday for Paul Davis for Governor. Early voting in progress at Riley County Clerks office in the Courthouse.,121,6,0,0,0,1,0,5778,1
66,2014-10-18,523548574672375808," Kansans, vote for Paul Davis. He knows what's important and will create jobs for KANSAS and bolster its education system.",122,12,0,0,0,1,0,5778,1
67,2014-10-18,523566209644511233,No matter what sleaze &amp; lies @govsambrownback throws at me it's worth it to fight for Kansans like this #ksgov #ksleg http://t.co/FZk8ZAJsXk,144,33,39,2,0,1,1,5778,3
68,2014-10-18,523612086840995841," For a multitude of reasons,  @PaulDavisKS  is the right choice for Kansas governor. @KCStar  editorial. #ksleg #ksgov
http://t",127,24,0,2,1,3,0,5778,6
69,2014-10-20,524005719738052609,Report: Kansas education cuts among the largest in the nation: http://t.co/n70hY1dETJ #ksleg #ksgov #ksed @govsambrownback #failedexperiment,140,24,9,4,1,1,0,5778,6
70,2014-10-20,524334305560895491,.@Govsambrownback's revenue secretary left out part about them raising taxes: http://t.co/RbvgaALn1v #ksleg #ksgov #kseln #failedexperiment,139,10,5,4,1,1,0,5778,6
71,2014-10-20,524304056160772099,.@govsambrownback made KS a punchline of talk show jokes yet again. Let's end his #failedexperiemnt. http://t.co/trH1kdkht5  #ksgov #ksleg,138,18,16,3,1,1,0,5778,5
72,2014-10-20,524273880450338816,Former #KSgop Lt. Governor Gary Sherrer: Davis gets it: http://t.co/8WxlFZl6Eg #ksleg #ksgov #kseln,99,8,2,4,1,0,0,5778,5
73,2014-10-20,524243699476082688,Yet another one of @govsambrownback's relentless lies disproven: http://t.co/CLCUku535z #ksleg #ksgov #kseln #failedexperiment,126,6,3,4,1,1,0,5778,6
74,2014-10-20,524213501728792577,Kansas future compromised: More cuts to schools coming due to @govsambrownback's #failedexperiment: http://t.co/TBNgFX6WhN #ksleg #ksgov,136,17,5,3,1,1,0,5778,5
75,2014-10-20,524183326773362688,".@HaysDaily debunks one of @govsambrownback's many ""relentless lies."" http://t.co/apCtl0pk9M #ksed #ksgov #ksleg",112,10,3,3,1,2,0,5778,6
76,2014-10-20,524162772062715904, Brownback accused of over-stating health of state arts funding. #ksgov http://t.co/1ph6vdPdG9,94,12,0,1,1,1,0,5778,3
77,2014-10-21,524669474285170689,.@govsambrownback is exploiting that terrible tragedy to try and get re-elected. It's disgraceful. He ought to be ashamed. #ksgov #ksleg,136,36,27,2,0,1,0,5778,3
78,2014-10-21,524364477488046081,.@govsambrownback's #failedexperiment: http://t.co/iAUYAAOs9L #ksleg #ksgov #kseln,82,9,4,4,1,1,0,5778,6
79,2014-10-21,524366752604774401,Swung by Wichita HQ tonight to say hi to canvassers &amp; phone bankers after the debate! Tks for your work! #ksgov #gotv http://t.co/2yGrJ0R2gT,144,10,18,2,0,0,1,5778,2
80,2014-10-21,524368508269105154, At @PaulDavisKS HQ in Lawrence making calls to undecideds. This is how elections are won! #RestoreKansas  @StopBrownback,121,5,0,1,0,3,0,5778,4
81,2014-10-21,524651998025502720, Davis blasts Brownback for using awful Carr brothers crimes for political gain. #KSLeg #KSgov,94,16,0,2,0,1,0,5778,3
82,2014-10-21,524668978564567040,I knew Brownback wld run an ugly campaign of personal attacks but I didnt think he cld get any sleazier until I turned on my TV today #ksgov,140,26,17,1,0,0,0,5778,1
83,2014-10-21,524669232202518529,.@govsambrownback is running a new ad trying to link me to the horrific Carr Brothers murder in Wichita. #ksgov #ksleg #kseln,125,23,8,3,0,1,0,5778,4
84,2014-10-21,524669901433475072, Sam Brownback aims low in nasty final debate http://t.co/Cx1tofPDvi,68,11,0,0,1,1,0,5778,2
85,2014-10-22,524955463168036864, Gov. Sam Brownback was the first governor in history to 100% defund the arts. Let's also make him the last. @PaulDavisK,120,48,0,1,0,2,0,5778,3
86,2014-10-22,524939284739280896,//t.co/dIV1IfOKOM #ksleg #ksgov #kseln,38,4,5,4,1,3,0,5778,8
87,2014-10-22,524968303782281217,.@govsambrownback keeps claiming that he increased #ksed funding yet these stories keep surfacing: http://t.co/wfJfQapxj4 #ksleg #ksgov,135,10,5,3,1,1,0,5778,5
88,2014-10-23,525317445440274432,So proud to be endorsed by KS State Trooper Association PAC. It's 1st time they've endorsed a challenger over sitting governor #ksleg #ksgov,140,44,43,2,0,0,0,5778,2
89,2014-10-23,525094432069419008," Someone stole all of my family's political signs, so my mom made this in protest. #takethat 
@wjhentzler @PaulDavisKS http",123,42,0,1,0,3,1,5778,4
90,2014-10-23,525270491284525057,"VIDEO: ""Paul has a record of voting for public safety, for the workers of KS. For the firefighters."" http://t.co/NGkUtjetBH #ksgov #ksleg",137,10,6,2,1,0,0,5778,3
91,2014-10-23,525411994628026369,.@govsambrownback doubles down on his exploitation of a horrific murder in effort to get reelected.Disgraceful http://t.co/xRzUolrnoD #ksgov,140,17,13,1,1,1,0,5778,3
92,2014-10-24,525728853051080704, New poll shows Davis widening lead over Brownback for Kansas governor: http://t.co/wmKOEJNPMQ,94,34,0,0,1,1,0,5778,2
93,2014-10-24,525453134622380032,Caroline's Halloween Carnival tonight! Princess Elsa was a strong contender but Snow White ultimately won the day. http://t.co/4eCpj47isM,137,4,40,0,0,0,1,5778,0
94,2014-10-24,525663113211703296,Kansas faces additional revenue shortfalls after @govsambrownback's #failedexperiment: http://t.co/Dfdnd4GjUN #Ksleg #ksgov #kseln,130,14,6,4,1,1,0,5778,6
95,2014-10-24,525693269414383616,Southeast Kansas School budget cut concerns: http://t.co/t04IQUSXEg #failedexperiment @govsambrownback #ksleg #ksgov #Kseln #ksed,129,7,5,5,1,1,0,5778,7
96,2014-10-24,525717921352658944," Latest 3 polls show Davis beating Brownback by 7, 5 and 5 points. http://t.co/ZBIeHLdoMq",89,21,0,0,1,1,0,5778,2
97,2014-10-24,525719403690987521,"BREAKING: In 3 months, Jill &amp; I raised over $2 million! Our total $4M raised breaks a record: http://t.co/4yYZifnOzn #ksleg #ksgov #kseln",141,11,17,3,1,0,0,5778,4
98,2014-10-24,525728748759678976, Davis reclaims lead in latest Rasmussen poll; Jenkins internal poll shows her up by 12 on http://t.co/G2ut2bRPyQ: http:,120,4,0,0,2,1,0,5778,3
99,2014-10-25,526074220619763712,"Our new ad, ""Four"": http://t.co/IdkviA9BLg. Unlike @govsambrownback ads, it's about issues, not vile &amp; sleazy attacks. #ksgov #ksleg #kseln",143,23,24,3,1,1,0,5778,5
100,2014-10-27,526861170532429825,Analysts: Davis favored over @govsambrownback in #ksgov: http://t.co/ba1lBxlm7w. #RestoreKansas #kseln,102,14,13,3,1,1,0,5778,5
101,2014-10-27,526878561693478914,"Proud to have the endorsement of another KS newspaper, @salinajournal. Cleaning up the Mess: http://t.co/uG6KXllxyx #ksgov #kseln #ksleg",136,23,24,3,1,1,0,5778,5
102,2014-10-28,527127728982482944,"As #Brownback campaigns in Royals gear, remember the last time he worked in private sector Royals were defending World Series title. #Ksgov",139,18,24,2,0,0,0,5778,2
103,2014-10-28,526893647199866881,KS State Troopers PAC backs us over @govsambrownback in #ksgov: http://t.co/6CUrSITnr8. They've never endorsed challenger over incumbent,136,21,13,1,1,1,0,5778,3
104,2014-10-28,526908781100154880,"Huge personal loans &amp; out of state allies buoy #Brownback campaign. 8,000 Kansans buoy ours. http://t.co/C05q9sZU4D #ksleg #ksgov #kseln",140,36,13,4,1,0,0,5778,5
105,2014-10-28,527082402779107328,The failures of @govsambrownback's #failedexperiment grow more serious: http://t.co/wKWryNndNS #ksgov #ksleg #kseln,115,20,6,4,1,1,0,5778,6
106,2014-10-28,527097516047597569,".@govsambrownback has long history of sleazy, disgraceful tactics: http://t.co/hzeo5GC7Na. He'll do &amp; say anything to keep power. #ksgov",140,23,16,1,1,1,0,5778,3
107,2014-10-28,527112633707548672,Steve Rose: Call me a RINO &amp; hear me roar for Davis over @govsambrownback: http://t.co/hEJP1HJN7X #RestoreKansas #kseln #ksleg #ksgop #ksgov,144,10,4,5,1,1,0,5778,7
108,2014-10-28,527142816200134658,"Criminal Behavior: @govsambrownback tactics are deplorable, outrageous, exploit victims: http://t.co/Lx2ShUv1ep. #ksgov #ksleg #kseln",133,18,8,3,1,1,0,5778,5
109,2014-10-28,527157992395776000,"I am proud to have the endorsement of another Kansas paper, @GCTelegram: http://t.co/j0ecbShJ4z. #ksgov #ksleg #kseln",117,18,9,3,1,1,0,5778,5
110,2014-10-28,527172664830345216,Frmr Rep Grant pledged to wear a tux for 3rd time in his life to my inauguration. Let's win &amp; hold him to it! #ksleg http://t.co/tNiitE1EbP,143,6,18,1,0,0,1,5778,1
111,2014-10-28,527245732915712000,We ended the first day of our #RestoreKansas tour at the State Capitol to a huge crowd of KS teachers! #ksgov #ksleg http://t.co/0J5meeFzqq,139,18,27,3,0,0,1,5778,3
112,2014-10-29,527302799802245120,It's a good year for cheering on blue underdogs. #BeRoyal #TakeTheCrown #RestoreKansas http://t.co/Luhto2gJY4,109,49,91,3,0,0,1,5778,3
113,2014-10-30,527844461309853696,The Hillsboro Free Press's non-endorsement of @govsambrownback: http://t.co/rJXkkP1bQO #ksgov #ksleg #kseln,107,14,9,3,1,1,0,5778,5
114,2014-10-31,528238425464655872,Latest Carr brother mailer further proof that @govsambrownback has run a campaign far beneath the dignity of our great state. #ksgov #ksleg,139,23,7,2,0,1,0,5778,3
115,2014-10-31,528198034166120448,Karla's twins suffered from the same condition as my daughter. She fought KanCare companies for months. http://t.co/vdo1nXUkCI #ksleg #ksgov,140,13,1,2,1,0,0,5778,3
116,2014-10-31,528236911299940352," Cutting video of @PaulDavisKS voting in #Lawrence this morning. But let's be honest, Caroline is the star! So cute! http://t.",126,2,0,1,0,2,1,5778,3
117,2014-10-31,528237674138963969,.@govsambrownback has a new mailer that graphically describes Carr murders while trying to link me to them. How low can he go? #ksgov #ksleg,140,27,14,2,0,1,0,5778,3
118,2014-11-01,528671835760885760, Just made phone calls for @PaulDavisKS for the 2nd straight day. #RestoreKansas #betterlatethannever,101,4,0,2,0,2,0,5778,4
119,2014-11-01,528576618454085634,Nate Silver released pred for Gov &amp; gave us 81% chance of winning! Make it happen. Go Vote! http://t.co/ql8l3tEUpT http://t.co/KLQrOOwsgo,141,40,42,0,1,0,1,5778,1
120,2014-11-01,528670678149783552, Very glad I got to meet @PaulDavisKS this morning at @BluestemBistro! http://t.co/63KNChxJrU,93,7,0,0,0,3,1,5778,3
121,2014-11-01,528696540286566400," Latest polling averages have @PaulDavisKS, @OrmanForSenate leading heading into final weekend: http://t.co/ic7pzAlU7I",118,22,0,0,1,3,0,5778,4
122,2014-11-02,529030244523470848,We had a great stop in Hays! Pleased to have Dr. Hammond's wife at our event sporting Davis/Docking gear! ttp://bit.ly/1wVs5cC #ksleg #ksgov,140,5,6,2,0,0,0,5778,2
123,2014-11-02,528927060173942785,.@nytimes: There is only so long a governor can do great damage to a state before voters demand change. http://t.co/dUsqMAzCpI #ksgov #Ksleg,140,32,35,2,1,1,0,5778,4
124,2014-11-02,528971478885486592,A real live victim of @govsambrownback's real live experiment: http://t.co/F6EWydi5Dp #ksleg #ksgov #failedexperiment,117,18,8,3,1,1,0,5778,5
125,2014-11-02,528984963304026112,Jobs flop: @govsambrownback's plan for economic surge doesnt add up: http://t.co/oZrluNN0Ub #ksleg #ksgov #failedexperiment,123,10,8,3,1,1,0,5778,5
126,2014-11-02,529000050089660416,Kansas tax cuts fail again as new revenue numbers plague @govsambrownback: http://t.co/XVyYrOyeXa #ksleg #ksgov #failedexperiment,129,14,8,3,1,1,0,5778,5
127,2014-11-02,529015184812027905,".@govsambrownback falsely claims endorsement by Ed Hammond in Hays mailer, Hammond sets record straight http://t.co/GkYhCeiuwj #ksleg #ksgov",140,17,12,2,1,1,0,5778,4
128,2014-11-02,529045310580875264,Stephanie and I voted on Friday. Have you voted yet? You can vote early until noon on Monday! http://t.co/aBpxd74bJ7 #ksleg #ksgov #kseln,137,8,12,3,1,0,0,5778,4
129,2014-11-03,529408993693683713, @PaulDavisKS great to meet you today in @GreensburgKS - let's get KS Arts back on track! We'll see you at the @GburgTwilight ,126,6,0,1,0,4,0,5778,5
130,2014-11-03,529060462634102784,".@NateSilver538 says we have an 81% chance of winning, but we cant stop working. http://t.co/SELqNodJWP #ksleg #ksgov http://t.co/jwKEVS69lV",140,36,39,2,1,1,1,5778,4
131,2014-11-03,529075558106136578,.@govsambrownback's not being honest. He's 100% responsible for his ruthless attack on Moderate #ksgop. http://t.co/8SBi8ZfFMd #ksleg #ksgov,140,14,12,3,1,1,0,5778,5
132,2014-11-03,529270111174017024, So who's going to win Kansas? Political scientists weigh in: http://t.co/6eDDs1CEXh,84,10,0,0,1,1,0,5778,2
133,2014-11-03,529270352078061568, States slashing education spending. Ks no. 6. #ksed #ksleg http://t.co/ZFvxT0qaTT via @USATODAY,96,13,0,2,1,2,0,5778,5
134,2014-11-03,529270377768173568, Democratic gubernatorial candidate Paul Davis was back stumping in GC Sunday night. http://t.co/0qxID70Zk9,107,6,0,0,1,1,0,5778,2
135,2014-11-03,529409178092056576," On Election Eve, @FiveThirtyEight gives @PaulDavisKS a 2.6 percent edge and 82 percent chance of winning http://t.co/P",119,16,0,1,1,3,0,5778,5
136,2014-11-03,529385307573997568, State GOP sinks even lower with Carr brothers mailer #ksleg #kseln  http://t.co/fcJy4lnKLb,91,8,0,2,1,1,0,5778,4
137,2014-11-03,529408892430610432," Final @LarrySabato Crystal Ball predictions #KSGov from ""toss up"" to ""leans Democratic."" @govsambrownback @PaulDavisKS @k",122,7,0,1,0,5,0,5778,6
138,2014-11-04,529649360473030656,With KS Governor John Carlin. #thumbsup #ksgov #Ksleg #kseln #ElectionDay http://t.co/yY3trAe1Fh,96,24,35,5,0,0,1,5778,5
