,date,tweet_id,tweet_text,tweet_length,retweet_count,favorite_count,hashtag_count,url_count,user_mentions,media_count,follower_count,total_entities
0,2014-10-08,519821846683070464,"Q1: Maine Maritime Academy is an excellent model for higher ed. Students get top rated education, and good paying jobs. #mepolitics",131,1,1,1,0,0,0,2276,1
1,2014-10-08,519822488466108416,"We must lower the cost of energy to improve our economy and create more, higher paying jobs. #mepolitics",104,1,1,1,0,0,0,2276,1
2,2014-10-08,519825405445156864,@Michaud2014 in 2011 my budget included the tax cuts. #mepolitics,65,0,0,1,0,1,0,2276,2
3,2014-10-08,519825594708942848,"We must work with our neighbors, and utilize efficiency to help decrease local property tax burden. #mepolitics",111,0,1,1,0,0,0,2276,1
4,2014-10-08,519826624494440448,"We paid off the hospital debt incurred by medicaid expansion, but thats only part of the problem. #mepolitics",109,1,1,1,0,0,0,2276,1
5,2014-10-08,519826737669357568,"The state ignored our disabled, and they ignored our elderly. #mepolitics",73,1,1,1,0,0,0,2276,1
6,2014-10-08,519828561415651328,"We need to fight to be competitive with the other 49 states, and world market #mepolitics",89,0,1,1,0,0,0,2276,1
7,2014-10-08,519828991612825601,We must focus on bringing more career jobs to Maine! #mepolitics,64,0,1,1,0,0,0,2276,1
8,2014-10-08,519829511542931457,"On education, liberal arts and other subjects are important but we need to also focus on skills specific career jobs in Maine.#mepolitics",137,0,1,1,0,0,0,2276,1
9,2014-10-08,519831872852205568,"We must do a better job in the STEM environment, those are the skills needed for the jobs of the future. #mepolitics",116,1,2,1,0,0,0,2276,1
10,2014-10-08,519833812172566528,"We've helped Mainers create over 22,000 new private sector jobs. #mepolitics",76,2,2,1,0,0,0,2276,1
11,2014-10-08,519834205321441280,Liberal politicians are very good at one thing: talk. They can talk all day about their vision and their grand plans. #mepolitics,129,1,1,1,0,0,0,2276,1
12,2014-10-08,519834437736222720,But they are not good at what really matters: actions. #mepolitics,66,0,1,1,0,0,0,2276,1
13,2014-10-08,519834696830976000,They never tell you how they are going to accomplish all those ideas. They are more interested in getting along to go along. #mepolitics,136,0,1,1,0,0,0,2276,1
14,2014-10-08,519834879518068736,I do not speak as well as they do. I am not a polished politician. Im more interested in getting the job done. #mepolitics,122,5,8,1,0,0,0,2276,1
15,2014-10-08,519835072690946048,"You know I am a hard worker. You know that if I say I will do something, Ill do it. #mepolitics",95,4,4,1,0,0,0,2276,1
16,2014-10-09,520182297749110784,Excited to be back in Waterville for the Mid-Maine Chamber debate! #mepolitics,78,1,5,1,0,0,0,2276,1
17,2014-10-09,520184454741233665,"""Good morning all and its wonderful to be home"" #mepolitics",59,0,0,1,0,0,0,2276,1
18,2014-10-09,520184668206149632,"We need more role models, not critics. #mepolitics",50,0,1,1,0,0,0,2276,1
19,2014-10-09,520184789190868992,Govt never has and never will create prosperity. #mepolitics,60,3,3,1,0,0,0,2276,1
20,2014-10-09,520185952472690688,My administration has spent million and millions more on education. http://t.co/19spY39QSS  #mepolitics,103,0,0,1,1,0,0,2276,2
21,2014-10-09,520186501381251072,The only bad thing about charter schools in Maine is we were the 41st state in nation to get them. #mepolitics,110,0,0,1,0,0,0,2276,1
22,2014-10-09,520188992193843200,We need to lower the cost of living and lower energy costs. #mepolitics,71,1,1,1,0,0,0,2276,1
23,2014-10-09,520191047159541761,"If the federal government raises the minimum wage, Im all in. Maine must be on level playing field. #mepolitics",111,3,2,1,0,0,0,2276,1
24,2014-10-09,520191840923189248,My administration has cut the structural debt gab by 60% #mepolitics,68,1,0,1,0,0,0,2276,1
25,2014-10-09,520194140446134272,We must welcome all job creators who want to bring jobs to Maine! #mepolitics,77,4,1,1,0,0,0,2276,1
26,2014-10-09,520197782892994560,"Litchfield Fair is one my favorite festivals, I love Maines agriculture fairs. #mepolitics",90,0,0,1,0,0,0,2276,1
27,2014-10-09,520212738908618752,Small Business Owners for LePage. NFIB Endorsed!  #mepolitics http://t.co/za3mlbkjFk,84,4,1,1,0,0,1,2276,1
28,2014-10-11,521010397512744961,High School football at @ThorntonAcademy today! #mepolitics http://t.co/AVyp8mRp4V,82,3,1,1,0,1,1,2276,2
29,2014-10-13,521707517735616512,Gov. @lepage2014  speaking to the #youth4lepage coalition. #mepolitics http://t.co/LLELWOzdow,93,8,4,2,0,1,1,2276,3
30,2014-10-13,521706923780235264,@LeeJacksonME introducing @lepage2014! #mepolitics http://t.co/sKazvmer9n,73,5,5,1,0,2,1,2276,3
31,2014-10-14,522076986026758145,The street I grew up on. #mepolitics http://t.co/XHJ4s4lpLp,59,1,1,1,0,0,1,2276,1
32,2014-10-14,522076664298500096,Showing  @GovChristie where I grew up! #mepolitics http://t.co/o03YPJbSNz,73,0,2,1,0,1,1,2276,2
33,2014-10-15,522525969668931584,FACT: Tax cuts were included in the 125th Legislatures first biannual budget. #mepolitics,89,2,3,1,0,0,0,2276,1
34,2014-10-15,522536452966858752,"Every man, woman, and child in Maine deserves the same type of American Dream I have experienced. #mepolitics",109,14,15,1,0,0,0,2276,1
35,2014-10-15,522402979706851328, Ann and I are honored to welcome Travis Mills and family to Maine and their new home. #mepolitics http://t.co/A980qloJ,119,6,0,1,0,1,1,2276,2
36,2014-10-17,523154679287390208,Greeting voters in Farmington! #mepolitics http://t.co/nrZHDtbTrr,65,2,2,1,0,0,1,2276,1
37,2014-10-17,523159973195698176,Fall fun in Franklin County! #mepolitics http://t.co/Pp5ct017Q7,63,0,0,1,0,0,1,2276,1
38,2014-10-17,523161096791015425,Visiting Sen. Saviello's store in Farmington. #mepolitics http://t.co/0ES35EloEQ,80,0,0,1,0,0,1,2276,1
39,2014-10-17,523174901608632320,I got a nice new camo hat at Franklin Savings Bank. #mepolitics http://t.co/BhIRth7BO6,86,0,1,1,0,0,1,2276,1
40,2014-10-17,523176273770995712,Group photo at Franklin Savings! #mepolitics http://t.co/yt6lqeinpL,67,1,3,1,0,0,1,2276,1
41,2014-10-18,523529756579753984,I've never seen one of these before! #mepolitics http://t.co/nARkhNIQ0M,71,0,1,1,0,0,1,2276,1
42,2014-10-18,523531753559191552,We found Bigfoot at the snowmobile show! #mepolitics http://t.co/hDU4I9xni5,75,5,5,1,0,0,1,2276,1
43,2014-10-18,523534986545483777,"Found a good Maine made shovel, manufactured by my friend Sen. Thibideau! #mepolitics http://t.co/HfhAKpGrln",108,3,6,1,0,0,1,2276,1
44,2014-10-18,523528180150571008,This yellow machine is the same type that the I took his first ride on! #mepolitics http://t.co/BUAhEfaagK,106,0,1,1,0,0,1,2276,1
45,2014-10-20,524335646542811137,I want all Mainers to be able to live the American Dream like I have. #mepolitics,81,5,2,1,0,0,0,2276,1
46,2014-10-20,524335436584333312,Never would I ever have dreamed as a child on the streets of Lewiston that I would become Governor. #mepolitics,111,5,3,1,0,0,0,2276,1
47,2014-10-21,524701159228178433,We must eliminate the tax on pensions to help keep more money in seniors pockets. #mepolitics,93,2,2,1,0,0,0,2276,1
48,2014-10-21,524708205927362561,"I know what it takes to get out of welfare, education and a good job. #mepolitics",81,3,2,1,0,0,0,2276,1
49,2014-10-22,524930846701408256,Mayor Macdonald of Lewiston endorsing Gov. @lepage2014 #mepolitics http://t.co/yx8k0OQHgm,89,4,1,1,0,1,1,2276,2
50,2014-10-22,524933002909188096,It is a true honor to be endorsed by the Mayors of my hometown and neighbor city! #mepolitics http://t.co/4zj5XP4IG9,116,7,5,1,0,0,1,2276,1
51,2014-10-22,525014025030365184,I had a wonderful visit at The Maine Pie Co. today at Pepperell Mill in Biddeford! #mepolitics http://t.co/ndhDnpxO4e,117,1,1,1,0,0,1,2276,1
52,2014-10-22,525015520090009600,Saying hello to customers at the Bomb Diggity Bakery. Check it out if you are in Portland! #mepolitics http://t.co/MSK3OrS9FZ,125,5,5,1,0,0,1,2276,1
53,2014-10-22,525017817515843584,The bakers behind the tasty treats at Bomb Diggity Bakery! #mepolitics http://t.co/F6d1epPQgJ,93,2,1,1,0,0,1,2276,1
54,2014-10-22,525031578544910336,@averyday You bet! ;),21,1,0,0,0,1,0,2276,1
55,2014-10-22,525051536905605121,"Its a true honor to be endorsed by Pres. @GeorgeHWBush, thank you for your support Mr. President! #mepolitics",109,20,16,1,0,1,0,2276,2
56,2014-10-22,524929860138176512,@MayorLaBonte endorsing Gov. @lepage2014 #mepolitics http://t.co/pEnq2htDep,75,2,3,1,0,2,1,2276,3
57,2014-10-24,525655541964873729,Talking about his old John Deere tractor with the owner of Hall Implement Co. #mepolitics http://t.co/Mis2uooIsZ,112,0,0,1,0,0,1,2276,1
58,2014-10-24,525658836536160256,Part of the GOP team in Cumberland County #mepolitics http://t.co/NAWSyQVpf4,76,0,1,1,0,0,1,2276,1
59,2014-10-24,525725161690247168,Great team at Wireless Construction Inc. #mepolitics http://t.co/IvgwKOAqYI,75,1,1,1,0,0,1,2276,1
60,2014-10-27,526734728511356929,Visiting with business owners and community members in Berwick. #mepolitics http://t.co/cKEXrJpXyr,98,2,0,1,0,0,1,2276,1
61,2014-10-27,526790754094829568,So honored to join @Maine_AnnLePage in presenting an Eagle Cane to WWII veteran Marcia Wells #mepolitics http://t.co/ip3KypChvO,127,3,1,1,0,1,1,2276,2
62,2014-10-27,526808507333754881,Meeting some good K9 supporters in Brunswick #mepolitics http://t.co/IRMDSdiixN,79,0,0,1,0,0,1,2276,1
63,2014-10-27,526812190385651712,Packed house in Brunswick GOP office! #mepolitics #getoutthevote http://t.co/qNXZszD2Ug,87,2,5,2,0,0,1,2276,2
64,2014-10-27,526824411874480128,We stopped by to visit WWII veteran Juanita McCauley while swinging through Brunswick today. #mepolitics http://t.co/qpLGnLZlza,127,1,1,1,0,0,1,2276,1
65,2014-10-27,526842215210188800,Speaking to students at @BowdoinCollege #mepolitics http://t.co/T8a2LnKgt7,74,3,6,1,0,1,1,2276,2
66,2014-10-28,527219601550372866,Thank you @GovChristie for your support! #mepolitics http://t.co/GDDUbpE8Nt,75,5,3,1,0,1,1,2276,2
67,2014-10-28,527132266158645248,Speaking with some outstanding business women in Bangor today. Thanks for having me Tuesday FORUM. #mepolitics http://t.co/jlLk4bo6s3,133,6,4,1,0,0,1,2276,1
68,2014-10-29,527564303483015168,"It's a true honor to receive the support of Sen. Olympia Snowe, a true independent leader here in ME and across USA. http://t.co/R8S12YH5eZ",139,3,5,0,1,0,0,2276,1
69,2014-10-30,527777433463054336,"Awesome morning at BIW, thanks for the overwhelming support! #mepolitics http://t.co/H9qBjO1DMu",95,6,6,1,0,0,1,2276,1
70,2014-10-30,527784996669767680,Some tasty donuts at Frosty's in Brunswick. Yum! #mepolitics http://t.co/ZJo3Id5lxc,83,2,5,1,0,0,1,2276,1
71,2014-10-30,527884150314119169,Hitting my old stomping grounds in Waterville w/ our next State Senator Scott Cyrway #mepolitics http://t.co/uxeuXcpoYM,119,0,3,1,0,0,1,2276,1
72,2014-10-30,527886128503066625,Visiting one of the many excellent small businesses in downtown Waterville. #mepolitics http://t.co/pjMqbqScU5,110,0,1,1,0,0,1,2276,1
73,2014-10-30,527888573870387200,"Stopped into Tardifs, she put me on the phone with her husband so he would believe I stopped by. #mepolitics http://t.co/gIaJa0RAFp",131,5,5,1,0,0,1,2276,1
74,2014-10-30,527895624226967552,I love all the Maine products at Maine Made and More. #mepolitics http://t.co/iQhCQdH5rB,88,0,1,1,0,0,1,2276,1
75,2014-10-30,527905450185207808,Pre-election day Marden's trip! #mepolitics http://t.co/2ylQs6ajP2,66,2,3,1,0,0,1,2276,1
76,2014-10-31,528178784042618880,Please take a moment to read my op-ed written for the BDN and PPH. Actions speak louder than words. http://t.co/6wURivekAt,122,1,1,0,1,0,0,2276,1
77,2014-10-31,528183326864322560,Campaigning in Lewiston with their next State Senator Patti Gagne! #mepolitics http://t.co/4YhvF0JkAq,101,1,3,1,0,0,1,2276,1
78,2014-10-31,528184120082710529,"Touring Hahnel Brothers, metal roofing manufacturers. #mepolitics http://t.co/kx4i5ejXvi",88,0,0,1,0,0,1,2276,1
79,2014-10-31,528200695212941313,Lewiston has some excellent Maine made businesses. #mepolitics http://t.co/TdiPxLLrUb,85,0,2,1,0,0,1,2276,1
80,2014-10-31,528218638571286528,"Impromptu stop to visit a Lewiston friend, owner of Fortier's Locksmith. #mepolitics http://t.co/ODD3ixwX1W",107,0,1,1,0,0,1,2276,1
81,2014-10-31,528251370600923137,"Touring The Baker Company in Sanford with David Woodsome, their next State Senator! #mepolitics http://t.co/vYOW5j7dNz",118,2,2,1,0,0,1,2276,1
82,2014-10-31,528266205493477377,"Learning more about New England Truck Tire Center, and how tires are refurbished right here in Maine. #mepolitics http://t.co/xR6Hv5bnvl",136,0,0,1,0,0,1,2276,1
83,2014-10-31,528269700397293568,Sitting down with Tammy Wells from the Journal Tribune. #mepolitics http://t.co/Sw5fch7t2j,90,2,0,1,0,0,1,2276,1
84,2014-10-31,528277447650058240,Stopped into Warren's office supplies in Sanford. #mepolitics http://t.co/oN41OjUojR,84,0,1,1,0,0,1,2276,1
85,2014-10-31,528279523302055936,Next time the sign will say Senator Woodsome. #mepolitics http://t.co/LnLnxjMNnI,80,0,0,1,0,0,1,2276,1
86,2014-11-01,528642095209537536,It was great to have @collins4senator visit the Blaine House food drive this morning. #mepolitics http://t.co/hOX09x909d,120,1,2,1,1,1,0,2276,3
87,2014-11-01,528562834930954240,Thank you for your support and the food donation @collins4senator ! #mepolitics #blainehousefooddrive http://t.co/5aXKJrm3Cd,124,8,5,2,0,1,1,2276,3
88,2014-11-03,529310501704957952,Honored to have so many Maine and National leaders support me. Check out what they had to  say last week. http://t.co/kYtdgpzJvX #mepolitics,140,5,4,1,1,0,0,2276,2
89,2014-11-03,529302633249779712,Speaking with many of the great employees at UNUM. #mepolitics http://t.co/4GOExUHTht,85,0,1,1,0,0,1,2276,1
90,2014-11-04,529629440767430656,Checking in to vote with the First Lady! #mepolitics #GOTV http://t.co/oYsWQgW9K0,81,5,4,2,0,0,1,2276,2
91,2014-11-04,529631974030573568,"Waiting to cast my ballot, when are you voting today? #mepolitics http://t.co/UKazOhjqAP",88,6,6,1,0,0,1,2276,1
92,2014-11-04,529640118454616065,"My ballot is cast, now we need you to cast yours! #mepolitics #GOTV http://t.co/ZikVW8QeEW",90,16,10,2,0,0,1,2276,2
93,2014-11-04,529642618536611840,Thank you to the Knorr Family for your support this morning! #mepolitics http://t.co/vgpe45FqRU,95,1,1,1,0,0,1,2276,1
94,2014-11-04,529670296518004737, Emergency order from @Governor_LePage will help busy @cmpco and @emerame crews vote today: http://t.co/Uk4xf2uBKm #MEpoli,122,10,0,1,1,5,0,2276,7
