,date,tweet_id,tweet_text,tweet_length,retweet_count,favorite_count,hashtag_count,url_count,user_mentions,media_count,follower_count,total_entities
0,2014-10-06,519151823304032256, @ Pro-Family Coalition Banquet in Kearney last night w/ @RickettsForGov &amp; @Sasse4Senate #Negov #nesen http://t.co/FfpOKa,125,4,0,2,0,3,1,2118,5
1,2014-10-06,519204022256168960,Honored to receive the endorsement of over 40 ag leaders from across the state of Nebraska today. More here: http://t.co/gGqAxLkClX #negov,138,4,2,1,1,0,0,2118,2
2,2014-10-06,519219695153844224,Had dinner at the Mid-Nebraska Pro-Life Banquet + spoke to Nebraska's county sheriffs in Kearney last night. #negov http://t.co/erH6Fj7P0Q,138,1,1,1,0,0,1,2118,1
3,2014-10-06,519259275190104064,Honored to attend the 2014 Offutt Advisory Council Harvest Ball this past weekend in Bellevue in support of our servicemen and women. #negov,140,1,3,1,0,0,0,2118,1
4,2014-10-06,519266626928406528,"Joined #prolife advocates yesterday afternoon for the annual #LifeChain, a powerful reminder of the importance of protecting unborn life.",137,3,7,2,0,0,0,2118,2
5,2014-10-06,519268112932569089,"Visited with the Lower Republican NRD in Alma, had lunch in Franklin, and coffee in Hildreth this afternoon! #negov http://t.co/hu6y7c8vs2",138,0,0,1,0,0,1,2118,1
6,2014-10-07,519529462279716864,Spoke to the Buffalo County Republican Party at their meeting in Kearney last night. #negov http://t.co/r25EIGNAY4,114,1,3,1,0,0,1,2118,1
7,2014-10-07,519605498278985730,"""[Pete] sees the importance of agriculture in Nebraska and what it means. He gets it."" -Debbie Borg. Listen: http://t.co/QQ3Obe85T0 #negov",138,1,1,1,1,0,0,2118,2
8,2014-10-07,519320128509337600,#Harvest14 is well under way in Central Nebraska! #negov http://t.co/XlzEj8JmGI,79,4,3,2,0,0,1,2118,2
9,2014-10-08,519639622507188224,Thanks to the Lancaster Grassroots Steering Committee for manning the phone bank this evening! #negov http://t.co/K5mAAiVIBv,124,2,4,1,0,0,1,2118,1
10,2014-10-08,519843479544152064, #Nebraska Governor candidates @RickettsForGov @Vote4Chuck at this morning's #Bigoshow breakfast! #Thankyou http://t.co/2S,122,9,0,3,0,3,1,2118,6
11,2014-10-08,519843683974520832,Ricketts: We need culture change in state government agencies to bring about responsible reform. #BigOShow #negov,113,2,2,2,0,0,0,2118,2
12,2014-10-08,519937158984241152,Thank you to the @OmahaChamber for hosting this morning's forum! #BigOShow http://t.co/DyHRTqUwgY,97,2,3,1,0,1,1,2118,2
13,2014-10-08,519948185947877376,Honored to receive the support of the State Troopers Assocation + State Law Enforcement Bargaining Council. #negov http://t.co/LF8mHIbj8s,137,1,5,1,0,0,1,2118,1
14,2014-10-08,519984729022820352,Thanks to Bob Paden for the sign support in Stanton! Need a sign? Contact Kenny@PeteRicketts.com for yours! #negov http://t.co/NJdZvvMh3n,137,1,2,1,0,0,1,2118,1
15,2014-10-09,520323998560043008,"Thanks to Saunders County for the sign support! To request your sign, please email Kenny@PeteRicketts.com #negov http://t.co/6u1bia0jPU",135,3,3,1,0,0,1,2118,1
16,2014-10-09,520344390544674816,We should re-integrate career and vocational educational programming in our schools. Read my plan here: http://t.co/O2OWCmJeUo #MFGMonth,136,4,5,1,1,0,0,2118,2
17,2014-10-09,520010000115445760,Thanks to the @CRsUNL for making calls and assembling signs in Lincoln tonight! #negov http://t.co/WWyW9mD03L,109,7,7,1,0,1,1,2118,2
18,2014-10-10,520567970788306945, Over 40 folks having breakfast with #negov candidate @RickettsforGov hosted by Gov Kay Orr &amp; @LydiaBrasch. http://t.co/TLkg5J,130,4,0,1,0,3,1,2118,4
19,2014-10-10,520667694828634113,Great discussion today in West Point about infrastructure development along the Highway 275 corridor. #negov http://t.co/mXZMDap8ro,131,2,5,1,0,0,1,2118,1
20,2014-10-10,520567941461721090,"Thanks to the over 40 people who joined Gov. Orr, Sen. Brasch, and me for our town hall in Blair this morning! #negov http://t.co/XABdpx8QqN",140,3,5,1,0,0,1,2118,1
21,2014-10-11,520731045453656064,Thank you to everyone who joined Gov. Orr and me for the grand opening of our office in Wayne this afternoon! #negov http://t.co/QbYmjMntlz,139,3,4,1,0,0,1,2118,1
22,2014-10-11,520743316758216704,NEW POLL: A new @YouGov poll shows Pete with a 55% to 35% lead over his opponent. RT to share! See the poll: http://t.co/na9677DFV5 #negov,138,13,7,1,1,1,0,2118,3
23,2014-10-11,520924767314911233," All in a days work, Cuming &amp; Burt counties! #negov #nesen @RickettsForGov @LydiaBrasch @sasse4senate http://t.co/Hx7NjyUvRG",128,5,0,2,0,4,1,2118,6
24,2014-10-11,520989709648936960,Thanks to our Custer Co. supporters for sending in these pictures! Need a sign? Email Kenny@PeteRicketts.com. #negov http://t.co/KgTEJC3lMc,139,2,1,1,0,0,1,2118,1
25,2014-10-12,521125099525906432, Two great candidates.  Get out and vote #negov http://t.co/05OPXVq39a,70,3,0,1,0,1,1,2118,2
26,2014-10-12,521125071747026945, Nebraska's team. Vote @Petersonforag @RickettsForGov and @Sasse4Senate on November 4th! #negov #nesen #DougP4AG http://t,121,5,0,3,0,4,1,2118,7
27,2014-10-13,521777988761698305,Honored to receive the endorsement of the @NebraskaChamber today. RT to share the news! #negov,94,5,5,1,0,1,0,2118,2
28,2014-10-14,522036773422002177, @NebraskaChamber has endorsed @RickettsForGov in Nebraska's race for governor.,79,3,0,0,0,3,0,2118,3
29,2014-10-14,522088679150735360,Thank you to everyone who joined Auditor Foley and me for a great Grow Nebraska Town Hall over lunch in York! #negov http://t.co/U8i0wUSpoc,139,2,3,1,0,0,1,2118,1
30,2014-10-15,522236960878772225,Wrapped up the day with a great event at The Lark in Hastings this evening! #negov http://t.co/cO0bLzBnpY,105,1,3,1,0,0,1,2118,1
31,2014-10-15,522487120431423489,Met w/the Middle Republican NRD in Curtis this morning before a Grow Nebraska Town Hall over lunch in Grant. #negov http://t.co/78L3trbeg8,138,0,1,1,0,0,1,2118,1
32,2014-10-15,522487807575855104, Tomorrow (10/16/14) Pete Ricketts and Matt Williams will be at Nebraska Salt and Grain (NSG) 12:00 - 1:00 p.m. http://t,120,2,0,0,0,1,1,2118,1
33,2014-10-15,522185559058702336,Had a great time hosting a town hall in Geneva + visiting the U.S. Meat Animal Research Center in Clay Center. #negov http://t.co/wTjZzfFGXG,140,0,3,1,0,0,1,2118,1
34,2014-10-16,522539296515842048,"ICYMI: ""Ricketts said... [we need to] 'bring the rural + urban parts of the state together.'"" More: http://t.co/d0majb8EdS #negov",129,0,2,1,1,0,0,2118,2
35,2014-10-16,522583700597669889,Two great events in Sidney today. Thanks to the Dorwarts and Castners for hosting us! #negov http://t.co/ToJ7myMWeI,115,2,2,1,0,0,1,2118,1
36,2014-10-16,522794360799526912,"To aid manufacturing growth, we must prudently invest in our states infrastructure. Read my plan: http://t.co/O2OWClSrwc #negov #MFGMonth",137,1,1,2,1,0,0,2118,3
37,2014-10-16,522822420583817216,Thanks to the many people who joined us for our Grow Nebraska Town Halls in Oshkosh and Gothenburg! #negov http://t.co/u9z3KqEUdz,129,2,3,1,0,0,1,2118,1
38,2014-10-17,523193828564815872,"""Ricketts wants to give teachers the support and respect they are due..."" - Phyllis Busch. More: http://t.co/7w2jUN71ZR  #negov",127,3,3,1,1,0,0,2118,2
39,2014-10-17,522909138268196864,Honored to gain the endorsement of 78 current and former state lawmakers from across Nebraska. See the list: http://t.co/Q8ZCt4veNk #negov,138,1,4,1,1,0,0,2118,2
40,2014-10-19,523701994855223296,THIS JUST IN: Honored to receive the endorsement of the @OWHnews! #negov #ISupportPete http://t.co/IpuoUJ12WT,109,7,9,2,0,1,1,2118,3
41,2014-10-19,523674803585433601,Congratulations to the @Huskers on their win over @NU_Sports tonight! #FearAmeer #GBR,85,0,4,2,0,2,0,2118,4
42,2014-10-20,524031546164916225,Thanks to @JeffFortenberry and the 500+ people who joined Auditor Foley and me in Lincoln at Antelope Park! #negov http://t.co/QJWaIrZJeh,137,2,8,1,0,1,1,2118,2
43,2014-10-21,524362880578510849,Two great events: Roundtable w/South Omaha civic leaders + spoke to Omaha GOP Business &amp; Professional Women. #negov http://t.co/HdOHEkrZeK,142,1,6,1,0,0,1,2118,1
44,2014-10-21,524623890719727616, Put our @RickettsForGov sign up on our field along I-80! #GBR #RickettsForGov http://t.co/bbaZ3wTNPF,101,5,0,2,0,2,1,2118,4
45,2014-10-21,524689381551247363, It's standing room only at a rally for @RickettsForGov in Norfolk http://t.co/BJsDt5GRi8,89,5,0,0,0,2,1,2118,2
46,2014-10-21,524689856874950657,Honored to join @GovMikeHuckabee for a rally in Norfolk this afternoon! #negov http://t.co/Wbr8S5TSGA,101,2,7,1,0,1,1,2118,2
47,2014-10-21,524690052249821184,"""Pete is a person who will take positions of moral clarity and courage."" - @GovMikeHuckabee #negov",98,7,6,1,0,1,0,2118,2
48,2014-10-23,525299680716918784,"""Pete is the only candidate with a record of creating jobs."" - Mayor @Jean_Stothert Watch &amp; RT: http://t.co/1UrcA6cQMZ #ISupportPete #negov",143,2,1,2,1,1,0,2118,4
49,2014-10-23,525350173363679232,Great to be back in Alliance for a town hall. Special thanks to the Box Butte County GOP for hosting us! #negov http://t.co/lB3aKhflV7,134,0,5,1,0,0,1,2118,1
50,2014-10-23,525081612758028288,Spoke to the Omaha Downtown Rotary before visiting w/veterans at the American Legion in Gibbon this afternoon. #negov http://t.co/Vo7tk4D72F,140,3,1,1,0,0,1,2118,1
51,2014-10-24,525437055065923584,Great to be back in Chadron and Gordon for two more Grow Nebraska Town Halls this afternoon! #negov http://t.co/ICmR116H36,122,0,1,1,0,0,1,2118,1
52,2014-10-24,525471570446147584,Honored to have @SenatorFischer as our special guest at our reception this evening in Valentine! #negov http://t.co/dRglg4AZWT,126,2,5,1,0,1,1,2118,2
53,2014-10-24,525756858251108353, @RickettsForGov joins the @TomBecka show now on #1290koil! #BeInformed,71,4,0,2,0,3,0,2118,5
54,2014-10-25,526035377736667136,Honored to welcome Gov. @ChrisChristie to Lincoln for today's @Huskers v. @RFootball game! #negov #GBR http://t.co/xOmNbZzzyQ,125,14,7,2,0,3,1,2118,5
55,2014-10-25,526145763148308480,BREAKING: Honored to receive the endorsement of @NorfolkNews! #negov http://t.co/qFPyRS5D15,91,3,3,1,0,1,1,2118,2
56,2014-10-25,525820464154050560,Toured Olson Industries in Atkinson + ADM in Columbus before sitting down to visit w/@TomBecka on @1290KOIL. #negov http://t.co/1RtFO2l0WP,138,0,4,1,0,2,1,2118,3
57,2014-10-26,526458825638166528,Enjoying the beautiful weather this afternoon while carving pumpkins with Susanne and the kids! #negov http://t.co/pJPhFAC4zu,125,2,3,1,0,0,1,2118,1
58,2014-10-26,526450544861528064,"Thanks to the Dorwarts for the sign support in Sidney! If you still need a sign, email Kenny@PeteRicketts.com. #negov http://t.co/8ITCN8ZbH3",140,2,0,1,0,0,1,2118,1
59,2014-10-27,526840041491156992,Honored to receive the endorsement of the Independent Insurance Agents of Nebraska. RT to SHARE the news! #negov,112,2,2,1,0,0,0,2118,1
60,2014-10-27,526818326417506304,NEW POLL: @YouGov shows Pete with a 55% to 35% lead over his opponent! RT to share the news! Poll data here: http://t.co/YB8hfa7lRz #negov,138,5,3,1,1,1,0,2118,3
61,2014-10-28,527106121597603842," Our ""Friends of Ag"" are traveling across the state today! See when they are in your community! http://t.co/ZOcTSe5gCj htt",122,2,0,0,1,1,1,2118,2
62,2014-10-28,527112631983681537,Great rallies in Beatrice and Holdrege this morning with U.S. Senator @DebFischer + our Republican candidates! #negov http://t.co/Vwxw0NGk3v,140,1,4,1,0,1,1,2118,2
63,2014-10-28,527113631616335873,"Great to see Sen. @TomCarlsonNE, Margo Carlson, and @NEFarmBureau President Steve Nelson in Holdrege! #negov http://t.co/5NE7932oPt",131,1,2,1,0,2,1,2118,3
64,2014-10-28,527136944216879104, @RickettsForGov thank you so much for remembering what concerns me while you were in McCook.  Honored to vote for you nex,122,1,0,0,0,2,0,2118,2
65,2014-10-28,527213181568294912, Two more stops on the tour with @RickettsForGov @Sasse4Senate and delegates. Columbus at 5:15 and Fremont at 6:30. http:/,122,1,0,0,1,3,0,2118,4
66,2014-10-28,527214849500413952,"Great stops in McCook, Sidney + Alliance w/@SenatorFischer @Sasse4Senate @RepAdrianSmith @Charlie_Janssen! #negov http://t.co/Ys3ifpdlx4",136,5,3,1,0,4,1,2118,5
67,2014-10-28,527225985750798336,Honored to receive the endorsements of @sbstarherald and @NewsregisterANR!  #negov http://t.co/byeIyeWVgN,105,2,1,1,0,2,1,2118,3
68,2014-10-28,527245864499445760, Packed house at @Sasse4Senate &amp; @PeteRicketts rally in Fremont. http://t.co/1XebjuudzI,91,2,0,0,0,3,1,2118,3
69,2014-10-29,527524577782423552,"Whether youre a farmer, a rancher... we all know our property taxes are too high. We have to address it."" http://t.co/8mG8Ev22Z1 #negov",135,3,3,1,1,0,0,2118,2
70,2014-10-29,527604440808058881,"(1/2) @theindependent #negov endorsement: The real-world business acumen and free market sensibility of Pete make him the best choice...""",137,3,2,1,0,1,0,2118,2
71,2014-10-29,527604452656947200,"(2/2) ""to lead Nebraska on a course to capitalize on the vast opportunities that beckon on the horizon. #negov",110,3,2,1,0,0,0,2118,1
72,2014-10-29,527270115117903873,"Wrapped up our day with stops in Chadron, Norfolk, Columbus, and Fremont. A great day for the GOP ticket! #negov http://t.co/Orq2C0MKpB",135,2,2,1,0,0,1,2118,1
73,2014-10-30,527919558620110848,Great discussions about growing Nebraska agriculture and manufacturing in Wahoo and David City today! #negov http://t.co/EGz0KSSIIk,131,1,3,1,0,0,1,2118,1
74,2014-10-30,527942349486563329,Honored to receive the endorsement of 63 county sheriffs from across Nebraska! See the list here: http://t.co/H5SifX0xXv #negov,127,4,4,1,1,0,0,2118,2
75,2014-10-31,528268174102654977, Nebraska Farm Bureau Friend of Agriculture candidate @RickettsForGov is asking for your vote! http://t.co/3P6sHNnQpR,117,2,0,0,1,2,0,2118,3
76,2014-10-31,528229584375128065,Great to be in Oakland and Hartington. Thanks to Sen. @LydiaBrasch and Sen. @TysonLarson for joining us! #negov http://t.co/owIaWGQrQk,134,3,3,1,0,2,1,2118,3
77,2014-11-01,528685612694794240,Congratulations to the @Huskers on their win over @BoilerFootball this afternoon! #HuskerNation #GBR,100,1,3,2,0,2,0,2118,4
78,2014-11-01,528337567276871680,Great to be back in Bloomfield today to talk property tax reform. Thanks to Shane Greckel for hosting! #negov http://t.co/M1C9z1ay01,132,0,2,1,0,0,1,2118,1
79,2014-11-02,529034517793996801,Joined @Sasse4Senate and @LEETERRYNE for a #prolife rally in South Omaha this afternoon! #negov http://t.co/BSjaenXuWs,118,6,12,2,0,2,1,2118,4
80,2014-11-03,529073322668351489,"Honored to join @GOPLeader, @voteterry, and many others at a Get Out The Vote Rally in Omaha this evening! #negov http://t.co/xBXsSZ5Ont",136,2,4,1,0,1,1,2118,2
81,2014-11-03,529280463287123968,Kicked off the day with a victory rally in Lincoln joined by @Gov_Heineman @SenatorFischer @Sasse4Senate! #negov http://t.co/Pks8H5jK34,135,3,6,1,0,3,1,2118,4
82,2014-11-03,529321424071454720, Visit with @RickettsForGov @Sasse4Senate &amp; @Petersonforag in Kearney at 12 &amp; in North Platte at 1:30. Schedule here&gt; http,133,2,0,0,1,4,0,2118,5
83,2014-11-03,529364499720331264,"Great rallies in Wayne, Grand Island + Kearney w/@Gov_Heineman @SenatorFischer @Sasse4Senate @Charlie_Janssen! #negov http://t.co/Hh5qk1ABBi",140,2,2,1,0,4,1,2118,5
84,2014-11-03,529421862577516544,Thank you to everyone who joined our rallies in North Platte and Scottsbluff this afternoon! #negov http://t.co/bIyceF5tZy,122,2,4,1,0,0,1,2118,1
85,2014-11-04,529423580363108352, @RickettsForGov  @Sasse4Senate Rally at Millard airport.  So much energy! #nesen #negov Team GOP! http://t.co/PFtGPnBdrE,121,1,0,2,0,3,1,2118,5
86,2014-11-04,529440857280110594,Huge turnout in Omaha for our last rally with @LEETERRYNE @Sasse4Senate @Charlie_Janssen @Petersonforag! #negov http://t.co/QIMvWyA4mN,134,8,10,1,0,4,1,2118,5
87,2014-11-04,529630936267517953, #isupportpete today!  @RickettsForGov http://t.co/bjaLx9glW5,61,5,0,1,0,2,1,2118,3
88,2014-11-04,529637029123194880, Glad to have voted early for @RickettsForGov @Sasse4Senate. Please vote today. It is a privilege many in the world don't have!,127,2,0,0,0,3,0,2118,3
89,2014-11-04,529637450298429440,The polls are open. Now is the time to vote! Find your polling place here: http://t.co/oCzNNEze3W #negov,104,26,10,1,1,0,0,2118,2
90,2014-11-04,529645889732620288, Proud to be voting for @RickettsForGov to keep moving our great state forward. #negov,86,3,0,1,0,2,0,2118,3
91,2014-11-04,529645906367238144," Proud to have voted for our next governor, @RickettsForGov #negov",66,1,0,1,0,2,0,2118,3
92,2014-11-04,529645937837088769, Polls open 8am to 8pm. Get out and vote for @RickettsForGov today!,67,1,0,0,0,2,0,2118,2
93,2014-11-04,529646474871570433, My vote for @RickettsForGov is already in. Join me in electing Nebraska's next governor. #VoteForPete #NEGOV,109,1,0,2,0,2,0,2118,4
94,2014-11-04,529646633370148864, Just cast my vote for @RickettsForGov and Yes! For Norfolk Libraries. #ELECTIONDAY #negov #winning,99,1,0,3,0,2,0,2118,5
95,2014-11-04,529647378408554498," Happy Election Day! Help us get @Sasse4Senate, @voteterry and @RickettsForGov in office today! #NESen #NE02 #NEGov",115,1,0,3,0,3,0,2118,6
96,2014-11-04,529647594994020353, Nebraskans: Please vote #prolife today: @RickettsForGov @Sasse4Senate @Petersonforag @Charlie_Janssen #negov #nesen #neag,122,8,0,4,0,5,0,2118,9
97,2014-11-04,529649562449756160," Good luck, you have my vote. @RickettsForGov",45,2,0,0,0,2,0,2118,2
98,2014-11-04,529652295836135425, Proud to have cast my vote absentee from wisconsin for @RickettsForGov @Sasse4Senate @LEETERRYNE !,99,2,0,0,0,4,0,2118,4
99,2014-11-04,529652519509975040, Polls are open 8am to 8pm today in Grand Island. #GoVote #AdrianSmith #PeteRicketts #BenSasse,94,3,0,4,0,1,0,2118,5
100,2014-11-04,529658582371794944," Happy to cast my #Vote for @RickettsForGov, @VoteTerry, @Petersonforag, @charlie_janssen, @voteriepe, @sasse4Senate! #GOP   ",125,5,0,3,0,6,0,2118,9
101,2014-11-04,529672543246888960,  Pete's name at the polls today @RickettsForGov #VoteRed,57,1,0,1,0,2,0,2118,3
102,2014-11-04,529680551167283200,Today is Election Day! RT if you're voting for Pete! #negov http://t.co/mLeQ5vR4H4,82,15,8,1,0,0,1,2118,1
103,2014-11-04,529681697436995584, Nebraska: Please vote for @RickettsForGov @VoteTerry and other great GOPers on ballot! #NEGov #GoVote,102,36,0,2,0,2,0,2118,4
104,2014-11-04,529699812741230593, I voted @Sasse4Senate @RickettsForGov @Petersonforag @Charlie_Janssen @RepAdrianSmith @AlexforKPS #nesen #negov http://,120,6,0,2,0,7,1,2118,9
105,2014-11-04,529704638006951936, @PastorReeves @RickettsForGov @RepAdrianSmith @Sasse4Senate,60,1,0,0,0,5,0,2118,5
106,2014-11-04,529705403790401537, @RickettsForGov  cast my vote and have been trying to get others to remember to go vote.,89,1,0,0,0,2,0,2118,2
107,2014-11-04,529719630743756800, #VoteRed #IVotedSelfie @RickettsForGov @Sasse4Senate @Charlie_Janssen and @JeffFortenberry #NEGOP  http://t.co/BIbC,116,2,0,3,0,5,1,2118,8
108,2014-11-04,529767496786518016, @RickettsForGov says he's just been encouraging voters to get to the polls all day. #Action3news #Election2014 http://t,120,1,0,2,0,2,1,2118,4
