,date,tweet_id,tweet_text,tweet_length,retweet_count,favorite_count,hashtag_count,url_count,user_mentions,media_count,follower_count,total_entities
0,2014-10-05,518902308852498432,New ad on #GMO labeling.  It says a lot about #VT that we're the first state to require it. #RightToKnow #VTpoli http://t.co/RKsCvJCbeY,135,1,1,4,1,0,0,1921,5
1,2014-10-06,519203096971735040,"Great news for those who love to enjoy the #VT outdoors: $700,000 more for recreation! 
http://t.co/2oIGPmkevD",110,0,0,1,1,0,0,1921,2
2,2014-10-06,519243235982868480,Apply for a working lands grant today! This is a great #vt program supporting local ag and forest products. #buylocal http://t.co/oFpbLmGGaG,140,0,0,2,1,0,0,1921,3
3,2014-10-06,519274698136649729,Good news at the Supreme Court today! #VT was the first state to pass marriage #equality simply because it was the right thing to do!,133,2,5,2,0,0,0,1921,2
4,2014-10-07,519524024356192257,All #vt mayors endorse Peter for a third term. #vtpoli http://t.co/ZjLyEn7AOZ,77,0,0,2,0,0,1,1921,2
5,2014-10-07,519523912842219520,Vermont's eight mayors are endorsing Peter for a third term! #VT #vtpoli http://t.co/89DH4mrkvF,95,0,0,2,0,0,1,1921,2
6,2014-10-07,519525153651191808, Peter Shumlin endorsed by all of Vermont's mayors today! Go Peter! @ City Hall http://t.co/16BxjkDZsW,102,3,0,0,1,1,0,1921,2
7,2014-10-07,519525534053584896, All of Vermont's mayors announce endorsement of Gov Peter Shumlin. Outside #BTV city hall http://t.co/cNuAJIVjIC,113,2,0,1,0,1,1,1921,2
8,2014-10-07,519535402106228736, #VPRNews: All 8 mayors in the state of Vermont just endorsed @petershumlin for reelection. Group includes Republicans + De,123,1,0,2,0,2,0,1921,4
9,2014-10-08,519979486730010624,Ready to debate on @WCAX at 7pm. #vtpoli http://t.co/1lLj3jEgCE,63,0,1,1,0,1,1,1921,2
10,2014-10-09,520331695749595137,Win a lunch with Peter and @welchforVT by volunteering for the Democratic party! http://t.co/DZQy7TEXL0,103,0,0,0,1,1,0,1921,2
11,2014-10-09,520222028021137409, Cheers to all the @GABF winners esp VTs own @OtterCreekBeer - gold for Wolavers Pumpkin &amp; @LawsonsFinest - silver for Map,126,2,0,0,0,4,0,1921,4
12,2014-10-10,520561285604597762,Cool campaign posters at the Williston Central School this morning. #vt #vtpoli http://t.co/9TuV6hGqoS,102,1,0,2,0,0,1,1921,2
13,2014-10-11,521019714433462272,"At the Springfield Applefest, judging apple pies with @PeterWelch #VT #VTpoli

http://t.co/JoBQoYVtpQ",101,0,0,2,1,1,0,1921,4
14,2014-10-12,521405580494532609,All in a day's work #vt #vtpoli http://t.co/cTlLkp8neP,54,2,1,2,0,0,1,1921,2
15,2014-10-13,521737430387679232,Sen. Leahy and Peter walking on a great fall day in #montpelier #vtpoli http://t.co/4zMMhDUo93,94,1,0,2,0,0,1,1921,2
16,2014-10-13,521692287764803584,Vermont is on the cutting edge of solar technology! #solarpowr #vt http://t.co/WSDamtjmaP,89,0,0,2,1,0,0,1921,3
17,2014-10-13,521781267994791936,"Vermont is the third best place to live in the country! Let's make it the first by next year. 
http://t.co/HD4GVUF4l3 #VT #VTPOLI",129,0,0,2,1,0,0,1921,3
18,2014-10-14,522099352647774208, 21 Days!! #VOTE #GOTV #Vermont #vtpoli http://t.co/efaOF263kW,62,2,0,4,0,1,1,1921,5
19,2014-10-14,522053075327270912,@wallethub ranks #VT most energy efficient state! http://t.co/59VUdBVbG4,72,0,0,1,1,1,0,1921,3
20,2014-10-15,522420625445769216,Peter stopped by the #VT Democratic Party headquarters in #BTV to thank hard-working volunteers and staff! #VTPoli http://t.co/GcVGOvcui7,137,0,0,3,0,0,1,1921,3
21,2014-10-16,522887312154181632,"Check out the renewable energy 2014 conference in #BTV. Vermont is
leading the pack in in clean energy #re2014
http://t.co/3pCEpkbNW2",133,2,1,2,1,0,0,1921,3
22,2014-10-16,522779984814170114,Check out our new ad featuring Raina Lowell talking about Peter's efforts to tackle addiction in #VT #VTpoli https://t.co/Of2GOMBomw,132,2,0,2,1,0,0,1921,3
23,2014-10-16,522829235858055168, Autumn is one of our favorite seasons in #VT. Arent you glad your socks are made here? #madeinamerica http://t.co/bJjHaZWufv,125,1,0,2,1,1,0,1921,4
24,2014-10-16,522835760568107008,"#BTV is one of the ten best beer towns in the country!
http://t.co/V5vaXIyaNb",77,3,0,1,1,0,0,1921,2
25,2014-10-17,523186866175361025,"Shumlin supporters held a great honk-n-wave yesterday in #BTV old
north end! #VTPOLI http://t.co/kNzmDwHsKC",107,0,0,2,0,0,1,1921,2
26,2014-10-17,523233407053361153,"Peter is so proud of @vtfpr_commish Mike Snyder for highlighting
Vermont's amazing foliage on national news! http://t.co/Lq5xZHk9Av 
#VTpoli",140,0,1,1,1,1,0,1921,3
27,2014-10-18,523484718680252416, Gov Peter Shumlin here at the offices speaking to our team and volunteers before heading out to http://t.co/w1fFtbBsSj,119,1,0,0,1,1,0,1921,2
28,2014-10-18,523481418987741184,Rallying the troops before canvassing in #btv #vt #vtpoli http://t.co/GJ6VhsbK6g,80,0,0,3,0,0,1,1921,3
29,2014-10-18,523510744210767872," This #ElectionDay, remember to #voteVDP #vermont #vtpoli #Democrats http://t.co/LtJofilohz",91,1,0,5,0,1,1,1921,6
30,2014-10-20,524274258034581506,The UVM food hub program is a great way to integrate education into our best-in-the-nation local food movement! http://t.co/TNYVmp5k0V #VT,138,2,1,1,1,0,0,1921,2
31,2014-10-20,524230036132737024,Peter visited the 12th Annual Tibet Festival in #BTV on Saturday! #VT http://t.co/2h5yV0RlS0,92,0,0,2,0,0,1,1921,2
32,2014-10-20,524315427808092160,The Stowe Reporter agrees Peter is the best choice for #VT governor! #vtpoli http://t.co/t1O5kXZFSD,99,0,0,2,0,0,1,1921,2
33,2014-10-21,524697981954818048,"Join Peter and Bernie in Bristol, Proctor, Hinesburg and St. Albans for Election 2014 meetings! 
http://t.co/iQ36ChvnJw",119,0,0,0,1,0,0,1921,1
34,2014-10-21,524679035759362048,Peter is proud to have helped pass the #GMO labeling bill. Show your support for labeling at the upcoming meetings! http://t.co/mYtMcRTMHu,138,2,0,1,1,0,0,1921,2
35,2014-10-22,525001191156350977,Peter at the @wptz studio talking about continuing to grow jobs and economic opportunity for all Vermonters! #vtpoli http://t.co/ttKw1XFOEV,139,0,0,1,0,1,1,1921,2
36,2014-10-22,525046610376814592,#VT is tied for the third most energy efficient state and we are a leader in utility-sector energy efficiency! http://t.co/gwXxNpAia7,133,0,0,1,1,0,0,1921,2
37,2014-10-23,525407723283021824,"The 8th annual @techjamvt starts tomorrow at the #BTV Memorial Auditorium! Small state, big innovation! http://t.co/gnQE2UQIJk #VT",130,2,0,2,1,1,0,1921,4
38,2014-10-23,525318417155645440,Peter has shown that doing whats right for our planet can be an engine for job growth! #VTpoli http://t.co/ZJQzaGVW9J,117,1,0,1,0,0,1,1921,1
39,2014-10-23,525393765960523778,The choice is clear according to Senator Leahy! https://t.co/IWUFsQZV0O #VTPOLI #VT,83,0,0,2,1,0,0,1921,3
40,2014-10-25,526013121354563585,Packed house in #bristol #vt for the Sanders/Shumlin get out the vote tour. #vtpoli @SenSanders http://t.co/DGJCbbxa71,118,0,1,3,0,1,1,1921,4
41,2014-10-25,526056936077524993,Beautiful day for a football game at @CastletonEdu #vt #vtpoli http://t.co/ygAFB6ksBR,85,1,5,2,0,1,1,1921,3
42,2014-10-26,526499086665793537,Wrapping up a busy weekend in St. Albans #vt with @FriendsOfBernie #vtpoli http://t.co/eC2SZDUhFH,97,4,1,2,0,1,1,1921,3
43,2014-10-26,526387934694744064,Another full house with @FriendsOfBernie in #hinesburg #vt #vtpoli http://t.co/QtuBCpoEAo,89,0,0,3,0,1,1,1921,4
44,2014-10-27,526821087590764544," Considering colleges? Another degree? Stop by the @vttech Open House Saturday in #randolph #vt. Tours, panels and program se",125,4,0,3,0,2,0,1921,5
45,2014-10-27,526767945025089536,Burlington Free Press endorses Peter for another term! #VT #BTV #VTpoli http://t.co/TJJtL3Gbh2,94,0,0,3,0,0,1,1921,3
46,2014-10-27,526859661832892416,"Vermont's food system over the last five years has amounted to $1.7
billion in new economic activity. #buyloca #vt http://t.co/VbZhEU6ZFr",137,6,1,2,1,0,0,1921,3
47,2014-10-28,527103732295954433,Talking to @WCAX_Kyle about efforts to move #vt forward #vtpoli @wcax http://t.co/Za8yLKoTXY,92,0,0,2,0,2,1,1921,4
48,2014-10-28,527215755763662848,Thanks to @VoteGreenVT Vermont League of Conservation Voters for endorsing Peter! #VT #VTpoli http://t.co/EtMhNzdoTa,116,0,0,2,0,1,1,1921,3
49,2014-10-29,527491395570106368,"Check out our new ad! Peter's renewable energy agenda is growing jobs, cutting costs and reducing emissions. #vtpoli http://t.co/ywgoII5O0c",139,3,0,1,1,0,0,1921,2
50,2014-10-29,527535596231995394,Vermont leads the way in combatting #climatechange with the lowest emissions of any state! #vtpoli #vt  http://t.co/Cs2LwVuN7o,126,1,0,3,1,0,0,1921,4
51,2014-10-30,527839188579012608,"Peter just voted, have you? Vote early until Monday evening. Or do it the old fashioned way on Tuesday #vt #vtpoli http://t.co/nMVivki9kk",137,1,0,2,0,0,1,1921,2
52,2014-10-30,527920496541990912,Honking and waving in St. Albans #vt #vtpoli http://t.co/usTiMCzmnq,67,0,1,2,0,0,1,1921,2
53,2014-10-31,528320557117624321,Peter with a great group of honk n wavers in Burlington this afternoon! #vtpoli #vt #btv http://t.co/9ZOmsHuSHu,111,0,1,3,0,0,1,1921,3
54,2014-10-31,528306768674557953,"The St. Albans Messenger joins Stowe Reporter, Addison Independent and Burlington Free Press in endorsing Peter for another term! #vtpoli",137,0,0,1,0,0,0,1921,1
55,2014-10-31,528329672644640768, Guess who's at the door? @GovPeterShumlin handing out a Giant Pixy Stix. #Halloween @vt #vtpoli #btv http://t.co/mbF2dCpqfC,124,3,0,3,0,3,1,1921,6
56,2014-11-01,528557179172028416,Out and about in Burlington today. #vt #vtpoli http://t.co/kY5k5Lg82n,69,1,0,2,0,0,1,1921,2
57,2014-11-01,528578752318824449, @GovPeterShumlin and @PeterWelch visiting @handyslunch this morning on their walk around #btv! #GOTV #vtpoli #voteVDP http://t.,128,4,0,4,0,4,1,1921,8
58,2014-11-02,528933634947170305,There's a clear choice in this election: Shumlin for two more years #vt #vtpoli #endorsements http://t.co/B6W3ULWojS,116,1,1,3,0,0,1,1921,3
59,2014-11-02,529050399488372737,Breakfast at Handy's with Peter and Peter! #vtpoli #vt http://t.co/pGPY6MTcn3 http://t.co/VrlNEAyPGQ,100,1,1,2,1,0,1,1921,3
60,2014-11-03,529333002888040448,Great lunch at Martone's in #essexjunction #vt. Next stop #Barre #vtpoli http://t.co/YTjz4e0Ukd,95,0,0,4,0,0,1,1921,4
61,2014-11-03,529266314079387648,Lots of honks this morning. Get out and vote tomorrow. #vt #vtpoli http://t.co/X3W8Is69TY,89,1,0,2,0,0,1,1921,2
62,2014-11-03,529279449393819648,Today is the last day to vote early at your town office! #vtpoli #vt,68,0,0,2,0,0,0,1921,2
63,2014-11-03,529301019461967872,@SenatorLeahy is voting for Peter tomorrow. You should too! #vt #vtpoli https://t.co/IWUFsQZV0O,95,0,0,2,1,1,0,1921,4
64,2014-11-03,529318958160441344," TOMORROW is #Election2014! Make a plan, head to the polls, and bring your friends. Find your polling location here: http://t.co",128,4,0,1,1,1,0,1921,3
65,2014-11-03,529390453167489024,Honk n wave in #barre with @SenatorLeahy &amp; mayor Lauzon. #vt #vtpoli http://t.co/3J5j4ko5Cc,95,3,1,3,0,1,1,1921,4
66,2014-11-04,529690452342341633,Peter and his daughters at the polls in #montpelier #vt #vtpoli http://t.co/2nOQitvaiv,86,1,2,3,0,0,1,1921,3
67,2014-11-04,529607443672997888,Polls are opening all across #vt find your location and #vote http://t.co/wNXyRPhzxA #vtpoli,92,2,1,3,1,0,0,1921,4
68,2014-11-04,529625345205735424,Working the polls in #Rutland #vt get out and vote! Find you polling location: http://t.co/wNXyRPhzxA #vtpoli http://t.co/Fdy4rTefHG,132,5,2,3,1,0,1,1921,4
69,2014-11-04,529660215437053952, TODAY IS THE DAY! GO #VOTE! Find your polling location here: http://t.co/ADGVyasGZx #voteVDP #vermont #VoteDemocrat http://t.co,128,3,0,4,1,1,1,1921,6
70,2014-11-04,529663867891494912,In #Rutland #vt asking vt'ers for their vote. #vtpoli http://t.co/JBABNttszr,76,0,1,3,0,0,1,1921,3
71,2014-11-04,529707220976807936," Don't forget to #VOTE today, and don't forget to #VoteDemocrat!  #voteVDP #GOTV #vtpoli #ElectionDay2014 http://t.co/14RRXtBe9I",128,4,0,6,0,1,1,1921,7
