,date,tweet_id,tweet_text,tweet_length,retweet_count,favorite_count,hashtag_count,url_count,user_mentions,media_count,follower_count,total_entities
0,2014-10-05,518551165165113344,https://t.co/D0B6OKXwzh http://t.co/a2F0oRdoRp,46,2,0,0,2,0,0,4310,2
1,2014-10-06,519235711052943361,I posted a new photo to Facebook http://t.co/eNhRPZG2Op,55,2,0,0,1,0,0,4310,1
2,2014-10-09,520153314617733120,http://t.co/z6WdddhdRi http://t.co/RZAvaF6HO2,45,2,1,0,2,0,0,4310,2
3,2014-10-12,521274206508429312,I posted a new photo to Facebook http://t.co/RArFxPjJmt,55,2,2,0,1,0,0,4310,1
4,2014-10-12,521273964208062464,http://t.co/5gHqiDN4v5 http://t.co/CAA0oQRbe8,45,2,0,0,2,0,0,4310,2
5,2014-10-16,522862432528916480,https://t.co/LegeORnVum http://t.co/ItJ0ZMhgeo,46,3,3,0,2,0,0,4310,2
6,2014-10-16,522850688053698562,I posted a new photo to Facebook http://t.co/TfS5KleRcX,55,0,0,0,1,0,0,4310,1
7,2014-10-18,523482183684857858,At the grand opening of the Nia Masjid and community center. Incredible building and great works #believeinnewark http://t.co/mYiOleiUBX,136,12,9,1,0,0,1,4310,1
8,2014-10-18,523542209501880320," Yesterday met business leaders w/ mayors of #Newark / #Paterson 2 talk crime, economic development. http://t.co/7FYELCFodc",123,6,0,2,1,2,0,4310,5
9,2014-10-18,523624399094943745,@rasjbaraka Roseville Ave,25,1,1,0,0,1,0,4310,1
10,2014-10-19,523933803606462464,"""@iamdiddy: Check it out!! Featuring @beatsbydre @KingJames ...  http://t.co/TZUDnEEc96"" I love this video!",107,1,1,0,1,3,0,4310,4
11,2014-10-20,524152674602987520,@TheNewarker therein rests the contradiction. Taking away choice to give you choice. Godspeed my friend #believeinnewark,120,0,0,1,0,1,0,4310,2
12,2014-10-20,524146322841288704,"@TheNewarker I agree too just wish you didnt believe the only way to do that is through ""one newark.""",101,0,0,0,0,1,0,4310,1
13,2014-10-21,524536966306861057,"I will be at the Youth Town Hall meeting tonight at Central High School around 6. Come support our youth, bring your child#believeinnewark",138,6,0,0,0,0,0,4310,0
14,2014-10-21,524693827844861952,Many young people here asking great questions. Go Newark youth! #believeinnewark,80,5,6,1,0,0,0,4310,1
15,2014-10-23,525432709515341824,At the opening of the Dodge Poetry Festival @NJPAC ! I just welcomed them to our incredible city. Great poets in the home of Amiri Baraka.,138,8,9,0,0,1,0,4310,1
16,2014-10-23,525134072793018369,@CaLadybosa @TheNewarker our workforce training is for everyone including people with disabilities,98,0,0,0,0,2,0,4310,2
17,2014-10-25,526105064591884288,"We need leadership that not only stands tall but has deep, long roots so when a strong wind comes they are not blown away.- Rev. Al Sharpton",140,13,6,0,0,0,0,4310,0
18,2014-10-25,525806449159856128,Celebrating 100 years of the Newark Chapter of the NAACP tonight. Stony the road we trod bitter the chastening rod..#believeinnewark,132,5,3,1,0,0,0,4310,1
19,2014-10-26,526428294796046336,"Follow @nwkyouthcouncil . Our City, Our children, Our Future.... http://t.co/Z8wQkqTVxh",87,2,3,0,1,1,0,4310,2
20,2014-10-26,526427730720464897,"Follow nwkyouthcouncil  . Our City, Our children, Our Future.... http://t.co/hRoYc8xRuv",87,0,2,0,1,0,0,4310,1
21,2014-10-28,527135837965017088, RT if you agree: Every student in America should have access to high-speed internet  http://t.co/qg35bkwmD3 http://t.co/p3,123,502,0,0,1,1,1,4310,2
22,2014-10-28,527109008180912128,@CruzNJTV Im inside the school talking with staff and students.,63,0,1,0,0,1,0,4310,1
23,2014-10-30,527881308668977154,Shout out to Asia and PURPLE RIEGN for great panel on domestic violence. #shanibaraka #believeinnewark,102,3,3,2,0,0,0,4310,2
24,2014-10-30,527783376523374592, @rasjbaraka @AnibalRamosJr @CoryBooker @shavarjeffries @NewarkCouncil @Joe_D_EssexExec @DennisMorganII @SEBAC2 http://,119,23,0,0,0,9,1,4310,9
25,2014-11-01,528626217621405698, Thanks @rasjbaraka for helping us send out canvassers in Newark to GOTV and inform voters about Public Question 2. http:/,122,6,0,0,0,2,1,4310,2
26,2014-11-01,528650473231101954,With@Tahir Whitehead of Detroit Lions in his hometown Newark hosting a halloween party for children #believeinnewark http://t.co/nwKmFmLlj2,139,11,6,1,0,0,1,4310,1
27,2014-11-01,528589365178822656, Mayor Baraka pep talk to canvassers. Vote on ballot ques Nov. 4th. Public input a must to move #Newark forward! http://t.co/PHT2,129,6,0,1,0,1,1,4310,2
28,2014-11-02,528705969812144129,@LPink where is this,20,0,1,0,0,1,0,4310,1
29,2014-11-02,528711498315874304,@katywh20 @WhiteHouse I agree,29,0,0,0,0,2,0,4310,2
30,2014-11-02,528974419096776704,@lanefree @nsnix87 @shavarjeffries i apologize if you are now being given false information.  You can still make reports at every precinct,138,0,0,0,0,3,0,4310,3
31,2014-11-02,528990010335571969,@debbyknowsnwk I will check in to that. What union are you in?,62,0,0,0,0,1,0,4310,1
32,2014-11-02,528990352351719424, 28% of all black students attend schools that are both high-poverty &amp; 90% students of color http://t.co/cERYQlI8xU http,124,37,0,0,1,1,1,4310,2
33,2014-11-03,529318399055527936,@NewarkToday your role is to provide balanced coverage that is not just divisive and fear mongering but inspiring and hopeful as well.,134,1,0,0,0,1,0,4310,1
34,2014-11-03,529340303569088512, @rasjbaraka Mayor Ras Baraka at JFK Halloween Party with some of our princesses and Founder. http://t.co/mNzzAD5yiZ,116,1,0,0,0,2,1,4310,2
35,2014-11-03,529340416349700096, Few children learn 2 love books. We have 2 teach them 2 see themselves &amp; their worlds in books #scholasticface #readand,124,3,0,2,0,2,0,4310,4
36,2014-11-03,529387592249540609,@EDISSONGUEVARA2 I wiil look in to it,37,0,0,0,0,1,0,4310,1
37,2014-11-03,529262020080975872,@LPink got it,13,0,0,0,0,1,0,4310,1
38,2014-11-04,529623716612034561,@RavishingRellz sure send me one,32,0,0,0,0,1,0,4310,1
39,2014-11-04,529476601063694336,Some master being distractions and masquerade it as news to make you overlook what the real issues are.,103,11,3,0,0,0,0,4310,0
