,date,tweet_id,tweet_text,tweet_length,retweet_count,favorite_count,hashtag_count,url_count,user_mentions,media_count,follower_count,total_entities
0,2014-10-06,519142687694684160,"#Jacksonville adds 18,000 jobs over the year in August. #LetsKeepWorking http://t.co/q7isYUqmzv",95,19,11,2,0,0,1,52671,2
1,2014-10-07,519508634351726592,Florida Gulf Coast Restoration Moving Forward  http://t.co/M9iB6KAfjK,69,8,2,0,1,0,0,52671,1
2,2014-10-08,519885398328487936,.@ATT hiring for 200 new jobs in South Florida - http://t.co/f0lfHzBPRB,71,11,6,0,1,1,0,52671,2
3,2014-10-09,520300503713193985,#Embraers expansion to create 600 jobs in #Melbourne - http://t.co/QkBpwZrqY9,77,11,5,2,1,0,0,52671,3
4,2014-10-09,520306960462516225,Great day at #Embraers groundbreaking ceremony in  #Melbourne. #LetsKeepWorking http://t.co/9X7Tu3UHGo,102,15,13,3,0,0,1,52671,3
5,2014-10-10,520580210828521472,"Yesterday, we announced accelerated funding of for the I-75/University Parkway interchange in #Sarasota  http://t.co/Vsp1rzcSpn",127,7,4,1,1,0,0,52671,2
6,2014-10-11,520906114138124288,#ICYMI: Hundreds of Jobs Coming to Brevard County  http://t.co/8newN0nKyM,73,12,16,1,1,0,0,52671,2
7,2014-10-13,521758602940645377,Private-sector companies in #Miami continue to create more opportunities for FL families. #LetsKeepWorking http://t.co/RcAaE4BDsq,129,27,13,2,0,0,1,52671,2
8,2014-10-14,522081635286921216,Im grateful we are able to get FL defense communities the funding needed to protect our country - http://t.co/1Nt0v66ygk,120,20,13,0,1,0,0,52671,1
9,2014-10-15,522392286144253954,"Great news - Four-year university plans for families w/newborns dropped from $53,729 to $27,379 http://t.co/gXwwE7xtFs @FloridaPrepaid",134,41,27,0,1,1,0,52671,2
10,2014-10-16,522861741253083136,Check here tomorrow at 10AM for the latest jobs report. #LetsKeepWorking,72,8,7,1,0,0,0,52671,1
11,2014-10-17,523114547432157184,FLs unemployment rate dropped from 6.3% to 6.1% - lowest since June 2008. #LetsKeepWorking,90,46,33,1,0,0,0,52671,1
12,2014-10-17,523110636356927488,"VIDEO  Breaking News  FL businesses have added 651,300 private-sector jobs since December 2010. #LetsKeepWorking http://t.co/J3eQof1BBx",135,30,16,1,1,0,0,52671,2
13,2014-10-17,523118829552279553,"Last month FL businesses created 12,800 private-sector jobs. #LetsKeepWorking http://t.co/Oh2ijvudPC",100,48,24,1,0,0,1,52671,1
14,2014-10-18,523530211137437696,#LetsKeepWorking to create an opportunity economy in #Florida. http://t.co/O3HljRGIzg,85,75,40,2,0,0,1,52671,2
15,2014-10-20,524314658245595139,"Our goal is to make Florida the best state in the nation for business, so every family can get a great job - http://t.co/TRTqh7iKrY",131,56,37,0,1,0,0,52671,1
16,2014-10-21,524617291879972866,FL families deserve world class cancer care in the Sunshine State. We are working to make that a reality. http://t.co/mJ4HPNLtOE,128,30,20,0,1,0,0,52671,1
17,2014-10-22,524986455748513793,#LoveFL! RT: @FLStateParks: Make your weekend plans now for outdoor fun. Find a park near you at http://t.co/Y3KAsyOoQA,119,10,8,1,1,1,0,52671,3
18,2014-10-23,525375976008847360,Every family should be able to get an affordable education in Florida  http://t.co/6usb46sHWm @FloridaPrepaid,109,15,14,0,1,1,0,52671,2
19,2014-10-24,525725010955341824,.@FloridaPrepaid plan sales are up 208% over last year - great news for FL students &amp; families  http://t.co/UcSXXzc7BA,122,23,13,0,1,1,0,52671,2
20,2014-10-25,526013354268037121,SeaLand to open their headquarters in #Miramar &amp; create 65 new jobs  http://t.co/9vCRJu7oqc. #LetsKeepWorking,113,26,12,2,1,0,0,52671,3
21,2014-10-27,526788420610576385,We are investing to enhance military bases in the Sunshine State. Here are more details: http://t.co/TJ2zmO0lL6,111,41,16,0,1,0,0,52671,1
22,2014-10-28,527217534186315776,Great news! #SouthFlorida sees the highest home price gains in nation - http://t.co/tcZTQZTHox,94,25,22,1,1,0,0,52671,2
23,2014-10-29,527504082844778497,"A huge win for FL families! @NavyFederal to create 5,000 more jobs in #Pensacola   http://t.co/35hUhwPR8T",105,49,28,1,1,1,0,52671,3
24,2014-10-29,527564666336444416,"Mitsubishi Hitachi Power Systems N. American HQs to be located in Lake Mary, will create 100 jobs. http://t.co/y7atNAQ32J #LetsKeepWorking",138,25,17,1,1,0,0,52671,2
25,2014-10-30,527845982709776385,"Starting this month @UPS is hiring more than 7,600 Floridians for 2014 holiday season  http://t.co/LMl7SCKSPf #FLJobs",117,31,19,1,1,1,0,52671,3
26,2014-10-31,528215910210084864,October was another strong month for job demand in #Florida - http://t.co/YWoVtQIMEi #LetsKeepWorking #FLJobs,109,27,17,3,1,0,0,52671,4
27,2014-11-01,528695589312413696,#Jacksonville is getting to work   http://t.co/2a2BTx6poU #LetsKeepWorking,74,17,17,2,1,0,0,52671,3
28,2014-11-02,528999031004225537,Nearly 3M Floridians have saved money on their vehicle registrations since the fees were reduced in Sept.  http://t.co/tPirHueTaX,129,47,36,0,1,0,0,52671,1
29,2014-11-03,529323289739792384,U.S. Supreme Court will take up FL's lawsuit against GA - a major victory for families &amp; businesses in Apalachicola  http://t.co/tPFpCyF2SV,143,47,31,0,1,0,0,52671,1
