,date,tweet_id,tweet_text,tweet_length,retweet_count,favorite_count,hashtag_count,url_count,user_mentions,media_count,follower_count,total_entities
0,2014-10-06,519109091030228992,Greg Fischer Mayor of Louisville Ky will be answering questions and taking suggestions @Central High School @6pm,112,0,0,0,0,2,0,3,2
1,2014-10-07,519550885886558208,@louisvillemayor backed down from debating with Robert DeVore without explanation,81,0,0,0,0,1,0,3,1
2,2014-10-07,519550175853830144,@TERRANCELCARTER Mayor Greg Fischer backed down from debating with Robert DeVore without explanation.,101,0,0,0,0,1,0,3,1
3,2014-10-13,521683253892513793,Please check out http://t.co/LVaGce6Cx0 to what the candidates have to say in their own words and pass this tweet on to others.,127,0,1,0,1,0,0,3,1
4,2014-10-13,521684100889841664,Give the Mayor  a phone call and ask him to debate Bob DeVore . The Metro cetizen have a right to know 502-574-2003 Pass it on,126,0,0,0,0,0,0,3,0
5,2014-10-15,522212127793098752,please check out http://t.co/CJvQnuAcd5,39,0,0,0,1,0,0,3,1
6,2014-10-21,524693153669218304,@ROBERTDEVORE502 @louisvillemayor this is for you,49,0,0,0,0,2,0,3,2
7,2014-10-21,524673283669889024,Robert DeVore for Mayor: http://t.co/vDIVk0l8sD,47,0,0,0,1,0,0,3,1
8,2014-10-22,524935467712917504,@ROBERTDEVORE502 @louisvillemayor,33,0,0,0,0,2,0,3,2
9,2014-10-23,525232751859888128,Robert DeVore for Mayor: http://t.co/MZBIB2M92u,47,0,0,0,1,0,0,3,1
10,2014-10-23,525343912266051585,Thanks,6,0,0,0,0,0,0,3,0
11,2014-10-23,525345339147313153,Please text me after nov 4th than I can help more ways than 1  Bob DeVore Republian candidate for Louisville Mayor,114,0,1,0,0,0,0,3,0
12,2014-10-24,525475140231237632, These guys at Jtown HS taking care of some serious business w their 3D printer. Impressive @JCPSKY @FordFoundation htt,119,5,0,0,0,3,1,3,3
13,2014-10-27,526538126727340033,(2 of 2) economic progress and freedom for small businesses to prosper.,71,0,0,0,0,0,0,3,0
14,2014-10-27,526540718500618240,Leader  will have common goals and life connections with others individuals to make a positive difference in their family and community,135,0,0,0,0,0,0,3,0
15,2014-10-27,526539923285762048,True leader will put others interest before him or herself,58,0,0,0,0,0,0,3,0
16,2014-10-27,526538760109187073,Tax code can bring economic progress and freedom to small businesses to prosper,79,0,0,0,0,0,0,3,0
17,2014-10-27,526538102496444416,"(1 of 2) Did you know the best ecomonic tools to are lower property tax , raise educational level and replace the state , federal tax co ...",140,0,0,0,0,0,0,3,0
18,2014-10-28,527159383734497280,What three years in continued tax increases? What public tranportation not reaching out to Outer Loop and Nastional turnpike where the j ...,140,0,0,0,0,0,0,3,0
19,2014-10-28,527159383969378305,Time for a Republican Mayor who will put  metro citizens first before Bob Please pass the word Vote for Bob he wants the Mayors job,131,0,0,0,0,0,0,3,0
20,2014-10-28,527167228894928896,Jobs are,8,0,0,0,0,0,0,3,0
21,2014-10-28,527137739318493184,Good what about about a disaster reponds for 13% uneployement in west end of Louisville?,88,0,0,0,0,0,0,3,0
22,2014-10-29,527524992062214145,Where is Greg Fischers grit? In founding the truth on this metor citizen bing rough up by thugs.,96,0,0,0,0,0,0,3,0
23,2014-10-29,527525210749030400,Metro citizen ( sorry),22,0,0,0,0,0,0,3,0
24,2014-10-29,527525641412153344,I will personaly look into this after the election,50,0,0,0,0,0,0,3,0
25,2014-10-29,527324196045467648,Who is watching Metro  government? Are we goimg to have a new Mayor? Inquiring minds want to Know,97,0,0,0,0,0,0,3,0
26,2014-10-29,527523560861233152,"""I can not accommodate your request to intervnene with judicial system on your behalf"" qoute from Mr. Rountree letter from Mayor Fischer",136,0,0,0,0,0,0,3,0
27,2014-10-29,527524180448014336,Is Mayor Greg fischer responsibility for the safety and welfare of all Metro citizens? Including guest,102,0,0,0,0,0,0,3,0
28,2014-11-04,529426761210028032,"Vote for Bob , he wants the Mayors job pass it on",49,0,0,0,0,0,0,3,0
