,date,tweet_id,tweet_text,tweet_length,retweet_count,favorite_count,hashtag_count,url_count,user_mentions,media_count,follower_count,total_entities
0,2014-10-08,519758845711630337,"I am against ""Common Core"".  I am for ""Common Sense""  Text Goodman to 55469  http://t.co/i3ixlTSiBu",99,0,0,0,1,0,0,58,1
1,2014-10-11,520919308587659264,"""What happened when we got Obamacare to Nevada?  What happened to the extravagant failed""  Robert ""Bob"" Goodman http://t.co/AlH5fGmykL",134,0,0,0,1,0,0,58,1
2,2014-10-13,521602953023877120,Early Voting Free Bar-B-Q and Meet the Candidates #constantcontact http://t.co/Hs21fy6IRY,89,0,0,1,1,0,0,58,2
3,2014-10-13,521539886479060992,"GOTV Saturday-October 18 -Robert ""Bob"" Goodman for Nevada Governor #constantcontact http://t.co/pFsfszXGd5",106,0,0,1,1,0,0,58,2
4,2014-10-14,522134933817815040,"Text Goodman to 55469
Robert ""Bob"" Goodman for Nevada Governor",62,0,0,0,0,0,0,58,0
5,2014-10-14,522073766336024576,"EDITORIAL: For governor http://t.co/t9vcwzTqvW

RJ continues unfair reporting and their undying support for Republicans.",120,0,0,0,1,0,0,58,1
6,2014-10-15,522507649137401856,"https://t.co/qLweFUd1M8
See Robert ""Bob"" Goodman for Governor right now ln Channel 3 News las vegas.",100,0,0,0,1,0,0,58,1
7,2014-10-15,522507788191141888,"@Goodman4Nevada 

Right now on Channel 3 News Las Vegas
https://t.co/qLweFUd1M8",79,0,0,0,1,1,0,58,2
8,2014-10-27,526546655550918658,Register for Bill Clinton Rally for Democrats-Early Vote  #constantcontact http://t.co/RyZI0ZIw6Y,97,0,0,1,1,0,0,58,2
9,2014-10-30,527645577774104578,"Thank you for your vote!
It will be an honor to serve you.
Bob",62,0,0,0,0,0,0,58,0
10,2014-10-30,527885912055631872, Hi @Goodman4Nevada.,20,1,0,0,0,2,0,58,2
11,2014-10-30,527645404637061120, Proud to have cast votes today for @RepHorsford and @Goodman4Nevada.,69,1,0,0,0,3,0,58,3
12,2014-11-01,528400502145290240,What about Bob? Goodman sounds off | http://t.co/x5v7lW8jem: http://t.co/nH0Q2snEHx,83,0,0,0,2,0,0,58,2
