,date,tweet_id,tweet_text,tweet_length,retweet_count,favorite_count,hashtag_count,url_count,user_mentions,media_count,follower_count,total_entities
0,2014-10-05,518779897498857472, Fun tailgate with @brownbackforgov yesterday! #EMAW #Brownbackers #SamSwag @CRNC #SelfiesWithTheGov http://t.co/6q9KnJ3D0j,123,5,0,4,0,3,1,1521,7
1,2014-10-06,519155007942578176,"""@cjonline: Business conditions in Kansas improved in September."" #KScomeback http://t.co/YToAAm9o0q",100,1,0,1,1,1,0,1521,3
2,2014-10-06,519189222172143616,"KanCare story: If I had not been found, I would still be hiding in a shell. I got a chance to be a new person. #ksleg http://t.co/jDmqpEZ4LR",140,2,1,1,1,0,0,1521,2
3,2014-10-07,519276586932404224,Leavenworth rally for @brownbackforgov! #KScomeback #kseln http://t.co/BindKMOncw,81,0,0,2,0,1,1,1521,3
4,2014-10-07,519512050469724160,"""Gov. Brownback has answered the call time and again for public safety."" Attorney General Derek Schmidt. #kseln http://t.co/tkyn4iYOjJ",134,1,3,1,0,0,1,1521,1
5,2014-10-07,519513587405320192,"""Each and every time we asked for the Governor's help, we've received it."" JoCo District Attorney Steve Howe #kseln http://t.co/NEaJScfdXk",138,1,1,1,0,0,1,1521,1
6,2014-10-08,519930078311231489,Lt. Gov stopped by @PurpleSwirlMHK for frozen yogurt. These small businesses are the backbone of our economy. #kseln http://t.co/hSX2yaEAmO,139,0,2,1,0,1,1,1521,2
7,2014-10-08,519889156320002048,"Law enforcement leaders endorse @brownbackforgov because he ""worked to ensure that communities are safe."" #kseln
http://t.co/Aq6DROygXp",135,1,0,1,1,1,0,1521,3
8,2014-10-08,519936361579958272,Kansas leads the region in new Mid-America Business Conditions Index. Learn about Kansas growth here: http://t.co/Swah8uTLPq #ksleg #kseln,138,2,2,2,1,0,0,1521,3
9,2014-10-09,520353218078195712, Announcing the $23.5M Arma Connection to build a 4-lane highway the entire length of US 69.  #ksleg #ksgov http://t.,117,11,0,2,0,1,1,1521,3
10,2014-10-09,520024547559735296,"""[his] tax strategy for Kansas embraces the thrice-proven idea (under Coolidge, under JFK and under Reagan)"" #kseln http://t.co/UGE9WBdxMc",138,6,1,1,1,0,0,1521,2
11,2014-10-09,520267245784948736, New 2:30 min video explaining why the @brownbackforgov tax cuts are so successful  #ksgop #ksleg https://t.co/fadoUTrvI6,121,6,0,2,1,2,0,1521,5
12,2014-10-10,520643849119875074," .@CarlyFiorina says @brownbackforgov tax cuts are ""working"" http://t.co/UVGl3Z8Fli #ksleg #ksgov #kseln #taxes",111,4,0,4,1,3,0,1521,8
13,2014-10-10,520582155949576193," ""The future for Kansas is bright if it stays on path it is being led down by Sam Brownback."" http://t.co/pB9wtaote3",116,4,0,0,1,1,0,1521,2
14,2014-10-10,520593347589984256," #Tworks Delivers! K-383 project from US-36 to US-183 will improve alignment &amp; widen shoulders, allowing safer travel #",123,1,0,3,0,1,0,1521,4
15,2014-10-10,520659726838009856,.@brownbackforgov endorsed by Wichita Metro Chamber of Commerce PAC &amp; Wichita Independent Business Association #kseln http://t.co/tWX9PWLXSY,144,3,1,1,0,1,1,1521,2
16,2014-10-11,520954614909534209,Joining the #gorillanation for @pittstate homecoming! http://t.co/5FGnvFBc3v,76,1,6,1,0,1,1,1521,2
17,2014-10-13,521787575288479744,.@brownbackforgov and @GovChristie stopping by @FreddysUSA for some frozen custard! #gopgovs @The_RGA #kseln http://t.co/KfME6aaii4,131,4,2,2,0,4,1,1521,6
18,2014-10-14,522076257128030209,"""@CarlyFiorina: Education unlocks potential and that's why @brownbackforgov has invested in it time and again."" #kseln #tcot #ksedu",131,6,2,3,0,2,0,1521,5
19,2014-10-14,522065390462320641,Full house waiting for @CarlyFiorina and @brownbackforgov at the @Women4Brownback and @KanHouseGOP rally! #kseln http://t.co/GIkl4kPTsk,135,5,3,1,0,4,1,1521,5
20,2014-10-14,522069734205165568,Standing ovation for @brownbackforgov at women's rally in Wichita! #kseln @KanHouseGOP http://t.co/dnwOlFihJw,109,4,4,1,0,2,1,1521,3
21,2014-10-14,522075434088148992,"""@CarlyFiorina: Our nation was founded on the idea that everyone has potential."" #brownbacker #kseln #tcot",106,1,1,3,0,1,0,1521,4
22,2014-10-14,522075564707151872, What an amazing reception at the Women for Brownback event in Wichita today!  @brownbackforgov is surging forward! http://t,124,2,0,0,0,2,1,1521,2
23,2014-10-14,522078045772214272," ""Leaders unlock the potential in others."" @CarlyFiorina is such an inspiration...Great luncheon for @brownbackforgov!",118,1,0,0,0,3,0,1521,3
24,2014-10-15,522187443827920897, Great day on the campaign trail with @PatRoberts2014 &amp; @brownbackforgov. 3 weeks until victory! #KSSen #KSGov #tcot,120,13,0,3,0,3,0,1521,6
25,2014-10-15,522187613885960192," Listening to @brownbackforgov, @CarlyFiorina , @KevinYoder, and @KanHouseGOP and others! what a great event! #ksred http://t",125,2,0,1,0,5,1,1521,6
26,2014-10-16,522827038806134784, Team Pompeo celebrated the Triplett Hall Grand Opening at the Kansas Veterans' Home today with @brownbackforgov. http://t.c,124,2,0,0,0,2,1,1521,2
27,2014-10-16,522542968683905024,Way to go @Royals! #WorldSeries here we come! #takethecrown,59,3,5,2,0,1,0,1521,3
28,2014-10-16,522771076162412544,The momentum continues - Brownback Takes the Lead in Kansas Race http://t.co/SbkiB4Youi via @NRO,96,5,3,0,1,1,0,1521,2
29,2014-10-17,523139285072244737," Kansas' Sept. seasonally adjusted unemployment rate is 4.8%, down from 4.9% in Aug. Read the full report: https://t.co/rw9XB",125,2,0,1,1,1,0,1521,3
30,2014-10-18,523327531257462784,"""Ag. is the states largest single business and,clearly,Brownback is the most knowledgeable candidate in this"" #kseln http://t.co/Tr3GeZpIWX",139,1,3,1,1,0,0,1521,2
31,2014-10-18,523465903057670144, Lawrence Journal World chair praises @brownbackforgov for #agriculture expert &amp; #schools $ impact in new col http://t.co/bi,128,4,0,3,1,2,0,1521,6
32,2014-10-20,524347709445373954,Brownback is a product of public education.  $270 million in additional education spending since coming to office #ksedu,120,1,0,1,0,0,0,1521,1
33,2014-10-20,524279562751213569,Glad to have @GovChristie in KS stumping for @brownbackforgov! #TeamBrownback is surging to victory. @The_RGA #kseln http://t.co/WlT6JnXnUI,139,5,3,2,0,3,1,1521,5
34,2014-10-20,524342554373140480,"Watch tonight's debate live at http://t.co/GoWBR8HvTR #kseln #ksleg #kscomeback, #ksjobs, and #ksedu.",101,0,0,5,1,0,0,1521,6
35,2014-10-20,524342857814249472,More Kansans are working than ever before. #kscomeback,54,1,0,1,0,0,0,1521,1
36,2014-10-20,524343377849249793,Paul Davis' economic plan is to raise taxes #obamamodel,55,2,0,1,0,0,0,1521,1
37,2014-10-20,524343706548441088,Gov. Brownback has increased K-12 spending every year in office #ksedu,70,2,2,1,0,0,0,1521,1
38,2014-10-20,524344768286175233,Paul Davis wants to expand ObamaCare #obamadelegate,51,2,1,1,0,0,0,1521,1
39,2014-10-20,524345969622941696,Paul Davis is the biggest threat to agriculture in Kansas. Davis has consistently been endorsed by the Sierra Club. #sierraclubsupport,134,2,2,1,0,0,0,1521,1
40,2014-10-20,524346314793156608,Davis is not a scientist. He's a liberal attorney supported by the Sierra Club,78,2,0,0,0,0,0,1521,0
41,2014-10-20,524347080706654209,Davis voted against jobs in rural Kansas by opposing the expansion of the Holcomb Power Plant #ksenergy,103,3,0,1,0,0,0,1521,1
42,2014-10-20,524348582846291968,Davis has voted against every increase in funding put forth for K-12 education in the past four years #ksedu,108,3,1,1,0,0,0,1521,1
43,2014-10-20,524348757941694464,Kansas is moving forward and we shouldn't go the Obama direction that Paul Davis wants to take us #kscomeback,109,5,1,1,0,0,0,1521,1
44,2014-10-21,524634974365175809,http://t.co/cfDOvzQcgv #kleg #kseln,35,0,0,2,1,0,0,1521,3
45,2014-10-21,524593298150006784,14 days! #kscomeback #kseln http://t.co/8jDf93uKaU,50,2,2,2,0,0,1,1521,2
46,2014-10-21,524608703073628160,"Because judges matter. #kseln 

https://t.co/5ceMvj4IO5",55,2,1,1,1,0,0,1521,2
47,2014-10-21,524611665632198656,Join @brownbackforgov for today's #ksgov debate. Join the conversation at https://t.co/ib1Wz7vFR2,97,1,1,1,1,1,0,1521,3
48,2014-10-21,524621144696299521,Davis sticks to mantra but no details. #kseln wants it both ways rant but no specific plan for economy,102,0,0,1,0,0,0,1521,1
49,2014-10-21,524621514784927744,Will Davis defend constitution? Is that in your hands? #kseln,61,1,1,1,0,0,0,1521,1
50,2014-10-21,524621774466867200,Governor: comes back to the issue of judges staying with the law not writing it to fit their own views. #kseln,110,0,0,1,0,0,0,1521,1
51,2014-10-21,524621999172509696,Governor: it isn't true that there is nothing that you can do. #kseln,69,0,0,1,0,0,0,1521,1
52,2014-10-21,524622328530239488,Brownback: commonsense is looking at world the way his dad would. I'm a conservative but it has to work. #kseln,111,2,1,1,0,0,0,1521,1
53,2014-10-21,524622498303057921,"""Paul Davis doubles down on support for Kansas Supreme Court"" #kseln",68,1,0,1,0,0,0,1521,1
54,2014-10-21,524622867728986112,"@brownbackforgov ""Paul Davis doubles down on support for Kansas Supreme Court""#ksleg #kseln",91,1,0,2,0,1,0,1521,3
55,2014-10-21,524623128136540160,Davis has one of top 10 liberal voting record in legislature #ksleg #kseln,74,5,0,2,0,0,0,1521,2
56,2014-10-21,524623520840810497,Too late to get Paul Davis vote but not yours. #kseln #ksleg,60,0,0,2,0,0,0,1521,2
57,2014-10-21,524623896876957697,Brownback: he doesn't have an issues page on his website he's just running against me. #kseln #ksleg,100,2,2,2,0,0,0,1521,2
58,2014-10-21,524624060853268480,Brownback: if he'd just stop lying #kseln #ksleg,48,0,0,2,0,0,0,1521,2
59,2014-10-21,524624232794583040,Davis overlooking parkinson admins cuts to state support for schools. #kleg #kseln,82,2,0,2,0,0,0,1521,2
60,2014-10-21,524624535120011264,Look at the facts in this race. Opinion pieces are not substitute for facts #kseln #kleg,88,2,1,2,0,0,0,1521,2
61,2014-10-21,524624721074479105,It matters what judges you appoint! This is important but hasn't been discussed. #kleg #kseln,93,1,1,2,0,0,0,1521,2
62,2014-10-22,525073560503853057,Want to beat the election day rush? Vote early! Learn more ---&gt; http://t.co/5GvD9GsOgP http://t.co/UbAnAcMEER,112,0,1,0,1,0,1,1521,1
63,2014-10-23,525387803056955392,"Governor Reiterates Support for Non-Retention of Supreme Court Justices, Calls on Davis to State His Position http://t.co/pad5cbe5n2 #kseln",139,1,1,1,1,0,0,1521,2
64,2014-10-24,525702418890493952,"""@AP: Davis loses ground to Brownback in Kansas governors race."" #kseln #ksgov http://t.co/BL8NZLC1Be",101,2,3,2,1,1,0,1521,4
65,2014-10-24,525443293027770369, And now First Lady Mary Brownback swung by the office! #TCOT @brownbackforgov http://t.co/zUghNjUhwb,101,2,0,1,0,2,1,1521,3
66,2014-10-24,525752858374045698," Proud to support my Governor, Sam #Brownback, whose Rural &amp; Urban Opp'y Zones are building the #KS Comeback. #ksgov http://t",129,4,0,3,1,1,0,1521,5
67,2014-10-24,525752398829334528,"""@KCBizJournal: Brownback unveils 'urban opportunity zone' program in KCK."" #kseln #ksgov #ksleg http://t.co/3QVZmCL5ql",119,0,0,3,1,1,0,1521,5
68,2014-10-25,526076112473190401,This is #Kansas job growth. @KansasDOL #kseln #ksleg #ksgov http://t.co/bkmz45Ka76,82,6,1,4,0,1,1,1521,5
69,2014-10-25,526042715839291392,Beautiful autumn day for door walking! #10days #brownbacker http://t.co/BxnTeyIHg8 http://t.co/3VlQU0HbHJ,105,4,2,2,1,0,1,1521,3
70,2014-10-26,526457121966424064,"""@CJOnline: Brownback best leader for Kansas."" #kseln #ksgov #ksleg http://t.co/DlIUsQJKkZ http://t.co/qJ5304Nwdh",113,7,5,3,1,1,1,1521,5
71,2014-10-27,526825428200468480,"""@MittRomney: @brownbackforgov is providing the leadership #Kansas needs."" #kseln #gopgovs",90,3,1,3,0,2,0,1521,5
72,2014-10-27,526826779114483712,"Great rally with @MittRomney, Bob Dole, and @PatRoberts2014 in Overland Park! #kseln http://t.co/M3kEfKYON3",107,2,7,1,0,2,1,1521,3
73,2014-10-27,526829996871278592, .@brownbackforgov working crowd after event with @MittRomney @PatRoberts2014 and Dole #kssen #kseln http://t.co/SsuFQXuMbr,123,3,0,2,0,4,1,1521,6
74,2014-10-27,526859487995772928,""".@BobbyJindal: Conservatives like @brownbackforgov believe the American Dream is alive."" #kseln #tcot #gopgovs http://t.co/tlYXacKcO4",134,9,4,3,0,2,1,1521,5
75,2014-10-27,526739727047983104,Governor Brownback and the first lady voting early today!  You can do the same: http://t.co/cBQFGnlkyg #kseln #ksleg http://t.co/dDlXLV08b6,139,1,1,2,1,0,1,1521,3
76,2014-10-28,527193487440359424, Enthusiastic crowd in Pittsburg for @SenRandPaul @brownbackforgov and Pat! #kssen http://t.co/BuyVkZMMGE,105,27,0,1,0,3,1,1521,4
77,2014-10-28,527228974242729985,"""Lt. Gov Colyer: This election is about results! More private sector jobs, and more money in education."" #kseln http://t.co/NUmGNouSeb",134,0,0,1,0,0,1,1521,1
78,2014-10-28,527235943733145600,.@SenRandPaul speaks to the third packed house of the day! #kseln http://t.co/1luFaYYoEU,88,1,1,1,0,1,1,1521,2
79,2014-10-28,527230181996769280,"""@brownbackforgov: I want Kansans to have the dignity of work."" #kseln #ksleg http://t.co/Hj5J5CH87Q",100,1,0,2,0,1,1,1521,3
80,2014-10-28,527122676419403776,Another great letter supporting @brownbackforgov's work on the Arma Connection. #kseln #ksleg http://t.co/T4UICxd6HT,116,0,1,2,1,1,0,1521,4
81,2014-10-28,527142610440577024,"Chatting with @SenRandPaul before a day full of rallies! Join us in Wichita, Pittsburg, and Overland Park. #kseln http://t.co/wPByOUQhnh",136,2,1,1,0,1,1,1521,2
82,2014-10-28,527160624447774720,"""@SenRandPaul on @brownbackforgov's new Office of the Repealer: I want to apply for that job."" #tcot #kseln @GOP http://t.co/bNLzHTWVFs",135,2,1,2,0,3,1,1521,5
83,2014-10-28,527161882797670400,"""@SenRandPaul: We come together because we are better when we unite."" #tcot #kseln @GOP http://t.co/HVJoYGqQPU",110,0,2,2,0,2,1,1521,4
84,2014-10-28,527193325351489536,"""@brownbackforgov: Remember the number 69. 69 Highway will now be built as promised."" #kseln #ksleg http://t.co/bUlW6vHiAA",122,1,1,2,0,1,1,1521,3
85,2014-10-29,527579969493671936,Great stop in Pratt! #cleansweep #kseln http://t.co/sA4tUueP6m,62,0,0,2,0,0,1,1521,2
86,2014-10-29,527550488028659713,Our newest campaign ad shares about a woman who found economic independence through the dignity of work #kseln #ksleg http://t.co/g7XXZRIagj,140,2,2,2,1,0,0,1521,3
87,2014-10-29,527594684005507073,Miss our rally with @SenRandPaul? Catch a recap! Thanks to the JJJ Wranglers for the Kansas edition of Yankee Doodle! http://t.co/6bzdAyDrVH,140,0,0,0,1,1,0,1521,2
88,2014-10-30,527860326243770368,Our thoughts and prayers are with all involved in the Wichita plane crash.,74,5,3,0,0,0,0,1521,0
89,2014-10-30,527938114183254016, House Reps turning up all over #Kansas to support #cleansweep2014! #kssen #kseln @brownbackforgov @PatRoberts2014 http://t,123,1,0,4,0,3,1,1521,7
90,2014-10-31,528238373027475456,"Powerhouse stop at the KS speedway with @GovPenceIN, @BillHaslam, @HaleyBarbour, @GovChristie, and Bob Dole. #kseln #tcot",121,0,0,2,0,4,0,1521,6
91,2014-10-31,527975206443167745,.@SenMikeLee joined the clean sweep bus tour today! #5days #kseln http://t.co/xVusLxO5kH,88,0,2,2,0,1,1,1521,3
92,2014-10-31,528193188948115456,We're going to get this done! #kseln http://t.co/GveHhcuSxP,59,5,4,1,0,0,1,1521,1
93,2014-10-31,528195435400527872,Great crowd on chilly morning on banks of Missouri River. #kseln http://t.co/2G35YD2UiP,87,0,0,1,0,0,1,1521,1
94,2014-10-31,528195886934155264,A salute to our veterans. Thank you for your service. http://t.co/GtS4r7e3Vd,76,5,6,0,0,0,1,1521,0
95,2014-10-31,528199746171965440,Get your friends out to vote and make a #Clean Sweep! #kseln http://t.co/vvzlLWAbpA,83,0,0,2,0,0,1,1521,2
96,2014-10-31,528211220047093762,Morning with supporters in Leavenworth. #kseln http://t.co/7wrdnvXYrX,69,0,0,1,0,0,1,1521,1
97,2014-10-31,528211468547018752,Lt. Gov. Colyer talks Clean Sweep! #kseln http://t.co/aZndzGWqrY,64,0,0,1,0,0,1,1521,1
98,2014-10-31,528213546048708610,The best part of campaigning. Glad to meet so many great Kansans. #4days #kseln #kscomback http://t.co/wbkLLS1XRM,113,1,1,3,0,0,1,1521,3
99,2014-10-31,528221400017166337,Leavenworth is excited about @brownbackforgov leading the #kscomback! #kseln #cleansweep http://t.co/w9nU6tf1RZ,111,2,0,3,0,1,1,1521,4
100,2014-10-31,528234871022698496," Chairman of KS Hispanic and Latino American Affairs: @brownbackforgov cares, listens, and shows compassion #kseln http://t.c",125,3,0,1,1,2,0,1521,4
101,2014-10-31,528269141493690368," A peek inside the #cleansweep2014 tour bus with @brownbackforgov, @SpeakerMerrick, &amp; others. #kssen #ksleg #kseln http://t",127,3,0,4,0,3,1,1521,7
102,2014-11-01,528574876047912960,"""Unlike a lot of politicians who might make empty promises, @brownbackforgov came through for us in a big way"" #kseln http://t.co/OWkGH5kMJt",140,1,2,1,1,1,0,1521,3
103,2014-11-01,528564311766368256,"Stopped in at Timber Creek Meats in Parsons. Looking forward to enjoying some beef jerkey on the road! Thanks, guys. http://t.co/xnlaux6QHb",139,0,2,0,0,0,1,1521,0
104,2014-11-01,528623368413908992,"Like lower taxes, more people working, and more money in schools? Vote @brownbackforgov. #kseln #ksleg http://t.co/G8FQzkRCy5",125,3,3,2,0,1,1,1521,3
105,2014-11-01,528642328509300736,New @CBSNews and @nytimes poll shows @brownbackforgov leading! http://t.co/EY0tLtMQtw http://t.co/uP0GCE62kH,108,4,2,0,1,3,1,1521,4
106,2014-11-01,528673851618914304,"""@brownbackforgov: This election is about clarity for the Kansas voters. I will vote the Kansas way."" #kseln #ksgov",115,2,0,2,0,1,0,1521,3
107,2014-11-01,528674324400844800,Huge turnout at our final #cleansweep rally in Topeka! #kseln #ksgov http://t.co/8g21NSrD8s,91,2,2,3,0,0,1,1521,3
108,2014-11-01,528679448053547009,Thanks Topeka for a great #cleansweep rally! Let's get out the vote! #kseln #ksgov http://t.co/KGsab7C5Pg,105,3,2,3,0,0,1,1521,3
109,2014-11-02,529022241389150211,.@LJWorld endorses @brownbackforgov based on leadership and experience. #kseln #ksleg #ksgov http://t.co/mlSP8QWogj http://t.co/Wb9wy7jhYR,138,11,3,3,1,2,1,1521,6
110,2014-11-03,529377057365819392," The case for Sam Brownback: https://t.co/8BbtoKj9oU 

@brownbackforgov
@WE_Tweet 
@KansasDems 
@KansasGOP",106,6,0,0,1,5,0,1521,6
111,2014-11-03,529380558229757952,"Spoke with a gentleman at a hardware store in Andover, ""We've gotta have the good guys in office!"" Thanks, sir! http://t.co/6wttA74SmD",134,4,2,0,0,0,1,1521,0
112,2014-11-03,529390433630420992,Stopped in Andover to speak with officials at the physician owned Kansas Medical Center. http://t.co/wveMnWvsio,111,0,1,0,0,0,1,1521,0
113,2014-11-03,529094186470232064,Only 2 days left. Be prepared for election day by finding your polling location today. #kseln http://t.co/5GvD9GsOgP http://t.co/4w0sXe7bW4,139,5,1,1,1,0,1,1521,2
114,2014-11-03,529297612550463489,Governor visiting with folks @ Garden Plain Coop. One last push to thank suppoeters and GOTV! #kseln http://t.co/vIU0VbJNtk,123,3,3,1,0,0,1,1521,1
115,2014-11-03,529297693743779840,"Great to be on the @JosephAshbyShow this morning talking about #ksedu, judges, and fiscal responsibility. #kseln http://t.co/YEFfjsw0hI",135,3,2,2,1,1,0,1521,4
116,2014-11-03,529307694466105345,Great crowd at Garden Plain Fisher Lumber! #1day #GOTV #kseln http://t.co/HyFMPnm2J2,84,0,1,3,0,0,1,1521,3
117,2014-11-03,529334145974304770,Great talking with folks enjoying lunch at the Riverside Cafe in Derby. #GOTV #kseln http://t.co/4UxnUZJcCr,107,1,3,2,0,0,1,1521,2
118,2014-11-03,529344321477427200,"Touring a great KS company, BRG Precision. They started in a basement and now their clocks go around the world #ksleg http://t.co/8FlXrtrLNf",140,0,2,1,0,0,1,1521,1
119,2014-11-03,529343245424525312, Kansas Gov. Sam Brownback is touring BRG Precision Products in Derby this afternoon. http://t.co/w1Qef93oZG,108,1,0,0,0,1,1,1521,1
120,2014-11-04,529688543564935168,Full phone banks in Topeka! #kseln #ksgov #ksleg http://t.co/9aEMHaJN1c,71,1,4,3,0,0,1,1521,3
121,2014-11-04,529692996657491968, Kansas is moving forward thanks to @BrownbackForGov's principled leadership. Find your polling place here: http://t.co/F47LCuF,127,4,0,1,1,2,0,1521,4
122,2014-11-04,529696306605092864,Like job growth? Vote @brownbackforgov. #kseln #ksgov #ksleg http://t.co/1ukorlcGA8,83,5,1,3,0,1,1,1521,4
123,2014-11-04,529774467929481217,More Kansans are working this year than ever before. Keep our economy growing. Vote @brownbackforgov. #kseln #ksgov,115,7,3,2,0,1,0,1521,3
124,2014-11-04,529696692330045440," I voted 4 the specific, measurable, attainable,&amp; realistic long-term economic vision 4 the state of KS. I voted for @bro",125,8,0,1,0,2,0,1521,3
125,2014-11-04,529697551344500736," Topeka YRs are proud 2 support @brownbackforgov , @PatRoberts2014, @lynnjenkins &amp; all the others! keepksred #victory http://",129,3,0,1,0,4,1,1521,5
126,2014-11-04,529742811223314432,Stopped by the Topeka office to greet volunteers! #kseln #ksgov #ksleg http://t.co/dofqw0L8BU,93,6,4,3,0,0,1,1521,3
127,2014-11-04,529780922216771585,Kansas has a record number of new businesses. Let's keep Kansas growing. Vote @brownbackforgov. #kseln #ksgov #ksleg,116,3,4,3,0,1,0,1521,4
128,2014-11-04,529758372233752576,A vote for @brownbackforgov is a vote for a growing Kansas economy. http://t.co/5GvD9GsOgP http://t.co/puf1D3AVT5,113,1,1,0,1,1,1,1521,2
129,2014-11-04,529462634832478208,Help us take hold of victory. Vote tomorrow. Find your polling station here --&gt; https://t.co/e9AFtIIf30 http://t.co/4Y6YczGQcl,129,3,2,0,1,0,1,1521,1
130,2014-11-04,529621454728736768,And with the strike of 7:00 a.m.... http://t.co/1W7MgOpyI7,58,4,1,0,0,0,1,1521,0
131,2014-11-04,529650379890638848, Kansas: Pls vote for @PatRoberts2014 @MikePompeo @TimHuelskamp @BrownbackforGov and other GOPers on ballot! #KSSen,115,47,0,1,0,5,0,1521,6
132,2014-11-04,529654598827786240," Proud to support @BrownbackForGov, @PatRoberts2014, &amp; @LynnJenkins. VOTE TODAY --&gt; https://t.co/0nH4tPq60F #kseln #ksgov #ks",132,3,0,4,1,4,0,1521,9
133,2014-11-04,529655464616022017,.@brownbackforgov is headed to the @jcrpks office this morning to thank our stellar team of volunteers. #kseln #ksleg,117,1,1,2,0,2,0,1521,4
134,2014-11-04,529659087211225088,More jobs. Lower taxes. Vote @brownbackforgov. #kseln #ksgov #ksleg #tcot,73,5,0,4,0,1,0,1521,5
135,2014-11-04,529665525237161984," Lawrence Journal-World endorses @BrownbackForGov: ""He has the experience &amp; ability to serve &amp; represent Kansas."" http://t.co/Y",135,7,0,0,1,2,0,1521,3
136,2014-11-04,529671746929324032,Thank you to our volunteers at the @jcrpks office! Thousands of voters reached through calls and doors. #kseln http://t.co/5af9zzRluh,133,0,2,1,0,1,1,1521,2
137,2014-11-04,529673159398932481,A stellar team of faithful volunteers. Help us bring home a victory by voting today before 7:00! #kseln http://t.co/XivfZ2ap9Q,126,4,2,1,0,0,1,1521,1
138,2014-11-04,529673586588782592, This is what victory looks like! #kseln #ksgov #tcot @brownbackforgov http://t.co/ulEbFJxxCD,93,6,0,3,0,2,1,1521,5
