,date,tweet_id,tweet_text,tweet_length,retweet_count,favorite_count,hashtag_count,url_count,user_mentions,media_count,follower_count,total_entities
0,2014-10-05,518832460864692224,Exterior of the library http://t.co/8wANjtT1NZ,46,1,4,0,0,0,1,20839,0
1,2014-10-05,518739724039516160,Southwest Regional Library grand opening 2 pm today. You're invited -- 9725 Dixie Hwy,85,3,3,0,0,0,0,20839,0
2,2014-10-05,518826466851962881,Big crowd for today's Southwest Regional Library Grand Opening. This is one unbelievable center of learning. http://t.co/t8jO2xF807,131,6,14,0,0,0,1,20839,0
3,2014-10-05,518831687099506690,Images from your new Southwest Regional Library for the next several posts... http://t.co/6pHKhstRja,100,2,4,0,0,0,1,20839,0
4,2014-10-05,518831819886972928,One of several computer labs http://t.co/XlSZ853WKC,51,2,3,0,0,0,1,20839,0
5,2014-10-05,518831963483156481,Inside a glass reading pod http://t.co/pVNKrpyjpa,49,1,7,0,0,0,1,20839,0
6,2014-10-05,518832087080906752,Unique fabric artwork in the library http://t.co/Z0iklTEelx,59,1,5,0,0,0,1,20839,0
7,2014-10-05,518832173487771648,Library lighting http://t.co/FdGr4V6qTt,39,2,8,0,0,0,1,20839,0
8,2014-10-05,518832276780888066,Children's play area http://t.co/rIxWFOWwdu,43,0,1,0,0,0,1,20839,0
9,2014-10-05,518834233239171072,The children get the honor of cutting the ribbon on the new library http://t.co/r0Yll3Uymu,90,4,11,0,0,0,1,20839,0
10,2014-10-06,519195150396821504,Thanks to those who voted for @daretocarefb foodbank. Dare to Care will now receive $60K from WalMart to better serve Louisville families.,138,8,8,0,0,1,0,20839,1
11,2014-10-06,519148363250286592,"@Kali1128 We will be working with the organizers to ensure that, should they decide to return, the leakage of music will not occur again",136,0,0,0,0,1,0,20839,1
12,2014-10-06,519148414890561538,"@MickRMiller We will be working with the organizers to ensure that, should they decide to return, the leakage of music will not occur again",139,0,1,0,0,1,0,20839,1
13,2014-10-06,519172842609336321,It's not too late to help name the @LouisvilleZoo 's baby hippo. http://t.co/NYIPiRbIMM,87,6,2,0,1,1,0,20839,2
14,2014-10-06,519179033213300736,"Join us on Tues., 10/14 for the kickoff of the Mayors SummerWorks 2015 program. Register here:
http://t.co/xowRdE2hkS",117,1,0,0,1,0,0,20839,1
15,2014-10-06,519194663274553345, Thanks for giving us a reason to celebrate today! $60k is heading our way to feed families because of YOU! http://t.co/tg,122,6,0,0,0,1,1,20839,1
16,2014-10-06,519253051673444352,Listening to citizens at our Talk to Greg session @Central High this evening. http://t.co/VCroBfKvoI,100,0,2,0,0,1,1,20839,1
17,2014-10-07,519560208587034624,"@brett_385  the event runs from 2 PM to 6 PM,  but parking is restricted from 1 to 7 to allow for set up etc.",109,0,0,0,0,1,0,20839,1
18,2014-10-07,519496699598110720,New city data dashboard shows Louisville's progress/challenges on health http://t.co/jmx8d0dn3R,95,11,10,0,1,0,0,20839,1
19,2014-10-07,519511229451489281,Observing Fire Prevention Week and remembering those first responders who have given their life in service http://t.co/SYBHseHnYy,129,2,3,0,0,0,1,20839,0
20,2014-10-07,519537064820215808,"This is Fire Prevention Week. Please check your smoke detectors and offer to check them for neighbors, friends and family who need help.",136,6,1,0,0,0,0,20839,0
21,2014-10-07,519545941599068160,The next CyLOUvia is Sunday on Bardstown Road from 2 pm to 6 pm. Always a great day! http://t.co/C7nPvJ5Tal,107,8,4,0,0,0,1,20839,0
22,2014-10-07,519594120008847361,"Congratulations to the Straight O G's, winner of this year's Dirt Bowl http://t.co/bMpAH3v4oi",93,12,9,0,0,0,1,20839,0
23,2014-10-08,519925176738541568,The Derby City Dragons need a boat. Watch this video to see how badly they need a boat! https://t.co/6IXwbIVUfU,111,3,2,0,1,0,0,20839,1
24,2014-10-08,519899660131905536,The good news is we're #4 in USA Today Waterfront Poll. But that's not good enough for our great waterfront! Vote! http://t.co/CYfL0B2gpC,137,12,9,0,1,0,0,20839,1
25,2014-10-08,519926203051171841,Glad to see Metro's own WorldFest finish in the top three (and in such good company) on Leo's Readers' Choice Awards. http://t.co/3uKHowTqBl,140,2,2,0,0,0,1,20839,0
26,2014-10-09,520215665547157505,United against domestic violence; Center for Women/Families &amp; LMPD work together to help DV victims http://t.co/wuDZ6u6Tow,126,4,5,0,0,0,1,20839,0
27,2014-10-09,520218331903954944,Are you a victim of domestic violence? The Center for Women and Families is here to help http://t.co/XQKGeCjpcO,111,3,2,0,1,0,0,20839,1
28,2014-10-10,520398140508491776,FACT CHECK: Out of control budgets caused by Cortese-backed policies  put in check by Measure B #sjmayor http://t.co/g6GpnsfURT,127,4,2,1,0,0,1,3199,1
29,2014-10-10,520393429038428163,"On an impact fee:We're in a crisis &amp; we need everybody, all hands on deck &amp; developers who are prospering can pay their fair share #sjmayor",147,1,2,1,0,0,0,3199,1
30,2014-10-10,520393807687581697,"I'm not in the business of doing what polls say to do, I'm in the business of creating smart policies. #sjmayor #SJMayorsDebate",127,6,2,2,0,0,0,3199,2
31,2014-10-10,520394541363654658,"On support of minimum wage increase w/ phase in: I'm in support of raising the minimum wage, let's do it sensibly. #sjmayor #SJMayorsDebate",139,3,1,2,0,0,0,3199,2
32,2014-10-10,520395906831900672,When we can densify the core we can get officers out there quicker and fix our streets. #sjmayor #SJMayorsDebate,112,1,0,2,0,0,0,3199,2
33,2014-10-10,520396297409691648,We want to build a city that has been built for cars and build it for people.#sjmayor,85,3,1,1,0,0,0,3199,1
34,2014-10-10,520397529587146754,You'll understand how we lost 80% of our officers before Measure B was enacted #sjmayor http://t.co/cyLU4t5Eje,110,2,1,1,0,0,1,3199,1
35,2014-10-10,520397799046000640,We can be the safest big city again. Let's make sure we have a way to pay for it. #sjmayor #SJMayorsDebate http://t.co/kwL1pXyTEJ,129,2,1,2,0,0,1,3199,2
36,2014-10-10,520398825266364416,4 former mayors who have led this city support me b/c I've led. #sjmayor #SJMayorsDebate,88,2,2,2,0,0,0,3199,2
37,2014-10-10,520398885798559744,I look forward to working w/ you to make San Jose the great city we know it can be. #sjmayor #SJMayorsDebate,108,2,2,2,0,0,0,3199,2
38,2014-10-10,520400934028185600,Thank you to @SPUR_Urbanist for hosting w/ all the many important partners like @bikesv #sjmayor #SJMayorsDebate http://t.co/JqehJo3JH5,135,3,3,2,0,2,1,3199,4
39,2014-10-10,520453502003195904, Says @sliccardo: choice btwn candidate who supports bike lanes and one who says bike lanes block traffic.,106,2,0,0,0,2,0,3199,2
40,2014-10-10,520453544785104897, I do like that @sliccardo brought his own metal water bottle to the #SJMayor debate.,85,3,0,1,0,2,0,3199,3
41,2014-10-10,520453691287945218," ""I pushed for buffered but me lanes and want to see more. Critical first/last mile connection in bike share."" @sliccardo #sjmay",128,1,0,1,0,2,0,3199,3
42,2014-10-10,520453706819457025," Did I hear a ""Pedal what we preach"" reference from @sliccardo at the #sjmayordebate? @CarlGuardino Great philosophy!",117,3,0,1,0,3,0,3199,4
43,2014-10-10,520453947060789249, @sliccardo singing the praises of the awesome @DowntownStreets at #SJMayorsDebate.  I also like idea of repurposing old m,122,3,0,1,0,3,0,3199,4
44,2014-10-10,520454069182164994, Yes &amp; the arts are big contributors! RT @sliccardo: People fall in love w/ cities for what they experience on foot #sjmay,126,2,0,2,0,2,0,3199,4
45,2014-10-10,520454114077970432, @sliccardo Why Sam deserves to be the next Mayor! I support his integrity and commitment to all SJ. Do not believe neg,119,1,0,0,0,2,0,3199,2
46,2014-10-10,520454453489463296," Great thought as @CityofSanMateo discusses Downtown. @sliccardo: ""People fall in love with cities for what they experie",120,2,0,0,0,3,0,3199,3
47,2014-10-10,520454689490362368, Truth! RT @sliccardo: People fall in love with cities for what they experience on foot #sjmayor #sjmayorsdebate h/t @SP,120,1,0,2,0,3,0,3199,5
48,2014-10-10,520455611469688833, @sliccardo is my choice for #SJmayor,37,2,0,1,0,2,0,3199,3
49,2014-10-10,520630607487836160,Mayor Reed wrote on how pension reform is a key part of making San Jos safer. Great stats on crime &amp; debt: http://t.co/CruN7fGMpr,133,2,0,0,1,0,0,3199,1
50,2014-10-11,521024826991865857,Watch our new video and see why David &amp; Khanh Russo are Standing with Sam! http://t.co/9sRh6URp25  #standwithSam #Liccardoformayor #sjmayor,143,1,1,3,1,0,0,3199,4
51,2014-10-11,520791858608611330, @sliccardo I agree our future Mayor Liccardo,45,1,0,0,0,2,0,3199,2
52,2014-10-11,520791887347994624, @sliccardo You have my vote! Just need a yard sign to help show my support.,76,2,0,0,0,2,0,3199,2
53,2014-10-12,521131968134938624,"@niclsarios Thanks for your vote,  Nic....! Just send your address to Sam @liccardoformayor.com, and we'll decorate your yard with a sign!",138,0,0,0,0,1,0,3199,1
54,2014-10-12,521337213939113985," @sliccardo Thank you for doing such a great job for our community, Sam. You have my vote, along with a number of others",120,2,0,0,0,1,0,3199,1
55,2014-10-12,521350260694593536,"Stand w/ Sam Sun! ""He cares deeply about San Jos,has smart solutions to our challenges,&amp; rides his bicycle.""-Laura M http://t.co/4ZSNzki5fP",143,2,4,0,0,0,1,3199,0
56,2014-10-12,521095345141338113," Maybe the youngest &amp; Cutest @sliccardo supporter 4 Mayor of San Jose! My daughter Siena with her ""Vote-4-Sam"" shirt http:",126,3,0,0,0,2,1,3199,2
57,2014-10-12,521131102875168768, Voted! Go Sam! #sjmayor @sliccardo http://t.co/EG1B1Baans,58,2,0,1,0,2,1,3199,3
58,2014-10-13,521798670480453633,DA Jeff Rosen is Standing with Sam. Find out why by watching this video!  https://t.co/EmYu04Lh2h,97,3,3,0,1,0,0,3199,1
59,2014-10-14,522153846596837376,"Sam joined San Jos Mayor Chuck Reed &amp; former Mayors Hammer, McEnery &amp; James for a press conference today #sjmayor http://t.co/vYhjxLZVBG",144,5,0,1,0,0,1,3199,1
60,2014-10-15,522531286879985664, Endorsement: Sam Liccardo (@sliccardo) for #SanJose mayor. He has the better record and is more accountable. http://t.co,121,7,0,1,1,2,0,3199,4
61,2014-10-15,522531413057220608, And the @sliccardo San Jose mayoral profile: Can another tightfisted mayor really save the police force? http://t.co/ROI,121,3,0,0,1,2,0,3199,3
62,2014-10-15,522531443239448577, Politically minded? You can guide this Treehouse #interactive conversation with San Jose mayoral candidate @sliccardo h,120,3,0,1,1,2,0,3199,4
63,2014-10-15,522531668377096192," ""Liccardo is the clear and only choice for mayor of San Jose"" @sanjoseinside @sliccardo  #liccardoformayor",107,3,0,1,0,3,0,3199,4
64,2014-10-15,522265971227381760, @sliccardo has a dedicated team of volunteers committed to move San Jos forward-great to meet with them and feel their love fo,127,6,0,0,0,2,0,3199,2
65,2014-10-15,522461642010148864,Check out this new interactive interview with Sam and learn more about his plans to move San Jose forward #sjmayor http://t.co/XoWTQpuAAV,137,4,1,1,1,0,0,3199,2
66,2014-10-16,522811478382878720,Vice Mayor Madison Nguyen is Standing with Sam. Watch the video to find out why: http://t.co/3HWzcAiwKU,103,3,3,0,1,0,0,3199,1
67,2014-10-17,522992732784959488, Herhold: The campaign of fear comes to the San Jose mayor's race http://t.co/v15STam1tj,88,3,0,0,1,1,0,3199,2
68,2014-10-18,523546049387167744,Another great #GOTV weekend off to a great start at #LiccardoforMayor! Thank you to all of our incredible supporters! http://t.co/oLeujmEOm6,140,1,2,2,0,0,1,3199,2
69,2014-10-18,523552438117089280,BREAKING First person account of pressure from POA in police academy to drive recruits out of SJ- and undo Measure B. http://t.co/NnR2cbWHoK,140,8,2,0,1,0,0,3199,1
70,2014-10-19,523893115262730241, @sliccardo meeting with leaders of the Ethiopian American community. #sjmayor http://t.co/7bH51WMIGu,101,4,0,1,0,2,1,3199,3
71,2014-10-19,523894135334252544,Sam's not afraid to tackle the tough issues &amp; has the ability to bring residents together to move #SJ forward-Josh B http://t.co/O7BGdPesOK,143,4,3,1,0,0,1,3199,1
72,2014-10-21,524396914653937664,"""We need a mayor that will stand up for you - I will stand for you"" #SJmayor #MovingSanJosForward",97,4,3,2,0,0,0,3199,2
73,2014-10-21,524397776239476736,Thank you to all who attended tonight's mayoral candidate debate. And thank you @SchoolatMHP for hosting us tonight! http://t.co/bn0pTTPfJI,139,1,3,0,0,1,1,3199,1
74,2014-10-21,524600460502511616,FACT CHECK: Violent crime lower today than when Cortese left Council. Check the facts at http://t.co/Uv03fGSk9X http://t.co/1Ehc45EohN,134,6,1,0,1,0,1,3199,1
75,2014-10-21,524598102041190400, @sliccardo Good to meet the team tonight!,42,1,0,0,0,2,0,3199,2
76,2014-10-21,524350798675718144,Please join us tonight for the East San Jos mayoral candidate debate at @SchoolatMHP #SJmayor #TeamSam http://t.co/9gNpnpz2Xc,125,5,3,2,0,1,1,3199,3
77,2014-10-21,524354517312081920,"@byoung73 sadly tonight is the last scheduled mayoral candidate debate, but please check out http://t.co/OEEv5jfmxC to learn more about Sam",139,0,0,0,1,1,0,3199,2
78,2014-10-21,524382588643704832,Please join us as we live tweet tonight's mayoral candidate debate. Thank you @SchoolatMHP for hosting all of us #SJmayor #TeamSam,130,1,1,2,0,1,0,3199,3
79,2014-10-21,524383448467660800,80% of police departures occurred before pension reform - 320 officers because we ran out of money #SJmayor http://t.co/B6HjB9D2Z3,130,2,2,1,0,0,1,3199,1
80,2014-10-21,524384344400355328,"""We need a mayor who stands up for everyone in the city, not just for people who make six figure pensions"" #SJmayor #MovingSanJosForward",136,4,6,2,0,0,0,3199,2
81,2014-10-21,524385854106509313,"""Dave claims there was no debt while he left city council - there was over $3 billion of debt"" #SJmayor",103,0,0,1,0,0,0,3199,1
82,2014-10-21,524386124186136576,"""I think it's critical we get to the children before the gangs do, that starts with after school programs"" #SJmayor #MovingSanJosForward",136,0,1,2,0,0,0,3199,2
83,2014-10-21,524386378700701697,"""We need to ensure that every child has a safe place to go before their parents are able to pick them up"" #SJmayor #MovingSanJosForward",135,0,0,2,0,0,0,3199,2
84,2014-10-21,524387653400027136,"""We also need to engage our teens - we can involve them in the community. I have proposed a program with the Water District that does this""",139,1,0,0,0,0,0,3199,0
85,2014-10-21,524388361415307264,"""Retirement costs increased 38 million dollars, we can't simply say that tax revenues will come back, it doesn't work like that."" #SJmayor",138,1,1,1,0,0,0,3199,1
86,2014-10-21,524603216537718784,NEW VIDEO: City Councilmember and former police officer Pete Constant is standing with Sam for Mayor! http://t.co/SXGmoYVg2s #sjmayor,133,2,0,1,1,0,0,3199,2
87,2014-10-21,524388473969471488,"""We no longer want to keep driving the city into debt, that's why the voters overwhelming supported pension reform"" #MovingSanJosForward",136,2,0,1,0,0,0,3199,1
88,2014-10-21,524389512055500801,"""I'm very proud to have involved corporations in improving our communities"" #SJmayor #MovingSanJosForward",105,1,1,2,0,0,0,3199,2
89,2014-10-21,524390624800165888,"""I worked with 3 corporations who funded $3 million to help those who are homeless off the streets in return for work to beautify our city""",139,1,2,0,0,0,0,3199,0
90,2014-10-21,524391122110394368,"""I have worked to expand access to public transportation, I will continue to work to ensure everyone has access to public transportation""",137,2,3,0,0,0,0,3199,0
91,2014-10-21,524392342531235840,"""I intend to work very well with Magdalena Carrasco of District 5, I endorsed her candidacy, I will continue to serve her districts need""",137,1,1,0,0,0,0,3199,0
92,2014-10-21,524393146289885185,"""I propose imposing an impact fee on developers - I believe this is critical because we are in an affordable housing crisis"" #SJmayor",133,1,4,1,0,0,0,3199,1
93,2014-10-21,524394099332231169,"I live in Northside, a working class neighborhood, I understand what it's like living in an urban area because I live in one, I live here""",138,1,3,0,0,0,0,3199,0
94,2014-10-21,524394637847310336,"""My house was broken in twice, I live in a neighborhood where there is crime. I understand the need to improve our public safety""",129,1,2,0,0,0,0,3199,0
95,2014-10-21,524394793690877952,"""When we engage our neighborhoods with our police we can make our city safer"" #SJmayor #MovingSanJosForward",107,1,1,2,0,0,0,3199,2
96,2014-10-21,524396617453932544,"""We need to ensure that everyone is treated equally regardless of an individual's status in this country, we need to ensure respect""",132,2,1,0,0,0,0,3199,0
97,2014-10-22,525060093448949760,NEW VIDEO: Davide Vieira is Standing with Sam b/c he organized the community to educate and ensure safety #SJMayor http://t.co/rAVTUuauxZ,137,2,0,1,1,0,0,3199,2
98,2014-10-22,524720016382369792,Extremely proud to be endorsed by Ava's Lemonade Stand! Quite a business Ava's running here in #sj #sjmayor http://t.co/uz0xs5YR07,130,3,8,2,0,0,1,3199,2
99,2014-10-22,524719001989955588, #sjmayor - In order to lead you need to know where ur going! Check out @sliccardo vision for a better San Jose at http://t.c,125,3,0,1,1,2,0,3199,4
100,2014-10-23,525413994484355072,NEW VIDEO: Rose Herrera is standing with Sam Liccardo for Mayor - watch the video to learn why! http://t.co/mtIwzALYnE,118,2,0,0,1,0,0,3199,1
101,2014-10-23,525326401663008769," Tight SJ mayor race. Watch this debate before you vote. If you do, I bet your vote will be for Sam: @sliccardo http://t.co/",124,5,0,0,1,2,0,3199,3
102,2014-10-23,525329949507330048,Wishing a prosperous &amp; Happy #Diwali to those celebrating the #festivaloflights! #Diwali2014 #DiwaliWithHappyNewYear http://t.co/i4snwamCGY,143,2,1,4,0,0,1,3199,4
103,2014-10-23,525407225314295808, @CarlGuardino and @sliccardo speaking at the @SVLeadershipGrp policy luncheon. http://t.co/jA1rLbhftN,102,1,0,0,0,4,1,3199,4
104,2014-10-23,525409326325071873,@Rose4SanJose is Standing With Sam b/c she saw he's willing to make tough decisions to restore city services http://t.co/7Ew2K38umy #sjmayor,140,1,0,1,1,1,0,3199,3
105,2014-10-24,525713953402277888,NEW VIDEO: Johnny Khamis is standing with Sam Liccardo for mayor. Watch the video to learn more! #sjmayor http://t.co/eSIqHuEabp,128,3,0,1,1,0,0,3199,2
106,2014-10-24,525449333278113793, #TBT Content premiere print issue in 2012 featured @sliccardo #dtsj #WeLovePrint http://t.co/WwTPN5sgZZ,104,4,0,3,0,2,1,3199,5
107,2014-10-24,525788615549267968,I had a fantastic time last night celebrating #Diwali at the #SanJose Gurdwara with a wonderful community! #sjmayor http://t.co/cN3QFGMCK8,138,1,1,3,0,0,1,3199,3
108,2014-10-25,526043556176072705,In this campaign some have chosen scare tactics. I prefer solutions. Read my op-ed in the @mercnews http://t.co/6XJm3xNFTf #sjmayor,131,7,5,1,1,1,0,3199,3
109,2014-10-25,526147115064758272,@elizabethsuzane thank you Elizabeth! #zombiesrule!,51,0,1,1,0,1,0,3199,2
110,2014-10-26,526424188265824256,Stand with Sam Sunday: Sam is very innovative &amp; has great ideas to help our community! -Kamera #sjmayor http://t.co/Xvfr2l71SE,130,1,2,1,0,0,1,3199,1
111,2014-10-26,526408868616617984, Had a great time representing @sliccardo in judging the Zombie contest at the Zombie Run! http://t.co/MFW0hbYASx,113,2,0,0,0,2,1,3199,2
112,2014-10-26,526408881627344896, Met @sliccardo tonight! #StJuliesGala #SanJose #SamLiccardo http://t.co/dElqnvgd9S,83,1,0,3,0,2,1,3199,5
113,2014-10-26,526433996821893120, @sliccardo We're with Sam,26,1,0,0,0,2,0,3199,2
114,2014-10-27,526564683286073345,Closing out another fun #GOTV weekend at #LiccardoforMayor HQ! We owe it all to our supporters! #sjmayor http://t.co/GXn49whi84,127,1,3,3,0,0,1,3199,3
115,2014-10-27,526610753940623360, @sliccardo  I am so proud to be a volunteer 4 Sam. He will make a great Mayor for all of San Jose &amp; deserves ur vote! ,123,1,0,0,1,2,0,3199,3
116,2014-10-28,527190553666940930,"Today's @mercnews Liccardo ""is independent, and he will be an honest and ethical mayor."" Read more: http://t.co/pBc0h35cCS",122,8,2,0,1,1,0,3199,2
117,2014-10-28,527135982147993600,"MUST READ: @mercnews looks at the ""misleading"" attacks against Sam http://t.co/pBc0h35cCS",89,8,5,0,1,1,0,3199,2
118,2014-10-28,527223432119717888,"from @mercnews: ""the police union has done everything it can to drive officers out and to discourage recruits."" http://t.co/pBc0h35cCS",134,3,1,0,1,1,0,3199,2
119,2014-10-29,527518641109999616,Yesterday @mercnews called out the misleading attacks against Sam. Want to learn more? Visit http://t.co/qgJDyn3pZg #sjmayor #checkthefacts,139,7,3,2,1,1,0,3199,4
120,2014-10-29,527249717005008896,"reports @mercnews ""Union mail pieces misrepresent Liccardos positions on issues."" Read the piece http://t.co/pBc0h35cCS and #checkthefacts",138,7,2,1,1,1,0,3199,3
121,2014-10-29,527249864862625792, Great @mercnews editorial | Misleading anti-@sliccardo campaign all union backed http://t.co/UOEFuHLmVo @DaveCortese all ne,124,2,0,0,1,4,0,3199,5
122,2014-10-29,527249967736291329,@matt_storms Thanks for all of your support!,44,0,0,0,0,1,0,3199,1
123,2014-10-29,527249985482412032, @sliccardo I just voted for you Sam on my ballot. In the mail.,63,3,0,0,0,2,0,3199,2
124,2014-10-29,527250362130894848," The fear mongering campaign ads for @corteseformayor are disgusting &amp; IMO, untrue. San Jose, vote for @sliccardo",117,1,0,0,0,3,0,3199,3
125,2014-10-29,527261262451703808,"today's @mercnews: ""Liccardo is an optimist who is realistic about budget challenges and does not pander."" http://t.co/pBc0h35cCS #sjmayor",138,5,3,1,1,1,0,3199,3
126,2014-10-29,527297621258297345,@rsingh631 Thank you! I appreciate all of your family's support!,64,0,0,0,0,1,0,3199,1
127,2014-10-29,527297645723648000," @sliccardo Hello Sam, my whole family and some friends voted for you by absentee ballot. Good luck to you. Dr Rameshwar Sing",125,2,0,0,0,2,0,3199,2
128,2014-10-29,527310145987313664,@matt_storms thanks Matt!,25,0,0,0,0,1,0,3199,1
129,2014-10-29,527326511741665280,@Sandra_Hayden Thanks for voting!,33,0,0,0,0,1,0,3199,1
130,2014-10-29,527326540552347649, @matt_storms @sliccardo Me too!,32,1,0,0,0,3,0,3199,3
131,2014-10-29,527497855720640512, Tune into @945kbay this hour! Talking about a prettier #sanjose with Sam and @sliccardo!,89,2,0,1,0,3,0,3199,4
132,2014-10-29,527554623876251648,FACT CHECK: SJ lost 323 officers before Measure B because pension costs forced out other priorities. #checkthefacts  http://t.co/yCFaXALkhx,139,7,0,1,1,0,0,3199,2
133,2014-10-29,527569996416040961, .@SLiccardo will keep us safe by managing our City's checkbook responsibly for years to come! #LiccardoForMayor https://t,122,4,0,1,1,2,0,3199,4
134,2014-10-29,527570083808559104, Chris w/ @sliccardo: interview w/ Sam Van Zandt about SJ Gateways project. Airs Sunday 6-7AM on @945kbay &amp; @Mix1065 ht,123,2,0,0,1,4,0,3199,5
135,2014-10-29,527606936985149440," @sliccardo Visiting @945kbay @Mix1065 this morning and picking up votes while he was there! Vote for Sam, best choice ",119,4,0,0,0,4,1,3199,4
136,2014-10-29,527610417380470785,Grateful for the endorsement of the De Anza Community College students' newspaper @LaVozWeekly #SJmayor http://t.co/JvUUcMyr3I,126,6,7,1,0,1,1,3199,2
137,2014-10-30,527936132504227842, @sliccardo Hand delivering ours.,33,1,0,0,0,2,0,3199,2
138,2014-10-30,527973046406381568,"@rsingh631 Thank you,  Dr.  Singh, for your support!",52,0,0,0,0,1,0,3199,1
139,2014-10-30,527860101206388736, Chris w/ @sliccardo: interview w/ Sam Van Zandt about SJ Gateways project. Airs Sunday 6-7AM on @945kbay &amp; @Mix1065 ht,123,1,0,0,1,4,0,3199,5
140,2014-10-30,527860774572539906,#throwbackthursday to this picture of my dad and I from when I was in high school #tbt #TBThursday http://t.co/CdeVY1CmvV,121,0,2,3,0,0,1,3199,3
141,2014-10-30,527862403585699840,Today is the last day to mail in your ballot and be sure it arrives by Election Day so remember to vote! http://t.co/wCDuHrX4lv,127,1,1,0,0,0,1,3199,0
142,2014-10-30,527915176969138177,Have a question about the truth behind all that mail? Check the facts and get the answers! http://t.co/QHzrs5OwHN #sjmayor #checkthefacts,137,3,0,2,1,0,0,3199,3
143,2014-10-31,528288046157156352,"If you haven't had lunch yet, please be sure to try @CafePom in downtown #SanJose across from @SJSU! I've been going for years and love it!",139,0,2,1,0,2,0,3199,3
144,2014-10-31,527973282864439296, The better half (@MicheleWymer) on @sliccardo for San Jose Mayor 2014 via @CarlGuardino's #soundcloud http://t.co/Hywx8d8zOO,125,6,0,1,1,4,0,3199,6
145,2014-10-31,528201902786641920,"@MicheleWymer @stevewymer @CarlGuardino Thank you, Michele and Steve, for your incredible support!",98,0,0,0,0,3,0,3199,3
146,2014-10-31,528202662475759616,"@aprilmerlasPR Free!  I work for the public,  April.  Please call Maggie at 408-535-4903,  and she can arrange...",113,0,1,0,0,1,0,3199,1
147,2014-10-31,528223804162465792, Thanks! So proud to be behind Sam!! @stevewymer @sliccardo @CarlGuardino,73,1,0,0,0,4,0,3199,4
148,2014-10-31,528279216501301248,What's been happening with the County's budget under Cortese's watch? Check the fact #checkthefacts #sjmayor http://t.co/dNMUh6l8qy,131,3,0,2,1,0,0,3199,3
149,2014-10-31,528311001892937728,We're knocking on doors &amp; making calls every day until Election Day. Contact us today to sign up to volunteer! http://t.co/qMVX8oexH6,137,1,1,0,1,0,0,3199,1
150,2014-10-31,528326656742539265,Sam Liccardo has been endorsed by 4 San Jos mayors. They trust Sam to move San Jose forward.  #sjmayor  http://t.co/cORRiL5Aa2,126,5,2,1,1,0,0,3199,2
151,2014-10-31,528333581605556224,It's now or never! Join us for one last #GOTV weekend!We're talking to voters all day at 10am! See you soon! #sjmayor http://t.co/K98aYW0lx0,140,0,1,2,0,0,1,3199,2
152,2014-11-01,528640245198123009,Liccardo is the clear and only choice for mayor of San Jose. San Jose Metro/San Jose Inside #sjmayor http://t.co/6qMAdiFLj3,123,7,10,1,1,0,0,3199,2
153,2014-11-01,528612828803264512,Off to a great start! We've got our coffee &amp; breakfast &amp; we're ready to #GOTV for #LiccardoforMayor!Join us! #SJMayor http://t.co/WFZnsQKa7u,148,3,2,3,0,0,1,3199,3
154,2014-11-01,528610738357940224, Chris w/ @sliccardo: interview w/ Sam Van Zandt about SJ Gateways project. Airs Sunday 6-7AM on @945kbay &amp; @Mix1065 ht,123,1,0,0,1,4,0,3199,5
155,2014-11-01,528585210992922624, @sliccardo a little rain can't stop us from getting the vote out! Vote Sam for Mayor! http://t.co/19i5TUjfLh,109,1,0,0,0,2,1,3199,2
156,2014-11-01,528585191514595330, @sliccardo Good luck Sam! You are almost there!,48,2,0,0,0,2,0,3199,2
157,2014-11-02,528987096225021952,If you support #LiccardoforMayor and #MovingSanJoseForward join us TODAY for the final #GOTV weekend at 2pm! #SJMayor http://t.co/UMSKu1vWgA,140,3,3,4,0,0,1,3199,4
158,2014-11-02,528999774377107457, I #StandwithSam. Vote for @sliccardo #SanJose,46,2,0,2,0,2,0,3199,4
159,2014-11-02,529026268407148544, I #StandWithSam @sliccardo for San Jose Mayor: Federal Prosecutor &amp; Deputy District Attorney with proven experience fight,126,3,0,1,0,2,0,3199,3
160,2014-11-02,529026302230028289, I #StandWithSam @sliccardo for Mayor because he Co-led the BART to San Jose Campaign when others stood on the sidelines. ,122,1,0,1,0,2,0,3199,3
161,2014-11-02,529026326171095040, I #StandWithSam @sliccardo for Mayor because he fought to bring the BART extension to Alum Rock &amp; the East Side.,117,2,0,1,0,2,0,3199,3
162,2014-11-02,528985659373924353, @sliccardo I got your back on Tuesday. Good Luck,49,2,0,0,0,2,0,3199,2
163,2014-11-03,529414466677399552,@jenna_elisa Thanks Jenna! Let's go get 'em!,44,1,1,0,0,1,0,3199,1
164,2014-11-03,529415303608823808,"@gatteylaw Thanks for the support, Scott!",41,0,0,0,0,1,0,3199,1
165,2014-11-03,529415330544615424," My long time friend @sliccardo is closing in on the mayorship of San Jose.  He's honest, he's smart, and he works really har",125,1,0,0,0,2,0,3199,2
166,2014-11-03,529349830729289729,"A big thank you from Jessica &amp; me to the vols who have given this campaign their time, energy, &amp; heart! Let's #GOTV! http://t.co/L2bCQlhIaW",147,1,3,1,0,0,1,3199,1
167,2014-11-03,529339965600452609," SJ mayor candidate @sliccardo on city workforce, housing, tech growth

http://t.co/4MOF2KVd9q http://t.co/n2QMVFWEAQ",117,4,0,0,1,2,1,3199,3
168,2014-11-03,529339932868100096, @CarlGuardino @sliccardo Sam is good 4 SJ. Please vote 4 him,61,3,0,0,0,3,0,3199,3
169,2014-11-03,529339740043374592," San Jose Mayor: #Vote 4 @sliccardo, he has a clearly stated, well thought out &amp; sustainable plan for our city. #StandWithSam",129,3,0,2,0,2,0,3199,4
170,2014-11-03,529100724391538688," My long time friend @sliccardo is closing in on the mayorship of San Jose.  He's honest, he's smart, and he works reall",120,6,0,0,0,2,0,3199,2
171,2014-11-03,529414506296782849, I'm #standingwithsam on Election Day tomorrow! get out and vote!!!  #liccardoformayor @sliccardo http://t.co/Plp83lGNsU,120,4,0,2,0,2,1,3199,4
172,2014-11-04,529718510943879168,Sam and Jessica have voted - have you? Polls are open until 8pm. Find your polling place here: http://t.co/Z2g136HoVr http://t.co/2zSKtkPD4g,140,5,6,0,1,0,1,3199,1
173,2014-11-04,529749536101916672, I voted today for @sliccardo #vote,35,3,0,1,0,2,0,3199,3
174,2014-11-04,529749603026223104," Yes on CA 1, 2, 45, &amp; 47; No on CA 46 &amp; 48; @sliccardo for #SJmayor; @RoKhannaUSA for #CA17",100,1,0,2,0,3,0,3199,5
175,2014-11-04,529749621669896192, @sliccardo Good Luck! Dan and I are looking forward to the results!,68,1,0,0,0,2,0,3199,2
176,2014-11-04,529765740316864513, @sliccardo is the mayor San Jose needs. #SJMayor,49,3,0,1,0,2,0,3199,3
177,2014-11-04,529749639420186624," @sliccardo Are you nervous for the outcome? What does a hopeful Mayor do on election day, other than vote? #Yougotmyvote",121,1,0,1,0,2,0,3199,3
178,2014-11-04,529783943369748481, Leadership is based on havng vision &amp; then accomplishng it @sliccardo has shown that leadership &amp; will keep fighting 4 citiz,133,3,0,1,0,2,0,3199,3
179,2014-11-04,529765759480643584, @sliccardo I voted for Sam!,28,2,0,0,0,2,0,3199,2
180,2014-11-04,529423636763901953,"Charlie finished calling voters. It's time for his walk, can you fill in? Call us at 408-627-7343! #SJMayor http://t.co/gMiMe2FKRU",130,2,1,1,0,0,1,3199,1
181,2014-11-04,529469078235131905," If Maya had thumbs, she'd vote for @sliccardo too! #SJMayor http://t.co/4qg2xP1it8",83,6,0,1,0,2,1,3199,3
182,2014-11-04,529522909023174656,@YapperGirlSays thanks Suzanne! You rock!,41,0,1,0,0,1,0,3199,1
183,2014-11-04,529523118578995200,@RebeccaAnCampos thank you Rebecca and for all your help in our efforts!,72,0,0,0,0,1,0,3199,1
184,2014-11-04,529523126527221760," This election eve I Stand w/ Sam! Sam &amp; his staff prove that the best &amp; brightest go into politics, no easy feat. Vote",127,1,0,0,0,2,0,3199,2
185,2014-11-04,529523143405105152, I #StandWithSam @sliccardo for Mayor because he knows how to lead responsibly. put people first and create a more self-,120,2,0,2,0,2,0,3199,4
186,2014-11-04,529523254835159040,@kpromes408 thanks Kyle! #gobells!,34,0,0,1,0,1,0,3199,2
187,2014-11-04,529523265216077825," If you live in San Jose, go vote for Sam Liccardo for Mayor. There's no better man for the job. Go Bells! @sliccardo",117,2,0,0,0,2,0,3199,2
188,2014-11-04,529523569680592896, @sliccardo good luck to your whole team tomorrow! My team is routing for you :),80,2,0,0,0,2,0,3199,2
189,2014-11-04,529523659669393408,@MichaelLombardo @ReadingPartners proud to have your support Michael!,69,0,0,0,0,2,0,3199,2
190,2014-11-04,529523666883604480," Seeing @sliccardo volunteer with @ReadingPartners, I have witnessed firsthand his dedication to kids in #SanJose.  I'm",119,2,0,1,0,3,0,3199,4
191,2014-11-04,529527167739510784,@PegWard Thanks Peggy for your support!,39,0,0,0,0,1,0,3199,1
192,2014-11-04,529527182046281728, Best of luck to a good guy who was a couple of years ahead of me in law school. Hope @sliccardo has the opportunity to serve S,127,2,0,0,0,2,0,3199,2
193,2014-11-04,529649479071584256, @sliccardo I voted Sam because he is a man of his word and always goes the extra.  San Jose is in good hands with you!  #V,123,4,0,2,0,2,0,3199,4
194,2014-11-04,529649665936220161," @sliccardo, was an honor and privilege to vote for you today! You'll be a great leader who guides our http://t.co/zdtOSRlQ",123,2,0,0,1,2,0,3199,3
195,2014-11-04,529649711255666688, @InterludeVideo @sliccardo,27,3,0,0,0,3,0,3199,3
196,2014-11-04,529673553335955456,Polls are now open! Find your polling place here and don't forget to vote for Sam! http://t.co/Z2g136HoVr http://t.co/42zSRQdwmH,128,11,5,0,1,0,1,3199,1
197,2014-11-04,529691289336311808, @sliccardo. Today is THE day! pleave vote for SAM! Article: Mercury News editorial: Sam Liccardo for San Jose mayor ht,119,2,0,0,1,2,0,3199,3
198,2014-11-04,529691314271449088, Sam Liccardo for Mayor of San Jose! @sliccardo #vote #voteordie #vote2014 #sanjose #samliccardo http://t.co/fcplYgSHkh,119,6,0,5,0,2,1,3199,7
