,date,tweet_id,tweet_text,tweet_length,retweet_count,favorite_count,hashtag_count,url_count,user_mentions,media_count,follower_count,total_entities
0,2014-10-13,521693794572320770,Milk Bowl Legend: http://t.co/hBTcOfGNAF via @YouTube,53,0,0,0,1,1,0,285,2
1,2014-10-14,522118242769203201,"Media Advisory: Education Plan to be Unveiled Tomorrow
http://t.co/QXiSmumMEs",77,2,0,0,1,0,0,285,1
2,2014-10-15,522433865172807680,@MilneForVT Unveils Education &amp; Business Plan; Proposes Universal Education Through College http://t.co/qAAx36QFVu  #vt #vtpoli,131,3,0,2,1,1,0,285,4
3,2014-10-21,524656869395025921,Watch the new TV ad you'll see starting tomorrow http://t.co/oGubiBOkjz #vtpoli,79,0,0,1,1,0,0,285,2
4,2014-10-28,527193210255179776,"Watch the new TV ad, ""Because I Care"" airing on a station near you.  http://t.co/jGQnhDkzSF #vtpoli  #vt",104,3,0,2,1,0,0,285,3
5,2014-10-28,527197625129648128,@KelseyC424 What can we help you with?,38,0,0,0,0,1,0,285,1
6,2014-10-31,528185181883334656,I'm voting #PhillSCOTTMilne @PhilScottVT @MilneForVT #vtpoli #vt,64,2,3,3,0,2,0,285,5
7,2014-11-01,528607805733752832,"""As good a governor as he is a son"" #vtpoli #vt http://t.co/9TFoXBrkC6",70,2,1,2,1,0,0,285,3
