,date,tweet_id,tweet_text,tweet_length,retweet_count,favorite_count,hashtag_count,url_count,user_mentions,media_count,follower_count,total_entities
0,2014-10-05,518570462222487552,"The Made in #Alaska Program reached a record high with 1,209 permits issued. http://t.co/jUTzBlyhAs",99,3,2,1,1,0,0,6196,2
1,2014-10-07,519280333234008065,"Congratulations to Bernadette Adams, who made #Alaska history as possibly the first woman in #Barrow to take a whale.http://t.co/pAuQFnIaHs",139,3,2,2,1,0,0,6196,3
2,2014-10-07,519599975659880448,The State Labor and Commerce  Committee is hearing testimony on the Patient Protection and Affordable Care Act.,111,0,0,0,0,0,0,6196,0
3,2014-10-07,519600653874655232,"Olson: We were told If you like your doctor, you can keep your doctor. If you like your health care plan, you can keep your health care plan",140,0,0,0,0,0,0,6196,0
4,2014-10-07,519601744121040897,"Lori Wing-Heier, Div. of Insurance: In 2013, people were shocked with the notices of cancellations.",99,0,0,0,0,0,0,6196,0
5,2014-10-07,519602175010299905,"Division of Insurance: We feel we impacted about 5,000 Alaskan and allowed them to stay out of an ACA plan.",107,0,0,0,0,0,0,6196,0
6,2014-10-07,519602449762373633,"Division of Insurance: We have to comply with the ACA. We are a small market. 28-29,000 people enrolled in the individual market.",129,0,0,0,0,0,0,6196,0
7,2014-10-07,519602673167769600,Division of Insurance: There is not enough in the pool to spread the cost in the plans we have seen.,100,0,0,0,0,0,0,6196,0
8,2014-10-07,519602936121262080,"Division of Insurance: If we added in everyone who would enroll, the total number would be 30,000.",98,0,0,0,0,0,0,6196,0
9,2014-10-07,519603205794066434,"Division of Insurance: We are a small market, and there is nothing about the ACA that is going to change it.",108,0,0,0,0,0,0,6196,0
10,2014-10-07,519603698285039616,Division of Insurance: There is not a way to spread the cost over this pool of people in a way that would make this affordable.,127,0,0,0,0,0,0,6196,0
11,2014-10-07,519604364462153728,"Div of Insurance: On the FFM, which Alaska is a part of, its $12,890 per enrollee, just to access the web site and process the application.",139,0,0,0,0,0,0,6196,0
12,2014-10-07,519608339588595716,Division of Insurance The cost is astronomical for these exchanges.,67,0,0,0,0,0,0,6196,0
13,2014-10-07,519608407997702145,Division of Insurance: In Alaska we only have 8 insurers. Some states have up to 40 insurers.,93,0,0,0,0,0,0,6196,0
14,2014-10-07,519608458916556800,Division of Insurance: Premera and Moda are writing about 75 percent of the insurance plans.,92,0,0,0,0,0,0,6196,0
15,2014-10-07,519608547760275456,Division of insurance does not set premium rates. The insurers file their  rates and the division approves or disapproves.,122,0,0,0,0,0,0,6196,0
16,2014-10-07,519608688831520769,Division of Insurance: They cannot be excessive. They cannot be inadequate. They cannot unfairly discriminate.,110,0,0,0,0,0,0,6196,0
17,2014-10-07,519609038225424384,Div of Insurance: There was significant adverse loss experience in 2014. There were some sick individuals who were in need of health care.,138,0,0,0,0,0,0,6196,0
18,2014-10-07,519609097130225666,Division of Insurance: Insurers were paying out over $2.50 for claims for every dollar they were taking in.,107,0,0,0,0,0,0,6196,0
19,2014-10-07,519609242160877568,Division of Insurance: Nothing in this act is affordable.,57,0,0,0,0,0,0,6196,0
20,2014-10-07,519609311186526209,Division of Insurance: We are doing everything in our power to try and make it affordable.,90,0,0,0,0,0,0,6196,0
21,2014-10-07,519614274834952192,Premera: Paid $7 million in claims from just 33 members.  We expect to lose $4 million in the market in 2014.,109,1,0,0,0,0,0,6196,0
22,2014-10-07,519614455848501248,Premera : Theres a need to create a large enough pool to spread the costs.,74,1,0,0,0,0,0,6196,0
23,2014-10-07,519614795243204608,Premera: Even if all of the individual market was in one pool the market in Alaska is too small to adequately spread the risk.,126,1,1,0,0,0,0,6196,0
24,2014-10-09,520093500323266561,Enjoyed being with the cowbell crew tonight at the @AlaskaAces game honoring cancer survivors and those we've lost. http://t.co/3Osq3BRyix,138,1,3,0,0,1,1,6196,1
25,2014-10-10,520368513366519808,I enjoyed highlighting our growth in tourism with the Alaska Travel Industry Association in #Fairbanks. http://t.co/eFzt0ONRvJ,126,0,1,1,0,0,1,6196,1
26,2014-10-11,521016230505758720,Great to be in #Petersburg for the ANB &amp; ANS Grand Camp Convention and for a #Petersburg Chamber townhall meeting. http://t.co/b9zuAiCULz,141,2,1,2,0,0,1,6196,2
27,2014-10-11,520806556854521857,Such inspiring stories from the students at Alaska Christian College this evening. http://t.co/ktGjpYModc,105,2,1,0,0,0,1,6196,0
28,2014-10-13,521750925401006080,"We are proud of #Alaska Forester Chris Maisch, who was honored for his work as president of the National Association of State Foresters.",136,3,3,1,0,0,0,6196,1
29,2014-10-14,522157134587248640,Always great to spend time in #Fairbanks at HIPOW. Enjoyed having time to catch up with so many good friends. http://t.co/Su1rawIpzW,132,1,3,1,0,0,1,6196,1
30,2014-10-16,522541156735807490,Get the whole story on reforms taking place in the @aknationalguard. Watch this video highlighting the steps taken http://t.co/AX7Ple4DvA,137,1,2,0,1,1,0,6196,2
31,2014-10-16,522886012528119809,The Alaska LNG Project is in full swing on the Kenai Pen; check out this report on the historic progress being made. http://t.co/fgFs4t9ezD,139,3,1,0,1,0,0,6196,1
32,2014-10-17,523166054898335745, We're partnering with @AKgovParnell &amp; Central Council to help prepare Alaskans for careers in IT. Learn more: http://t.c,125,1,0,0,1,2,0,6196,3
33,2014-10-17,522918284102864896,Watch my press conference on preparations and work under way to make Alaskans safer from an #Ebola outbreak. http://t.co/dg8t12S45o,131,3,0,1,1,0,0,6196,2
34,2014-10-20,524334304193544193,"My legislation continues to lower UI taxes on hard working Alaskans. In 2015, we will be paying 20% less in UI taxes. http://t.co/jVC5joY6H9",140,2,0,0,1,0,0,6196,1
35,2014-10-21,524704876803002368,"In September, #Alaska added 2,900 jobs  thats the largest increase per capita in the Nation. http://t.co/wz449diBLM",115,9,5,1,0,0,1,6196,1
36,2014-10-23,525081596135608320,Looking forward to speaking with AFN delegates and attendees tomorrow morning at 9:30 am. Watch live at: http://t.co/9GcNpdZkao,127,1,1,0,1,0,0,6196,1
37,2014-10-24,525451349173891072,"We rise as one, so from every walk of life, Alaskans succeed in their own ways, on their own terms. http://t.co/JueZ1chhzi",122,2,5,0,0,0,1,6196,0
38,2014-10-24,525718879209676801,"Have questions for my office, we will be holding open office hours at #AFN2014 in the exhibit hall. Stop by &amp; say hi http://t.co/MCx8DQ5g9h",143,2,2,1,0,0,1,6196,1
39,2014-10-24,525768789082664960,"Surrounded by hundreds of Native Language speakers, elders, and #AFN2014 attendees, I signed House Bill 216 into law. http://t.co/KAsi61Qrpd",140,4,2,1,1,0,0,6196,2
40,2014-10-26,526505428855697408,"Thank you to @SamaritansPurse &amp;  Franklin Graham for all the
good work they do in #Alaska. Great video about it here -http://t.co/OEBO2VLee5",144,1,1,1,1,1,0,6196,3
41,2014-10-26,526197262569861120,Thanks to @Seahawks QB @DangeRussWilson for taking a stand and bringing awareness to DV/SA. http://t.co/uyvyYwkXB0 #WNYPassThePeace,131,1,4,1,1,2,0,6196,4
42,2014-10-27,526870758379642880,I am proud of the great progress we have made to bring a record number of tourists and dollars to our great state. http://t.co/ZAlLkuEpFs,137,2,0,0,1,0,0,6196,1
43,2014-10-28,527231782714748928,"With my education bill we have gotten rid of unnecessary standardized tests, like the HS Graduation Qualifying exam. http://t.co/cB2w2QDLn4",139,1,0,0,0,0,1,6196,0
44,2014-10-31,528053218215866369,"Great to spend time with students at Mat-Su College, Palmer Rotarians, and Mat-Su Regional Medical Center. http://t.co/bbFweTNRfa",129,4,2,0,0,0,1,6196,0
45,2014-10-31,528321522826371072,I worked at First National Bank while in college. I enjoyed being back at the bank today - meeting with employees. http://t.co/HsXOUgxV6d,137,3,1,0,0,0,1,6196,0
46,2014-11-01,528420764458840064,Thanks to all of the trick-or-treaters who stopped by the Governors House tonight. http://t.co/r0NJsn5YSM,105,1,1,0,0,0,1,6196,0
47,2014-11-02,528705899569770496,"#Alaska has an AAA bond rating, the highest available, thanks to the efforts of my administration.",98,1,3,1,0,0,0,6196,1
48,2014-11-04,529498352824496129,This is our march: w/ my administration we have the strongest domestic violence &amp; sexual assault laws in AK history http://t.co/TgP2xxwdRb,142,3,8,0,0,0,1,6196,0
49,2014-11-04,529436714356314112,"Since I became Governor, #Alaska is becoming safer, with more Troopers and Village Public Safety Officers. http://t.co/sf5oUT9L14",129,4,3,1,0,0,1,6196,1
50,2014-11-04,529725946648342528,Graduation rates are rising and job skills growing due to education reforms I championed. http://t.co/xKDTqhMOMR,112,1,1,0,0,0,1,6196,0
