,date,tweet_id,tweet_text,tweet_length,retweet_count,favorite_count,hashtag_count,url_count,user_mentions,media_count,follower_count,total_entities
0,2014-10-15,522186706238570496,@SFERHarvard my pleasure.  Had a great time!  Keep pushing for change!,70,0,1,0,0,1,0,2282,1
1,2014-10-15,522186871666118656,@SFERasu thanks for having me!  Always reenergized when around our young people!,80,0,0,0,0,1,0,2282,1
2,2014-10-15,522185911438962688, It's always great to get a shot of energy from awesome students and people!Thanks @SFERnational @SFERminn @shavarjeffries @m,125,3,0,0,0,5,0,2282,5
3,2014-10-26,526187496166916099," Today, accentuate the positive instead of reinforcing the negative. Speak life and watch the universe adjust! #creationisw",123,9,0,2,0,1,0,2282,3
4,2014-10-26,526188013869891584,@macsburgershack Sounds like a great idea.  Will check it out.,62,1,1,0,0,1,0,2282,1
5,2014-11-02,528949757847146500,@MarkesseJones I'm here my man.  Let me know if you need me.,60,0,0,0,0,1,0,2282,1
6,2014-11-03,529268068753899520,@MikeWalrond @FCBC_NYC We're so blessed to have you back. God is the ultimate healer!,85,0,0,0,0,2,0,2282,2
