,date,tweet_id,tweet_text,tweet_length,retweet_count,favorite_count,hashtag_count,url_count,user_mentions,media_count,follower_count,total_entities
0,2014-10-06,519230937549520896,"In #SiouxFalls metro area and need a yard sign? Get one at the campaign headquarters at 21st Street and Minnesota Avenue, second floor!",135,1,0,1,0,0,0,1056,1
1,2014-10-06,519208001542959105,Thank you to the Downtown #SiouxFalls Rotary for hosting Susan and @SusyBlakeSD this afternoon! #SDGov http://t.co/uoaU62EdRP,125,3,1,2,0,1,1,1056,3
2,2014-10-08,519972115819139072,Susan believes accessing quality health care is something all South Dakotans deserve. #StandWithSusan http://t.co/hXnKjFUlgR,124,6,5,1,0,0,1,1056,1
3,2014-10-09,520344661333139456,I had a great time meeting with #Vermillion Mayor Jack Powell this evening at the candidate's reception! #SDGov http://t.co/3TxXJLcJPd,134,5,1,2,0,0,1,1056,2
4,2014-10-09,520357450390978560,Tonight. 8:00 PM. @SoDakPB. Tune in! #SDGov @SoDakDems http://t.co/FQ2htLsQQS,77,3,0,1,0,2,1,1056,3
5,2014-10-09,520345473195188224, Having a great time meeting with supporters in #Vermillion this evening before the @SoDakPB #SDGov debate! http://t.co/h6C,123,3,0,2,0,2,1,1056,4
6,2014-10-09,520318470958108672,Grab a friend and #earlyvote today! Visit http://t.co/uqpRpXsWu7 and learn how you can vote before election day! #SDGov #SDPolitics,131,1,0,3,1,0,0,1056,4
7,2014-10-09,520340506241671169,Susan's @SoDakPB debate is tonight at 7:00 PM! Tune in to hear from Susan as she stands with all #SouthDakota residents! Spread the word!,137,3,0,1,0,1,0,1056,2
8,2014-10-10,520374382011486208, In 20 minutes on SDPB: #SouthDakota Governor's Debate. SDPB-TV &amp; http://t.co/c6yLPJ1r7B Follow the conversation: #sdgov &amp; #ele,135,8,0,3,1,1,0,1056,5
9,2014-10-10,520370904094609410,"Are you tuning in? The @SoDakPB debate starts in less than 30 minutes! Spread the word, and #StandWithSusan for #SDGov!",119,1,0,2,0,1,0,1056,3
10,2014-10-10,520381941338492928,We are passing up $5 Million a week with the current administration not expanding #Medicaid in #SouthDakota. #SDGov #Elections2014,130,10,2,4,0,0,0,1056,4
11,2014-10-10,520383040732680193,Our nursing homes have suffered six figure operating losses during this governor's term in office. We've even lost nursing homes. #SDGov,136,5,1,1,0,0,0,1056,1
12,2014-10-10,520384543354671104,"If we expanded #Medicaid, we would take a step to allow our healthcare system to provide services efficiently. #SDGov #Elections2014",132,5,2,3,0,0,0,1056,3
13,2014-10-10,520385442928025601,I find it immoral that we take federal money for anything but healthcare and #Medicaid expansion. Let's fix this. #SDGov #Elections2014,135,10,5,3,0,0,0,1056,3
14,2014-10-10,520385952485629952,Voters turned down the current administration's economic development plan years ago. It's time for a new direction. #SDGov #Elections2014,137,8,4,2,0,0,0,1056,2
15,2014-10-10,520387485042364416,#EB5 is an example of what happens when state government is under one party control for over 40 years. #SDGov #Elections2014,124,5,3,3,0,0,0,1056,3
16,2014-10-10,520390045002248192,We need to be careful with our money when dealing with natural disasters and preparing for potential future ones. #SDGov #Elections2014,135,4,0,2,0,0,0,1056,2
17,2014-10-10,520390891408613376,No longer can we allow the current administration to gerrymander #SouthDakota citizens. I'm ready to bring transparency to Pierre. #SDGov,137,8,2,2,0,0,0,1056,2
18,2014-10-10,520391532403122176,"I'm tired of being told ""it could be worse."" We're better than that in #SouthDakota. #SDGov #Elections2014",106,9,7,3,0,0,0,1056,3
19,2014-10-10,520392406366031872,"In tonight's debate, the winner was clear. #SDGov #Elections2014 http://t.co/T57YmHVIb2",87,12,7,2,0,0,1,1056,2
20,2014-10-10,520402308283518976,Thanks to @SD_Newspapers and @AARPSD for sponsoring tonight's @SoDakPB @SDPBNews #SDGov debate in Vermillion!,109,4,4,1,0,4,0,1056,5
21,2014-10-10,520592428042960897,I'm proud to stand with the thousands of #SouthDakota #MinimumWage workers who deserve a raise this November. #SDGov http://t.co/Rbhb36Gove,139,24,10,3,0,0,1,1056,3
22,2014-10-10,520680537242226689,Grab a friend and #earlyvote today! Visit http://t.co/Ny6rRSSIHJ and learn how you can vote before election day! #SDGov #SDPolitics,131,16,5,3,1,0,0,1056,4
23,2014-10-10,520688741644382208,I'm just a few 'likes' away from my next goal on Facebook! Stay connected with me on social media! #SDGov https://t.co/VEZyrRRDA2,129,4,2,1,1,0,0,1056,2
24,2014-10-10,520701518719094784,It is time we value our teachers in this great state who are preparing #SouthDakota's next generation. #SDGov http://t.co/O1hQfzYt1Y,132,37,16,2,0,0,1,1056,2
25,2014-10-10,520375112093032448,#StandWithSusan and watch tonight's @SoDakPB LIVE debate online here: http://t.co/rwBs3ubrC4 #SDGov #SouthDakota http://t.co/ljD0H0VnLF,135,5,0,3,1,1,1,1056,5
26,2014-10-10,520379791678001152,I'm running for #SDGov for the people of #SouthDakota that aren't being represented in Pierre today. #Elections2014,115,10,3,3,0,0,0,1056,3
27,2014-10-10,520380939906457600,"We need to respect our educators and make education a priority in #SouthDakota, unlike the current administration. #SDGov #Elections2014",136,13,10,3,0,0,0,1056,3
28,2014-10-10,520381358527365120,"We have millions of dollars in the bank. If we were truly concerned about #education, we would prioritize education over money in the bank.",139,11,4,1,0,0,0,1056,1
29,2014-10-11,520729234294063104,"Big things are happening in #SouthDakota #Politics, and people need to know! Help Susan reach 600 followers by morning! #SDGov #SDPolitics",138,15,7,4,0,0,0,1056,4
30,2014-10-11,520771022216503296,Make sure your friends and family are registered to vote today! Visit http://t.co/CGVfjGaScD to make sure your voice is heard! #SDGov,133,13,4,1,1,0,0,1056,2
31,2014-10-11,521072935348756482,Make sure your friends and family are registered to vote today! Visit http://t.co/CGVfjGaScD to make sure your voice is heard! #SDGov,133,4,0,1,1,0,0,1056,2
32,2014-10-11,520996122945662977,It's time we have a Governor who makes quality and affordable #education a priority in #SouthDakota. #SDGov http://t.co/wWpeV0LYqu,130,9,5,3,0,0,1,1056,3
33,2014-10-12,521431669216387072,Help me reach my next goal on Facebook! Stay connected with me on social media by 'liking' us for updates!  #SDGov https://t.co/VEZyrRRDA2,138,3,0,1,1,0,0,1056,2
34,2014-10-12,521405268773851137,Take a break from football this Sunday and visit http://t.co/CGVfjGaScD to make sure your voice is heard in this upcoming election!,131,1,0,0,1,0,0,1056,1
35,2014-10-13,521727639598280704,I'm tired of an administration that refuses to treat #SouthDakota citizens equally. It's time for #equality. #SDGov http://t.co/spUDDQo9OB,138,18,22,3,0,0,1,1056,3
36,2014-10-13,521775152904683520,Are you registered to vote in #SouthDakota? Find out how you can register now and vote today: http://t.co/yaNGSRa5jx http://t.co/VkpOsfivRO,139,4,0,1,1,0,1,1056,2
37,2014-10-13,521684554428715008,Grab a friend and #earlyvote today! Visit http://t.co/Ny6rRSSIHJ and learn how you can vote before election day! #SDGov #SDPolitics,131,3,1,3,1,0,0,1056,4
38,2014-10-13,521699662521434112,Are you registered to vote? Two more days to make sure you are! Visit http://t.co/CGVfjGaScD to make sure your voice is heard!,126,0,0,0,1,0,0,1056,1
39,2014-10-14,522071327470284800,Susan is ready for Dakota Midday on SDPB Radio. Are you tuning in? #standwithsusan http://t.co/WcpA3RGc6x,105,4,2,1,0,0,1,1056,1
40,2014-10-14,522055053788868608,"One more day to #RegisterToVote! Visit http://t.co/CGVfjGaScD to make sure your voice is heard, #SouthDakota!",109,0,1,2,1,0,0,1056,3
41,2014-10-14,522100145320898560,Grab a friend and #earlyvote today! Visit http://t.co/Ny6rRSSIHJ and learn how you can vote before election day! #SDGov #SDPolitics,131,4,1,3,1,0,0,1056,4
42,2014-10-14,522073472714174464," Education priority, adjusting for inflation, and equality? Sounds good to me! @SusanForSD",90,4,0,0,0,2,0,1056,2
43,2014-10-14,522073352815775745," .@People4Weiland, @SusanForSD, and @SusyBlakeSD showed their support for the LGBT community and their rights. http://t.co/v5",125,5,0,1,1,4,0,1056,6
44,2014-10-15,522482824478478336,"Join me on @argusleader's #100Eyes starting at 3:30 p.m. Watch and ask questions here: 
http://t.co/sJuP9rA2lo #SDGov",117,2,1,2,1,1,0,1056,4
45,2014-10-16,522551281798639617,Join me for a rally tomorrow in Aberdeen with leaders from across the Dakotas! http://t.co/qZDSCer6IC #SDGov http://t.co/NC58bNemxJ,131,15,5,1,1,0,1,1056,2
46,2014-10-16,522809969499189248,Headed to lunch? Stop by and #EarlyVote today for Susan! Visit http://t.co/Ny6rRSSIHJ and see how you can vote right now! #SDGov #SDPolitics,140,2,0,3,1,0,0,1056,4
47,2014-10-16,522864052393881601,#SouthDakota #women deserve an advocate in the Governor's office. It's time we take action. #SDGov http://t.co/GtJXBFMRnT,121,4,5,3,0,0,1,1056,3
48,2014-10-20,524221251418468352,Today is the LAST day to #RegisterToVote in #SouthDakota! Make your voice heard! http://t.co/yaNGSRa5jx #SDGov http://t.co/VdIMbeLAmS,133,10,1,3,1,0,1,1056,4
49,2014-10-20,524334112929091584,Did you hear? #SouthDakota was ranked one of the worst states for women. It's time we treat #women equally. #SDGov http://t.co/sTTYcGQCE7,137,22,6,3,1,0,0,1056,4
50,2014-10-21,524613397422149633,It's time we treat #SouthDakota citizens equally. I'll be a proud advocate for Native Americans in Pierre. #SDGov http://t.co/pmh5ui1fhr,136,6,8,2,0,0,1,1056,2
51,2014-10-22,525008188861452290,#StandWithSusan on tonight's #SDGov Forum on KELO-TV at 8:00 PM! Watch LIVE online here: http://t.co/LDboHlx5ix http://t.co/uA5nIFylH7,134,5,2,2,1,0,1,1056,3
52,2014-10-22,524723067784667136,#StandWithSusan in tomorrow's Gubernatorial Forum on KELO-TV starting at 8:00 PM CST! #SDGov #SouthDakota http://t.co/c7v8tu4D4d,128,8,3,3,0,0,1,1056,3
53,2014-10-22,524964502157029376,Running errands? Stop by and #EarlyVote today for Susan! Visit http://t.co/Ny6rRSSIHJ and see how you can vote right now! #SDGov #SDPolitics,140,4,2,3,1,0,0,1056,4
54,2014-10-22,525072051670122496,"Help me reach 1,000 followers by the time the #SDGov Forum starts tonight! We've got one hour! Spread the word! http://t.co/TLmletTjz2",134,5,1,1,1,0,0,1056,2
55,2014-10-23,525099957569593344,"We DO have copies of the legal bills on #EB5. Here we are, days before the election, still trying to put pieces together. #SouthDakota",134,5,3,2,0,0,0,1056,2
56,2014-10-23,525074683465854976,The #SDGov Candidate Forum starts in one hour! #StandWithSusan by watching LIVE on KELO-TV or on their livestream: http://t.co/LN4mJhVokh,137,2,2,2,1,0,0,1056,3
57,2014-10-23,525085545895297025,"The #SDGov Forum on KELO-TV starts in 15 minutes! Join the conversation, and #StandWithSusan on TV or online here: http://t.co/LN4mJhVokh",137,1,0,2,1,0,0,1056,3
58,2014-10-23,525089304096538624,The #SDGov Forum on KELO-TV is LIVE! It's time for a better #SouthDakota. #StandWithSusan on TV or online here: http://t.co/LN4mJhVokh,134,3,0,3,1,0,0,1056,4
59,2014-10-23,525089974111051776,"Just like competition is good for business, a competition of ideas would be good for state government. #SouthDakota needs balance. #SDGov",137,3,2,2,0,0,0,1056,2
60,2014-10-23,525090781179027456,"If we're expecting our schools do to good things, we need to be prepared to invest in them. Let's invest in #education. #SDGov #SouthDakota",139,11,4,3,0,0,0,1056,3
61,2014-10-23,525099103626072064,We need better oversight on outside contracts dealing with the Governor's office. It's time we hold leaders accountable. #SDGov #EB5,132,4,2,2,0,0,0,1056,2
62,2014-10-23,525101131370729472,#SouthDakota government needs to be more proactive in making sure that people who qualify for healthcare know they qualify. #SDGov,130,2,1,2,0,0,0,1056,2
63,2014-10-23,525107257370214400,"In tonight's debate, Susan presented the facts and showed her passion to work hard for our great state. #SDGov http://t.co/7PZ3Xz0kI9",133,3,3,1,0,0,1,1056,1
64,2014-10-23,525344547896033282,"With your help, we can make an impact in #SouthDakota, and have a state government that works for everyone! #SDGov http://t.co/cGI9njJ6Rl",137,2,2,2,1,0,0,1056,3
65,2014-10-23,525364630399778816,Join @SusyBlakeSD and me at @queencitybakery this Sunday in #SiouxFalls for an #SDGov fundraising event! http://t.co/5nrfn9OL9C,127,2,4,2,0,2,1,1056,4
66,2014-10-23,525392522756239362,Susan will be on Viewpoint University on KSOO today at 5:30p! Tune in to 1140 AM or listen live at http://t.co/qHW495jegs. #standwithsusan,138,1,0,1,1,0,0,1056,2
67,2014-10-24,525635956804960256,Susan is on the Greg Belfrage Show right now! Tune into AM 1320 or listen live online at http://t.co/uj4xV93GHa. http://t.co/gevaNwiSg4,135,1,0,0,1,0,1,1056,1
68,2014-10-26,526218239244644352,We are 10 days from #Election2014! Will you #StandWithSusan and vote blue in November 4th? http://t.co/VeRCO8hRrx,113,2,6,2,0,0,1,1056,2
69,2014-10-26,526496595898949632, I'm having a great time addressing supporters at Queen City Bakery in Sioux Falls! It's time to #StandWithSusan! http://t.,123,2,0,1,0,1,1,1056,2
70,2014-10-26,526497635478142976,"Great showing at @queencitybakery this afternoon with Susan and Susy! Nine days to go, let's get out the vote! #SDGov http://t.co/NCA5AJ2LDC",140,2,1,1,0,1,1,1056,2
71,2014-10-26,526505787363840001,Larry Lucas agrees! Susan IS the best choice to be South Dakota's next Governor! #SDGov #SDPolitics http://t.co/U6WayxOfRB,122,2,2,2,0,0,1,1056,2
72,2014-10-27,526781735770402816,We're EIGHT days away from #Election2014! Have you early voted yet? http://t.co/I412dbu4oS #SDGov http://t.co/DdUSpH3Mmb,120,1,0,2,1,0,1,1056,3
73,2014-10-27,526535735826870272,"Did you hear? We only have NINE days until Election Day in #SouthDakota, and every vote counts! #GOTV #SDGov http://t.co/LNc1B7y4kX",131,1,1,3,0,0,1,1056,3
74,2014-10-27,526549658743881728,"Susan is proud to serve in the legislature with so many, including Karen Soli. #SDGov #SDPolitics #SouthDakota http://t.co/I1hzbhOL9B",133,1,2,3,0,0,1,1056,3
75,2014-10-27,526831045509787650,"It's time to stand with those in #education in #SouthDakota, not pass the blame. #SDGov #SDPolitics http://t.co/JtbFSHVA90",122,2,0,4,0,0,1,1056,4
76,2014-10-28,526925888852480000,Did you see? Our newest television and online commercial is here! Check it out on our Facebook page: https://t.co/VEZyrRRDA2,124,2,1,0,1,0,0,1056,1
77,2014-10-29,527551514966241280, SD Governor candidate Susan Wismer and Lt. Governor candidate Susy Blake are BOTH @AugieAlumni. #AugieAdvantage #AugieVotes ,125,6,0,2,0,3,0,1056,5
78,2014-10-31,528250430371794944,Have you early voted yet? #SouthDakota #HiFromSD #SDGov http://t.co/zXn9DJVDJe,78,0,3,3,0,0,1,1056,3
79,2014-11-01,528674907094519808,We are only THREE days away from the election. Do you know where you vote on Tuesday? http://t.co/tv0eSntnCO #SDGov http://t.co/6qH9uIKDEZ,138,2,1,1,1,0,1,1056,2
80,2014-11-03,529274526216224768,Interviews with some Sioux Falls radio stations before kicking off another busy day of travel! #standwithsusan http://t.co/BT1NePjbi5,133,0,1,1,0,0,1,1056,1
81,2014-11-03,529418002358210560,#ElectionDay is tomorrow! Are you ready? Find your polling place here: http://t.co/XKTphYABjc #SDGov http://t.co/56Uusj5DRi,123,0,0,2,1,0,1,1056,3
82,2014-11-04,529696688210841600,Susy is working hard to get out the vote! Find your polling place here and RT! #SDGov http://t.co/XKTphYABjc http://t.co/4BBpAQwe70,131,2,0,1,1,0,1,1056,2
83,2014-11-04,529649566006517760, Just cast my vote for @People4Weiland and @SusanForSD in hopes of a brighter future my generation of South Dakotans #Roc,121,5,0,2,0,3,0,1056,5
84,2014-11-04,529712948684390400, I'm proud to have cast my vote for @SusanWismer @SusanForSD #vote #democracy #democrats,88,2,0,3,0,3,0,1056,6
85,2014-11-04,529649599758102528, 12Th voter today! Proud to have voted for @People4Weiland &amp; @SusanForSD #2014Elections #voteblue,101,3,0,2,0,3,0,1056,5
86,2014-11-04,529649641789210625, @People4Weiland @SusanForSD @AngeliaForSD received the colored ovals from me.  Let's make it happen,100,4,0,0,0,4,0,1056,4
87,2014-11-04,529649772311744512, I also supported an amazing and intelligent woman for SD Governor! @SusanForSD and Susy will do amazing in Pierre! #TURNOU,123,1,0,1,0,2,0,1056,3
88,2014-11-04,529712914865745920, I voted for @People4Weiland  and @SusanForSD because they will demand affordable healthcare for all! #augievotes #sdsen,120,6,0,2,0,3,0,1056,5
