,date,tweet_id,tweet_text,tweet_length,retweet_count,favorite_count,hashtag_count,url_count,user_mentions,media_count,follower_count,total_entities
0,2014-10-06,519170455333507072,Great #SusanaSaturday! Volunteers continue to work hard as Election Day gets closer.Volunteer: http://t.co/P5LqGU5x6D http://t.co/dFLINgbU4w,140,17,9,1,1,0,1,13495,2
1,2014-10-07,519532805156397056, Congrats to E. San Jose Elem. on the opening of their Live Positively Fitness Center! w/@Gov_Martinez @BodyByJake http://,122,3,0,0,0,3,1,13495,3
2,2014-10-11,521013405915049984, Mora County GOP calling for #OurGovernor in Las Vegas this morning! #nmpol #SusanaSaturday #nmgov http://t.co/pfSILoXxHm,121,10,0,4,0,0,1,13495,4
3,2014-10-11,521017625321959424, Great day to take out the bike and spread the word about #OurGovernor @Gov_Martinez ! #nmpol #SusanaSaturday http://t.co/,122,8,0,3,0,2,1,13495,5
4,2014-10-11,521021793621262337," The more I walk Carlsbad, the more Susana signs I see...love the support!! #nmpol #susanasaturday #nmgov http://t.co/xdffCkE",125,15,0,3,0,1,1,13495,4
5,2014-10-11,520745161706328065,#GoLobos http://t.co/6RLz8ORZol,31,3,5,1,0,0,1,13495,1
6,2014-10-18,523493904889675776,Early voting has begun! Find your closest voting location: http://t.co/7Kf7dhywCI http://t.co/xVrim1vkBe,104,9,4,0,2,0,0,13495,2
7,2014-10-18,523548889224597504, Cathy calling voters to remind them to early vote for @Gov_Martinez this #SusanaSaturday #nmpol #nmgov http://t.co/XZo3,120,4,0,3,0,2,1,13495,5
8,2014-10-18,523563979130822656, After speaking with @Gov_Martinez volunteers are ready for the next 17 days! #nmpol #SusanaSaturday http://t.co/UfcAlNijAU,123,3,0,2,0,2,1,13495,4
9,2014-10-18,523606115352059905,Its been a great day with supporters kicking off early voting. http://t.co/8OuezSynks,85,6,10,0,0,0,1,13495,0
10,2014-10-22,524747722524725249,It was great speaking to so many of my supporters tonight in our west side ABQ office. http://t.co/FweZoCWFaW,109,1,15,0,0,0,1,13495,0
11,2014-10-23,525417930281197568,"It was a pleasure having @MittRomney join me in NM today, &amp; meet so many of the supporters that make our state great. http://t.co/1NTpCvBr8V",144,18,19,0,0,1,1,13495,1
12,2014-10-23,525308226456154112,Have you voted early yet? Its easy  find your closest voting location here: http://t.co/I2k9ZGYFzv,98,5,2,0,1,0,0,13495,1
13,2014-10-24,525719137721782272,Great to be back in my hometown of Las Cruces! http://t.co/yOQeL6nVHW,69,1,4,0,0,0,1,13495,0
14,2014-10-25,526138302035148800, Packed house in Aztec! Showing tons of support for @Gov_Martinez #nmgov #nmpol http://t.co/SJeBzeHg3H,102,8,0,2,0,2,1,13495,4
15,2014-10-25,526117121131298816, Paula voted for #OurGovernor! #SusanaSaturday #nmpol #nmgov http://t.co/FjVJ1up7iX,83,5,0,4,0,0,1,13495,4
16,2014-10-25,526110030618435584, Young Vols in Valencia County reminding voters to vote early for @Gov_Martinez #nmpol #nmgov #SusanaSaturday http://t.c,120,10,0,3,0,2,1,13495,5
17,2014-10-27,526847034452885504," Excited to celebrate 450 new #Comcast jobs in Albuquerque with @Gov_Martinez, @OGary, and @JonBarela. http://t.co/p4S4qFUB8M",125,20,0,1,0,4,1,13495,5
18,2014-10-29,527607443237634048, @Gov_Martinez greets a fired up crowd of Rio Rancho voters! #SusanaCountry #nmpol #nmgov http://t.co/LjMi4DnpYM,112,7,0,3,0,2,1,13495,5
19,2014-10-29,527530120035459072,Day one of our bus tour has begun and our first stop in Los Alamos was a blast! Will I see you on the road? http://t.co/res2SeTpYz,130,4,11,0,0,0,1,13495,0
20,2014-10-30,527932841737211904,"Glad to have my good friend, Governor Christie, join me in Farmington on day two of our bus tour! http://t.co/GrgbACv37u",120,22,16,0,0,0,1,13495,0
21,2014-10-30,527845036596428800,"It was a great start to our bus tour yesterday in Los Alamos, and I look forward to the rest of our stops! http://t.co/MASgHsL2UY",129,13,14,0,0,0,1,13495,0
22,2014-10-31,528299152305029120,"Had the chance to hang out with Michelle in Taos-a 6th grader who reads at an 11th grade level! Keep it up, Michelle! http://t.co/e92HHUFevu",140,4,9,0,0,0,1,13495,0
23,2014-10-31,527977932195905536, We met some sweet girls in Gallup that came to give the Gov flowers  http://t.co/psIxvAeplM,92,2,0,0,0,1,1,13495,1
24,2014-11-01,528562168950583296,Today is the last day to vote early! Find your closest voting location: http://t.co/I2k9ZGYFzv  http://t.co/AxGYXV7Ngo,118,15,5,0,2,0,0,13495,2
25,2014-11-01,528636801414492160,"Great to speak to supporters in Socorro, making sure they get out to vote on this last day to vote early. http://t.co/VxnlmduOhf",128,8,4,0,0,0,1,13495,0
26,2014-11-02,528706145410879488,Big thanks to everyone who came out to the South Valley to cap off another great day of our bus tour! http://t.co/Xygj5FbzzX,124,6,6,0,0,0,1,13495,0
27,2014-11-03,529317200109133825,Join us on Election Night! RSVP Today: http://t.co/r8QLMxWoXS http://t.co/tgUauvXzdX,84,13,17,0,1,0,1,13495,1
28,2014-11-04,529724814261358592,REMINDER: Join us for our Election Night party tonight! RSVP Today: http://t.co/r8QLMxWoXS,90,8,7,0,1,0,0,13495,1
29,2014-11-04,529770108084707328,There is still time to vote before the polls close. Find your closest voting location and make time to cast your vote:http://t.co/I2k9ZGYFzv,140,13,10,0,1,0,0,13495,1
30,2014-11-04,529649362020732929,"Time to vote, NEW MEXICO! Find your closest voting location: http://t.co/I2k9ZGYFzv",83,15,13,0,1,0,0,13495,1
