,date,tweet_id,tweet_text,tweet_length,retweet_count,favorite_count,hashtag_count,url_count,user_mentions,media_count,follower_count,total_entities
0,2014-10-06,519200789756379136,Mrs. Branstad listens to school officials at the bullying prevention listening tour in Troy Mills #iagov http://t.co/SmxSlEj8Cj,127,2,3,1,0,0,1,13835,1
1,2014-10-07,519573426873176065,Photos from yesterdays bullying prevention tour stop in Troy Mills: http://t.co/bnuwU9cFM7  #iagov #iaedchat,108,0,1,2,1,0,0,13835,3
2,2014-10-07,519578381214445569,10 photos from todays bullying prevention listening tour stop in Marshalltown - http://t.co/8h2eQyabyQ #iagov #iaedchat,119,0,2,2,1,0,0,13835,3
3,2014-10-07,519450002209251329,"Via @KCRG - ""Branstad Listens in on Anti-Bullying Panel in Linn County"" 
http://t.co/0wB61mcHmx #iagov #iaedfuture #iaedfuture",126,1,1,3,1,1,0,13835,5
4,2014-10-07,519499917598130176, Branstad on hand as Coralville manufacturer cuts ribbon on new plant http://t.co/RnQyUg6hY4 http://t.co/UTKECcQtC9,115,1,0,0,1,1,1,13835,2
5,2014-10-07,519502519987601410,Have you signed up for the Healthiest State 1K Walk? More info here: http://t.co/q0fkfrhwhS @HealthiestIowa  #iagov,115,2,4,1,1,1,0,13835,3
6,2014-10-08,519888428574339072," ""Theres a can do attitude in Iowa. #RiseofRest"" - Governor Terry Branstad http://t.co/JOkruH90Nb #iagov",104,2,6,2,1,1,0,13835,4
7,2014-10-08,519888536300843008, Our ED @juliepsamuels joins Iowa Gov @TerryBranstad and @SteveCase talking startups in Des Moines. #riseofrest http://t.co/F,125,5,0,1,0,4,1,13835,5
8,2014-10-08,519888590084382720, @TerryBranstad here with @SteveCase discussing the influence of start-ups on Iowa's economy. #RiseAboveTheRest http://t,120,4,0,1,0,3,1,13835,4
9,2014-10-08,519894196128604160,We're ready for the @HealthiestIowa 1k walk at the Capitol! #iagov http://t.co/JpbkNOdz6a,89,1,2,1,0,1,1,13835,2
10,2014-10-08,519912569767608320, Amanda and Sophia ready to lead our Windsor Heights @HealthiestIowa walk. @HyVee http://t.co/IC38vaaPJI,104,2,0,0,0,3,1,13835,3
11,2014-10-08,519909078756118528, Great discussion with Gov @TerryBranstad on ensuring U.S. remains most entrepreneurial nation http://t.co/3Nd4yAdF7S,117,10,0,0,1,2,0,13835,3
12,2014-10-08,519836662117834755,Today is the @HealthiestIowa Healthiest State 1k Walk. It's not too late to join in! Details here: http://t.co/ZWY50kOyJJ #iagov,128,2,1,1,1,1,0,13835,3
13,2014-10-08,519839535719407616,"If you started with the first ""Start Somewhere Walk"" in 2011, this is the 4th annual walk. @chuckoburger  @HealthiestIowa  #iagov",129,1,1,1,0,2,0,13835,3
14,2014-10-08,519839608301838336," @TerryBranstad @HealthiestIowa I'm in, walking Jefferson Depot to the Greene County Community Center.  Third straight yea",122,2,0,0,0,3,0,13835,3
15,2014-10-08,519880521808355329,Gov. Branstad meets with @SteveCase at @gosocialmoney during @RiseOfRest tour! #iagov #RiseOfRest http://t.co/JpG0VkJuTq,120,6,5,2,0,3,1,13835,5
16,2014-10-08,519881969690480640,"Gov. Branstad and @SteveCase hear about the growth of @gosocialmoney, an Iowa startup company. #iagov #RiseOfRest http://t.co/IvGLGZHPbb",136,3,4,2,0,2,1,13835,4
17,2014-10-09,520212560407048192,"Branstad, Reynolds will announce an economic development project tomorrow #iagov http://t.co/PnIwpQr40b http://t.co/6nNyJ02oLY",126,2,1,1,1,0,1,13835,2
18,2014-10-09,520229892529459201,Iowa is ranked #4 in top places to live. We think its #1! #iagov #Iowa http://t.co/pUwLcdmDum,93,6,11,2,1,0,0,13835,3
19,2014-10-10,520610071282069505,From @1490KBUR: @MidAm_EnergyCo Chooses Wind Power and Siemens Again http://t.co/ec0lzAi0si #iagov #JobsforIowa http://t.co/7Zfl6qqO8z,134,6,1,2,1,2,1,13835,5
20,2014-10-10,520638258976681986,Gov. Branstad visits with Woodland Hills Elementary School students in West Des Moines! #iagov http://t.co/5tKlbRcXfZ,117,0,5,1,0,0,1,13835,1
21,2014-10-10,520621540216291328,Via @WHOhd -  Governor Announces New @MidAm_EnergyCo Wind Energy Expansion in Iowa #iagov #jobsforIowa  http://t.co/WPJIU7Hdh3,126,3,1,2,1,2,0,13835,5
22,2014-10-10,520588476694028288,"Blades for nearly $2.2 billion wind project to be built at @Siemens facility in Fort Madison, Iowa. http://t.co/rsclGEEts1 #iagov",129,1,2,1,1,1,0,13835,3
23,2014-10-10,520588190088847361,The largest eco. dvlpmt project just got bigger.MidAmerican is growing $1.9 bil wind investment by $280 mil http://t.co/rsclGEEts1 #iagov,137,0,4,1,1,0,0,13835,2
24,2014-10-10,520583317725278208,Branstad announces new wind energy project from @MidAm_EnergyCo. In total they've invested $6 bil in IA wind #iagov http://t.co/7jH2Nlo2pO,138,9,5,1,0,1,1,13835,2
25,2014-10-10,520535129723121664,Branstad had the chance to meet w/ @uiowa grad RuiHao Min in Feb. Now he has created an app w/ over 80k users http://t.co/XO5Iqsl0FP #iagov,139,3,2,1,1,1,0,13835,3
26,2014-10-11,520946985025556480,"Via @scj ""HARVESTING THE WIND: MidAmerican to expand O'Brien County wind farm in Iowa"" http://t.co/EV0QuOPFYj #iagov #JobsForIowa",129,0,0,2,1,1,0,13835,4
27,2014-10-11,520949348704608257,".@TheHawkEye front page: ""Siemens lands new @MidAm_EnergyCo blade order #iagov #JobsforIowa http://t.co/9j6f6Sb8ot",114,1,2,2,0,2,1,13835,4
28,2014-10-11,520959633490321408,The @scj front page: @MidAm_EnergyCo  to expand OBrien County wind farm #iagov #JobsforIowa http://t.co/PlSwaQvtTe,114,0,0,2,0,2,1,13835,4
29,2014-10-12,521297953974005760,"""Iowa nice makes impression on entrepreneurs via @DMRegister
http://t.co/mix3YwtNSg #iagov",90,2,4,1,1,1,0,13835,3
30,2014-10-15,522470940609753088,Gov. Branstad signs a proclamation yesterday at the Iowa Hunger Summit Luncheon. #iagov http://t.co/Vcd1aTbDdi,110,0,1,1,0,0,1,13835,1
31,2014-10-16,522864195726221312, Learn more about the inaugural #STEMFoodAg annual report here: http://t.co/aE3pNC1ALS #STEM http://t.co/RMg74dkKsv,115,3,0,2,2,1,0,13835,5
32,2014-10-17,523207928921075712,250 jobs coming to Sioux City http://t.co/aIHFE0Ocas via @SCJ #iagov #JobsForIowa http://t.co/q3yPUWowNu,104,2,4,2,1,1,1,13835,4
33,2014-10-17,523122223414927361,Flags at half-staff Monday to honor WW II Airman returning home after nearly 70 yrs #iagov http://t.co/XckEoKG8Bp http://t.co/5orYDgvz5W,136,13,7,1,1,0,1,13835,2
34,2014-10-20,524165447076163584,REMINDER: Flags to fly at half-staff today to honor WWII vet Staff Sgt. Maurice L. Fevold http://t.co/YOHTtsulDq #iagov #ialegis,128,7,5,2,1,0,0,13835,3
35,2014-10-22,524978487317499904,Gov. Branstad and Lt. Gov. @KimReynoldsIA receiving a briefing from @iowadot on western Iowa road projects #iagov http://t.co/e4wpRGtF6t,136,0,5,1,0,2,1,13835,3
36,2014-10-22,524930204167585792,Gov. Branstad and Gov. Heineman chat before officially opening the U.S. 34 bridge #iagov http://t.co/g2cvaWJHgY,111,1,0,1,0,0,1,13835,1
37,2014-10-22,524934394457624576,Gov. Branstad speaks at the @iowadot US 34 bridge opening ceremony in Pacific Junction #iagov http://t.co/AqndSVMfYW,116,7,5,1,0,1,1,13835,2
38,2014-10-22,525021571933831169,"Branstad &amp; Reynolds learn about Palfinger lift gates. Once built overseas, they're now building them in Iowa. #iagov http://t.co/iPxL7Fw34h",143,1,1,1,0,0,1,13835,1
39,2014-10-23,525346316042260480,"Branstad, Reynolds applaud @IowaRegents vote to continue tuition freeze for Iowa students http://t.co/j3riSmoI3M #iagov #ialegis",128,6,5,2,1,1,0,13835,4
40,2014-10-23,525303207862763520,Tama Co.'s unemployment has gone down by 44% since '11. Iowa Premium Beef is bringing more jobs to Tama Co. #iagov http://t.co/srmcZtW3KV,137,2,3,1,0,0,1,13835,1
41,2014-10-23,525354659570262020,Branstad. Reynolds applaud first step toward another tuition freeze by @IowaRegents. Board to vote in Dec. http://t.co/BZ1AYo9Az5  #iagov,137,1,5,1,1,1,0,13835,3
42,2014-10-27,526787301930594305,"Branstad, Reynolds announce @homebaseiowa Certified Higher Academic Military Partner program http://t.co/FM3zy7kJ6O #iagov",122,2,2,1,1,1,0,13835,3
43,2014-10-29,527553380646805505," Drake plans $65 million #STEM development, new degrees http://t.co/OnM4G78EOa #iagov",85,3,0,2,1,1,0,13835,4
44,2014-10-31,528246959488778240,Gov. Branstad's grandchildren were excited to get dressed up last night for Halloween! #iagov http://t.co/Zypp9OLG0Z,116,0,3,1,1,0,0,13835,2
45,2014-10-31,528159796327759872, .@MidAm_EnergyCo signs long-term service contract with @Siemens for Iowa wind projects #iagov  http://t.co/p5b0A6yPXt,118,2,0,1,1,3,0,13835,5
46,2014-10-31,528157326092423168,Flashback Friday: Can you name the popular spot where Gov. Branstad was working behind the counter? #iagov http://t.co/Af995enZEW,129,4,5,1,0,0,1,13835,1
