,date,tweet_id,tweet_text,tweet_length,retweet_count,favorite_count,hashtag_count,url_count,user_mentions,media_count,follower_count,total_entities
0,2014-10-05,518809022313799680,Thanks to Mayor Lauretti for joining #teamfoley for #SheltonDay. #ctgov http://t.co/JEhWX5JxZ7,94,4,3,3,0,0,1,3411,3
1,2014-10-05,518903217544257536, So glad to be in Redding tonight with Tom Foley and Dan Debicella to honor Governor Jodi Rell #ctgov #CTGOP http://t.co/RyP,124,7,0,2,0,0,1,3411,2
2,2014-10-05,518848588479492096,Excited crowd at the #Southington #AppleHarvest Festival for the @TomFoleyCT @somers2014 team! #ctgov http://t.co/APijJr34yH,124,4,6,3,0,1,1,3411,4
3,2014-10-05,518843122403794945," Great time this morning at the Berlin Fair, so glad the nice weather finally broke out! Lots of Foley-Somers support! http:",124,2,0,0,0,0,1,3411,0
4,2014-10-08,519894952952987648,NEW AD #CTGOV ----------------&gt; https://t.co/RQod0pMZsq,58,8,3,1,1,0,0,3411,2
5,2014-10-08,519894987686023168," New London named the 35th most dangerous city in America, 3 other CT cities on the list http://t.co/lLX5gAfx2G #malloyoncri",124,9,0,2,1,0,0,3411,3
6,2014-10-08,519906041145081856, Tomorrow at 4pm Colin will be moderating a gubernatorial debate between Malloy and Foley. You can hear it on WNPR and CPTV at 8:0,130,2,0,0,0,1,0,3411,1
7,2014-10-08,519939358397583360,A worthwhile badge of honor for our  current Governor. #ctgov http://t.co/g074s28u4X,84,9,2,1,1,0,0,3411,2
8,2014-10-08,519991492174417920,@bombersfan Thanks Vin.  Make sure you vote!,44,0,0,0,0,1,0,3411,1
9,2014-10-08,519843067839651840,"Get the word out about Dan Malloy's refusal to stop negative campaigning.  Sign up! #ctgov
http://t.co/oF3j1W2ZXW http://t.co/dsNgNp0Tsf",136,25,9,1,1,0,1,3411,2
10,2014-10-08,519868906161602560,Check out our plan for Connecticut! #ctgov http://t.co/lEH0kDD4Nc http://t.co/sCVsoXlmIL,88,9,6,1,1,0,1,3411,2
11,2014-10-08,519886136299487232,@MollyEHarkins Appreciate the support Molly!,44,0,0,0,0,1,0,3411,1
12,2014-10-09,520220666608353280,Join the team to support Tom &amp; Heathers plan for a better Connecticut! http://t.co/dRlzbmQTFv #CTGOV http://t.co/9ev0mi2ihb,127,2,1,1,1,0,1,3411,2
13,2014-10-10,520627372064653312,Tom &amp; Heathers plan will help restore pride and prosperity in Connecticut. Learn how: http://t.co/rB1Hp6p4Ef #CTGOV http://t.co/pTDvltShsr,142,12,5,1,1,0,1,3411,2
14,2014-10-10,520646593805307904,"W/@MayorMark for a tour of Belimo, a leading innovator in HVAC tech right here in #Danbury. #ctgov http://t.co/8LkuutQ2Cw",121,1,1,2,0,1,1,3411,3
15,2014-10-11,521005097460195329,Great catching up with #teamfoley supporters at the #Riverton Fair. #ctgov http://t.co/NTGwAH0JaJ,97,4,4,3,0,0,1,3411,3
16,2014-10-11,520936879504367617,Tom &amp; Heathers #1 priority? Building a better Connecticut. Learn more: http://t.co/9E2f1XGFX7 #CTGOV http://t.co/PXmVaXYRHD,127,2,1,1,1,0,1,3411,2
17,2014-10-11,521022239622569985, .@TomFoleyCT giving a go at some chili for the Windsor Chili Challenge http://t.co/rrNUOjqnDh,94,4,0,0,0,2,1,3411,2
18,2014-10-12,521375813544189952, The real war on women in CT is the failed Malloy economy.Join me in supporting Tom Foley for Governor. #darien#ctgop ht,120,9,0,0,0,1,1,3411,1
19,2014-10-12,521409108210352128,Please check out this great article about my wife Leslie.  She is my rock! #ctgov http://t.co/YQalaTs8aV,104,5,7,1,1,0,0,3411,2
20,2014-10-13,521452351308451840, W @TomFoleyCT HeatherSomers and State Representative Toni Boucher at Women for Foley Coalition. Go Team! http://t.co/LHmQ,122,3,0,0,0,2,1,3411,2
21,2014-10-13,521452176368230400, Heather Somers and her daughter Hallie with Ceclia Bonelli at Women for @TomFoleyCT Coalition rally today in Norwalk. htt,122,2,0,0,0,2,1,3411,2
22,2014-10-13,521452229858185217, Single Peruvian mom Cecila Bonelli speaking English &amp; Spanish about why CT should vote @TomFoleyCT Nov 4! Go Team! http:/,126,2,0,0,0,2,1,3411,2
23,2014-10-13,521667924915126273,--------&gt; NEW AD: Every Family #ctgov https://t.co/iov63l9Nxk,64,6,1,1,1,0,0,3411,2
24,2014-10-14,522075079627513856," @DanMalloyCT @TomFoleyCT Governor,. I am willing to try Foley, because I can't trust you.  You lied to CT over taxes.",118,3,0,0,0,3,0,3411,3
25,2014-10-14,522021013501280256,"If it looks like a duck and quacks like a duck it's a duck or Dan Malloy ""the sitting duck Governor"" #CTgov http://t.co/dLjyTb0PRL",130,5,6,1,1,0,0,3411,2
26,2014-10-14,522059189905289216,@FritscheJames Thanks for your support James!  Make sure to vote!,65,0,2,0,0,1,0,3411,1
27,2014-10-14,522059326996107264,@NicholasCStone Was happy to attend Nicholas!  Thanks!,54,0,2,0,0,1,0,3411,1
28,2014-10-14,522059394830594048,@scott_sylvia Great to have your support Scott!,47,0,2,0,0,1,0,3411,1
29,2014-10-14,522059609365024769,@kumerle @hartfordcourant Thanks for the support Kenneth.  November 4th can't come soon enough!,95,0,1,0,0,2,0,3411,2
30,2014-10-14,522060255694712833,@FritscheJames Good to hear!!  Make sure to tell your friends!,62,0,2,0,0,1,0,3411,1
31,2014-10-14,522071839619948544,Hypocrite of the day award goes to.....@DanMalloyCT 'those in glass houses...' thanks DAN! #Ctgov http://t.co/FAIW2G8bfU,120,9,9,1,1,1,0,3411,3
32,2014-10-14,522073449687449601,@DanMalloyCT ICYMI: Governor your a tax free landlord!! #Ctgov http://t.co/FAIW2G8bfU,85,0,2,1,1,1,0,3411,3
33,2014-10-14,522130141334736896," Great time today with @TomFoleyCT meeting growers and touring some farms in Somers, Coventry and Rocky Hill! #ctgov http://",124,4,0,1,0,1,1,3411,2
34,2014-10-15,522487522140905472,@troymeeker Great to see you Troy!,34,1,3,0,0,1,0,3411,1
35,2014-10-15,522441533149417472,Get to know the real Tom Foley.  Great piece by @CTMirrorPaz #ctgov http://t.co/5ACbm7sD1O,90,5,4,1,1,1,0,3411,3
36,2014-10-15,522459245053501441,@nkolenberg94 Thanks for the support Nicole.  Pass it along!!  We need to win on November 4th!,94,1,2,0,0,1,0,3411,1
37,2014-10-15,522485524079316992,Was great to be in Stratford today! #ctgov http://t.co/5RYIPUXDgf,65,0,2,1,0,0,1,3411,1
38,2014-10-15,522487475517001728, Got to talk to @TomFoleyCT in Stratford today. #ctgov http://t.co/qxZ6CRiuX7,77,1,0,1,0,2,1,3411,3
39,2014-10-15,522530252502073344,"Remember, we can do better.  Dan Malloy has failed as Governor and we need a 'new direction' #ctgov http://t.co/11eBSyfCCD",122,38,18,1,0,0,1,3411,1
40,2014-10-16,522890037730349057,"""I totally support clean Government.""",37,1,2,0,0,0,0,3411,0
41,2014-10-16,522885652875325441,"""You can't be anti-business and pro-jobs"" #CTDebate",51,14,10,1,0,0,0,3411,1
42,2014-10-16,522887613267841024,"""Connecticut lost 3,600 jobs in August. Where are the jobs?""",60,6,6,0,0,0,0,3411,0
43,2014-10-16,522888799689646080,"""We can hold spending flat at $21 billion."" #CTDebate",53,2,0,1,0,0,0,3411,1
44,2014-10-16,522893734934224897,"""When I'm governor, special interests are not going to run state government.""",77,2,3,0,0,0,0,3411,0
45,2014-10-16,522894413849456640,"""I come from the private sector where it's not about how much money you spend, but whether or not you got results."" #CTDebate",125,8,7,1,0,0,0,3411,1
46,2014-10-16,522894824492380160,"Under Tom Foley, education reform will serve our children and no one else...",76,6,7,0,0,0,0,3411,0
47,2014-10-16,522896181383684096,"""Spending has gone up 3 billion dollars, so the $1.8 billion tax increase he put on you has been squandered."" #CTDebate",119,4,3,1,0,0,0,3411,1
48,2014-10-16,522897636450648066,"""Governor, you've broken this state. Heather and I are going to fix it."" #CTDebate",82,8,8,1,0,0,0,3411,1
49,2014-10-16,522898267160735744,"""The problem in our cities is that there are not enough jobs."" #CTDebate",72,3,6,1,0,0,0,3411,1
50,2014-10-16,522899642020024320,"""Heather and I are going to return to you the taxes Gov. Malloy has taken out of your pockets, we're going to get CT back on track""",131,6,10,0,0,0,0,3411,0
51,2014-10-18,523529486370111488,Great crowd in #WestHartford for the Park Road Parade. #ctgov http://t.co/43nyNmNiV9,84,2,5,2,0,0,1,3411,2
52,2014-10-18,523540045584928768,#Glastonbury is ready for Tom! #ctgov #newdirection http://t.co/niUxpiEaSV,74,6,8,3,0,0,1,3411,3
53,2014-10-18,523541259290296320, .@TomFoleyCT is here meeting and greeting folks. #Election2014 #ctgov #Glastonbury http://t.co/nS0zaxQ5oP,106,5,0,3,0,2,1,3411,5
54,2014-10-18,523563966568488960, rell writes 'letter to the editor' for foley http://t.co/tQa318V9FT,68,2,0,0,1,1,0,3411,2
55,2014-10-18,523564110261149696,Please check out former Governor Jodi Rell and her case for Tom Foley as the next Governor. #ctgov http://t.co/YsDPkVbxjE,121,6,2,1,1,0,0,3411,2
56,2014-10-18,523593108970557440, Great seeing @TomFoleyCT at Stratford's Great Pumpkin Festival today! Stratford's working hard to get you that win! ht,119,3,0,0,0,2,1,3411,2
57,2014-10-19,523845777882238976," Connecticut's next Governor, Connecticut's best State Rep. @TomFoleyCT #Prasad #GRTC #CTGOV http://t.co/guQM1eTrsI",115,4,0,3,0,2,1,3411,5
58,2014-10-19,523845755606278144," Connecticut's next Governor, the 4th District's next Senator @TomFoleyCT @OsgoodforCT #GRTC #ctgov http://t.co/QD5PJ8F0",120,5,0,2,0,3,1,3411,5
59,2014-10-19,523920035312459776,//t.co/vYlYs768FZ,17,34,12,1,0,0,1,3411,1
60,2014-10-20,524290952651739136,Dan Malloy wants you to focus on anything but his record.  His record means less $$ for you. #ctgov http://t.co/ugo04eRnQO,122,13,7,1,0,0,1,3411,1
61,2014-10-20,524291193849389056,"Wages are down, but Dan Malloy won't tell you that.  His record means less $$ for you.  #ctgov http://t.co/QUIZJz38xX",117,11,6,1,0,0,1,3411,1
62,2014-10-21,524612020709359616,Another person supporting our campaign for a 'new direction'! #ctgov http://t.co/AL1xynrF3R,91,3,2,1,1,0,0,3411,2
63,2014-10-21,524559947934490624," @TomFoleyCT says ""real private sector wages have decreased"" under Dan Malloy. ""Part of the responsibility for that falls on t",126,3,0,0,0,2,0,3411,2
64,2014-10-21,524572852671242240, IMPORTANT!! Today is last day to register to vote in CT online- here is link for info. Takes 30 seconds! http://t.co/75mMfh,124,10,0,0,1,2,0,3411,3
65,2014-10-22,524975821879250944,Great Op-Ed: 'Es el momento de un cambrio' #ctgov http://t.co/1BTKCNkwx0,72,4,2,1,1,0,0,3411,2
66,2014-10-23,525092311303462915,Corporate welfare and @DanMalloyCT anti-business policies at work #ctgov http://t.co/zSPNjY9Kto,95,7,7,1,1,1,0,3411,3
67,2014-10-23,525077087494094848,"Oops, he did it again: @DanMalloyCT needs to come clean about his rental property... #ctgov http://t.co/d75aQTiUhc",114,11,5,1,1,1,0,3411,3
68,2014-10-24,525437104881692674,Great to be in studio w/@DennisHouseWFSB to film #facethestate. #ctgov http://t.co/fNXefJpu8r,93,11,8,2,0,1,1,3411,3
69,2014-10-26,526380001663668224,new ad -----&gt; Ready for Change #Ctgov https://t.co/pzoiJPtT6l,64,6,3,1,1,0,0,3411,2
70,2014-10-26,526379157635497985,"Exciting news, we will be visiting 18 towns in 4 days in a BUS!  Stay tuned for details! #ctgov #Ctpolitics http://t.co/D5yw9KRiRr",130,12,8,2,0,0,1,3411,2
71,2014-10-26,526379630585204737, Our guest this Sunday is @TomFoleyCT for his final Face the State appearance before the election.,98,5,0,0,0,2,0,3411,2
72,2014-10-26,526383886776172544,Great door knocking in Stamford yesterday! #ctgov http://t.co/3boYKyzCWL,72,5,6,1,0,0,1,3411,1
73,2014-10-27,526542135601160192, Great day knocking on doors with @eric_berthel and CT next Governor @TomFoleyCT #GOP #ctgop #victory http://t.co/k4UjFmi,121,4,0,3,0,3,1,3411,6
74,2014-10-27,526785288279175168,NEW AD!! -----&gt; Independent Leader #ctgov https://t.co/2GtqUwQoCJ,68,3,2,1,1,0,0,3411,2
75,2014-10-28,527147026450878464, Report: State's tax climate among the worst: 42nd out of 50... http://t.co/tQa318V9FT,86,12,0,0,1,1,0,3411,2
76,2014-10-28,527154400595554306,"News this morning wasn't good.  People are catching on, we are poised for victory! #ctgov http://t.co/PnVZoNYO0L",112,9,3,1,1,0,0,3411,2
77,2014-10-28,526895937374130177,Thanks to the hundreds  who came out to support @somers2014 and @TomFoleyCT .  Onto victory! #ctgov http://t.co/1czovbYXQM,122,7,9,1,0,1,1,3411,2
78,2014-10-28,526899421217554434, .@TomFoleyCT and @GovChristie @ChrisChristie greet supporters at a rally for Foley in Groton @ap photo http://t.co/jzcbBGIh,124,6,0,0,0,5,1,3411,5
79,2014-10-28,526900203748458497,Final wrap up of Talking with Tom ----&gt; https://t.co/ImjTGPEn91 #ctgov,73,3,1,1,1,0,0,3411,2
80,2014-10-28,526909782368997376, .@TomFoleyCT hugs a supporter at a rally tonight in Groton @ap photo #ctgov #ctpolitics http://t.co/lMiiXMq4b7,111,10,0,2,0,3,1,3411,5
81,2014-10-28,527108692685365248,Happy to announce the #newdirectiontour for the 30th-3rd please come out when we come to your town #ctgov http://t.co/tIJzB6RViU,128,10,8,2,0,0,1,3411,2
82,2014-10-28,527149554408652800,"More of the same and what we have been hearing on the campaign trail, CT is no longer competitive. #ctgov http://t.co/v5HhsthhYB",128,9,3,1,1,0,0,3411,2
83,2014-10-29,527600961146339328, My absentee ballot's officially filled out and ready to go back to CT! Time to get @TomFoleyCT to where he should've been 4 y,126,5,0,0,0,2,0,3411,2
84,2014-10-29,527544031539380225,NEW AD ------&gt; 'We Can Do Better' #ctgov https://t.co/1vMozY3uIj,67,11,10,1,1,0,0,3411,2
85,2014-10-29,527486702886322176, Everyone in CT go out and vote for @TomFoleyCT!! We need a new direction and we need to turn this state red!!!,111,9,0,0,0,2,0,3411,2
86,2014-10-29,527587663965343744," Monday: RGA Chair @GovChristie campaigns for @MayorFung in RI, @RickForMI in MI, @Walt4NH in NH, @TomFoleyCT in CT, &amp; @L",125,5,0,0,0,7,0,3411,7
87,2014-10-29,527516211572379650," @TomFoleyCT in Westport @QuinnipiacPoll race always ""dead heat"" voters making minds up now ""coming over"" 2 us. http://t.co/yo",126,4,0,0,0,3,1,3411,3
88,2014-10-31,528221435568087040, Hitting the ground running for @TomFoleyCT this weekend!! #ANewDirectionforCT,78,3,0,1,0,2,0,3411,3
89,2014-10-31,528327008154296320,Seeing some fantastic costumes in #Newtown! #NewDirectionTour #ctgov http://t.co/xlVt7XbO2v,91,7,7,3,0,0,1,3411,3
90,2014-10-31,528290057762144256," Happy Halloween, having a great time at the Olde Mystic Village Trick or Treat!! #ctgov http://t.co/r1ibU0nJxh",111,3,0,1,0,0,1,3411,1
91,2014-10-31,528287501119934465,Reed's costume gets a high five from Sen. John McKinney! #NewDirectionTour  #Fairfield #ctgov http://t.co/xCEqnMER33,116,4,7,3,0,0,1,3411,3
92,2014-10-31,528284118401171457,Downtown #Fairfield for #trickortreat on Safety Street. #NewDirectionTour #ctgov http://t.co/vYZ51SXSef,103,2,3,4,0,0,1,3411,4
93,2014-10-31,528267334683996160,In #Shelton with area job creators to talk about my plan to move CT forward. #newdirectiontour #ctgov http://t.co/wu7V7ldrjE,124,3,5,3,0,0,1,3411,3
94,2014-10-31,528232695814696961,Lots of well wishes coming out of #Darien. #newdirectiontour #ctgov http://t.co/R30tznywoS,90,3,1,3,0,0,1,3411,3
95,2014-10-31,528218852967333888,@allybrooke27 We're proud to have earned your vote!,51,0,0,0,0,1,0,3411,1
96,2014-10-31,528218423848099840," @TomFoleyCT Is in New Canaan, CT on his #newdirection tour. Voted Foley/Somers on Tuesday!!",92,1,0,1,0,2,0,3411,3
97,2014-10-31,528205672488644608,Off to a great start on Day 1 of our #newdirectiontour w/1st Selectman Mallozzi in #NewCanaan. #ctgov http://t.co/Cc8anrsTvy,124,1,3,3,0,0,1,3411,3
98,2014-11-01,528648889545805824," Great to campaign with the next Governor of Connecticut @TomFoleyCT . On November 4th, go out and vote! http://t.co/Tusf",121,18,0,0,0,2,1,3411,2
99,2014-11-01,528659396508004353,A VERY enthusiastic supporter in #Torrington. #NewDirectionTour #ctgov http://t.co/BwF5sEQoyg,93,12,11,3,0,0,1,3411,3
100,2014-11-01,528540582374027264,Lots of excitement for the Foley-Somers team coming out of #Milford. #NewDirectionTour #ctgov http://t.co/hn2CEPMcZc,116,4,4,3,0,0,1,3411,3
101,2014-11-01,528556081543667714," Ya en la emisora ""La Puertorriqueisima"" en Connecticut haciendo campaa por el candidato a la Gob @TomFoleyCT http://t.",119,26,0,0,0,2,1,3411,2
102,2014-11-01,528565866636787712,Our supporters in #Bridgeport are pumped and ready to get out the vote for Tom and Heather! #NewDirectionTour #ctgov http://t.co/Z5wSInAOrO,139,10,7,3,0,0,1,3411,3
103,2014-11-01,528569157756137472, Packed house at Vazzy's Restaurant in Bridgeport for the Foley-Somers team! #newdirectiontour #ctgov http://t.co/M04bJvLmoF,124,6,0,2,0,0,1,3411,2
104,2014-11-01,528600463307177984,At the NAACP luncheon in #Bridgeport with @somers2014 to share our plan for CT. #NewDirectionTour #ctgov http://t.co/NKi6vAL2l8,127,10,4,3,0,0,1,3411,3
105,2014-11-01,528621502535843840,Stopped into Texas Roadhouse in #Waterbury with @somers2014 to greet residents. #NewDirectionTour #ctgov http://t.co/vpho5FhwNr,127,4,6,3,0,0,1,3411,3
106,2014-11-01,528631855135092736,Great to have @luisfortuno51 here in #Waterbury in support of the Foley-Somers team! #NewDirectionTour #ctgov http://t.co/BV3KGZdRb9,132,24,17,3,0,1,1,3411,4
107,2014-11-01,528638563945304064," Great riff from @TomFoleyCT .  Next CT. governor. Tax cuts,limit spending,better biz environment, growth and jobs. @Larry",122,29,0,0,0,3,0,3411,3
108,2014-11-02,529044123047952387, @TomFoleyCT in the house in New Britain! #gosteelers http://t.co/nkLjxzaYUH,76,9,0,1,0,2,1,3411,3
109,2014-11-02,529047076764532738,Great to have the entire GOP ticket united for economic change! #ctgov http://t.co/RGqxNA0RJr,93,20,19,1,0,0,1,3411,1
110,2014-11-02,529050691487420417,Our volunteers in #Trumbull are working hard to get out the vote! #NewDirection #ctgov http://t.co/1bKhvMgrqZ,109,7,6,3,0,0,1,3411,3
111,2014-11-02,528935387948146689,Great speaking to voters in #NewHaven. #NewDirectionTour #ctgov http://t.co/ku4fWqJk2m,86,4,5,3,0,0,1,3411,3
112,2014-11-02,528945860915519489,#Brookfield is ready to get out the vote for Tom! #NewDirectionTour #ctgov http://t.co/fKqCrEYNcq,97,8,4,3,0,0,1,3411,3
113,2014-11-02,528971471214096384,Great to have the entire GOP ticket united for economic change! #ctgov http://t.co/EJ6CR1yvjr,93,14,14,1,0,0,1,3411,1
114,2014-11-02,528991888255488001,HUGE crowd in #Southbury to rally the vote for Tom and Heather. #NewDirectionTour #ctgov http://t.co/qMo67meBHc,111,5,4,3,0,0,1,3411,3
115,2014-11-02,528995438746415106, @TomFoleyCT stops in Southbury. #2days #newdirectiontour #momentum http://t.co/YYk8GjSdA6,90,5,0,3,0,2,1,3411,5
116,2014-11-02,528995552378519552, @TomFoleyCT - Great seeing you in Southbury!  Looking forward to a #NewDirection for CT #ctgov #gopvictory http://t.co/Na,122,4,0,3,0,2,1,3411,5
117,2014-11-02,529015644944347136,Stopped by our #Southington HQ to make some voter calls -- had some great responses! #NewDirectionTour #ctgov http://t.co/2VkxDLtaht,132,8,7,3,0,0,1,3411,3
118,2014-11-02,529043957922430976,Our supporters are ready to take the Foley-Somers team over the finish line! #NewDirectionTour #Farmington #ctgov http://t.co/uliiGYKRXz,136,5,5,3,0,0,1,3411,3
119,2014-11-03,529311771132051456, @TomFoleyCT just voted for you!! Handed in my absentee ballot just now! Good luck!,83,6,0,0,0,2,0,3411,2
120,2014-11-03,529312708618104832, Great time this morning visiting diners in Middletown with former Mayor Giuliano! #newdirectiontour #ctgov http://t.co/FK83,124,6,0,2,0,0,1,3411,2
121,2014-11-03,529330451425800192,Great crowd in #Vernon! #NewDirectionTour #ctgov http://t.co/yGC0unqdLw,71,7,4,3,0,0,1,3411,3
122,2014-11-03,529349541859164160,Tune in at 2:28 for @GretchenCarlson on @foxnewspolitics @FoxNews #ctgov,72,3,0,1,0,3,0,3411,4
123,2014-11-03,529352251991937025,Tune in to @FoxNews in 8 minutes to see @TomFoleyCT talk about the future of CT #ctgov,86,8,3,1,0,2,0,3411,3
124,2014-11-03,529355048468643840,On @FoxNews now #ctgov,22,4,4,1,0,1,0,3411,2
125,2014-11-03,529366849742712833, VIDEO: Watch @TomFoleyCT on @FOXNews discuss why he's in strong position heading into election day in Connecticut: http://t.co,127,11,0,0,1,3,0,3411,4
126,2014-11-03,529404897050263552, @GovChristie: We have to thank @TomFoleyCT for throwing his name in ring ...and pay him back with a victory. @foxct http:,122,11,0,0,0,4,1,3411,4
127,2014-11-03,529405910058553344,Tremendous turnout for our Election Eve rally with @GovChristie. Time to bring this home! #NewDirectionTour #ctgov http://t.co/hmoxB9Y2gt,137,19,16,2,0,1,1,3411,3
128,2014-11-03,529070399192334336, @TomFoleyCT came to make calls with us in southington today! http://t.co/0gbaOpbHUz,84,6,0,0,0,2,1,3411,2
129,2014-11-03,529070633234468864, Stopped by the Southington HQ to help out with the packed phone bank with @TomFoleyCT! #newdirectiontour #ctgov http://t.co,124,8,0,2,0,1,1,3411,3
130,2014-11-03,529094088860381184, Energized and ready to make news on Tuesday! Let's turn CT around! @TomFoleyCT @CTGOP #ctpolitics #ctgop http://t.co/q,119,8,0,2,0,3,1,3411,5
131,2014-11-03,529245797469421568, Hardworking @ChrisCappyPhoto filing  to NYT photo desk from a day on the road with governor candidate @TomFoleyCT http:,120,2,0,0,0,3,1,3411,3
132,2014-11-03,529280333364355072,Greeting commuters this morning in #Fairfield. #NewDirectionTour #ctgov http://t.co/iGoroT7TVl,94,5,4,3,0,0,1,3411,3
133,2014-11-03,529303757893296128,Great to have the entire GOP ticket united for economic change! #ctgov http://t.co/Xt7iIs5Euy,93,19,12,1,0,0,1,3411,1
134,2014-11-03,529308437654810625,Getting a great reception in #Middletown. Citizens are ready to head in a #newdirection. #NewDirectionTour #ctgov http://t.co/dgyaNwfZPT,136,12,0,4,0,0,1,3411,4
135,2014-11-03,529311805386940416,@StephanPaul92 Thank you Stephan!,33,1,0,0,0,1,0,3411,1
136,2014-11-04,529705221703098369," @purepoliticking Thanks for the vote, Alex!  #TeamTony  @TomFoleyCT",68,3,0,1,0,3,0,3411,4
137,2014-11-04,529705239755390976, It's been awhile since I've had actual enthusiasm for the Republican candidates. Let's vote and pray for change. @TomFoleyCT @C,128,5,0,0,0,3,0,3411,3
138,2014-11-04,529705498715897856, Hope everyone is sending their absentee ballots back home and voting for @TomFoleyCT today!!! ,95,2,0,0,0,2,0,3411,2
139,2014-11-04,529707862256537600,Talking about the positive feedback we're getting from voters in #Southbury. #ctgov #newdirection http://t.co/7kI4jmCnoL,120,2,5,3,0,0,1,3411,3
140,2014-11-04,529708765852225536, I voted for @TomFoleyCT because I believe he will bring Connecticut in the right direction.,92,7,0,0,0,2,0,3411,2
141,2014-11-04,529711314831421440, Proud to have just voted for @TomFoleyCT here in Enfield!  Let's win this for Connecticut's fiscal health!,107,6,0,0,0,2,0,3411,2
142,2014-11-04,529711843598946305, Hanging out with CT next Gov @TomFoleyCT n next 5th CD @MarkGreenbergCT http://t.co/gJugGYIyKm,95,7,0,0,0,3,1,3411,3
143,2014-11-04,529712145421058048," @TomFoleyCT I did, and I even got several Bridgeport Democrats to vote for you too!",84,4,0,0,0,2,0,3411,2
144,2014-11-04,529770102711795714,REMINDER- polls close in 2 hrs! Vote Foley-Somers for #CTGov! Find your polling location here: http://t.co/pjOBxgZAu1 http://t.co/YySHxElPHi,140,9,9,1,1,0,1,3411,2
145,2014-11-04,529724861321461760,Time to put CT back on trackvote Foley-Somers today. Find your polling location: http://t.co/UMYX537sPK #CTGov http://t.co/5KaV4ji5k1,133,19,22,1,1,0,1,3411,2
146,2014-11-04,529606375966773248, I #voted!  We need to make #Connecticut great again.    @TomFoleyCT http://t.co/CSPqAfFAgZ,91,2,0,2,0,2,1,3411,4
147,2014-11-04,529606655911399425, I voted for @TomFoleyCT http://t.co/4r2XInSvni,47,2,0,0,0,2,1,3411,2
148,2014-11-04,529606732671369216, Just voted for Governor for the first time!!! @TomFoleyCT http://t.co/o6QVt8G3x3,81,11,0,0,0,2,1,3411,2
149,2014-11-04,529606806314950656, Already voted for @TomFoleyCT! #ctgov #ctpolitics #ctelection,62,8,0,3,0,2,0,3411,5
150,2014-11-04,529608634981154816, @TomFoleyCT walking into Glenville to vote http://t.co/DeTcaxrpoe,66,5,0,0,0,2,1,3411,2
151,2014-11-04,529608659366866944, @TomFoleyCT about to cast his ballot #Election2014 #foxct http://t.co/u618P4Zs7y,81,4,0,2,0,2,1,3411,4
152,2014-11-04,529608840262975488, @TomFoleyCT voting #Election2014 #foxct http://t.co/Oh5OamCNp4,63,11,0,2,0,2,1,3411,4
153,2014-11-04,529612487180967936, Supporters greet @TomFoleyCT as he leaves the polls http://t.co/R8FcYyHc9k,75,8,0,0,0,2,1,3411,2
154,2014-11-04,529632181732114432,Polls are open! Cast your vote for Foley-Somers today. Find your polling location: http://t.co/uOx4hz8KVW #CTGov http://t.co/pGdzO6fMD7,135,18,9,1,1,0,1,3411,2
155,2014-11-04,529633282800242689," Let's get out and VOTE for a NEW DIRECTION - for jobs, families, business &amp; education in #CT @TomFoleyCT @Somers2014 http:",127,2,0,1,0,2,1,3411,3
156,2014-11-04,529633304501559296, Join me in putting Connecticut back on the right path by voting for @TomFoleyCT today,86,5,0,0,0,2,0,3411,2
157,2014-11-04,529633392837787648, Get out and vote today for a better Connecticut! Let's start by changing Governor I voted for @TomFoleyCT  did you?,116,7,0,0,0,2,0,3411,2
158,2014-11-04,529633578385420288," Mark and I cast our ballots this morning for Connecticut's future, vote Foley-Somers today! #ctgov http://t.co/adqtXrVrT1",122,9,0,1,0,0,1,3411,1
159,2014-11-04,529653934038974464,Poll standing in #Westport w/some of our volunteers. They're out working hard to deliver a victory tonight! #ctgov http://t.co/FH64MFmnv6,137,3,2,2,0,0,1,3411,2
160,2014-11-04,529655499432931330, I proudly voted @TomFoleyCT for Governor. You should too! It's time put CT back on track. http://t.co/rLEVrbZ1kW #tcot,119,8,0,1,1,2,0,3411,4
161,2014-11-04,529666918115201024,Today is Election Day! Cast your vote for Foley-Somers by 8pm! Find where to vote: (http://t.co/Wg6YHKvJhw) #CTGov http://t.co/UlKwmlSJic,137,21,7,1,1,0,1,3411,2
162,2014-11-04,529704158488961024,Get out and make sure you vote today! #ctgov,44,8,6,1,0,0,0,3411,1
163,2014-11-04,529704370511028224,@mi_vanderlaan @FadedReTros @DanMalloyCT Thanks for the vote Mike!,66,0,0,0,0,3,0,3411,3
164,2014-11-04,529704410923159552, Vote @TomFoleyCT today for a better state,42,1,0,0,0,2,0,3411,2
165,2014-11-04,529704470671024128, I voted for @TomFoleyCT because I believe he will bring Connecticut in the right direction.,92,6,0,0,0,2,0,3411,2
166,2014-11-04,529704500412817408,@theblanch_pxc Thanks for the vote Nick!,40,1,0,0,0,1,0,3411,1
167,2014-11-04,529704569694351360,@anniewestdotcom Thanks Annie!,30,0,1,0,0,1,0,3411,1
168,2014-11-04,529704600824463360, Today's the day where CT has a choice between another four years of high taxes and low wages or a #newdirection Vote @TomFole,126,6,0,1,0,2,0,3411,3
169,2014-11-04,529704694042853376, @TomFoleyCT  vote #foley!!!!,29,4,0,1,0,2,0,3411,3
170,2014-11-04,529704715794530304,@FireFd42 Thanks Ed!,20,0,0,0,0,1,0,3411,1
171,2014-11-04,529704732089417728, CT VOTE @TomFoleyCT today!!!,29,2,0,0,0,2,0,3411,2
172,2014-11-04,529704759989899264, Everyone vote @TomFoleyCT for governor. We can't afford another 4 years of liberal tax hikes. Our state has 2nd worst economy,126,10,0,0,0,2,0,3411,2
173,2014-11-04,529704784790835201,@NickB925 Thanks Nick!,22,1,5,0,0,1,0,3411,1
174,2014-11-04,529704828759715841," Get out and take part of our democracy. Soldiers fight to protect out freedoms, express a thank you by voting! @SenatorKane3",125,6,0,0,0,3,0,3411,3
175,2014-11-04,529704847734747136, Make sure you get out there and vote for @TomFoleyCT today! #CTGov #ElectionDay,80,14,0,2,0,2,0,3411,4
176,2014-11-04,529704886506909697, Proud to be contributing to Malloy's last day as #CTGOV.  #GoVote @TomFoleyCT #tcot,84,10,0,3,0,2,0,3411,5
177,2014-11-04,529704913467887616,@Fri3d_Man Thanks Brian,23,0,1,0,0,1,0,3411,1
178,2014-11-04,529704930677129216, @TomFoleyCT another vote for Tom in Manchester!  Let's send Malloy and his taxes packing!!  And mark Tweedie for 13 th h,121,6,0,0,0,2,0,3411,2
179,2014-11-04,529704965946998786, Happy to #vote for @TomFoleyCT today. CT is currently the worst fiscally managed state in the country. Help put us back,120,7,0,1,0,2,0,3411,3
180,2014-11-04,529705019948662784,@AmaliaHalikias Thanks Amalia!,30,0,1,0,0,1,0,3411,1
181,2014-11-04,529705154225127424, Dear CT Friends - Get the vote out today for @TomFoleyCT and @TonyHwang.,73,4,0,0,0,3,0,3411,3
182,2014-11-04,529705192292626432,@MacKayJimeson @TonyHwang Thanks MacKay!,40,0,2,0,0,2,0,3411,2
