,date,tweet_id,tweet_text,tweet_length,retweet_count,favorite_count,hashtag_count,url_count,user_mentions,media_count,follower_count,total_entities
0,2014-10-05,518586856511123456, Thanks for the selfie @GovernorCorbett !! Along with his right hand men! Made my day http://t.co/DU5XGh3jPk,108,1,0,0,0,2,1,7576,2
1,2014-10-05,518892523809693696,.@GovernorCorbett signed Act 13 to implement tighter regulations on PAs growing natural gas industry. #pagov http://t.co/eIlUjoSsFm,131,5,3,1,0,1,1,7576,2
2,2014-10-06,519206495175868416,Less than 2 hours left! Your vote matters. Register before the deadline &amp; vote #4moreyears of @GovernorCorbett #pagov http://t.co/t54jQDy1YL,144,3,2,2,0,1,1,7576,3
3,2014-10-06,519249897875570690,.@GovernorCorbett implemented successful reforms to our corrections system that received national attention. #pagov http://t.co/8NXU3Ycp4S,138,3,3,1,0,1,1,7576,2
4,2014-10-07,519482651519225859,.@GovernorCorbett is proud to have the endorsement of the @ReadingChamber for #4moreyears. #pagov http://t.co/rFdeyZL5oY,120,4,2,2,0,2,1,7576,4
5,2014-10-07,519611441389633536,Watch our new ad Learning Curve &amp; see for yourself how @WolfForPA made his millions. https://t.co/fjV2B6zT4u #pagov,119,2,1,1,1,1,0,7576,3
6,2014-10-07,519631964492423170,.@GovernorCorbetts record &amp; support of the 2nd Amendment received the endorsement of the NRA. #pagov http://t.co/9dsgaZNxpy,127,8,4,1,0,1,1,7576,2
7,2014-10-08,519987064243486720,.@GovernorCorbett increased state education funding by $1 billion for PAs students https://t.co/q9pnLT5Diu #CorbettWolf #pagov,126,2,1,2,1,1,0,7576,4
8,2014-10-08,519987282867408896,The truth on state education funding under @GovernorCorbett as told by the media. https://t.co/Lxu0j83qtd #CorbettWolf #pagov,125,1,0,2,1,1,0,7576,4
9,2014-10-08,519987478653304834,"Under @GovernorCorbett, PA school systems are among the best in the nation. http://t.co/xyv3Srb25k #CorbettWolf #pagov",118,6,1,2,0,1,1,7576,3
10,2014-10-08,519987630654881792,.@WolfForPA is a pension crisis denier. #pagov http://t.co/zIlIHRrHr6 #CorbettWolf,82,0,0,2,1,1,0,7576,4
11,2014-10-08,519987885957976064,Schools are desperate for pension relief and @WolfForPA chooses to ignore the issue.#CorbettWolf #pagov http://t.co/eqeLPuGR9P #CorbettWolf,139,3,0,3,1,1,0,7576,5
12,2014-10-08,519987998793150464,"If @WolfForPA is elected, pension reform and property tax relief will not happen. #CorbettWolf #pagov http://t.co/2YBRWRCvP1",124,0,0,2,1,1,0,7576,4
13,2014-10-08,519988166124896256,163 of 164 school districts cited pension costs for rising property taxes. Wolf continues to duck the issue. #corbettwolf,121,3,2,1,0,0,0,7576,1
14,2014-10-08,519988171002880001,".@WolfForPA sees no evil, ignores the pension crisis, &amp; collects millions from public unions. #pagov https://t.co/ywaJzNUzki #CorbettWolf",141,6,2,2,1,1,0,7576,4
15,2014-10-08,519988245736984576,"No wonder @WolfForPA denies the pension crisis, millions were funneled into his company. https://t.co/7eIE2Evu1W #pagov #CorbettWolf",132,2,1,2,1,1,0,7576,4
16,2014-10-08,519989748753264640,The truth about @WolfForPAs $1 billion severance tax. http://t.co/lqKesFJrsS  #pagov #CorbettWolf,97,1,0,2,1,1,0,7576,4
17,2014-10-08,519989848120508416,.@GovernorCorbett's impact fee helps local governments thrive. http://t.co/wyAaTlMa0j #CorbettWolf #pagov,105,0,0,2,1,1,0,7576,4
18,2014-10-08,519990004421230592,An extraction tax is @WolfForPAs silver bullet for absurd spending proposals. http://t.co/qAq915yWtJ #CorbettWolf #pagov,120,3,1,2,1,1,0,7576,4
19,2014-10-08,519990089045528577,PA is the 2nd largest natural gas producing state in the US &amp; @WolfForPA wants to put a tax on it. http://t.co/XGgNMAwIQb #CorbetWolf #pagov,144,13,4,2,0,1,1,7576,3
20,2014-10-08,519990545767469056,The truth on @WolfForPAs own phony scandals. http://t.co/MH5BhAuj5v #pagov #CorbettWolf,87,0,2,2,1,1,0,7576,4
21,2014-10-08,519991063726260224,The truth on @WolfForPAs call for higher taxes. http://t.co/MqDQjE5Hzz #pagov #CorbettWolf,90,4,2,2,1,1,0,7576,4
22,2014-10-08,519991214641541120,The only fresh start plan @WolfForPA has for PA is the same liberal plan @GovEdRendell had. #pagov https://t.co/VE5aU2eB1i #CorbettWolf,135,3,3,2,1,2,0,7576,5
23,2014-10-08,519991355616284672,"While @WolfForPA pays an 8% income tax rate, he wants to increase taxes on hardworking families. #pagov https://t.co/ER0gzFQjGc #CorbettWolf",140,4,2,2,1,1,0,7576,4
24,2014-10-08,519991467541291008,.@WolfForPA s Fresh Start plan will drive businesses out of PA and hurt hardworking families.  http://t.co/2Elh59tHyb #CorbettWolf #pagov,137,3,3,2,1,1,0,7576,4
25,2014-10-08,519987208028438528,.@GovernorCorbetts financial stability &amp; long-term outlook is good for our teachers &amp; students. https://t.co/GsRmDZovsq #CorbettWolf #pagov,147,0,0,2,1,1,0,7576,4
26,2014-10-08,519887695355838465,.@GovernorCorbett invests $9.8 million in quality Pre-K programs key to our childrens success. http://t.co/RPLiBihjuq #pagov,124,1,1,1,1,1,0,7576,3
27,2014-10-08,519910167408693248,Will @WolfForPA finally be upfront on how much his income tax hike will cost PA? Watch Live on @cspan at 7PM. http://t.co/2sE6sXqJjo #pagov,139,0,1,1,1,2,0,7576,4
28,2014-10-08,519964423944159232,.@GovernorCorbett supports the PA Farm Show &amp; county fairs for marketing &amp; growing PAs Agriculture Industry. #pagov http://t.co/P6hGhLjGxk,146,0,1,1,0,1,1,7576,2
29,2014-10-08,519983262614441984, .@CorbettforGov greets his supporters outside of tonights debate! #PAGOV http://t.co/Jw09AP0fl9,96,5,0,1,0,2,1,7576,3
30,2014-10-08,519986858550657024,Get the truth on @GovernorCorbetts record investment in education. http://t.co/20YyRmOfE8 #pagov #CorbettWolf,109,1,3,2,1,1,0,7576,4
31,2014-10-08,519986960140861440,".@WolfForPA is spending millions lying about @GovernorCorbetts education record,facts dont lie https://t.co/EEoXHPzUZe #CorbettWolf #pagov",138,4,0,2,1,2,0,7576,5
32,2014-10-08,519993938829389824,Unspinning @WolfForPA on @GovernorCorbetts Accomplishments: http://t.co/w6ZoGI1gqF #pagov #CorbettWolf,102,5,1,2,1,2,0,7576,5
33,2014-10-08,519994113526349824,"Without raising taxes, @GovernorCorbett cleaned up @WolfForPA's revenue mess &amp; reduced PA's deficit &amp; unemployment. #pagov #CorbettWolf",143,13,3,2,0,2,0,7576,4
34,2014-10-08,519994285136293888,A growing economy &amp; record investment in state education. We need 4 more years of @GovernorCorbett. #pagov #CorbettWolf,123,5,2,2,0,1,0,7576,3
35,2014-10-08,519995314334601216,.@WolfForPA said gas prices went through roof due to transportation bill.  They didnt. http://t.co/KbuOk71MtW #pagov #CorbettWolf,129,5,2,2,1,1,0,7576,4
36,2014-10-08,519995459260399616,.@GovernorCorbett tackles issues such as transportation funding head on and solves them. #CorbettWolf #pagov http://t.co/Kpu5CK0NAh,131,3,1,2,1,1,0,7576,4
37,2014-10-08,519995643465850883,.@WolfForPA criticizes @GovernorCorbett on issues such as transportation funding then flip flops #CorbettWolf #pagov https://t.co/xBpWAFiLe6,140,3,2,2,1,2,0,7576,5
38,2014-10-08,519997458647355392,.@WolfForPA is a pension crisis denier. #pagov http://t.co/zIlIHRrHr6 #CorbettWolf,82,8,7,2,1,1,0,7576,4
39,2014-10-08,519998188993138688,. @governorcorbett has an A rating from the @NRA . @WolfForPA has a F #PAGOV #CorbettWolf,89,30,17,2,0,3,0,7576,5
40,2014-10-08,519998551280349184,. @GovernorCorbett has been endorsed by @FOACPAC #PAGOV #CorbettWolf,68,10,4,2,0,2,0,7576,4
41,2014-10-08,519999046052618240,.@WolfForPAs calls for a minimum wage increase would kill PA jobs.  http://t.co/LhPV44qIGC #pagov #CorbettWolf,110,6,3,2,1,1,0,7576,4
42,2014-10-08,519999555497381888,Get the truth on treasury loans that were first used thanks to @WolfForPA bad math. http://t.co/qow7kmKSTr #pagov #CorbettWolf,126,6,2,2,1,1,0,7576,4
43,2014-10-08,519999744320757760,A growing economy and record investment in state education. We need 4 more years of @GovernorCorbett. #pagov #CorbettWolf,121,7,5,2,0,1,0,7576,3
44,2014-10-08,520000635786502145, @PAGOP @CorbettforGov @WestmorelandGOP- watching the Governor's Debate after a successful evenings of calls! http://t.c,120,4,0,0,0,4,1,7576,4
45,2014-10-08,519992662511063040,".@WolfforPA has the info needed to outline his plan for a massive income tax hike...but won't
http://t.co/PoAtP4aw85 #corbettwolf",129,4,1,1,1,1,0,7576,3
46,2014-10-09,520254141734850562,.@GovernorCorbett proudly supports @PANationalGuard &amp; appreciates their service and sacrifice. #pagov http://t.co/sYVoQ3GE27,128,0,1,1,0,2,1,7576,3
47,2014-10-09,520337819508936705," Clear choice in PA race: Gov. Corbett is for energy boom, Tom Wolf is for energy taxes: http://t.co/LDI0io7RCs",111,79,0,0,1,1,0,7576,2
48,2014-10-09,520322345760985089,"""If @WolfForPA is willing to lie to the people now, imagine what he would do if he actually got elected."" -@ChrisChristie #pagov",128,11,6,1,0,2,0,7576,3
49,2014-10-09,520321815177342976,.@GovChristie: You will make the difference these next 26 days to re-elect Tom Corbett! #pagov #4moreyears http://t.co/iTAVWboiXt,129,3,3,2,0,1,1,7576,3
50,2014-10-09,520315394717151232,Gov. Corbett takes the stage and thanks our military cadets @ Valley Forge Military Academy &amp; College http://t.co/EPEAb07RG2,128,1,1,0,0,0,1,7576,0
51,2014-10-09,520317111898767361,"""With your help we are going to win on Nov. 4th"" -- @GovernorCorbett #4moreyears http://t.co/1E4ey0TbBu",103,8,6,1,0,1,1,7576,2
52,2014-10-09,520318952938168320,Gov. Corbett welcoming  @GovChristie to PA! #pagov http://t.co/qGB88ZG6TR,73,1,3,1,0,1,1,7576,2
53,2014-10-10,520653499919773696,.@GovernorCorbett maintained the @PANationalGuards Tuition Assistance Program b/c veterans deserve the best.  #pagov http://t.co/II8WD7etFs,139,7,6,1,0,2,1,7576,3
54,2014-10-10,520614538891522049,25 days left! Sign up today to help us get out the vote! http://t.co/0u1FXxcGQm #pagov,86,1,2,1,1,0,0,7576,2
55,2014-10-10,520632398607044608,.@PhillyInquirer: @WolfForPA needs to stop hiding &amp; say how high he will raise their taxes. http://t.co/Q0KyjEDcwG #pagov,125,5,6,1,1,2,0,7576,4
56,2014-10-11,521079907997085696,.@NFIB endorses @GovernorCorbett because hes the only one they trust to support PA small businesses. http://t.co/VfPBEwyl4F #pagov,130,10,5,1,1,2,0,7576,4
57,2014-10-11,521017014010540032," .@NFIB on #pagov race: ""Tom Corbett would be the best choice for #smallbiz &amp; deserves reelection as governor."" http://t.co/8n",130,11,0,2,1,2,0,7576,5
58,2014-10-11,520996297193824256,.@GovernorCorbett partnered with universities in PA to promote entrepreneurship and job creation. #pagov http://t.co/4RUUWM83p3,127,3,2,1,0,1,1,7576,2
59,2014-10-12,521437104975675394,"A strong advocate for small businesses, @GovernorCorbett ensures concerns of business owners are heard. #pagov http://t.co/vG3SHDCrR1",133,7,3,1,0,1,1,7576,2
60,2014-10-13,521720067630043136,".@NFIB: @GovernorCorbett fights for fiscal discipline, lower taxes, and more jobs. http://t.co/aLY4dUpGuH #pagov http://t.co/DGHqw5XgkJ",135,5,3,1,1,2,1,7576,4
61,2014-10-13,521729655804403712,". @GovernorCorbett brings good-paying jobs to PA. For @NFIB, the choice for governor is clear. http://t.co/pw4a0fjQUp #pagov",124,3,1,1,1,2,0,7576,4
62,2014-10-13,521737204075229185,".@NFIB chooses @GovernorCorbett over their fellow businessman, @WolfForPA. http://t.co/VfPBEwyl4F #pagov",104,2,1,1,1,3,0,7576,5
63,2014-10-13,521744737359781888,".@NFIBs 15,000 small and independent employers support @GovernorCorbett for four more years. http://t.co/VfPBEwyl4F #pagov",122,3,2,1,1,2,0,7576,4
64,2014-10-13,521752306836971520,.@NFIB :@WolfForPA has been clear from day one: as governor he will raise our taxes. http://t.co/VfPBEwyl4F #pagov http://t.co/4URMKtY8bO,137,4,3,1,1,2,1,7576,4
65,2014-10-13,521759839475621888,There is no denying that @WolfForPAs 188% income tax hike plan is absurd &amp; will destroy small businesses. http://t.co/pw4a0fjQUp #pagov,139,5,4,1,1,1,0,7576,3
66,2014-10-13,521767387826102272,.@NFIB: @WolfForPAs Fresh Start plan takes away the ability of employers to manage a successful business. http://t.co/VfPBEwyl4F #pagov,135,2,3,1,1,2,0,7576,4
67,2014-10-13,521774950303023104,.@NFIB: The trouble with @WolfForPAs tax policy is the math doesnt add up. http://t.co/VfPBEwyl4F #pagov http://t.co/we9gFDDIiD,127,13,7,1,1,2,1,7576,4
68,2014-10-13,521782493179965441,"Driving down health care costs, @GovernorCorbett signed the ""Apology Rule"" #pagov http://t.co/m5D1uuvrVC",104,4,2,1,0,1,1,7576,2
69,2014-10-13,521687195443544064,.@TribLIVE: @WolfForPAs Fresh Start education plan will double PAs personal income tax rate. http://t.co/VjLLhK4JMP #pagov,122,5,1,1,1,2,0,7576,4
70,2014-10-13,521722132678471680,.@TheIntellNews: @WolfForPA opposes reforming PAs pension crisis even though he used reforms for his company. http://t.co/OdVZM026jC #pagov,139,6,3,1,1,2,0,7576,4
71,2014-10-14,522124181283307520,The anatomy @WolfForPA dodging providing details of his 188% income tax hike: http://t.co/9DsQO43xus #pagov,107,5,5,1,1,1,0,7576,3
72,2014-10-14,522140453572190209,.@WolfForPA says he won't release the details of 188% tax increase until after the election. Sound familiar? #pagov https://t.co/li7BHRc6s9,139,5,3,1,1,1,0,7576,3
73,2014-10-14,522167120176873472,What's in a promise? @GovernorCorbett kept his promise not to raise taxes.  @WolfForPA is promising to raise taxes 188%. #pagov,127,18,5,1,0,2,0,7576,3
74,2014-10-14,522147200164696064,.@NFIB endorses @GovernorCorbett; says @WolfForPA will make it more expensive for businesses to operate. #pagov http://t.co/MZTRdA3OBH,134,13,4,1,0,3,1,7576,4
75,2014-10-14,521841273138081793," Good times at a house phone bank party for @CorbettforGov tonight in Rostraver Twp., Westmoreland County. #pagov http://t.",123,5,0,1,0,2,1,7576,3
76,2014-10-14,522043159963267072,".@PhillyInquirer: ""@WolfForPA's dumb idea about SRC."" #pagov http://t.co/tK5CVJqA1b",83,3,3,1,1,2,0,7576,4
77,2014-10-14,522079007198965760, PCADV Executive Director Peg Dierkers with @GovernorCorbett and PA First Lady @SusanMCorbett #pasaysnomore #DVAM http://t.co/,126,8,0,2,0,3,1,7576,5
78,2014-10-14,522087792290312192,.@GovernorCorbett kept his promise to help post-secondary students obtain funding promptly and efficiently. #pagov http://t.co/6QZkUGGXxk,137,3,1,1,0,1,1,7576,2
79,2014-10-14,522095481829482496,".@WolfForPA says he shouldn't have access to tax data needed to explain his tax plan. Problem is, he does. #pagov http://t.co/OQkoj0Uo3Z",136,1,2,1,1,1,0,7576,3
80,2014-10-14,522101968823926784,"Does @WolfForPA think that it ""distracts"" voters to release details on 188% tax income increase? #pagov https://t.co/NEZ2X9YXwQ",127,1,1,1,1,1,0,7576,3
81,2014-10-14,522108649142222848,".@NFIB: ""@WolfForPA has been clear from day one: as #Pagov he plans to raise the personal income tax."" http://t.co/2yLQUFfBRB",125,3,3,1,1,2,0,7576,4
82,2014-10-14,522116958314328064,".@GovEdRendell re: @WolfForPA's tax plan: ""Hes got to stand by it and explain what his goal isI think hes got to explain that."" #pagov",134,2,3,1,0,2,0,7576,3
83,2014-10-14,522121247522832384,"At this point, @WolfForPA has no idea why he has no idea about the specifics of his 188% income tax hike. http://t.co/9DsQO43xus #pagov",135,5,3,1,1,1,0,7576,3
84,2014-10-14,522121986303356929, RT @GnazzoPromotion: Great day with great leaders turning advocacy into action  @AnneDGallaher @SusanMCorbett @PBCC htt,120,3,0,0,0,5,1,7576,5
85,2014-10-15,522522363888291841,.@GovernorCorbett kept his promise to provide additional opportunities for adult education #pagov http://t.co/wxgH4Kj8MT,120,1,3,1,0,1,1,7576,2
86,2014-10-15,522353272884314113, Its been 179 days since @PAGOP called for @WolfForPA's tax returns. http://t.co/ryGgA2G2My #PAGOV,98,5,0,1,1,3,0,7576,5
87,2014-10-15,522414646452813825,Say NO to the Obama-Pelosi-Wolf agenda and help us get out the vote on Election Day! http://t.co/0u1FXxcGQm #pagov,114,8,3,1,1,0,0,7576,2
88,2014-10-15,522415667753259009,.@TribLIVE editorial: @WolfForPA is dodging yet again. #pagov http://t.co/47Esy8LVgI,84,6,2,1,1,2,0,7576,4
89,2014-10-15,522416857136267264,".@TribLIVE: @WolfForPA's tax answer ""defies credulity and comes across as the dodge that it is."" #pagov http://t.co/47Esy8LVgI",126,2,0,1,1,2,0,7576,4
90,2014-10-15,522417908920897536, Cartoon: #TomWolf will tell you everything- but not until after you elect him #Pennsylvania http://t.co/Fot0whaFJR,115,23,0,2,0,1,1,7576,3
91,2014-10-15,522439342065586176,".@WolfForPA using @NancyPelosi's playbook. Trust me,elect me,then Ill tell you how much Ill raise your taxes http://t.co/3K0mx2S8RX #pagov",138,5,2,1,1,2,0,7576,4
92,2014-10-15,522461993312083968,.@GovernorCorbett proudly signs Hannahs Law to save lives with early screening for rare disorders. http://t.co/zi1wpgOesS #pagov,128,5,7,1,1,1,0,7576,3
93,2014-10-15,522468710616154112,.@WolfForPA's campaign platform as explained by @TribLIVE editorial cartoon. #pagov http://t.co/OJPfbD5maK,106,10,7,1,0,2,1,7576,3
94,2014-10-15,522471645811073024,"VIDEO: @WolfForPA says releasing details about his campaign platform ""distracts"" from his campaign. #pagov https://t.co/y8psvaPoYs",130,6,0,1,1,1,0,7576,3
95,2014-10-15,522492224475369472,.@WolfForPA says he needs granular-level tax data (publicly available) to explain his 188% income tax hike. http://t.co/VLPagG2lgK #pagov,137,5,2,1,1,1,0,7576,3
96,2014-10-15,522496443165454336, Busy phone bank at @alleghenygop today for @CorbettforGov. Momentum in our side. #pagov http://t.co/tDZrJfiYMY,111,1,0,1,0,3,1,7576,4
97,2014-10-16,522760154761416704, Joined Gov. Corbett to greet WWII &amp; Korean vets traveling to see their War memorials in DC today w/the York Rotary. http,125,11,0,0,0,1,1,7576,1
98,2014-10-16,522822876940886017,.@GovernorCorbett was honored to meet with WWII &amp; Korean War Vets this morning at the @York_Rotary send-off. #PAgov http://t.co/OyQOhwiyLO,142,5,3,1,0,2,1,7576,3
99,2014-10-16,522823554459373571,.@GovernorCorbett was honored to meet with WWII &amp; Korean War Vets this morning at the @York_Rotary send-off. #PAgov http://t.co/irR8AUOh7r,142,8,6,1,0,2,1,7576,3
100,2014-10-16,522824688545062913,.@GovernorCorbett speaks to a member of the Greatest Generation at today's @York_Rotary Veterans send-off. #PAgov http://t.co/q6SGGWUdhn,136,3,4,1,0,2,1,7576,3
101,2014-10-16,522858511361794049,Time for @WolfForPA to come clean on how little he pays in taxes (despite his call for a 188% income tax hike).http://t.co/JWoEPIx9hN #pagov,140,4,5,1,1,1,0,7576,3
102,2014-10-16,522892905266962432,Gov. Corbett rallying the Luzerne/Lackawanna GOP tonight to get out the vote on Election Day! #pagov http://t.co/nPHBnKBAMT,123,8,4,1,0,0,1,7576,1
103,2014-10-17,523247197526061056,.@GovernorCorbett worked to eliminate fraud in abuse in Medicaid to direct funds to those most in need. #pagov http://t.co/LF4Hj73vdq,133,3,2,1,0,1,1,7576,2
104,2014-10-17,523236543159611393,".@NewsWorksWHYY: ""Pressed for more specifics on his notoriously vague tax plan, @WolfForPA said he's been as specific as he can be."" #pagov",139,9,2,1,0,2,0,7576,3
105,2014-10-17,522941976136929280,.@GovernorCorbett led the efforts to develop programs to recruit students into priority career paths. #pagov http://t.co/TikVuUU2AK,131,3,2,1,0,1,1,7576,2
106,2014-10-17,523172235012759553," Pennsylvania added 11,000 jobs last month! http://t.co/WVa1VmVc53 #PAGOV #PAjobs",81,7,0,2,1,1,0,7576,4
107,2014-10-17,523207816430223360," .@bigdalsky &amp; @GovernorCorbett both agree, this benefits the Monroe County community as a whole. http://t.co/TlUPE0W4Ft",124,6,0,0,0,3,1,7576,3
108,2014-10-17,523216198750969856,"As PA's unemployment drops again, @WolfForPA advocates for the 8th highest income tax in the US.  http://t.co/x33xIQ6UkK #pagov",127,4,1,1,1,1,0,7576,3
109,2014-10-17,523232066553380867,Say NO to an Obama-Wolf tax-and-spend agenda and help get out the vote on Nov. 4th. http://t.co/cPoddQwfKU #pagov,113,17,5,1,1,0,0,7576,2
110,2014-10-18,523565778973777920,"New study shows the Marcellus has been a godsend for PA, but @WolfForPAs tax hike can easily drive them out http://t.co/NBsdFzxloD #pagov",137,18,5,1,1,1,0,7576,3
111,2014-10-18,523489439134543872,".@PittsburghPG LTE: ""@WolfForPA...fails to provide details on his tax-and-spend proposals."" #pagov http://t.co/kEkLhX8B6I",121,4,4,1,1,2,0,7576,4
112,2014-10-18,523526539787661312,.@WolfForPA calls for creation of charter schools office that already exists #pagov cc: @edmahonreporter http://t.co/yUilOqnkAl,127,6,6,1,1,2,0,7576,4
113,2014-10-18,523579335047786497,.@GovernorCorbett fought to ensure natural gas benefits are shared directly with local communities impacted. #pagov http://t.co/C86LCV7Cu0,138,3,1,1,0,1,1,7576,2
114,2014-10-19,523934183794556928,"In a true Obama-Pelosi fashion, @WolfForPA tells voters to wait and see just how high their income tax will be.http://t.co/3K0mx2S8RX #pagov",140,10,5,1,1,1,0,7576,3
115,2014-10-19,523891300450713600,"When casting your vote for governor, ask yourself. Can I afford the 188% tax increase @WolfForPA is proposing? http://t.co/lSwTVx9qIM #pagov",140,12,7,1,1,1,0,7576,3
116,2014-10-19,523903947858137089,".@WolfForPA promises PA families a 188% income tax hike, and you can trust him to keep this promise. http://t.co/YOOIImKQTD #pagov",130,14,7,1,1,1,0,7576,3
117,2014-10-19,523915959669886976, Breaking news: Tom Corbett reveals his middle name http://t.co/woU6AiTz7y,74,6,0,0,1,1,0,7576,2
118,2014-10-19,523919043955130368,.@NFIB endorse @GovernorCorbett b/c they dont trust fellow businessman @WolfForPA to not raise taxes. http://t.co/VfPBEwyl4F #pagov,131,2,4,1,1,3,0,7576,5
119,2014-10-19,523936877045612545,.@GovernorCorbett speaks at the Wayne County Council of Republican Women's 15th Annual Harvest Gala. #pagov http://t.co/svv667Nn4x,130,4,2,1,0,1,1,7576,2
120,2014-10-20,524272806335643648,".@WolfForPA, @BarackObama &amp; @NancyPelosi -- three peas in a pod! #pagov https://t.co/9OAI7vEDsm",99,2,0,1,1,3,0,7576,5
121,2014-10-20,524023115903692800,.@GovernorCorbett fought to ensure our natural resources are developed responsibly. #pagov http://t.co/IxDtJUnzmf,113,7,2,1,0,1,1,7576,2
122,2014-10-20,524226681255362564,.@WolfForPA thinks PA families dont pay enough taxes so he wants to triple their personal income tax rate. http://t.co/rXstFLWQBh #pagov,136,6,1,1,1,1,0,7576,3
123,2014-10-20,524251263949496321,.@WolfForPA says he needs the latest data to explain his 188% income tax hike. Its already publicly available.http://t.co/VLPagG2lgK #pagov,139,5,0,1,1,1,0,7576,3
124,2014-10-20,524252121286574081,Lt. Gov. Cawley in York today to discuss @WolfforPA's 188% income tax hike &amp; its impact on the middle class. #pagov http://t.co/ebmQEW058N,142,5,3,1,0,1,1,7576,2
125,2014-10-20,524266946410598400,"Like his pal, @BarackObama, @WolfForPA wants to move Pennsylvania forward (and over a fiscal cliff).  #pagov https://t.co/9OAI7vEDsm",132,2,3,1,1,2,0,7576,4
126,2014-10-20,524267409847648256,".@WolfForPA wants to move PA ""forward"" by tripling the state income tax rate.  #pagov https://t.co/9OAI7vEDsm",109,4,2,1,1,1,0,7576,3
127,2014-10-20,524271479345913856, Remember when @WolfForPA said he would share 'whatever' the public wanted? So where are his 2013 income taxes? http://t.co/3GUiS,129,2,0,1,1,2,0,7576,4
128,2014-10-20,524273900553654273,".@WolfForPA calls for the 8th highest tax rate in the US, but won't prove he pays his fair share of PA taxes. http://t.co/JWoEPIx9hN #pagov",139,3,0,1,1,1,0,7576,3
129,2014-10-20,524296551854649345,.@PONews: @WolfForPA is anti-Second Amendment. http://t.co/IvZWMQ2jJa #pagov,76,1,1,1,1,2,0,7576,4
130,2014-10-20,524304114566459394,.@WolfForPA says Pennsylvania needs leadership. Remember this display of leadership? http://t.co/0syost9fvC #pagov,114,1,1,1,1,1,0,7576,3
131,2014-10-20,524307850860834816,Can you afford a 188% increase in your personal income tax? RT to tell @WolfForPA he is wrong on taxes! #PAGov http://t.co/nPBRDgKsVq,133,6,4,1,0,1,1,7576,2
132,2014-10-20,524315427254460416,.@WolfForPA doesn't know many details but he does know that he wants to triple your income tax rate. #PAGov https://t.co/wUXYKiSZ4c,131,5,2,1,1,1,0,7576,3
133,2014-10-20,524319231756603393,@WolfForPA's secret has been exposed! He wants to triple the income tax rate on middle class families! #pagov https://t.co/efsc2Qp6MC,133,1,1,1,1,1,0,7576,3
134,2014-10-20,524322472523354112,@WolfForPA has used Fuzzy math on his tax plan. See what @PhillyInquirer had to say about that.  #PAGov http://t.co/B9ia7CG3hu,126,0,0,1,1,2,0,7576,4
135,2014-10-20,524328768555319298,.@WolfForPA says he needs  tax data to give specifics about his 188% tax hike. Thanks to @USPS he has it!  #PAGOV http://t.co/gBH5U9gPbW,136,3,1,1,1,2,0,7576,4
136,2014-10-20,524331734075060225,.@WolfForPA wants to drive PA forward...and over the fiscal cliff with his proposed 188% income tax hike! #pagov https://t.co/WpjT9t5qz5,136,2,2,1,1,1,0,7576,3
137,2014-10-20,524338030509690880,".@WolfForPA says a family earning $90,000 a year needs to pay more in taxes. RT to tell him thats not right. #pagov http://t.co/kKYaXTPSU5",138,9,3,1,1,1,0,7576,3
138,2014-10-20,524340541773725698,.@WolfForPA wants to increase middle class  income taxes by 188%. #MillionaireWolfMonday #PAGov http://t.co/mXoaotwH4o,118,10,2,2,0,1,1,7576,3
139,2014-10-20,524347598228819968,.@WolfForPA wants 188% more of your money to pay for his spending binge in Harrisburg. #MillionaireWolfMonday #PAGov http://t.co/7jMCP44DAE,139,6,4,2,0,1,1,7576,3
140,2014-10-21,524701970729144320,.@NFIB endorses @GovernorCorbett over @WolfForPA because they worry about Wolf's 188% tax hike.  #pagov  http://t.co/KWHHCLL4E8,127,8,5,1,1,3,0,7576,5
141,2014-10-21,524353148807168000,"Like @NancyPelosi, @WolfForPA says you can't see his plan until after election day. h/t @TribLive  #PAGOV http://t.co/m7Z9jip2G9",128,8,4,1,0,3,1,7576,4
142,2014-10-21,524356933088575488,.@GovernorCorbett made PA roads safer by signing legislation banning texting while driving. #pagov http://t.co/Z2dFK8i3IE,121,5,4,1,0,1,1,7576,2
143,2014-10-21,524558761831444480,".@WolfForPA wants to move PA ""forward"" (and over a fiscal cliff)...just like @NancyPelosi and @BarackObama. #pagov https://t.co/9xnqEopOVU",138,6,2,1,1,3,0,7576,5
144,2014-10-21,524565084203270146,Worried that you pay too little in income taxes? @WolfForPA has a plan for that...he wants to TRIPLE them! #pagov https://t.co/PNXItyfmz7,137,11,2,1,1,1,0,7576,3
145,2014-10-21,524573362312327169,"When casting your vote for governor, ask yourself. Can I afford the 188% tax increase @WolfForPA is proposing?http://t.co/Uvl2zHD9xQ #PAGOV",139,7,0,1,1,1,0,7576,3
146,2014-10-21,524584674283118593,".@WolfForPA promises to triple the income tax rate, and you can trust him to keep this promise. #pagov http://t.co/YOOIImKQTD #PAGOV",132,3,1,2,1,1,0,7576,4
147,2014-10-21,524585039993245696,.@WolfForPA says raising taxes increases poverty yet he wants to triple the state income tax. https://t.co/Dq3rpbL24h #pagov,124,3,1,1,1,1,0,7576,3
148,2014-10-21,524597290720165893,"In true @NancyPelosi fashion, @WolfForPA won't discuss his tripling of the income tax til after the election. http://t.co/3K0mx2S8RX #pagov",139,4,0,1,1,2,0,7576,4
149,2014-10-21,524607316738330624,.@NFIB endorses @GovernorCorbett. They dont trust @WolfForPA's plan to triple our income tax! http://t.co/VfPBEwyl4F #pagov,123,2,1,1,1,3,0,7576,5
150,2014-10-21,524616873078321153,"Tripling the income tax rate is @WolfForPA's idea of moving PA ""forward"". CC: @NancyPelosi, @BarackObama #pagov https://t.co/7AljbG042m",135,1,0,1,1,3,0,7576,5
151,2014-10-21,524625428359569408,.@WolfForPAs plan to increase the income tax rate by 188% is unconstitutional &amp; lacks detail. http://t.co/Uvl2zHD9xQ #pagov,127,2,2,1,1,1,0,7576,3
152,2014-10-21,524639169252167681,Get the truth on @GovernorCorbetts record investment in education. http://t.co/aKzbkmbo8B  #pagov #WHPDebate,108,0,2,2,1,1,0,7576,4
153,2014-10-21,524639422642655233,".@WolfForPA is spending millions lying about @GovernorCorbetts education record,facts dont lie https://t.co/EEoXHPzUZe #pagov",125,1,4,1,1,2,0,7576,4
154,2014-10-21,524639594126798848,.@GovernorCorbett increased state education funding by $1 billion for PAs students https://t.co/q9pnLT5Diu #pagov,113,1,2,1,1,1,0,7576,3
155,2014-10-21,524639978245337088,Unspinning @WolfForPA on PAs economy and job creation. http://t.co/KQoPCZAlt2 #pagov,84,0,1,1,1,1,0,7576,3
156,2014-10-21,524640231509999617,.@WolfForPAs calls for a minimum wage increase would kill PA jobs.  #PAGov http://t.co/bvLEjbahDk,97,1,2,1,1,1,0,7576,3
157,2014-10-21,524640511395889152,Get the facts on @WolfForPAs War on Women  http://t.co/vZMNKiiZUs #pagov,72,1,1,1,1,1,0,7576,3
158,2014-10-21,524640721215954944,.@GovernorCorbett has 7 women running PA state agencies. @WolfForPA has women in spades http://t.co/xibOm4khdh #pagov,117,1,2,1,0,2,1,7576,3
159,2014-10-21,524641062804291587,The truth on @WolfForPAs own phony scandals. http://t.co/MH5BhAuj5v #pagov,74,1,2,1,1,1,0,7576,3
160,2014-10-21,524641612207767552,Mike Stack is doing his best @wolfforpa impression by refusing to answer questions. #PAGOV,90,1,2,1,0,1,0,7576,2
161,2014-10-21,524642322299256833,The truth about @WolfForPAs $1 billion severance tax. http://t.co/NCgq8mbVCK  #pagov,84,0,2,1,1,1,0,7576,3
162,2014-10-21,524642653754114049,.@WolfForPA said gas prices went through roof due to transportation bill.  They didnt.  http://t.co/KbuOk71MtW #pagov,117,2,1,1,1,1,0,7576,3
163,2014-10-21,524643004678963200,.@GovernorCorbett's impact fee helps local governments thrive. http://t.co/NCgq8mbVCK  #pagov,93,2,1,1,1,1,0,7576,3
164,2014-10-21,524643281402363905,PA is the 2nd largest natural gas producing state in the US &amp; @WolfForPA wants to put a tax on it. http://t.co/XGgNMAwIQb #pagov,132,4,2,1,0,1,1,7576,2
165,2014-10-21,524645217354665985,.@WolfForPA is a pension crisis denier. #pagov  http://t.co/zIlIHRrHr6,70,1,1,1,1,1,0,7576,3
166,2014-10-21,524645345683587072,Schools are desperate for pension relief and @WolfForPA chooses to ignore the issue. #pagov  http://t.co/zIlIHRrHr6,115,2,1,1,1,1,0,7576,3
167,2014-10-21,524645489833426944,"If @WolfForPA is elected, pension reform and property tax relief will not happen. http://t.co/zIlIHRrHr6  #pagov",112,2,1,1,1,1,0,7576,3
168,2014-10-21,524645644502573056,"No wonder @WolfForPA denies the pension crisis, millions were funneled into his company. https://t.co/7eIE2Evu1W #pagov",119,1,0,1,1,1,0,7576,3
169,2014-10-21,524645785338912768,".@WolfForPA sees no evil, ignores the pension crisis, &amp; collects millions from public unions. #pagov https://t.co/ywaJzNUzki",128,1,1,1,1,1,0,7576,3
170,2014-10-21,524646121361375232,Mike Stack has been in the Senate for 14 and has not provided a pension plan. Neither has @wolfforpa https://t.co/ywaJzNUzki #PAGov,131,7,1,1,1,1,0,7576,3
171,2014-10-21,524646423225466880,"""You have been the party of no no no no!""- Lt Governor Cawley to Mike Stack and @wolfforpa on pensions #PAGOV",109,0,1,1,0,1,0,7576,2
172,2014-10-21,524646643690655744,Here are the facts on @GovernorCorbetts commitment to Philly Schools. http://t.co/9MeZnAnLSM #pagov,99,2,1,1,1,1,0,7576,3
173,2014-10-21,524648462374408193,The truth on @WolfForPAs call for higher taxes.  http://t.co/MqDQjE5Hzz #pagov,78,3,0,1,1,1,0,7576,3
174,2014-10-21,524649467203846144,The truth on @WolfForPA and Mike Stacks so-called liquor reform. http://t.co/JYkdsu6uZI #pagov,94,2,0,1,1,1,0,7576,3
175,2014-10-21,524649684267454464,.@WolfForPA opposes any reform giving PA customers the convenience they want. #pagov http://t.co/SiEgiN4PP1,107,5,2,1,0,1,1,7576,2
176,2014-10-21,524649897786880002,"""It's not the wild west out there Mike!""-Lt. Governor Cawley to Mike Stack on liquor reform. #PAGov",99,1,0,1,0,0,0,7576,1
177,2014-10-21,524650140557402112,"""@wolfforpa is for legalizing marijuana but you can't buy a bottle of wine at the grocery store""- Lt Governor Cawley #PAGov",123,3,5,1,0,1,0,7576,2
178,2014-10-21,524650552538714112,"""There is overwhelming support of liquor privatization""- Lt. Governor Cawley. #PAGov",84,0,1,1,0,0,0,7576,1
179,2014-10-21,524650913513082880,Mike Stack says he does not support going beyond CBD oil yet supports decriminalization of marijuana on his website. #PAGov,123,2,0,1,0,0,0,7576,1
180,2014-10-21,524651146385051650,A growing economy &amp; record investment in state education. We need 4 more years of @GovernorCorbett and Lt. Governor Cawley! #pagov,134,4,2,1,0,1,0,7576,2
181,2014-10-21,524665957625901056,Why won't @WolfForPA talk about his plan to triple your income tax? #pagov https://t.co/nO7IlaVMlA,98,2,3,1,1,1,0,7576,3
182,2014-10-21,524670039463854080,Knock knock! Who's there? @WolfForPA!  @WolfForPA who?!  @WolfForPA wants to raise your taxes 188%! #pagov http://t.co/3VhPG18C1P,129,5,2,1,0,3,1,7576,4
183,2014-10-21,524674018301845504,.@WolfForPA's idea of moving PA forward includes a 188% income tax hike. #pagov cc: @NancyPelosi &amp; @BarackObama https://t.co/7AljbG042m,139,2,0,1,1,3,0,7576,5
184,2014-10-21,524677770983391232,Does @WolfForPA think it's a distraction to release the details of his 188% income tax? #pagov https://t.co/rpLxqCyznL,118,1,1,1,1,1,0,7576,3
185,2014-10-21,524681065240088576,.@WolfForPA's secret plan to triple your income tax has been exposed.  No wonder he won't discuss it! #pagov https://t.co/PNXItyfmz7,132,2,3,1,1,1,0,7576,3
186,2014-10-21,524688381293236224,.@WolfForPA wants to triple your tax rate. Is that why he won't talk about it? #pagov http://t.co/XPUi5BpXZ5 http://t.co/qzeNpFx1EI,131,11,4,1,1,1,1,7576,3
187,2014-10-21,524693699310411776,"Dauphin/Cumberland GOP are ready to GOTV for #4moreyears ""With your help we are going to win on Nov 4th!"" #pagov http://t.co/PHDgq7YccK",135,1,2,2,0,0,1,7576,2
188,2014-10-21,524694122825650176,The @PhillyInquirer takes @WolfForPA to task for not releasing details of his plan to triple the income tax. #pagov http://t.co/W3xaBm3VCD,138,0,1,1,1,2,0,7576,4
189,2014-10-21,524698456313458688,".@TribLIVE: ""@WolfForPA's @PAFreshStart: Vague &amp; stale.""  (Spoiler alert: They discuss Wolf's 188% tax hike) #pagov http://t.co/XPUi5BpXZ5",142,6,1,1,1,3,0,7576,5
190,2014-10-21,524707512155512832,"Like @NancyPelosi, @WolfForPA says you can't see details of his 188% income tax hike until AFTER the election  #pagov http://t.co/4x6DL9KTc8",140,9,4,1,0,2,1,7576,3
191,2014-10-22,524960948209991680,Tripling the income tax rate is @WolfForPAs idea of moving PA forward?  http://t.co/AxGvyw8Aon #pagov,101,2,2,1,1,1,0,7576,3
192,2014-10-22,524713010875469824,Does @WolfForPA even know the details of his 188% income tax hike? #pagov https://t.co/G5h67iQ5Z9,97,4,1,1,1,1,0,7576,3
193,2014-10-22,524717581702148096,Good news!  We found out about @WolfForPA's plan to triple our income tax rate...BEFORE election day.  #pagov https://t.co/PNXItyfmz7,133,9,1,1,1,1,0,7576,3
194,2014-10-22,524726899705004033,.@GovernorCorbett provided support to help pass our tradition of agriculture to the next generation. #pagov http://t.co/k8Jrdltsfo,130,1,1,1,0,1,1,7576,2
195,2014-10-22,524938012397174784,The cornerstone of @WolfForPAs Fresh Start plan is to triple your taxes. http://t.co/V2t5lXielJ #pagov,102,0,0,1,1,1,0,7576,3
196,2014-10-22,524945892017582080,"On Nov. 4th, the choice is yours. A stronger PA with @GovernorCorbett or a 188% tax increase from @WolfForPA. #pagov http://t.co/CmiUyxPpxx",139,9,6,1,0,2,1,7576,3
197,2014-10-22,524953426824671233,.@WolfForPA is joining the Obama-Pelosi team to bring the 8th highest income tax to PA. http://t.co/AxGvyw8Aon #pagov,117,6,0,1,1,1,0,7576,3
198,2014-10-22,524968570044690433,"For @WolfForPA to keep his false promises for reckless spending, he needs to triple your income tax rate. #pagov http://t.co/HkceZSsKH2",135,2,1,1,0,1,1,7576,2
199,2014-10-22,524976049407270912,.@BarackObama would be proud of @WolfForPAs 188% income tax hike. http://t.co/AxGvyw8Aon #pagov,95,5,3,1,1,2,0,7576,4
200,2014-10-22,524983656234766337,"If raising taxes makes it harder to escape poverty, why does @WolfForPA want to triple the income tax? https://t.co/Na62Vu2up3 #pagov",133,2,2,1,1,1,0,7576,3
201,2014-10-22,524991153993564160,"PAs income tax rate is one of the lowest of any state, but @WolfForPAs plan will change that.  #pagov http://t.co/ECx6MyKO06",124,5,1,1,0,1,1,7576,2
202,2014-10-22,524998769478094848,".@WolfForPA wants to triple your income tax rate, and you can trust him to keep that promise. https://t.co/IhMS8EoQwt #pagov",124,3,0,1,1,1,0,7576,3
203,2014-10-22,525006263935967232,.@WolfForPA wants to you to rest easy knowing that hell increase your income tax by 188%.  https://t.co/IhMS8EoQwt #pagov,121,2,1,1,1,1,0,7576,3
204,2014-10-22,525013887725207553,Dont be fooled by @WolfForPAs empty rhetoric- he will raise taxes to please his public sector union friends.#pagov http://t.co/EeTUswn0sy,137,19,8,1,0,1,1,7576,2
205,2014-10-22,525021357508009986,.@WolfForPAs massive spending proposals mean a massive tax increase of 188%! https://t.co/PNXItyfmz7 #pagov,107,2,0,1,1,1,0,7576,3
206,2014-10-22,525028941757571073,.@WolfForPA is doing everything he can to hide the fact he will triple the income tax rate. https://t.co/PNXItyfmz7 #pagov,122,2,1,1,1,1,0,7576,3
207,2014-10-22,525051807878615041,.@WolfForPA says taxes drive people away yet he's calling for $6 billion in tax increases. http://t.co/I6WbaZK5aA #pagov,120,3,1,1,1,1,0,7576,3
208,2014-10-22,525059137269272577,.@WolfForPA panders to the public sector union bosses instead of explaining his 188% tax plan. http://t.co/RN6UhdOfzW #pagov,124,2,1,1,1,1,0,7576,3
209,2014-10-23,525308255799492609,"Worried about @WolfForPAs 188% income tax hike, @StackForPa is keeping his options open. http://t.co/CpWLZPsGXP #pagov",118,2,2,1,1,2,0,7576,4
210,2014-10-23,525323323824017410,.@GovernorCorbett: @WolfForPA is at your door and he wants your pocketbook. http://t.co/S2TB5kimII #pagov,105,2,0,1,1,2,0,7576,4
211,2014-10-23,525330998787993600,.@TribLive: @WolfForPAs call for a 188% tax increase on businesses will hurt the economy. http://t.co/S2TB5kimII #pagov,119,0,0,1,1,2,0,7576,4
212,2014-10-23,525338446781362176,.@WolfForPA wants us to elect him BEFORE he explains his 188% income tax hike plan. http://t.co/jv8VzOfmUA #pagov,113,3,0,1,1,1,0,7576,3
213,2014-10-23,525346049796214788,This race boils down to how much @WolfForPA will raise his taxes. #pagov http://t.co/0KFWkxIkP8,95,1,1,1,0,1,1,7576,2
214,2014-10-23,525353550507819008,.@GovernorCorbett is standing up to @WolfForPAs 188% tax increase on PA families. #pagov http://t.co/5CH7OsqoDP,111,6,4,1,0,2,1,7576,3
215,2014-10-23,525361118982598656,.@GovernorCorbett is running to build a stronger PA and b/c @WolfForPA wants to triple your taxes. #pagov http://t.co/JvYd2FamXj,128,8,3,1,0,2,1,7576,3
216,2014-10-23,525368647905062912,The cornerstone of @WolfForPAs Fresh Start plan is to triple your taxes. http://t.co/PZu5yi3rXD #pagov,102,2,0,1,1,1,0,7576,3
217,2014-10-23,525372391598194688,.@StackForPA: Are you keeping your senate seat b/c youre worried about @WolfForPAs 188% tax hike? http://t.co/5gqKxBhCXC #pagov,127,2,0,1,1,2,0,7576,4
218,2014-10-23,525376550351290368,"On Nov. 4th, the choice is yours. A stronger PA with @GovernorCorbett or a 188% tax increase from @WolfForPA. #pagov http://t.co/NYPq5yqjPs",139,4,2,1,0,2,1,7576,3
219,2014-10-23,525383704521101312,"By tripling the income tax, @WolfForPA will move PA forwardoff a cliff. http://t.co/AxGvyw8Aon #pagov",101,2,0,1,1,1,0,7576,3
220,2014-10-23,525391330688503808,.@BarackObama would be proud of @WolfForPAs absurd 188% income tax hike. http://t.co/AxGvyw8Aon #pagov,102,7,1,1,1,2,0,7576,4
221,2014-10-23,525398853416013824,".@WolfForPA wants to triple your income tax rate, and you can trust him to keep that promise. https://t.co/IhMS8EoQwt #pagov",124,7,1,1,1,1,0,7576,3
222,2014-10-23,525413914540908544,"If raising taxes makes it harder to escape poverty, why does @WolfForPA want to triple their income tax? https://t.co/Na62Vu2up3 #pagov",135,3,3,1,1,1,0,7576,3
223,2014-10-23,525421494424195072,"For @WolfForPA to keep his false promises for reckless spending, he needs to triple your income tax rate. #pagov http://t.co/Jww3wBgsFr",135,6,2,1,0,1,1,7576,2
224,2014-10-23,525429003142721536,.@WolfForPA is joining the Obama-Pelosi team to bring the 8th highest income tax to PA. http://t.co/AxGvyw8Aon #pagov,117,4,2,1,1,1,0,7576,3
225,2014-10-23,525081742953037825,".@WolfForPA says raising taxes make it harder to escape poverty, but calls for a 188% tax increase. https://t.co/Na62Vu2up3 #pagov",130,3,1,1,1,1,0,7576,3
226,2014-10-23,525090569086050304,.@GovernorCorbett required agency advisory committees to post meeting info online to increase transparency #pagov http://t.co/ZCm2EQHNrS,136,5,4,1,0,1,1,7576,2
227,2014-10-23,525266400865435648,".@TribLIVE: ""@GovernorCorbett rips @WolfForPA tax proposals during Hempfield campaign stop"" #pagov http://t.co/eGsnHGl13s",121,5,2,1,1,3,0,7576,5
228,2014-10-23,525301450881368064,Even @StackForPA is worried about @WolfForPAs 188% income tax hike. Awkward. http://t.co/qgrYIIwNiu #pagov,106,3,2,1,1,2,0,7576,4
229,2014-10-23,525315871325974528,.@StackForPA says theres no rush to vacate his senate seat. Is it b/c of @WolfForPAs 188% income tax hike? http://t.co/5gqKxBhCXC #pagov,136,5,1,1,1,2,0,7576,4
230,2014-10-24,525731018263646209,.@WolfForPAs 188% income tax hike will take PA back to the days of high unemployment &amp; a struggling economy. http://t.co/cjsa6LftDp #pagov,142,3,0,1,1,1,0,7576,3
231,2014-10-24,525747080904855552,Great group of women #smallbiz leaders @ Beth's Barricades in Gibsonia to support Gov. Corbett #4moreyears #pagov http://t.co/RcoTspj0cx,136,3,1,3,0,0,1,7576,3
232,2014-10-24,525753699797184513,The race for governor comes down to taxes and how much @WolfForPA wants to raise them. http://t.co/Vx3g3BKDFJ #pagov,116,3,1,1,1,1,0,7576,3
233,2014-10-24,525761205130891268,.@TribLive: @WolfForPAs call for a 188% tax increase on businesses will hurt the economy. http://t.co/S2TB5kimII #pagov,119,6,2,1,1,2,0,7576,4
234,2014-10-24,525768774364839937,.@CorbettforGov stands up to @WolfForPA's call for a 188% tax increase. http://t.co/1NEmNKkda7 #pagov,101,4,1,1,1,2,0,7576,4
235,2014-10-24,525783903810764800,.@GovernorCorbett: @WolfForPA is at your door and he wants your pocketbook. http://t.co/S2TB5kimII #pagov,105,10,4,1,1,2,0,7576,4
236,2014-10-24,525776336363597826,.@StackForPA says theres no rush to fill his senate seat. Is it b/c of @WolfForPAs 188% income tax hike? http://t.co/5gqKxBhCXC #pagov,134,2,1,1,1,2,0,7576,4
237,2014-10-24,525436613686341632,.@StackForPa wants to be the Lt. Governor while keeping his senate seat. More tax dollars for him. http://t.co/5gqKxBhCXC #pagov,128,1,0,1,1,1,0,7576,3
238,2014-10-24,525437260653928449,.@WolfForPA needs to come clean about his support for @BarackObama and his disastrous policies. #pagov http://t.co/wzOUuA8von,125,5,0,1,0,2,1,7576,3
239,2014-10-24,525438267186233344,Why won't @WolfForPA say whether or not he voted @BarackObama? #pagov http://t.co/N9tY5e4zxq http://t.co/1vU8JN6sEU,115,2,1,1,2,2,0,7576,5
240,2014-10-24,525438654224023552,VIDEO: @WolfForPA was asked if he voted for @BarackObama - and both times he refused to answer. #pagov http://t.co/N9tY5e4zxq,125,9,0,1,1,2,0,7576,4
241,2014-10-24,525444107112427520,.@WolfForPA: how do you feel about @StackForPA not ready to give up his senate seat? http://t.co/5gqKxBhCXC #pagov,114,0,0,1,1,2,0,7576,4
242,2014-10-24,525445373830377472,"So, @WolfForPA....did you vote for @BarackObama? #pagov http://t.co/4xt8NnaDCv",78,8,5,1,1,2,0,7576,4
243,2014-10-24,525446052602998785,".@WolfForPA won't say if he voted for @BarackObama, even though he was a maxed out donor to him. #pagov http://t.co/1vU8JN6sEU",126,9,7,1,1,2,0,7576,4
244,2014-10-24,525459749463416832,"For patient safety,@GovernorCorbett signed legislation mandating inspections of facilities providing abortions.#pagov http://t.co/t28kgGg77r",140,3,1,1,0,1,1,7576,2
245,2014-10-24,525633002064605184,".@PennLive LTE: ""While @GovernorCorbett leads, @WolfForPA misleads"" #pagov http://t.co/CEnznw41VE",97,5,1,1,1,3,0,7576,5
246,2014-10-24,525658083658563584,"Beware of @WolfForPA, hes coming to triple your taxes. http://t.co/ED0SCqaBDV #pagov",84,5,0,1,1,1,0,7576,3
247,2014-10-24,525670648358510592,Voting for @WolfForPA is like voting to cut your own pay. Thats crazy. http://t.co/XChNLHY7GN #pagov,100,5,3,1,1,1,0,7576,3
248,2014-10-24,525678232251543552,"With @WolfForPAs pledge to triple the income tax rate, even @StackForPA is looking for a second job. http://t.co/CpWLZPsGXP #pagov",130,2,0,1,1,2,0,7576,4
249,2014-10-24,525685914635223041,WARNING! Hide your wallets! @WolfForPA is coming for more of your hard-earned money. http://t.co/XChNLHY7GN #pagov,114,2,0,1,1,1,0,7576,3
250,2014-10-24,525693323575451648,.@WolfForPA &amp; @StackForPA are already finding ways around the PA constitution to raise your taxes. http://t.co/CpWLZPsGXP  #pagov,133,0,0,1,1,2,0,7576,4
251,2014-10-24,525791392627310593,.@WolfForPAs 188% tax hike combined with @BarackObamas health care costs will stifle economic growth.  http://t.co/S2TB5kimII #pagov,132,4,3,1,1,2,0,7576,4
252,2014-10-24,525785724063604736,How much does @WolfForPA want to raise your taxes?  THISSSS MUCH!  #pagov http://t.co/OiXf6GT2Qn,96,12,4,1,0,1,1,7576,2
253,2014-10-24,525700863222763520,.@WolfForPAs 188% tax increase will cripple PAs economy. http://t.co/S2TB5kimII #pagov,86,4,0,1,1,1,0,7576,3
254,2014-10-24,525708409316724737,.@WolfForPAs 188% tax increase means less money for small businesses to thrive and grow. http://t.co/S2TB5kimII #pagov,118,2,0,1,1,1,0,7576,3
255,2014-10-24,525715898263277568,The math is simple. @WolfForPAs proposal for several billion in state spending means higher taxes for you. #pagov http://t.co/6t1UoXTQcA,136,6,1,1,0,1,1,7576,2
256,2014-10-24,525723492268777474,.@PennLive: @WolfForPAs vision for PA is to increase taxes on hardworking Pennsylvanians. http://t.co/cjsa6LftDp #pagov,119,4,1,1,1,2,0,7576,4
257,2014-10-25,526131123588317188,How much does @WolfForPA want to raise your taxes? THISSSS MUCH! #pagov http://t.co/OiXf6GT2Qn,94,5,3,1,0,1,1,7576,2
258,2014-10-25,526153795013595136,Oct 28th is the deadline for absentee ballots.Cast your vote for less taxes &amp; more jobs with @GovernorCorbett! http://t.co/6HWW9xfGcF #pagov,144,1,0,1,1,1,0,7576,3
259,2014-10-25,526138646873640960,Stop @WolfForPA from making his 188% income tax hike a reality by helping to get out the vote on Election Day! http://t.co/cPoddQwfKU #pagov,140,6,3,1,1,1,0,7576,3
260,2014-10-25,526123589200654337,.@PennLive: @WolfForPA's vision for PA is to take us back to days of reckless spending and higher taxes. http://t.co/cjsa6LftDp #pagov,134,4,3,1,1,2,0,7576,4
261,2014-10-25,526116081610416128,Even people who scare people for a living are scared of @WolfForPAs 188% tax hike! http://t.co/XChNLHY7GN #pagov,112,4,2,1,1,1,0,7576,3
262,2014-10-25,526108514763042816,.@WolfForPA: how does tripling the income tax rate make it easier to escape poverty? https://t.co/Na62Vu2up3 #pagov,115,3,0,1,1,1,0,7576,3
263,2014-10-25,526100952114155520,"With no details on his 188% tax hike, @WolfForPA will lead PA forwardoff a cliff. http://t.co/AxGvyw8Aon #pagov",111,0,1,1,1,1,0,7576,3
264,2014-10-25,526098752520859648,Westmoreland County is ready to get out the vote on Election Day for the Corbett-Cawley ticket! #pagov #4moreyears http://t.co/VYtOWX25sC,137,11,7,2,0,0,1,7576,2
265,2014-10-25,526093370339229697,.@WolfForPA won't provide details on his 188% tax hike but no worries hell move PA forward like @BarackObama. http://t.co/AxGvyw8Aon #pagov,139,2,2,1,1,2,0,7576,4
266,2014-10-25,526085890666295297,"To pay for @WolfForPa's $6.5 billion in new spending, he has to triple the income tax on the middle class. http://t.co/PZu5yi3rXD #pagov",136,3,2,1,1,1,0,7576,3
267,2014-10-25,526078267648770048,.@WolfForPA thinks two teachers making $45K are rich like him &amp; should pay more in taxes. http://t.co/SJpjpwkfGb #pagov,123,2,2,1,1,1,0,7576,3
268,2014-10-25,526076563574755328,How much does @WolfForPA love taxes?  THISSSS MUCH! #pagov http://t.co/KVaNo4piNv,81,2,4,1,0,1,1,7576,2
269,2014-10-25,526070737115697152,"Middle-class families havent seen a raise in their income tax. Luckily, @WolfForPA has a 188% tax hike plan. http://t.co/YOOIImKQTD #pagov",138,3,1,1,1,1,0,7576,3
270,2014-10-25,526064534294114304," Met @WolfForPA today, he sadly didn't have much to say about his plan for PA. Only responded with "" I don't know"". http",120,3,0,0,0,2,1,7576,2
271,2014-10-25,526063177847427074,.@WolfForPA wants to triple the income tax rate b/c clearly PA families make too much money http://t.co/YOOIImKQTD #pagov,121,1,2,1,1,1,0,7576,3
272,2014-10-25,526055660190834689,Which do you prefer? Saving for your kids college or paying @WolfForPAs 188% tax increase? http://t.co/YOOIImKQTD #pagov,120,3,0,1,1,1,0,7576,3
273,2014-10-25,526048067024199680,Pennsylvanians can rest easy knowing @WolfForPA wants to triple the income tax rate. http://t.co/YOOIImKQTD #pagov,114,4,1,1,1,1,0,7576,3
274,2014-10-25,526041806782627840,Only in @WolfForPAs dreams &amp; Pennsylvanians nightmares would voters allow a 188% tax increase. http://t.co/ED0SCqaBDV #pagov,128,1,0,1,1,1,0,7576,3
275,2014-10-25,526041514297012225, @CorbettforGov good luck on the campaign trail today. It was nice to have breakfast with you this morning #pagov http://t.co/h8,128,2,0,1,0,2,1,7576,3
276,2014-10-25,526007911173357568,Volunteers in Butler Co. get a special sendoff from Gov. Corbett &amp; @MikeKellyforPA3 before hitting doors today #pagov http://t.co/84sgF812IF,144,6,3,1,0,1,1,7576,2
277,2014-10-25,525814113109164033,.@GovernorCorbett provided funding for pregnancy counseling centers that offer alternatives to abortion. #pagov http://t.co/SGe39oXi2Q,134,8,3,1,0,1,1,7576,2
278,2014-10-25,525806486320988160,.@WolfForPA panders to the public sector union bosses instead of explaining his 188% tax plan. http://t.co/RN6UhdOfzW #pagov,124,5,2,1,1,1,0,7576,3
279,2014-10-25,525798999362510848,.@WolfForGov promises to raise taxes and spending but he won't tell you how much. http://t.co/UwXzMMsdO5 #pagov,111,4,2,1,1,0,0,7576,2
280,2014-10-26,526508667139403776,Think about it for a second. @WolfForPAs plan to move PA forward is to triple the income tax rate. http://t.co/AxGvyw8Aon #pagov,128,7,3,1,1,1,0,7576,3
281,2014-10-26,526176419110330368,.@GovernorCorbett developed incentives for high-quality physicians to practice and train in PA. #pagov http://t.co/8cgOkbIiHT,125,6,2,1,0,1,1,7576,2
282,2014-10-26,526425307897929729,".@WmsptSunGazette: ""@CorbettforGov clearly the choice over @WolfForPAs dangerous agenda."" http://t.co/IWhCQMrMg0 #pagov",119,3,1,1,1,3,0,7576,5
283,2014-10-26,526433141603319808,""".@WolfForPAs Fresh Start plan is a playbook with very little problem solving &amp; a 188% income tax hike."" http://t.co/S56aboJh4P #pagov",138,1,1,1,1,1,0,7576,3
284,2014-10-26,526440643803889664,".@WmsptSunGazette: ""Contrary to @WolfForPA's ridiculous claims, @CorbettforGov increased education funding."" http://t.co/S56aboJh4P #pagov",138,4,2,1,1,3,0,7576,5
285,2014-10-26,526448261993738240,".@WmsptSunGazette: ""@WolfForPAs 188% income tax hike will take this state in a dangerous direction."" http://t.co/S56aboJh4P #pagov",130,2,0,1,1,2,0,7576,4
286,2014-10-26,526455778337492992,A vote for @WolfForPA is a vote for a 188% income tax hike. #pagov http://t.co/51dZGEZg4Y,89,26,3,1,0,1,1,7576,2
287,2014-10-26,526463352017399808,.@WolfForPA has one promise for PA families and small-business. He will triple their taxes. #pagov http://t.co/70USt2KlLu,121,9,2,1,0,1,1,7576,2
288,2014-10-26,526470869082591232,Written in black and white. @WolfForPA's 188% income tax hike is unconstitutional. http://t.co/y0n8qiuAiG #pagov,112,4,1,1,1,1,0,7576,3
289,2014-10-26,526478454359728128,"To pay for his $6.5 billion in new spending, @WolfForPa wants to place a 188% tax hike on job creators. http://t.co/aaB7eh2JgH #pagov",133,0,0,1,1,1,0,7576,3
290,2014-10-26,526485971911446528,.@WolfForPA wants to triple your income tax b/c he thinks he knows how to spend your money better than you do. http://t.co/YOOIImKQTD #pagov,140,5,0,1,1,1,0,7576,3
291,2014-10-26,526493506659819520,So @WolfForPA wants to triple the income tax rate.  Whats next? The income tax? http://t.co/YOOIImKQTD #pagov,109,0,0,1,1,1,0,7576,3
292,2014-10-26,526501054909673472,"Worried Harrisburg isnt getting enough of your money? No worries, @WolfForPA has a 188% income tax hike plan. http://t.co/YOOIImKQTD #pagov",139,3,1,1,1,1,0,7576,3
293,2014-10-26,526516174935175169,".@WolfForPA wants to triple the income tax rate. No reason why PA families couldnt work 2 or 3 jobs, right?. http://t.co/YOOIImKQTD #pagov",138,9,0,1,1,1,0,7576,3
294,2014-10-27,526848378945019904,So @WolfForPA wants to triple the income tax rate. Whats next? An increase in the sales tax? http://t.co/YOOIImKQTD #pagov,122,1,0,1,1,1,0,7576,3
295,2014-10-27,526523703324971009,Fellow businessman @WolfForPA thinks the best way to grow a business is to triple the income tax rate. #pagov http://t.co/dL7ltLof5C,132,6,0,1,0,1,1,7576,2
296,2014-10-27,526538840303865860,".@GovernorCorbett strengthened funding for autism programs, including the adult autism waiver. #pagov http://t.co/J8cXdaubJW",124,8,3,1,0,1,1,7576,2
297,2014-10-27,526765384649543680,A clear choice: A brighter future for PA w/ @GovernorCorbett or @WolfForPAs 188% income tax hike. #pagov http://t.co/0BRoCGGkJe,127,3,2,1,0,2,1,7576,3
298,2014-10-27,526772877018681344,.@WolfForPA loves raising taxes so much hes planning to triple the income tax rate. #pagov http://t.co/dsMFBRdZCM,113,2,0,1,0,1,1,7576,2
299,2014-10-27,526780440045039617,You work hard for your paycheck. RT if you dont want to pay 188% more in taxes under @WolfForPA. #pagov http://t.co/gCjA5Fqg8t,126,26,8,1,0,1,1,7576,2
300,2014-10-27,526787999963435014,The fate of PA is in your hands. @GovernorCorbett = A Stronger PA. @WolfForPA = 188% income tax hike. #pagov http://t.co/A4mY3ptvZd,131,8,3,1,0,2,1,7576,3
301,2014-10-27,526795546736865280,Pennsylvanians can rest easy knowing @WolfForPA wants to triple the income tax rate. http://t.co/YOOIImKQTD #pagov,114,13,1,1,1,1,0,7576,3
302,2014-10-27,526803080432467968,Which do you prefer? Saving for your kids college or paying @WolfForPAs 188% tax increase? http://t.co/YOOIImKQTD #pagov,120,4,3,1,1,1,0,7576,3
303,2014-10-27,526810648483606528,.@WolfForPA wants to triple the income tax rate b/c he thinks PA families make too much money http://t.co/YOOIImKQTD #pagov,123,0,1,1,1,1,0,7576,3
304,2014-10-27,526818188655210497,"Think you dont pay enough in taxes? Youre in luck, b/c @WolfForPA wants to triple your income tax. http://t.co/YOOIImKQTD #pagov",128,2,0,1,1,1,0,7576,3
305,2014-10-27,526825721335779328,How much does @WolfForPA want to raise your taxes? THISSSS MUCH! #pagov http://t.co/OiXf6GT2Qn,94,4,2,1,0,1,1,7576,2
306,2014-10-27,526833235162984448,A vote for @WolfForPA is a vote for a 188% income tax hike. #pagov http://t.co/yeb8pKI1rT,89,4,3,1,0,1,1,7576,2
307,2014-10-27,526840819001466880,.@WolfForPA wants to triple your income tax. He thinks he knows how to spend your money better than you do. http://t.co/YOOIImKQTD #pagov,137,1,1,1,1,1,0,7576,3
308,2014-10-27,526855901441818624,"Worried Harrisburg isnt getting enough of your money? No worries, @WolfForPA has a 188% income tax hike plan. http://t.co/YOOIImKQTD #pagov",139,2,1,1,1,1,0,7576,3
309,2014-10-27,526863436282482689,Think about it for a second. @WolfForPAs plan to move PA forward is to triple the income taxes rate. http://t.co/AxGvyw8Aon #pagov,130,8,0,1,1,1,0,7576,3
310,2014-10-27,526871019504410625,Says @WolfForPA wants to triple the income tax rate. No reason why PA families couldnt work 2 or 3 jobs. http://t.co/YOOIImKQTD #pagov,134,8,4,1,1,1,0,7576,3
311,2014-10-28,527218392193695744,So @WolfForPA wants to triple the income tax rate. Whats next? An increase in the sales tax? http://t.co/YOOIImKQTD #pagov,122,1,0,1,1,1,0,7576,3
312,2014-10-28,526901195059634176,.@GovernorCorbett partnered w/ PA school districts to support teacher professional development opportunities #pagov http://t.co/V2Ty92FuXS,138,9,6,1,0,1,1,7576,2
313,2014-10-28,527127812524617728,Its scary how @WolfForPA thinks a 188% income tax hike is good for PA families and small businesses. http://t.co/XChNLHY7GN #pagov,130,3,1,1,1,1,0,7576,3
314,2014-10-28,527135290008162304,.@WolfForPA cant wait to triple the income tax and spend Pennsylvanians hard-earned money. http://t.co/YOOIImKQTD #pagov,120,1,0,1,1,1,0,7576,3
315,2014-10-28,527142871778881536,Whats better? PA families saving for their kids college or @WolfForPAs 188% income tax hike? http://t.co/YOOIImKQTD #pagov,122,2,2,1,1,1,0,7576,3
316,2014-10-28,527150397111017472,.@WolfForPA needs a 188% income tax hike to pay for his $6.5 billion in state spending. http://t.co/PZu5yi3rXD #pagov,117,2,1,1,1,1,0,7576,3
317,2014-10-28,527158007159721984,Not sure how to spend your hard-earned money? @WolfForPA will spend it for you by tripling your income tax. http://t.co/YOOIImKQTD #pagov,137,4,0,1,1,1,0,7576,3
318,2014-10-28,527165505757409281,"Doing his best @BarackObama impression, @WolfForPA thinks a 188% income tax hike will move PA Forward. http://t.co/AxGvyw8Aon #pagov",132,3,2,1,1,2,0,7576,4
319,2014-10-28,527173075326889984,"Since when has a tax hike, let alone a 188% tax hike, ever helped small businesses grow? #pagov http://t.co/joeHOD9NXG",118,4,0,1,0,0,1,7576,1
320,2014-10-28,527180604903682048,"Worried about having too much money? No worries, @WolfForPA has a plan to triple the income tax. http://t.co/YOOIImKQTD #pagov",126,1,0,1,1,1,0,7576,3
321,2014-10-28,527188184648515584,.@WolfForPAs Fresh Start plan is filled with empty rhetoric and a promise to increase taxes. #pagov http://t.co/lbmk65DLcm,122,9,1,1,0,1,1,7576,2
322,2014-10-28,527195719401099264,.@WolfForPAs plan to triple the state income tax is wrong and dangerous for PA. #pagov http://t.co/mUHjVKvkxk,109,7,5,1,0,1,1,7576,2
323,2014-10-28,527202298922283008,Think about it for a second. @WolfForPAs plan to move PA forward is to triple the income tax rate. http://t.co/gkhiBr7mlc #pagov,128,3,1,1,1,1,0,7576,3
324,2014-10-28,527233461312974849,"Worried Harrisburg isnt getting enough of your money? No worries, @WolfForPA wants to triple your income tax. http://t.co/YOOIImKQTD #pagov",139,10,3,1,1,1,0,7576,3
325,2014-10-28,527210767469137922,.@WolfForPA wants to triple the income tax rate. No reason why PA families couldnt work 2 or 3 jobs. http://t.co/YOOIImKQTD #pagov,130,6,0,1,1,1,0,7576,3
326,2014-10-28,527225895941984256,The fate of PA is in your hands. @GovernorCorbett = A Stronger PA. @WolfForPA = 188% income tax hike. #pagov http://t.co/qJBH0I26sE,131,5,1,1,0,2,1,7576,3
327,2014-10-29,527588242338480128,PAs fate is up to you. @GovernorCorbett or @WolfforPAs 188% income tax hike. #pagov http://t.co/m2RXkvGEQo,106,26,7,1,0,2,1,7576,3
328,2014-10-29,527263658758254594,.@GovernorCorbett made the PA DEP permitting process more efficient and eliminated backlogs. #pagov http://t.co/Tp9tZ679m4,122,7,3,1,0,1,1,7576,2
329,2014-10-29,527512564037861376,.@WolfForPA is for higher taxes &amp; less jobs. @CorbettforGov is for lower taxes &amp; a growing economy. #pagov http://t.co/KF3KN8PsbV,137,11,1,1,0,2,1,7576,3
330,2014-10-29,527527839159943169,There are 6 days left until Election Day. @WolfForPA still hasn't provided details on his 188% income tax hike.#pagov http://t.co/qXUm6b9Qac,140,3,1,1,0,1,1,7576,2
331,2014-10-29,527535408708468736,"Beware of @WolForPA, he wants to triple the income tax &amp; spend more of your hard-earned money. http://t.co/XChNLHY7GN #pagov",128,2,1,1,1,0,0,7576,2
332,2014-10-29,527542936989220864,.@WolfForPA thinks a 188% income tax hike is fair to the middle class. http://t.co/0syost9fvC #pagov,100,5,1,1,1,1,0,7576,3
333,2014-10-29,527550534211735553,Multimillionaire @WolfForPA thinks middle-class families are rich like him &amp; should pay more taxes. http://t.co/YOOIImKQTD #pagov,133,3,0,1,1,1,0,7576,3
334,2014-10-29,527558021522542592,.@WolfForPA thinks a 188% income tax hike will move PA forward http://t.co/AxGvyw8Aon #pagov,92,2,1,1,1,1,0,7576,3
335,2014-10-29,527565598377537536,.@WolfForPA wants PA to elect him BEFORE giving details on his 188% income tax hike. http://t.co/jv8VzOfmUA #pagov,114,3,1,1,1,1,0,7576,3
336,2014-10-29,527573120668811265,.@WolfForPA cant hide behind his fancy TV ads anymore b/c his 188% income tax hike plan has been exposed. http://t.co/jv8VzOfmUA #pagov,135,2,1,1,1,1,0,7576,3
337,2014-10-29,527580689651097601,Millionaire @WolfForPA wants to raise taxes to help middle class families spend their hard earned money. http://t.co/YOOIImKQTD #pagov,134,2,2,1,1,1,0,7576,3
338,2014-10-29,527595820363694080,Pennsylvanians can rest easy knowing @WolfForPA wants to triple the income tax rate. http://t.co/YOOIImKQTD #pagov,114,0,1,1,1,1,0,7576,3
339,2014-10-29,527603299432689665,Which do you prefer? Saving for your kids college or paying @WolfForPAs 188% tax hike? http://t.co/YOOIImKQTD #pagov,116,6,1,1,1,1,0,7576,3
340,2014-10-30,527860018243063808,"For @WolfForPA to pay for his $6.5 billion in new spending, he has to triple the income tax. http://t.co/PZu5yi3rXD #pagov",122,1,1,1,1,1,0,7576,3
341,2014-10-30,527610865550233600,.@WolfForPA wants to triple the income tax rate b/c clearly PA families make too much money http://t.co/YOOIImKQTD #pagov,121,7,3,1,1,1,0,7576,3
342,2014-10-30,527618442967269378,"Middle-class families havent seen a raise in their income tax. Luckily, @WolfForPA has a 188% tax hike plan. http://t.co/YOOIImKQTD #pagov",138,3,0,1,1,1,0,7576,3
343,2014-10-30,527626005259632640,.@GovernorCorbett simplified the tax code &amp; reduced the reporting burden on small business. #pagov http://t.co/hnq39JgpTy,125,6,7,1,0,1,1,7576,2
344,2014-10-30,527777008340586496,I want to raise your taxes THISSSS MUCH! #pagov http://t.co/OiXf6GT2Qn,70,19,7,1,0,0,1,7576,1
345,2014-10-30,527784494472769537,A vote for @WolfForPA is a vote for a 188% income tax hike. #pagov http://t.co/PrMpiFzTnO,89,9,4,1,0,1,1,7576,2
346,2014-10-30,527792112855556096,.@WolfForPA wants to triple your income tax b/c clearly he knows how to spend it better than you do. http://t.co/YOOIImKQTD #pagov,130,6,1,1,1,1,0,7576,3
347,2014-10-30,527799626808565760,So @WolfForPA wants to triple the income tax rate -- whats next an increase in the sales tax? http://t.co/YOOIImKQTD #pagov,123,3,0,1,1,1,0,7576,3
348,2014-10-30,527807221522903040,Worried Harrisburg isnt getting enough of your money? Dont. @WolfForPA has a 188% income tax hike plan. http://t.co/YOOIImKQTD #pagov,133,2,2,1,1,1,0,7576,3
349,2014-10-30,527814718849699842,.@WolfForPAs plan to move PA forward is to triple the income taxes rate. http://t.co/AxGvyw8Aon #pagov,102,4,1,1,1,1,0,7576,3
350,2014-10-30,527829842415198208,.@WmsptSunGazette: @GovernorCorbett clearly the choice over @WolfForPAs dangerous agenda. http://t.co/S56aboJh4P #pagov,119,3,1,1,1,3,0,7576,5
351,2014-10-30,527837405823258626,.@WmsptSunGazette: @WolfForPAs 188% income tax hike will take this state in a dangerous direction. http://t.co/S56aboJh4P #pagov,128,4,2,1,1,2,0,7576,4
352,2014-10-30,527844893708652545,.@WolfForPA has one promise for PA families and small-business. He will triple their taxes. #pagov http://t.co/A3YSgUQ4vR,121,3,0,1,0,1,1,7576,2
353,2014-10-30,527852524657586176,A vote for @WolfForPA is a vote for a 188% income tax hike. #pagov http://t.co/V820ekjBaj,89,3,0,1,0,1,1,7576,2
354,2014-10-30,527867573853880320,Even people who scare people for a living are afraid of @WolfForPAs 188% tax hike. http://t.co/XChNLHY7GN #pagov,112,2,1,1,1,1,0,7576,3
355,2014-10-30,527875139010961409,The race for governor comes down to taxes and how much @WolfForPA wants to raise them. http://t.co/Vx3g3BKDFJ #pagov,116,4,1,1,1,1,0,7576,3
356,2014-10-30,527876223289266176, Pennsylvania voters have a clear choice next week: keep PA's energy boom going or roll it back. http://t.co/5bmS85JPsx,119,24,0,0,1,1,0,7576,2
357,2014-10-30,527882684911988736,.@CorbettforGov stands up to @WolfForPA's call for a 188% tax increase. http://t.co/1NEmNKkda7 #pagov,101,2,1,1,1,2,0,7576,4
358,2014-10-30,527890225331060736,.@BarackObama would be proud of @WolfForPAs 188% income tax hike plan. http://t.co/dafpfPCRDV #pagov,100,2,0,1,1,2,0,7576,4
359,2014-10-30,527897830187204608,Voting for @WolfForPA is like voting for @BarackObama for governor. Scary right?! http://t.co/dafpfPCRDV #pagov,111,9,2,1,1,2,0,7576,4
360,2014-10-30,527900150178775041,An interesting and moving read on the events that shaped a young @GovernorCorbett from the Patriot-News. http://t.co/7eSXOzkTzm #pagov,134,6,2,1,1,1,0,7576,3
361,2014-10-30,527905330978488323,.@BarackObama is coming to tout @WolfForPAs 188% income tax hike plan.  http://t.co/dafpfPCRDV #pagov,101,4,0,1,1,2,0,7576,4
362,2014-10-30,527912879601631232,.@WolfForPA thinks middle-class families are rich like him and should pay more in taxes. http://t.co/YOOIImKQTD #pagov,118,2,1,1,1,1,0,7576,3
363,2014-10-30,527920397967056898,".@WolfForPA avoided paying his fair share of PA taxes, but wants to triple yours. Hypocrisy? https://t.co/D6JiE0kKeY",116,6,1,0,1,1,0,7576,2
364,2014-10-30,527927989300781056,.@SteveForbes: @WolfForPA sees an opportunity to tax and regulate yet another industry. http://t.co/BqfIdEQW6C #pagov,117,1,0,1,1,2,0,7576,4
365,2014-10-30,527929595845435392," With @GovernorCorbett, as William and Hannah Penn, ready to welcome neighborhood children for trick or treat. http://t.c",121,16,0,0,0,2,1,7576,2
366,2014-10-30,527935537030516736,.@WolfForPA thinks a 188% income tax hike will help PA small businesses grow. #pagov http://t.co/9O6GUNEYNa,107,5,1,1,0,1,1,7576,2
367,2014-10-30,527943144059314176,Its crazy how @WolfForPA thinks a 188% income tax hike will benefit PA families and small businesses. http://t.co/XChNLHY7GN #pagov,131,5,2,1,1,1,0,7576,3
368,2014-10-30,527950601502474240,Its simple. Do you want more money in your pockets or have @WolfForPA spend it for you? http://t.co/YOOIImKQTD #pagov,117,7,3,1,1,1,0,7576,3
369,2014-10-30,527958226176724992,"Since day one, @WolfForPA has promised to spend your money and raise your taxes. #pagov http://t.co/stBJ9J07qQ",110,16,8,1,0,1,1,7576,2
370,2014-10-30,527966652970049536,".@GovernorCorbett reduced the size of government to the smallest level in 50 years, saving taxpayers money  #pagov http://t.co/lGc1IzonQc",137,12,8,1,0,1,1,7576,2
371,2014-10-31,528328094759649280,".@WolfForPA avoids paying his fair share of PA taxes, but wants to triple your taxes. Hypocrisy? https://t.co/D6JiE0kKeY",120,6,3,0,1,1,0,7576,2
372,2014-10-31,528214919762554880,.@WolfForPA thinks a 188% income tax hike will help PA small businesses grow. #pagov http://t.co/2EVGs6U8kl,107,2,1,1,0,1,1,7576,2
373,2014-10-31,528222391906758656,Its odd how @WolfForPA thinks a 188% income tax hike will benefit PA families and small businesses. http://t.co/XChNLHY7GN #pagov,129,2,0,1,1,1,0,7576,3
374,2014-10-31,528230027951755264,Do you want more money in your pockets or do you want @WolfForPA to have it? http://t.co/YOOIImKQTD #pagov,106,0,0,1,1,1,0,7576,3
375,2014-10-31,528234902035398656, RGA Research: @WolfForPA Would Be A Rubber Stamp For Failed Obama Policies http://t.co/TgDK91ZzWV #PAGov,105,2,0,1,1,2,0,7576,4
376,2014-10-31,528236142228176896,Proud to join @SenRandPaul and @ShusterForPA9 in Chambersburg today #pagov #4moreyears http://t.co/HHOlH64E52,109,5,4,2,0,2,1,7576,4
377,2014-10-31,528237524288688128,"Since day one, @WolfForPA has promised to spend your money and raise your taxes. #pagov http://t.co/2uZ8XuR60k",110,6,1,1,0,1,1,7576,2
378,2014-10-31,528241288756224001,".@SenRandPaul: I am pleased to endorse @GovernorCorbett for re-election as Pennsylvania Governor."" http://t.co/kp6EYtVQeS #pagov",128,11,8,1,1,2,0,7576,4
379,2014-10-31,528320578856292353,.@WolfForPA thinks middle-class families are rich like him and should pay more in taxes. http://t.co/YOOIImKQTD #pagov,118,2,1,1,1,1,0,7576,3
380,2014-10-31,528245083972177922,.@WolfForPA has a $6.5 billion spending problem and needs your money to pay for it. #pagov http://t.co/fagNdYn7te,113,8,3,1,0,1,1,7576,2
381,2014-10-31,528252621354582018,.@BarackObama's reckless spending policies are holding us back. Don't let @WolfForPA do the same to PA. http://t.co/dafpfPCRDV #pagov,133,2,2,1,1,2,0,7576,4
382,2014-10-31,528256413538086913,".@SenRandPaul: If @WolfForPA is elected, @BarackObamas policies are coming straight after your wallets. http://t.co/kp6EYtVQeS #pagov",133,10,3,1,1,3,0,7576,5
383,2014-10-31,528260144757747712,Lt. Gov. Jim Cawley meets with local veterans in Carlisle before the Veterans For Corbett-Cawley rally. #pagov http://t.co/CI4KVxTZn4,133,4,1,1,0,0,1,7576,1
384,2014-10-31,528260229381640193,.@WolfForPA wants PA to elect him BEFORE giving details on his 188% income tax hike. http://t.co/jv8VzOfmUA #pagov,114,5,2,1,1,1,0,7576,3
385,2014-10-31,528267733528358912,.@WolfForPA cant hide behind his fancy TV ads anymore b/c his 188% income tax hike plan has been exposed. http://t.co/jv8VzOfmUA #pagov,135,2,1,1,1,1,0,7576,3
386,2014-10-31,528268120981774336,Lt. Gov. Jim Cawley speaks at the Veterans for Corbett-Cawley Rally in Carlisle. #pagov http://t.co/1I21AB87iO,110,2,4,1,0,0,1,7576,1
387,2014-10-31,528271414970044416,"""To the Veterans here today, I stand with you!"" -@GovernorCorbett #pagov http://t.co/eLvsAj4afL",95,3,3,1,0,1,1,7576,2
388,2014-10-31,528272324538404864,.@GovernorCorbett speaks at the Veterans For Corbett-Cawley Rally in Carlisle. #pagov http://t.co/SkeoKBUva8,108,6,3,1,0,1,1,7576,2
389,2014-10-31,528275352083107840,Millionaire @WolfForPA wants to raise taxes on middle class families &amp; take more of their hard earned money. http://t.co/YOOIImKQTD #pagov,142,4,0,1,1,1,0,7576,3
390,2014-10-31,528282846855589890,.@WolfForPA wants higher taxes for everyone!!! #pagov http://t.co/OiXf6GT2Qn,76,2,1,1,0,1,1,7576,2
391,2014-10-31,528290415808503808,.@BarackObama would be proud of @WolfForPAs 188% income tax hike plan. http://t.co/dafpfPCRDV #pagov,100,1,1,1,1,2,0,7576,4
392,2014-10-31,528297942612836354,Voting for @WolfForPA is like voting for @BarackObama for governor. http://t.co/dafpfPCRDV #pagov,97,1,1,1,1,2,0,7576,4
393,2014-10-31,528305517689458689,.@BarackObama is coming to tout @WolfForPAs 188% income tax hike plan.  http://t.co/dafpfPCRDV #pagov,101,0,1,1,1,2,0,7576,4
394,2014-10-31,528311888825040896,.@GovernorCorbett is happy to have the endorsement of @SenRandPaul. #pagov http://t.co/ydvYn7K3Sf,97,10,9,1,0,2,1,7576,3
395,2014-10-31,528313011417518081,Are @BarackObamas tax-and-spend policies the inspiration for WolfForPAs plan? http://t.co/dafpfPCRDV #pagov,107,2,0,1,1,1,0,7576,3
396,2014-11-01,528690484995043329,"Since day one, @WolfForPA has promised to spend your money and raise your taxes. #pagov http://t.co/eAvkeV2QDZ",110,3,2,1,0,1,1,7576,2
397,2014-11-01,528335691134939137,Beware of @WolForPA. He wants to triple the income tax &amp; spend more of your hard-earned money. http://t.co/XChNLHY7GN #pagov,128,2,1,1,1,0,0,7576,2
398,2014-11-01,528343216181874688,.@WolfForPA thinks a 188% middle class income tax hike is a fair tax system. http://t.co/0syost9fvC #pagov,106,4,0,1,1,1,0,7576,3
399,2014-11-01,528346638939877377,.@GovernorCorbett is fighting for our farmers &amp; their families. Great crowd tonight in Lebanon County #pagov http://t.co/qDYFSB4eQ2,135,10,8,1,0,1,1,7576,2
400,2014-11-01,528350818697633793,"Despite @WolfForPAs lies, @GovernorCorbett increased funding for public education to the highest level ever. #pagov http://t.co/o8JFNoiCtj",138,13,6,1,0,2,1,7576,3
401,2014-11-01,528531950194012161,.@SenRandPaul is the latest nationally known GOP leader to endorse @GovernorCorbett. #pagov http://t.co/aWBrOq1EEe,114,9,6,1,0,2,1,7576,3
402,2014-11-01,528577307846266881,Its odd how @WolfForPA thinks a 188% income tax hike will benefit PA families and small businesses. http://t.co/XChNLHY7GN #pagov,129,4,3,1,1,1,0,7576,3
403,2014-11-01,528584774588186624,.@BarackObama's reckless spending policies are holding us back. Don't let @WolfForPA do the same to PA. http://t.co/dafpfPCRDV #pagov,133,2,2,1,1,2,0,7576,4
404,2014-11-01,528592446435758080,.@WolfForPA thinks a 188% income tax hike will help PA small businesses grow. #pagov http://t.co/iOWHtNHEbq,107,5,0,1,0,1,1,7576,2
405,2014-11-01,528599931171262464,Are @BarackObamas tax-and-spend policies the inspiration for WolfForPAs plan? http://t.co/dafpfPCRDV #pagov,107,5,0,1,1,1,0,7576,3
406,2014-11-01,528607475801403392,.@WolfForPA thinks middle-class families are rich like him and should pay more in taxes. http://t.co/YOOIImKQTD #pagov,118,0,1,1,1,1,0,7576,3
407,2014-11-01,528615013146062848,".@WolfForPA avoids paying his fair share of PA taxes, but wants to triple your taxes. Hypocrisy? https://t.co/D6JiE0kKeY",120,2,3,0,1,1,0,7576,2
408,2014-11-01,528622646187929601,.@WolfForPA thinks a 188% income tax hike will move PA forward http://t.co/AxGvyw8Aon #pagov,92,2,0,1,1,1,0,7576,3
409,2014-11-01,528630102200815617,Multi-millionaire @WolfForPA thinks middle-class families are rich like him &amp; should pay more taxes. http://t.co/YOOIImKQTD #pagov,134,2,1,1,1,1,0,7576,3
410,2014-11-01,528637679945019393,.@WolfForPA thinks a 188% middle class income tax hike is a fair tax system. http://t.co/0syost9fvC #pagov,106,2,0,1,1,1,0,7576,3
411,2014-11-01,528645200323686401,Beware of @WolForPA. He wants to triple the income tax &amp; spend more of your hard-earned money. http://t.co/XChNLHY7GN #pagov,128,2,1,1,1,0,0,7576,2
412,2014-11-01,528652746920951808,.@BarackObama is coming to tout @WolfForPAs 188% income tax hike plan.  http://t.co/dafpfPCRDV #pagov,101,2,0,1,1,2,0,7576,4
413,2014-11-01,528660313235656704,Voting for @WolfForPA is like voting for @BarackObama for governor. http://t.co/dafpfPCRDV #pagov,97,14,3,1,1,2,0,7576,4
414,2014-11-01,528667897095155713,.@BarackObama would be proud of @WolfForPAs 188% income tax hike plan. http://t.co/dafpfPCRDV #pagov,100,2,3,1,1,2,0,7576,4
415,2014-11-01,528675390168895489,.@WolfForPA wants higher taxes for everyone!!! #pagov http://t.co/OiXf6GT2Qn,76,5,0,1,0,1,1,7576,2
416,2014-11-01,528682991371841536,Millionaire @WolfForPA wants to raise taxes on middle class families &amp; take more of their hard earned money. http://t.co/YOOIImKQTD #pagov,142,7,1,1,1,1,0,7576,3
417,2014-11-02,528977371936731137,.@BarackObama is coming to tout @WolfForPAs 188% income tax hike plan.  http://t.co/dafpfPCRDV #pagov,101,5,1,1,1,2,0,7576,4
418,2014-11-02,528984962951680000,Voting for @WolfForPA is like voting for @BarackObama for governor. http://t.co/dafpfPCRDV #pagov,97,6,5,1,1,2,0,7576,4
419,2014-11-02,528992496139788288,.@BarackObama would be proud of @WolfForPAs 188% income tax hike plan. http://t.co/dafpfPCRDV #pagov,100,4,3,1,1,2,0,7576,4
420,2014-11-02,528996136007512064, .@CorbettforGov thanks a WWII veteran for his service #pagov http://t.co/ZmkoUb80eU,84,7,0,1,0,2,1,7576,3
421,2014-11-02,529000065788936192,.@WolfForPA wants higher taxes for everyone!!! #pagov http://t.co/OiXf6GT2Qn,76,3,0,1,0,1,1,7576,2
422,2014-11-02,529007587203629056,Millionaire @WolfForPA wants to raise taxes on middle class families &amp; take more of their hard earned money. http://t.co/YOOIImKQTD #pagov,142,5,2,1,1,1,0,7576,3
423,2014-11-02,529015145855348736,.@WolfForPA cant hide behind his fancy TV ads anymore b/c his 188% income tax hike plan has been exposed. http://t.co/jv8VzOfmUA #pagov,135,9,1,1,1,1,0,7576,3
424,2014-11-02,529022676040298496,.@WolfForPA wants PA to elect him BEFORE giving details on his 188% income tax hike. http://t.co/jv8VzOfmUA #pagov,114,5,3,1,1,1,0,7576,3
425,2014-11-02,529030281622073346,.@BarackObama's reckless spending policies are holding us back. Don't let @WolfForPA do the same to PA. http://t.co/dafpfPCRDV #pagov,133,12,2,1,1,2,0,7576,4
426,2014-11-02,529037797500256257,Its odd how @WolfForPA thinks a 188% income tax hike will benefit PA families and small businesses. http://t.co/XChNLHY7GN #pagov,129,7,1,1,1,1,0,7576,3
427,2014-11-02,529045326938664964,.@WolfForPA thinks a 188% middle class income tax hike is a fair tax system. http://t.co/0syost9fvC #pagov,106,3,2,1,1,1,0,7576,3
428,2014-11-02,529046418557009920,.@GovernorCorbett and @SusanMCorbett make a surprise stop at the Springfield Diner in Delaware County. #pagov http://t.co/xaZk0wJaAI,132,8,8,1,0,2,1,7576,3
429,2014-11-02,529052882176204801,".@WolfForPA avoids paying his fair share of PA taxes, but wants to triple your taxes. Hypocrisy? https://t.co/D6JiE0kKeY",120,4,1,0,1,1,0,7576,2
430,2014-11-02,528698052840677376,Do you want more money in your pockets or do you want @WolfForPA to have it? #pagov http://t.co/653JyD2bvv,106,8,5,1,0,1,1,7576,2
431,2014-11-02,528707685894852608,".@GovernorCorbett: We have a very bright future, but @WolfForPA wants to go back to tax and spending. http://t.co/WkqQnzoTCX #pagov",131,5,2,1,1,2,0,7576,4
432,2014-11-02,528713156533575681,.@GovernorCorbett enacted a comprehensive transportation funding bill to make our roads &amp; bridges safer. #pagov http://t.co/iqLK2PXA5L,138,5,4,1,0,1,1,7576,2
433,2014-11-02,528909448190783489,.@SenRandPaul endorses @GovernorCorbett b/c he's standing up to an Obama-Wolf tax-and-spend agenda. #pagov http://t.co/dRr2pwKmut,129,21,12,1,0,2,1,7576,3
434,2014-11-02,528917003868729345,.@WolfForPA thinks a 188% income tax hike will move PA forward http://t.co/AxGvyw8Aon #pagov,92,0,0,1,1,1,0,7576,3
435,2014-11-02,528924560943349761,Multi-millionaire @WolfForPA thinks middle-class families are rich like him &amp; should pay more taxes. http://t.co/YOOIImKQTD #pagov,134,5,0,1,1,1,0,7576,3
436,2014-11-02,528932093061918720,.@WolfForPA thinks a 188% middle class income tax hike is a fair tax system. http://t.co/0syost9fvC #pagov,106,7,1,1,1,1,0,7576,3
437,2014-11-02,528939634764414977,Beware of @WolForPA. He wants to triple the income tax &amp; spend more of your hard-earned money. http://t.co/XChNLHY7GN #pagov,128,2,2,1,1,0,0,7576,2
438,2014-11-02,528947149417877505,".@WolfForPA avoids paying his fair share of PA taxes, but wants to triple your taxes. Hypocrisy? https://t.co/D6JiE0kKeY",120,6,1,0,1,1,0,7576,2
439,2014-11-02,528962276800217089,.@WolfForPA thinks middle-class families are rich like him and should pay more in taxes. http://t.co/YOOIImKQTD #pagov,118,2,1,1,1,1,0,7576,3
440,2014-11-02,528969843358183425,Are @BarackObamas tax-and-spend policies the inspiration for WolfForPAs plan? http://t.co/dafpfPCRDV #pagov,107,3,1,1,1,1,0,7576,3
441,2014-11-03,529103798741270529,"""Just when I thought @BarackObama couldn't help us any more, he decides to comes to PA to endorse @WolfForPA."" -@ChrisChristie #pagov",133,18,10,1,0,3,0,7576,4
442,2014-11-03,529271842637242369,Its odd how @WolfForPA thinks a 188% income tax hike will benefit PA families and small businesses. http://t.co/XChNLHY7GN #pagov,129,5,1,1,1,1,0,7576,3
443,2014-11-03,529279367617052672,.@BarackObama's reckless spending policies are holding us back. Don't let @WolfForPA do the same to PA. http://t.co/dafpfPCRDV #pagov,133,3,0,1,1,2,0,7576,4
444,2014-11-03,529286962666930176,.@WolfForPA wants PA to elect him BEFORE giving details on his 188% income tax hike. http://t.co/jv8VzOfmUA #pagov,114,4,0,1,1,1,0,7576,3
445,2014-11-03,529291367110148096, Packed crowd in Wilkes-Barre for @GovernorCorbett and LG Cawley for the Lower Taxes Tour! #PAGOV http://t.co/kMuCvza9fA,120,3,0,1,0,2,1,7576,3
446,2014-11-03,529294487361568768,.@WolfForPA cant hide behind his fancy TV ads anymore b/c his 188% income tax hike plan has been exposed. http://t.co/jv8VzOfmUA #pagov,135,3,2,1,1,1,0,7576,3
447,2014-11-03,529302038924898304,Tomorrows the big day! Vote @GovernorCorbett &amp; Lt. Gov. Jim Cawley for #4moreyears #pagov http://t.co/Gw6fiHKYyH http://t.co/UZVBYfVFpc,139,12,3,2,1,1,1,7576,4
448,2014-11-03,529309575204175872,Millionaire @WolfForPA wants to raise taxes on middle class families &amp; take more of their hard earned money. http://t.co/YOOIImKQTD #pagov,142,2,1,1,1,1,0,7576,3
449,2014-11-03,529317191024263168,.@WolfForPA wants higher taxes for everyone!!! #pagov http://t.co/OiXf6GT2Qn,76,0,2,1,0,1,1,7576,2
450,2014-11-03,529318738865422336,They're excited to welcome @GovernorCorbett to West Chester! #pagov http://t.co/3ceZXCZ7CV,90,2,2,1,0,1,1,7576,2
451,2014-11-03,529319692138471424,"""Unlike @WolfForPA, @GovernorCorbett thinks tripling your income tax is a bad idea."" -Commissioner Terence Farrell http://t.co/5x2QknXimM",137,5,0,0,0,2,1,7576,2
452,2014-11-03,529320390213242880,"""@GovernorCorbett quietly, behind the scenes, saved the oil refineries and countless jobs!"" -@PatMeehanPA #pagov http://t.co/56RdSz8SGo",135,4,1,1,0,2,1,7576,3
453,2014-11-03,529321641747427329,"""We must get out to vote tomorrow!"" -@PAGOP Chairman Rob Gleason #pagov http://t.co/AGPzvLQgrb",94,2,1,1,0,1,1,7576,2
454,2014-11-03,529322651672932352,"""If you like the policies of @BarackObama, you will LOVE @WolfForPA!"" -Lt. Gov. Cawley #pagov http://t.co/Cgc3ACxLNy",116,7,0,1,0,2,1,7576,3
455,2014-11-03,529323526587957249,"""Even @WolfForPA's running mate, Mike Stack, knows he will need two jobs to pay for Wolf's taxes!"" Lt. Gov Jim Cawley #pagov",124,0,1,1,0,1,0,7576,2
456,2014-11-03,529324507451125761,"""@WolfForPA will bring @BarackObama's liberal tax-and-spend agenda to Harrisburg."" -@ToomeyForSenate #pagov http://t.co/4sf7NBnzSO",130,5,2,1,0,3,1,7576,4
457,2014-11-03,529324670793682946,.@BarackObama would be proud of @WolfForPAs 188% income tax hike plan. http://t.co/dafpfPCRDV #pagov,100,2,1,1,1,2,0,7576,4
458,2014-11-03,529325365811240960,"""@WolfForPA thinks you can tax your way to prosperity by tripling your income tax."" -TC #pagov http://t.co/TJf9aAOICs",117,5,1,1,0,1,1,7576,2
459,2014-11-03,529332233669062657,Voting for @WolfForPA is like voting for @BarackObama for governor. http://t.co/dafpfPCRDV #pagov,97,8,3,1,1,2,0,7576,4
460,2014-11-03,529339433397796864,"Do you want higher taxes, fewer jobs, a #waroncoal &amp; ObamaCare? Well here's your team for #pagov. http://t.co/NjazvEcjNC",124,26,4,2,0,0,1,7576,2
461,2014-11-03,529347349890355201,Are @BarackObamas tax-and-spend policies the inspiration for WolfForPAs plan? http://t.co/dafpfPCRDV #pagov,107,4,1,1,1,1,0,7576,3
462,2014-11-03,529355264940847105, Corbett get thunderous applause from crowd http://t.co/kpPsqxxk6R,66,7,0,0,0,1,1,7576,1
463,2014-11-03,529362418095251457,.@WolfForPA thinks a 188% income tax hike will move PA forward http://t.co/AxGvyw8Aon #pagov,92,4,1,1,1,1,0,7576,3
464,2014-11-03,529365096620122112," Welcome back to Erie @GovernorCorbett -He's bringing his #LowerTaxesTour through town, we'll talk to him tonight on @SEENews",125,4,0,1,0,4,0,7576,5
465,2014-11-03,529365297263017985, #pagovrace. Tom Corbett speaks at lancaster airport . http://t.co/ovd2Z06OoY,77,2,0,1,0,1,1,7576,2
466,2014-11-03,529377516759175168,Multi-millionaire @WolfForPA thinks middle-class families are rich like him &amp; should pay more taxes. http://t.co/YOOIImKQTD #pagov,134,2,0,1,1,1,0,7576,3
467,2014-11-03,529392593184907265,.@WolfForPA thinks a 188% middle class income tax hike is a fair tax system. http://t.co/0syost9fvC #pagov,106,3,1,1,1,1,0,7576,3
468,2014-11-03,529407730268635136,Dont miss your chance to vote to give the Corbett-Cawley team 4 more years. #pagov http://t.co/kBlqxxWTbf,105,23,10,1,0,0,1,7576,1
469,2014-11-03,529062180964941826,".@GovernorCorbetts business-friendly policies have resulted in the creation of 180,000 private sector jobs. #pagov http://t.co/iMRYKUUGvt",137,6,5,1,0,1,1,7576,2
470,2014-11-03,529067971419725824,.@WolfForPA thinks a 188% income tax hike will move PA forward http://t.co/AxGvyw8Aon #pagov,92,5,2,1,1,1,0,7576,3
471,2014-11-03,529075512610537474,.@WolfForPA thinks middle-class families are rich like him and should pay more in taxes. http://t.co/YOOIImKQTD #pagov,118,1,1,1,1,1,0,7576,3
472,2014-11-03,529092116606382080, Lots of empty seats at the Obama-Wolf rally as Air Force One landed. #PAGOV cc: @WolfForPA @BarackObama http://t.co/TxB8n92xge,127,58,0,1,0,3,1,7576,4
473,2014-11-03,529093098576830465,".@WolfForPA - Wait, is that downtown Philly/ the epicenter of your base? #Perspective cc: @PAGOP #pagov http://t.co/VRftCqVl5U",126,4,6,2,0,2,1,7576,4
474,2014-11-03,529094376195371008,They're getting excited to see @GovernorCorbett &amp; @ChrisChristie! #pagov http://t.co/NqO6DssId3,99,8,6,1,0,2,1,7576,3
475,2014-11-03,529097659022598145,".@GovernorCorbett: ""If we get the vote out on Tuesday, we will win!"" #pagov http://t.co/KPkknJf09V",98,11,6,1,0,1,1,7576,2
476,2014-11-03,529098366974963712,"""I believe taxes should be low, don't you?"" -TC #BucksRally #pagov",66,6,4,2,0,0,0,7576,2
477,2014-11-03,529100698819231745,"""Here's what's going to happen on Tuesday night - PA is going to re-elect @GovernorCorbett for 4 more years!"" -@ChrisChristie #pagov",132,4,3,1,0,2,0,7576,3
478,2014-11-03,529101138751422464,"""Nobody deserves to be governor of this state if they are willing to lie to get there like @WolfForPA."" -@ChrisChristie #pagov",126,7,5,1,0,2,0,7576,3
479,2014-11-03,529104314581921793,"""@WolfForPA will bring @BarackObama's failed agenda and failed ideas to Harrisburg."" -@ChrisChristie #pagov",107,11,5,1,0,3,0,7576,4
480,2014-11-04,529716268631597056, Make sure you vote for the right Tom!  @CorbettforGov http://t.co/nmk4eES7er,77,6,0,0,0,2,1,7576,2
481,2014-11-04,529716197282312192, @CorbettforGov My husband a Democrat just voted for @CorbettforGov as did I . Glad to see he sees the light after all these ,125,4,0,0,0,3,0,7576,3
482,2014-11-04,529709717648453633,Vote for job creation. Vote for lower taxes. Vote for a stronger Pennsylvania. Vote for @GovernorCorbett #pagov http://t.co/rysYSSA22h,134,24,15,1,0,1,1,7576,2
483,2014-11-04,529693496265801728, I voted for @CorbettforGov! #Corbett2014 #pagov,48,6,0,2,0,2,0,7576,4
484,2014-11-04,529684558757634048, PENNSYLVANIA: Get out &amp; vote today for @CorbettforGov - endorsed by @RickSantorum! #PAGov #PAGop,101,38,0,2,0,3,0,7576,5
485,2014-11-04,529683255943913472, Fantastic day supporting @CorbettforGov .  High enthusiasm among voters who see PA is on the right path and want #4moreyears,125,3,0,2,0,2,0,7576,4
486,2014-11-04,529683176474427392," Voted for @CorbettforGov! Good luck today, Governor. #PAGovRace #pagov",71,5,0,2,0,2,0,7576,4
487,2014-11-04,529680793132474368, Today I voted for @CorbettforGov because this picture gives me nightmares. http://t.co/xHU209ms8g,98,24,0,0,0,2,1,7576,2
488,2014-11-04,529681102416277504, @CorbettforGov @GovernorCorbett governor Tom Corbett gets my vote!,67,3,0,0,0,3,0,7576,3
489,2014-11-04,529754984569528321,"Because of your hard-work &amp; dedication, were going to win this race! #pagov http://t.co/t7mRuSm65y",102,24,23,1,0,0,1,7576,1
490,2014-11-04,529681336332587008, Hey PA voters!  Vote @CorbettforGov so Wolf doesn't raise our taxes! Wolf promised to raise them but never said by how,119,8,0,0,0,2,0,7576,2
491,2014-11-04,529681439441178624, Corbett got my vote today in Grindstone! Get out and vote!! @GovernorCorbett http://t.co/NDA0cWkJ55,100,4,0,0,0,2,1,7576,2
492,2014-11-04,529681411582615552, Looking forward to casting my vote later for @GovernorCorbett!,63,3,0,0,0,2,0,7576,2
493,2014-11-04,529422834976575488,".@WolfForPA avoids paying his fair share of PA taxes, but wants to triple your taxes. Hypocrisy? https://t.co/D6JiE0kKeY",120,6,4,0,1,1,0,7576,2
494,2014-11-04,529444178108096513,The planes have landed in Pittsburgh and Lt. Governor Jim Cawley takes the stage. #pagov http://t.co/f0nM6aaDgg,111,2,2,1,0,0,1,7576,1
495,2014-11-04,529444706447802368,"""There's a wolf at the door...and he's promising to raise your taxes."" -- Lt Gov Cawley #pagov",94,14,9,1,0,0,0,7576,1
496,2014-11-04,529447065580232704,".@ToomeyForSenate: ""We need governors like Tom Corbett willing to stand up to Pres. Obama in Washington"" #pagov http://t.co/rc3hN2IUes",134,8,7,1,0,1,1,7576,2
497,2014-11-04,529448884364660736,"Gov Corbett takes the stage to cheers for #4moreyears ! ""It's great to be home!"" #pagov http://t.co/QTF6YYVsWT",110,4,5,2,0,0,1,7576,2
498,2014-11-04,529449294706008064,"""We're going to win tomorrow because of what we started 4 years ago to build a stronger PA""- Governor Corbett #pagov",116,14,14,1,0,0,0,7576,1
499,2014-11-04,529451423663411200,"""Tom Wolf wants to raise your taxes...he just won't tell you how much. That's the consequence tomorrow!"" #pagov",111,10,7,1,0,0,0,7576,1
500,2014-11-04,529453019838943232,.@GovernorCorbett eliminated a $4.2 billion deficit without raising your taxes. #pagov http://t.co/NrhomBWTw1,109,32,20,1,0,1,1,7576,2
501,2014-11-04,529453666076741632,"""With your help we are going to win tomorrow night!"" #pagov",59,18,20,1,0,0,0,7576,1
502,2014-11-04,529611565746503680,Do you know where to go on Election Day? Find out here: http://t.co/Gw6fiHKYyH #pagov http://t.co/qV7vB5rOah,108,5,1,1,1,0,1,7576,2
503,2014-11-04,529614981952970752," PA friends, please don't forget to #vote @CorbettforGov today! Vote today because you can make a difference. #RedNovember",122,15,0,2,0,2,0,7576,4
504,2014-11-04,529615373453516800, I just voted for @CorbettforGov and @Megan4Congress! Get out and vote too!,75,5,0,0,0,3,0,7576,3
505,2014-11-04,529615457238921216, I'm voting for @GovernorCorbett and @docmoylan #RedNovember #PAGov #PA17 #Election2014,87,5,0,4,0,3,0,7576,7
506,2014-11-04,529616197353213953," I'm voting for @CorbettforGov, @RepDaveReed, and @ShusterForPA9 today! Go vote too! #Election2014",98,6,0,1,0,4,0,7576,5
507,2014-11-04,529623462131023873, We just got back from voting for @CorbettforGov,48,8,0,0,0,2,0,7576,2
508,2014-11-04,529623742029520896, Pennsylvanians need @CorbettforGov!,36,12,0,0,0,2,0,7576,2
509,2014-11-04,529626278413225985, Election Day is here! Say NO to higher taxes Pennsylvania and vote to re-elect @CorbettforGov! #PAGov http://t.co/olKDKRyGLw,125,23,0,1,0,2,1,7576,3
510,2014-11-04,529631659344539648,.@GovernorCorbett &amp; @SusanMCorbett greeted by supporters in Shaler Twp as they head inside to vote. #pagov http://t.co/yUIe07giS5,133,10,6,1,0,2,1,7576,3
511,2014-11-04,529633699336568832,"After voting, @GovernorCorbett explains #pagov race comes down to lower taxes w/ him or higher taxes w/ @WolfForPA. http://t.co/RmxfPMVJwl",138,12,5,1,0,2,1,7576,3
512,2014-11-04,529634280943529984,"Today, we need your help getting out the votes to re-elect @GovernorCorbett. #pagov http://t.co/4h6nyaGk5D",106,8,6,1,0,1,1,7576,2
513,2014-11-04,529634641008144385, Gov Corbett and wife casting their ballots in Shaler this morning @WTAE http://t.co/wlefzIqEJI,95,21,0,0,0,2,1,7576,2
514,2014-11-04,529635885214887936, .@CorbettforGov has revived Pennsylvania's economy &amp; put PA on the right track. Find your polling place here: http://t.co/p4aF,131,5,0,1,1,2,0,7576,4
515,2014-11-04,529636146200850432,Dont miss the chance to vote to give the Corbett-Cawley team 4 more years. http://t.co/Gw6fiHKYyH #pagov http://t.co/qx7ngaF6zQ,127,14,3,1,1,0,1,7576,2
516,2014-11-04,529642291590623232, .@CorbettforGov has my vote &amp; he sure does deserve yours. #4moreyears #PAGov http://t.co/8r7iwYglrJ,104,8,0,2,0,2,1,7576,4
517,2014-11-04,529647559477067780, Say no to 188% tax increase and go vote for @CorbettforGov,59,10,0,0,0,2,0,7576,2
518,2014-11-04,529647775416590336," Pa friends.  Vote for  @CorbettforGov My husband,Dem,retired coal miner agrees for taxes/energy/family values #vote @Corbett",125,4,0,1,0,3,0,7576,4
519,2014-11-04,529647875639484420, Cast my vote for @CorbettforGov ,33,4,0,0,0,2,0,7576,2
520,2014-11-04,529647965225627649, Im voting for @CorbettforGov today because I dont want @BarackObama &amp; @WolfforPA running PA. #pagov,104,6,0,1,0,4,0,7576,5
521,2014-11-04,529648319258456064, Just voted for no more taxes with @CorbettforGov  people wake up and don't elect a progressive who will raise taxes @W,119,5,0,0,0,3,0,7576,3
522,2014-11-04,529648345468653569, We need to elect @CorbettforGov to 4 more years in Harrisburg. Unless we want more taxes and fewer jobs from @WolfForPA.,121,6,0,1,0,3,0,7576,4
523,2014-11-04,529648695751766016, Justed voted for the first time for @CorbettforGov,51,5,0,0,0,2,0,7576,2
524,2014-11-04,529649344069107712,Vote @GovernorCorbett &amp; Lt. Gov. Jim Cawley for #4moreyears #pagov http://t.co/Gw6fiHKYyH http://t.co/F0t382F7DX,116,14,5,2,1,1,1,7576,4
525,2014-11-04,529656365409914880, The best thing for Pennsylvania is Tom Corbett. I hope Pennsylvanians recognize this. #Corbett2014 #Election2014,113,8,0,2,0,1,0,7576,3
526,2014-11-04,529656750593810432, Election Day! Re-Elect Tom Corbett #Election2014 #TomCorbett http://t.co/tbCJbFKvSc,84,14,0,2,0,1,1,7576,3
527,2014-11-04,529657302568427520, Voted for @CorbettforGov  because I always vote the RIGHT way.,63,4,0,0,0,2,0,7576,2
528,2014-11-04,529657443224416256, Go out and vote for Tom Corbett today!,39,4,0,0,0,1,0,7576,1
529,2014-11-04,529657657456881664, @PAGOP @GovernorCorbett I voted for Corbett,44,2,0,0,0,3,0,7576,3
530,2014-11-04,529657696531001345," @GovernorCorbett  We ALL  STICK Together..   We CAN WIN  !    VOTE  GOP !!!  Vote for Tom Corbett..

He Deserves a Secon",121,2,0,0,0,2,0,7576,2
531,2014-11-04,529657816752324608, I know I did.  Vote with me for Tom Corbett. http://t.co/8g1SUOFlP1,68,4,0,0,1,1,0,7576,2
532,2014-11-04,529658002341916672, about to vote for Tom Corbett today.,37,6,0,0,0,1,0,7576,1
533,2014-11-04,529658046843461632, @CorbettforGov this Navy Wife/ Army Mom... Just voted for Corbett! Fight for our Military!!!!,94,5,0,0,0,2,0,7576,2
534,2014-11-04,529658088920727552, @CorbettforGov just voted for Corbett! Time to get Obama out of our Government and support and grow our Military! #ArmyMom,123,6,0,1,0,2,0,7576,3
535,2014-11-04,529658283964243969, #ElectionDay2014 Tom Corbett for re election! Get out and vote. http://t.co/St9KLyTCn5,87,5,0,1,1,1,0,7576,3
536,2014-11-04,529658370077519872," @CorbettforGov: Today, we need your help getting out the votes to re-elect @GovernorCorbett. #pagov http://t.co/y7ZsDNV6P",122,7,0,1,0,3,1,7576,4
537,2014-11-04,529658417515094017," .@CorbettforGov kept his promise to ensure you keep more of your hard-earned money, rather than raise taxes. #philly4co",120,10,0,2,0,2,0,7576,4
538,2014-11-04,529659594767732736,.@BarackObama wants you to vote @WolfforPA for #pagov. That says all you need to know about Tom Wolf's priorities http://t.co/JSrYJV9XFu,136,9,8,1,1,2,0,7576,4
539,2014-11-04,529664241855655936, Voted @CorbettforGov because he's proof you can eliminate a deficit AND keep taxes low,87,4,0,0,0,2,0,7576,2
540,2014-11-04,529664343907262466, Just cast my vote for @CorbettforGov @WagnerforSenate @RepScottPerry and Keith Gillespie. @YorkpaGOP @PAGOP #vote2014,118,5,0,1,0,6,0,7576,7
541,2014-11-04,529664485725069312, I voted for @GovernorCorbett in Marietta this a.m. Polls open until 8 p.m. http://t.co/rG776qJf8O,98,3,0,0,0,2,1,7576,2
542,2014-11-04,529672004505722880," Proudly voted for @SenTomlinson, @CorbettforGov, Mike Fitzpatrick,  and Frank Farry.  Took the kids with me. #RaisedRigh",121,4,0,2,0,3,0,7576,5
543,2014-11-04,529672489480515584, @CorbettforGov you got our vote today in #tildentownship #GoVote #duckfarmer http://t.co/9C0kWXAyUL,100,6,0,3,0,2,1,7576,5
544,2014-11-04,529679549370335232,Vote for a stronger Pennsylvania &amp; give @GovernorCorbett four more years. #pagov http://t.co/Sfjco7BT7j,107,14,10,1,0,1,1,7576,2
545,2014-11-04,529754190176731136, I voted for 4 more years of @CorbettforGov.  Veterans for  Corbett.  Get out the vote!  #GOTV2014 http://t.co/5xFi1xOJyQ,121,11,0,1,0,2,1,7576,3
546,2014-11-04,529753382488408064," Barry Rohrbaugh, 76,  voted for Corbett. ""I don't need any more taxes, so I voted Republican.""
@ydrcom #yorkvote http://t.c",124,6,0,1,0,2,1,7576,3
547,2014-11-04,529752858481414144, Just took the Gmom to vote @CorbettforGov! #Midterms2014 #Corbett2014 http://t.co/JoMnlXxE32,93,4,0,2,0,2,1,7576,4
548,2014-11-04,529752635730325504, Happily voted for @CorbettforGov and the rest of the @PAGOP team today! On to victory!,87,3,0,0,0,3,0,7576,3
549,2014-11-04,529752502842163201, @PAGOP cast my vote for @CorbettforGov and @melanieforpa and praying both are victorious!,90,3,0,0,0,4,0,7576,4
550,2014-11-04,529752442628747264," Voted for @CorbettforGov, Scott Perry, and Mike Regan. @PAGOP #Pennsylvania #tcot",82,3,0,2,0,3,0,7576,5
551,2014-11-04,529752404141801472, Today I voted to give @CorbettforGov 4 more years!,51,2,0,0,0,2,0,7576,2
552,2014-11-04,529752158821154816, #Voted for #Corbett2014 because he protects my #2ndAmendment rights in #Pennsylvania! @PAGOP @CorbettforGov #GUNVOTE #NR,121,8,0,8,0,3,0,7576,11
553,2014-11-04,529752101157871617, I voted today to give @CorbettforGov 4 more years! Have you?  Find your polling place here: http://t.co/RZsoMcpGsc #pagov,122,4,0,1,1,2,0,7576,4
554,2014-11-04,529752000293265409, @GOTSVT @CorbettforGov  Voted for you this morning !,53,2,0,0,0,3,0,7576,3
