,date,tweet_id,tweet_text,tweet_length,retweet_count,favorite_count,hashtag_count,url_count,user_mentions,media_count,follower_count,total_entities
0,2014-10-05,518886603540815873,Hassan calling for $30M in cuts bc of low revenues. They're actually on target. Enough of Hassan's act! #nhpolitics http://t.co/Q1oGLnBUWr,138,0,0,1,0,0,1,700,1
1,2014-10-06,519104587236524035,"Great day for door knocking in Salem yesterday!
#nhpolitics http://t.co/GPQ60KKHcS",82,2,1,1,0,0,1,700,1
2,2014-10-06,519146881704677377, Want to meet @Walt4NH ? He'll be in #NashuaNH tonight: http://t.co/12Y3fyKLel,78,3,0,1,1,2,0,700,4
3,2014-10-06,519217033481703424,"Have you liked our Facebook page yet? Click here and help us get to 10,000! #nhpolitics

http://t.co/gIbWx17CV6 http://t.co/ZCysOnCBCZ",134,2,0,1,1,0,1,700,2
4,2014-10-06,519233388444536832,"You need to read this: http://t.co/tYPimKVAzV

#nhpolitics",58,4,0,1,1,0,0,700,2
5,2014-10-07,519474007880376321,"Great crowd at last night's Town Hall mtg in Nashua.Thanks to Alderman Dan Moriarty for his introduction!
#nhpolitics http://t.co/htrFwjZurB",140,1,0,1,0,0,1,700,1
6,2014-10-07,519552488051982336,"NEW TV AD: ""Not So Great""

Click below to watch! #nhpolitics
http://t.co/rJpv1IoAnp",83,4,0,1,1,0,0,700,2
7,2014-10-07,519585475355369472,//t.co/bNHjSGPgTI,17,4,0,1,0,0,1,700,1
8,2014-10-07,519460132485230592,"Great article about my visit to Etna with Jim Rubens. 

Check it out here: http://t.co/ANmUPzmfRm
#nhpolitics",109,2,0,1,1,0,0,700,2
9,2014-10-08,519843910449778689,"""Walt's record: Beats Maggie's rhetoric"" 

Check out more in this op-ed from the @UnionLeader http://t.co/kQq4FTve80
#nhpolitics",128,2,0,1,1,1,0,700,3
10,2014-10-08,519847939997696000,Talking with some public officials in Dover on the way to today's Law Enforcement roundtable. #nhpolitics #nhgov http://t.co/G7omirbq4W,135,2,1,2,0,0,1,700,2
11,2014-10-08,519848471856431105,Great to have my friend Congressman Mike Rogers in NH today to talk crime issues with LEOs in Dover. #nhpolitics http://t.co/CmRcGQYAqM,135,2,1,1,0,0,1,700,1
12,2014-10-08,519852297606942721,"""Semper fi"" says a fellow Marine as I meet voters with Eddie Edwards at Harvey's bakery in Dover. #USMC #nhpolitics http://t.co/P30f84bfKG",138,2,1,2,0,0,1,700,2
13,2014-10-08,519875371689201666,"Have you watched my new TV ad yet?
Click here and watch now: http://t.co/Ti86PDqv99
#nhpolitics http://t.co/suu6DWDBAC",118,2,0,1,1,0,1,700,2
14,2014-10-08,519898072495976448,Thanks to Harvey's For hosting our Law Enforcement round table in Dover today! #nhpolitics #nhgov http://t.co/fhCaGTXys1,120,2,1,2,0,0,1,700,2
15,2014-10-08,519910107782463488,".@WMUR9 caught up with me on the campaign trail in Manchester.

Watch the clip here: http://t.co/dKtasCNJWd
#nhpolitics",119,2,0,1,1,1,0,700,3
16,2014-10-08,519910460779294720, New Information about @Walt4NH stop in Lancaster #NH @ChrisChristie will be Joining us. Hope 2 C U all at the Lancaster #VF,124,1,0,3,0,3,0,700,6
17,2014-10-08,519945077968207872,"NEW TV AD: ""Not So Great""

Click below to watch! #nhpolitics
http://t.co/rJpv1IoAnp",83,2,0,1,1,0,0,700,2
18,2014-10-08,519967729843851264,"When you run out of time for lunch on the campaign trail, Ben &amp; Jerry's will have to do. What's your favorite flavor? http://t.co/INzv0zdR0h",144,2,1,0,0,0,1,700,0
19,2014-10-09,520206299091312640,"""Walt's record: Beats Maggie's rhetoric"" 

Check out more in this op-ed from the @UnionLeader http://t.co/kQq4FTve80
#nhpolitics",128,3,1,1,1,1,0,700,3
20,2014-10-10,520593459238146050,Looking forward to being in Berlin again today. Here I am at Alpine Machine this summer. #nhpolitics #nhgov http://t.co/ykAPy1rgsB,130,2,1,2,0,0,1,700,2
21,2014-10-10,520627494769410048,@NHLibertyPiper Thanks! We really appreciate your support. Keep up the great work!,82,0,0,0,0,1,0,700,1
22,2014-10-10,520634882397966336,".@WMUR9 caught up with me on the campaign trail in Manchester.

Watch the clip here: http://t.co/dKtasCNJWd
#nhpolitics",119,1,1,1,1,1,0,700,3
23,2014-10-10,520646484812124160,Talking with voters with @GovChristie about why it's time for change in NH. #nhpolitics #nhgov http://t.co/TiKdYbxp8D,117,5,3,2,0,1,1,700,3
24,2014-10-10,520668091760799744,Rep Gene Chandler introduces @GovChristie and me at the Lancaster VFW #nhpolitics #nhgov http://t.co/VZqwEHmy25,111,3,1,2,0,1,1,700,3
25,2014-10-10,520561182805991426,"Sen. Andy Sanborn and I enjoyed speaking with folks at the Peterborough Spaghetti Dinner last night. 
#nhpolitics http://t.co/GuyAYeAYtA",136,2,1,1,0,0,1,700,1
26,2014-10-12,521307553091690496,"Great editorial from the @UnionLeader, check it out here:
http://t.co/90HdSyhdrO

#nhpolitics",93,5,1,1,1,1,0,700,3
27,2014-10-12,521437158989918209,Great time at the Grass Drags in Fremont #nhgrassdrags #nhgov #nhpolitics http://t.co/Mvz9EBd16a,96,2,3,3,0,0,1,700,3
28,2014-10-12,521438941829136384, Very proud to volunteer for you @Walt4NH Made over 125 calls today. Outstanding results!,89,1,0,0,0,2,0,700,2
29,2014-10-13,521656089012486144," @Walt4NH @CCRCNH  Victory HQ (Center of Keene, next to Penelope's) TOMORROW-Monday at 4:15. Come meet NH's next Governor. ",123,2,0,1,0,3,0,700,4
30,2014-10-13,521662127577505793,"Kicking off an employee town hall with my friend former VT Gov Jim Douglas, at Geokon in Lebanon. #nhpolitics #nhgov http://t.co/d52ZNPXYuw",139,1,1,2,0,0,1,700,2
31,2014-10-13,521674674548510720,Really enjoyed the Q&amp;A at this morning's town hall with Geokon employees in Lebanon. #nhpolitics #nhgov http://t.co/yHQ8AKjKOX,130,2,1,2,0,0,1,700,2
32,2014-10-13,521676074196172801,Touring Geokon in Lebanon with Gov Douglas and Judy. #nhpolitics #nhgov http://t.co/nirf5wVjpm,94,2,0,2,0,0,1,700,2
33,2014-10-13,521691452678897665,The great folks who run Claremont say the biggest local challenge is edu and training for workforce. #nhpolitics http://t.co/IbQlWKR1Yh,135,1,1,1,0,0,1,700,1
34,2014-10-13,521701715557380096,@KB1GKN Thank you!,18,0,1,0,0,1,0,700,1
35,2014-10-13,521706827277664257,"Touring Crowne Point Cabinetry, Claremont. Their costs are rising due to Obamacare. #nhpolitics #nhgov http://t.co/QoyVHDYghd",125,3,2,2,0,0,1,700,2
36,2014-10-13,521715755960639489,//t.co/dbQCmUTHxT,17,3,0,2,0,0,1,700,2
37,2014-10-13,521733403113431040,At Lentex in Walpole. Sad to hear they're suffering because of Obamacare and Hassan's stagnant economy. #nhpolitics http://t.co/g5X7NjNrYk,138,3,1,1,0,0,1,700,1
38,2014-10-13,521743928845164545,"ICYMI: NH in trouble, again Walt Havenstein can help save it
via @UnionLeader 
#nhpolitics 
http://t.co/izxpJCbwsO",114,2,0,1,1,1,0,700,3
39,2014-10-13,521744646796746752,"No time for lunch, so we grabbed ice cream at the Walpole Creamery! #nhpolitics #nhgov http://t.co/vK95rL1bmK",109,2,3,2,0,0,1,700,2
40,2014-10-13,521759795263463424,"As a proud graduate of the United States Naval Academy, a heartfelt thank you to the men and women who serve. http://t.co/blYEwhySdx",132,1,2,0,0,0,1,700,0
41,2014-10-13,521764884917522432,Victory starts now at @NHGOP HQ in Keene! #nhpolitics #nhgov http://t.co/GRhDA6iRon,83,4,4,2,0,1,1,700,3
42,2014-10-14,522042661117501440,"If Hassan can't make the grade she shouldn't be leading our state for 2 more years!! #nhpolitics

RT if you agree! http://t.co/cGpwFtNu1Z",137,2,0,1,0,0,1,700,1
43,2014-10-14,522078147848589312,//t.co/PiAhcBR7Wd,17,2,0,2,0,0,1,700,2
44,2014-10-14,522091980201811968,".@WMUR9 caught up with me at one of my favorite places, US FIRST.

Watch the clip here: http://t.co/CCi2NpCskK
#nhpolitics",122,2,0,1,1,1,0,700,3
45,2014-10-14,522109007750639616,@granitewinger Thank you for the RT!,36,0,1,0,0,1,0,700,1
46,2014-10-14,522148597127598080,"Click here to see some of the OUTRAGEOUS taxes Maggie Hassan's supported over the years:
http://t.co/YmkcWCr7sS

#nhpolitics",124,1,0,1,1,0,0,700,2
47,2014-10-15,522368884037271553, Thank you to all the YP's that came out to help grow each others' businesses this evening at the Coach Stop and to @Walt4NH for ,129,1,0,0,0,2,0,700,2
48,2014-10-15,522369309662658560,"@RealNickdel @DLYPN I enjoyed it! Thanks for having me
#nhpolitics",66,0,0,1,0,2,0,700,3
49,2014-10-15,522397111065653249, @Walt4NH  Hassan has to go. New Hampshire can't afford 2 more years of crushing anti-business policies............ http://,123,1,0,0,1,2,0,700,3
50,2014-10-15,522405053869477888,"If Hassan can't make the grade she shouldn't be leading our state for 2 more years!! #nhpolitics

RT if you agree! http://t.co/AA0RLCeZfh",137,1,0,1,0,0,1,700,1
51,2014-10-15,522440530798452736,//t.co/RPi5Dgp6nm,17,1,0,2,0,0,1,700,2
52,2014-10-15,522467460826406912,"We're closing in on Maggie's lead. RT if you're ready for new leadership in NH!

#nhpolitics http://t.co/vAPRsZSnZZ",115,6,1,1,0,0,1,700,1
53,2014-10-15,522488341397131264,"The absurd taxes and fees continue...
Click here to see how bad they get: http://t.co/YmkcWCr7sS

#nhpolitics http://t.co/IHJ0WdNOPq",132,3,0,1,1,0,1,700,2
54,2014-10-15,522349938471337984,"Gov. Merrill eloquently explains importance of my Pledge 2.0 http://t.co/TU9FvsEs1i
#nhpolitics #nhgov",102,1,0,2,1,0,0,700,3
55,2014-10-16,522537802752614401,A huge thank you to my friend Dean Kamen for hosting me and @MittRomney at his home tonight. #nhpolitics #nhgov http://t.co/K2gwe2hMQP,134,8,8,2,0,1,1,700,3
56,2014-10-16,522758872943960065,"Let's stay true to our state motto &amp; not let Maggie Hassan get 2 more years!

RT if you agree!
#nhpolitics http://t.co/4669u9LbwL",133,3,0,1,0,0,1,700,1
57,2014-10-16,522786737152860160, NH Gubernatorial candidate @Walt4NH takes the stage at Plymouth. #PaulatPlymouth #whyiam http://t.co/yKA2h1HK3e,112,4,0,2,0,2,1,700,4
58,2014-10-16,522788028189011968,Glad to see so many students involved @PSURepublicans event with Rand Paul #nhgov #nhpolitcs http://t.co/2dQBWl6OJN,115,3,1,2,0,1,1,700,3
59,2014-10-16,522789320902471681,"#tbt with Walt Jr. at a Boy Scout meeting, we share many great memories from those days! 
#nhpolitics http://t.co/nMNXL3xLAh",124,2,1,2,0,0,1,700,2
60,2014-10-16,522789555888738304, Our next governor @Walt4NH #nhpolitics here at @PlymouthState http://t.co/k3SJwhWIMf,85,2,0,1,0,3,1,700,4
61,2014-10-16,522789590181363713," .@Walt4NH discusses his plan to create 23,000 jobs in NH. That's what we need for young people to prosper. #nhpolitics #PaulatPly",130,4,0,2,0,2,0,700,4
62,2014-10-16,522796976145178624, I'm happy to be supporting @Walt4NH for Governor today in New Hampshire #nhpolitics http://t.co/wmQ6zjskrZ,107,53,0,1,0,2,1,700,3
63,2014-10-16,522804669928587265,"Defend Freedom in NH, defeat Maggie Hassan. 
WATCH: http://t.co/sTm01buKun
via @NRA
#nhpolitics",95,1,1,1,1,1,0,700,3
64,2014-10-16,522829838285942784,"We're closing in on Maggie's lead. RT if you're ready for new leadership in NH!

#nhpolitics http://t.co/ZfRGW8WKkN",115,7,2,1,0,0,1,700,1
65,2014-10-16,522850417927917568,Thank you! MT @PSURepublicans: Thank you to @Walt4NH for coming to Plymouth today! You inspire us to be great again #nhpolitics,127,1,2,1,0,2,0,700,3
66,2014-10-16,522851526570565632,"@stefpetrop Thank you! It was great to meet you too
#nhpolitics",63,1,1,1,0,1,0,700,2
67,2014-10-16,522853898487226368, Seen at Plymouth College rally. New direction for Nh in 19 days w/ @Walt4NH &amp; @SenScottBrown #nhpolitics http://t.co/2hy5Y90HXZ,132,3,0,1,0,3,1,700,4
68,2014-10-16,522853949330567169, Packed house for @Walt4NH &amp; entire GOP team. Thanks @AlexandraCSmith @NewHampshireCR &amp; @PSURepublicans ! #nhpolitics http://t.c,136,7,0,1,0,5,1,700,6
69,2014-10-16,522873373248851969,"Click here to see some of the OUTRAGEOUS taxes Maggie Hassan's supported over the years:
http://t.co/YmkcWCr7sS

#nhpolitics",124,2,0,1,1,0,0,700,2
70,2014-10-16,522895518465159169,"""I'm with Walt because I know he is a principled, results-oriented leader"" Read more here: via @NashuaTelegraph 
http://t.co/OLdupAwkCN",135,1,1,0,1,1,0,700,2
71,2014-10-17,523181907953999872,"My commitment to NH isn't just words. It's deeds. 
Check out a recap from yesterday's debate here: http://t.co/Y7tqarREr5
#nhpolitics",133,2,0,1,1,0,0,700,2
72,2014-10-17,523200096796545025," Tune in to Close Up this Sunday: @Walt4NH tells @JoshMcElveen about Maggie Hassan's ""toxic partisanship"" #nhpolitics http",122,3,0,1,0,3,1,700,4
73,2014-10-17,523200781017567233,"While Maggie Hassan attempts to tout her 'bipartisan' record, her colleagues beg to differ --&gt;http://t.co/5zfNLg5UXT
#nhpolitics",131,6,1,1,1,0,0,700,2
74,2014-10-17,523232492107481088,"When NH taxes were supposed to go down, Hassan led the charge to keep them high: http://t.co/As3CuQcfFy
#nhpolitics http://t.co/z2LYiQtPbq",138,1,0,1,1,0,1,700,2
75,2014-10-17,523102186943692800,@hillarysusans Thank you!,25,0,0,0,0,1,0,700,1
76,2014-10-18,523477268606488576,Big thanks to @NewHampshireCR for a great event at Libby's in Durham last night! #nhpolitics #nhgov http://t.co/fmShXu9Rqd,122,7,6,2,0,1,1,700,3
77,2014-10-18,523483646888407041,"Let's stay true to our state motto &amp; not let Maggie Hassan get 2 more years!

RT if you agree!
#nhpolitics http://t.co/2SslNLVSkX",133,3,0,1,0,0,1,700,1
78,2014-10-18,523544294305460224,"My commitment to NH isn't just words. It's deeds. 
Check out a recap from yesterday's debate here: http://t.co/Y7tqarREr5
#nhpolitics",133,1,1,1,1,0,0,700,2
79,2014-10-18,523563167633244161,"While Maggie Hassan attempts to tout her 'bipartisan' record, her colleagues beg to differ --&gt;http://t.co/5zfNLg5UXT
#nhpolitics",131,1,1,1,1,0,0,700,2
80,2014-10-18,523594879926931456,"When NH taxes were supposed to go down, Hassan led the charge to keep them high: http://t.co/As3CuQcfFy
#nhpolitics http://t.co/B00jwnrmul",138,4,1,1,1,0,1,700,2
81,2014-10-19,523853756782641152,Thanks to S NH Jewish Mens Club for warm welcome at Meet the Candidates Breakfast #nhgov #nhpolitcs http://t.co/FRPkOC6p2I,122,2,2,2,0,0,1,700,2
82,2014-10-19,523906682015854593,"Excited to have @senmarcorubio join us on the campaign trail next week! http://t.co/6fMGE3ROly

#nhpolitics",107,3,1,1,1,1,0,700,3
83,2014-10-19,523665708472107008,"Judy and I had a great time at Nashua Fall Festival Parade, thanks to all who marched with us! #nhgov #nhpolitics http://t.co/siG15HMwJS",136,1,2,2,0,0,1,700,2
84,2014-10-20,524178460298600448,"@papapeckham Thank you! Bumper sticker looks great
#nhpolitics",62,1,0,1,0,1,0,700,2
85,2014-10-20,524178698660880388, The best thing about the Keene Pumpkin Festival? @SenScottBrown and @Walt4NH meeting voters.  What an incredible welcome! ,123,2,0,1,0,3,0,700,4
86,2014-10-20,524185521074229248, @Walt4NH We're with Walt on the Seacoast! #nhgov #nhpolitics http://t.co/Ep5gOTgz3C,84,3,0,2,0,2,1,700,4
87,2014-10-20,524236855760277504,"""The choice becomes clearer everyday, Walt is right for our future"" 

Read more via @FostersDailyDem #nhpolitics http://t.co/XhlluyI7Ga",135,2,1,1,1,1,0,700,3
88,2014-10-20,524257616239677440, Do you have a question for Walt Havenstein? Let us know before tonight's event at @UNHLaw Rudman Center: http://t.co/E7xKCgOxHz  ,130,2,0,0,1,3,0,700,4
89,2014-10-20,524279899020750848,NH would be a lot better off if Hassan focused on cutting taxes instead of ribbons. RT if you agree! #nhpolitics http://t.co/eAAsLyiH7A,135,4,0,1,0,0,1,700,1
90,2014-10-20,524328395195568128,"Huge thanks to @KellyAyotte and businesswomen who attended today's Roundtable, great discussion #nhgov #nhpolitics http://t.co/sWOWCDdbKh",137,2,1,2,0,1,1,700,3
91,2014-10-21,524544022569058306,Don't forget to tune in at 9 to hear my interview on @NHPRExchange! #nhpolitics #nhgov,86,3,0,2,0,1,0,700,3
92,2014-10-21,524568541098303490,"Maggie Hassan hasn't earned a second term.

WATCH my new TV ad to see for yourself: http://t.co/TUb0KME6Bq
#nhpolitics",118,6,0,1,1,0,0,700,2
93,2014-10-21,524577235555340288,Thanks to UNH Eng and @micastark - enjoyed talking w/ students about creating opportunities in NH. #nhpolitics #nhgov http://t.co/BXZp5Y8cC0,140,3,1,2,0,1,1,700,3
94,2014-10-21,524606077975805952,"""We've got to lean forward and fix this..."" 
Read more about my visit to Portsmouth yesterday here: http://t.co/DNVL8UUbGx

#nhpolitics",135,1,0,1,1,0,0,700,2
95,2014-10-21,524628692312399872,"ICYMI: Listen to my conversation with @NHPRExchange 
http://t.co/SbZBlhAhhx
#nhpolitics",87,2,1,1,1,1,0,700,3
96,2014-10-21,524642284046794752,NH would be a lot better off if Hassan focused on cutting taxes instead of ribbons. RT if you agree! #nhpolitics http://t.co/gpr1PeV5js,135,4,0,1,0,0,1,700,1
97,2014-10-21,524352838227746816,Tune in to @NHPRExchange tomorrow morning at 9am to hear my interview with Laura Knoy. #nhpolitics #nhgov http://t.co/MovlP7HHhT,128,2,1,2,0,1,1,700,3
98,2014-10-22,524930928787722240,"Maggie Hassan hasn't earned a second term.

WATCH my new TV ad to see for yourself: http://t.co/TUb0KME6Bq
#nhpolitics",118,1,0,1,1,0,0,700,2
99,2014-10-22,524939901654302720,Talking with managers of @VelcroBrand. They're concerned about the ACA's medical device tax. #nhpolitics http://t.co/0X37lRsZqt,127,1,1,1,0,1,1,700,2
100,2014-10-22,524940586630279169,It's good to be back on a factory floor. Met some great folks at @VelcroBrand in Manchester #nhpolitics #nhgov http://t.co/9gv3ciBIOc,133,1,0,2,0,1,1,700,3
101,2014-10-22,524961632489713664,"""The choice becomes clearer everyday, Walt is right for our future"" 

Read more via @FostersDailyDem #nhpolitics http://t.co/XhlluyI7Ga",135,2,0,1,1,1,0,700,3
102,2014-10-22,524973209678934016,"Maggie Hassan doesn't deserve a 2nd term. 

RT if you agree! http://t.co/zURZkccBZe
#nhpolitics http://t.co/nuNWs8zYKD",118,4,0,1,1,0,1,700,2
103,2014-10-22,525004673585922048,NH would be a lot better off if Hassan focused on cutting taxes instead of ribbons. RT if you agree! #nhpolitics http://t.co/EzSUuu6KDH,135,1,0,1,0,0,1,700,1
104,2014-10-22,525018760478879744,"""We need a Republican governor like Walt Havenstein .."" 

Read more of Gov. John Sununu's op-ed:
http://t.co/ylNsqWXT98
#nhpolitics",131,3,1,1,1,0,0,700,2
105,2014-10-22,525040291653640192, Our #CRNC event Friday w/ Walt Havenstein made the front page of the UNH student newspaper! @Walt4NH http://t.co/2BrsVy,120,5,0,1,0,2,1,700,3
106,2014-10-23,525293317722890240,"Maggie Hassan hasn't earned a second term.

WATCH my new TV ad to see for yourself: http://t.co/TUb0KME6Bq
#nhpolitics",118,5,0,1,1,0,0,700,2
107,2014-10-23,525323271676231680,"Maggie Hassan is spending NH towards an income tax. She hasn't earned a 2nd term. RT if you agree!
#nhpolitics http://t.co/pkK2P7ghH0",133,2,0,1,0,0,1,700,1
108,2014-10-23,525330872606539776,"""Time and again, Hassan chooses partisanship games over governing."" 

-Sen. Carson &amp; Rep. Lynne Ober: http://t.co/0EjSnzLkJ5
#nhpolitics",140,0,0,1,1,0,0,700,2
109,2014-10-23,525338375197188096,"#TBT to Judy and I at a Naval Academy formal. 
#nhpolitics http://t.co/94gyUdRxAN",81,4,3,2,0,0,1,700,2
110,2014-10-23,525354940257292288, We'll be welcoming @Walt4NH and Senator @MarcoRubio for a tour of our Manchester NH offices this afternoon. Stay tuned f,121,4,0,0,0,3,0,700,3
111,2014-10-23,525369317714849793,"Check out the @The_RGA's newest ad about Maggie Hassan's reckless spending: http://t.co/BOFT0HfTEm

#nhpolitics",111,5,0,1,1,1,0,700,3
112,2014-10-23,525382071716696064,Checking out the amazing work of @nextstepbandp with @marcorubio. #nhpolitics #nhgov http://t.co/CWc1NrEb4Q,107,1,1,2,0,2,1,700,4
113,2014-10-23,525385545418276865,Seeing the amazing work of @nextstepbandp in action. #nhpolitics #nhgov http://t.co/iNo6RSZoS0,94,3,0,2,0,1,1,700,3
114,2014-10-23,525391118314508288,Addressing the crowd at @nextstepbandp. Thanks @marcorubio for the great introduction! #nhpolitics #nhgov http://t.co/2NSyT64bP3,128,5,2,2,0,2,1,700,4
115,2014-10-23,525392584051818496,"Taking Qs from the crowd with @marcorubio - on the border, #ISIS and the economy - at @nextstepbandp #nhpolitics http://t.co/Rfk557m2qH",135,5,3,2,0,2,1,700,4
116,2014-10-23,525381250698448897,"Loving @DunkinDonuts in Manchester with Judy, @marcorubio and my pal Ray Wieczorek. #nhpolitics #nhgov http://t.co/x3MWWAjmxw",125,3,1,2,0,2,1,700,4
117,2014-10-23,525415125269118976,"Join me for an event with Sen. John McCain this Sunday! 

Click here for details: http://t.co/8ZgqnwTmww http://t.co/uFN2RDOGm4",127,2,1,0,1,0,1,700,1
118,2014-10-24,525651426857332736,"We're closing the gap on Maggie Hassan!

Take a look at the latest UMass Lowell poll numbers here:
http://t.co/HZ5fPGU8gy
#nhpolitics",133,3,0,1,1,0,0,700,2
119,2014-10-24,525670805410037760,"Maggie Hassan hasn't earned a second term.

WATCH my new TV ad to see for yourself: http://t.co/TUb0KME6Bq
#nhpolitics",118,0,0,1,1,0,0,700,2
120,2014-10-24,525729449262583808,NH would be a lot better off if Hassan focused on cutting taxes instead of ribbons. RT if you agree! #nhpolitics http://t.co/DFxpmRBWSs,135,2,0,1,0,0,1,700,1
121,2014-10-24,525734486151925760,"NH doesn't need another big spending career politician.

RT if you agree! #nhpolitics http://t.co/U35MayQbp5",108,2,0,1,0,0,1,700,1
122,2014-10-24,525746805737144320,"Check out the @The_RGA's newest ad about Maggie Hassan's reckless spending: http://t.co/tRliumwlng

#nhpolitics",111,1,0,1,1,1,0,700,3
123,2014-10-24,525777515759947776,"Join me for an event with Sen. John McCain this Sunday! 

Click here for details: http://t.co/Nohfdg7wAc http://t.co/2sDL9AZy8V",127,0,0,0,1,0,1,700,1
124,2014-10-24,525685660644958209,"Maggie Hassan is spending NH towards an income tax. She hasn't earned a 2nd term. RT if you agree!
#nhpolitics http://t.co/qkknIMgcYb",133,6,0,1,0,0,1,700,1
125,2014-10-24,525651974138920960,Kicking off a business round table in Nashua with my friend @GovPenceIN #nhpolitics #nhgov http://t.co/sMpDL45D5Z,113,4,2,2,0,1,1,700,3
126,2014-10-25,526082601665462272,Perfect day in Portsmouth for the @Redhook_Brewery brew fest! #nhpolitics #nhgov http://t.co/HQen6Tmv9F,103,4,2,2,0,1,1,700,3
127,2014-10-25,526088404749271041,Photo time at @Redhook_Brewery brew fest! #nhpolitics #nhgov http://t.co/teJfrquSpS,83,3,2,2,0,1,1,700,3
128,2014-10-25,526095305633460224,You know you're famous when... #nhpolitics #nhgov #autograph http://t.co/ztw2WDbYOE,83,1,5,3,0,0,1,700,3
129,2014-10-25,526096864861376512,"NH doesn't need another big spending career politician.

RT if you agree! #nhpolitics http://t.co/5LTcId78n0",108,4,1,1,0,0,1,700,1
130,2014-10-25,526033191522426880,"Maggie Hassan hasn't earned a second term.

WATCH my new TV ad to see for yourself: http://t.co/TUb0KME6Bq
#nhpolitics",118,1,0,1,1,0,0,700,2
131,2014-10-26,526422760822566912,"Maggie Hassan hasn't earned a 2nd term. 

RT if you agree! http://t.co/zURZkccBZe
#nhpolitics http://t.co/DZldaXy9lb",116,1,1,1,1,0,1,700,2
132,2014-10-26,526444444233371648,"Fosters Daily Democrat: Havenstein's turn to lead Granite State
#nhpolitics
http://t.co/X3SpDxuTrR",98,3,0,1,1,0,0,700,2
133,2014-10-26,526453001729626112,Sunday Football at Maggie's in Manchester! #GoPats #nhpolitics http://t.co/qpPBjTWbBD,85,2,0,2,0,0,1,700,2
134,2014-10-26,526456621384609793,Great talking with these guys who just finished the @MakingStrides walk in Manchester. #nhpolitics http://t.co/e0P6SeKuMH,121,2,3,1,0,1,1,700,2
135,2014-10-26,526459252106203136,"NH doesn't need another big spending career politician.

RT if you agree! #nhpolitics http://t.co/9YfvEmQVb8",108,6,2,1,0,0,1,700,1
136,2014-10-26,526471580050657280,"Check out the @The_RGA's newest ad about Maggie Hassan's reckless spending: http://t.co/tRliumwlng

#nhpolitics",111,0,1,1,1,1,0,700,3
137,2014-10-26,526484092255481856,With my friend @SenJohnMcCain at the Puritan Backroom in Manchester. #chickentenders #nhpolitics http://t.co/1QMpBLMrZ8,119,8,3,2,0,1,1,700,3
138,2014-10-26,526485701588951041,Saw some old friends at the Backroom and made some new ones! #nhpolitics #nhgov http://t.co/P0eTbxqcZB,102,4,3,2,0,0,1,700,2
139,2014-10-26,526493355644289024, Great to be back in New Hampshire! @PuritanBackroom in #Manchester with @Walt4NH and some young supporters #FITN http://,121,27,0,2,0,3,1,700,5
140,2014-10-26,526500305408897024,@live4bruins Thanks Jay! Great to meet you too. Go Pats! #nhpolitics #nhgov,75,1,0,2,0,1,0,700,3
141,2014-10-27,526836487459860480,"Take a look at this Op-Ed from the @NashuaTelegraph

http://t.co/uTiKuNePXA
#nhpolitics",87,2,0,1,1,1,0,700,3
142,2014-10-27,526877759155339264,"New @NewEngCollege poll has us in a DEAD HEAT with Maggie Hassan! Let's keep the momentum going! 
http://t.co/wjh6cjG2Nq
#nhpolitics #nhgov",139,6,7,2,1,1,0,700,4
143,2014-10-27,526820387506515968,"Check out my Get Out the Vote page for all your Election Day needs &amp; VOTE WALT!
http://t.co/SxdlaDnwC7

#nhpolitics http://t.co/gHfoGOFQRY",142,9,2,1,1,0,1,700,2
144,2014-10-28,526897134046441474,"ICYMI: @FostersDailyDem endorsed my campaign! Read the full endorsement here: http://t.co/N3UyyBSDj4

#nhpolitics",113,3,3,1,1,1,0,700,3
145,2014-10-28,526911932834410496, GOP surging in New Hampshire: New NH1/NEC poll shows #NHGOV race tied with @Walt4NH &amp; @Maggie_Hassan at 47-47: http://t.co/yLE,131,11,0,1,1,3,0,700,5
146,2014-10-28,527065842388074496,At the @VeteransCount Salute Our Soldiers bfast in Manchester. Grateful for the opportunity to thank our veterans. #nhpolitics #USMC,132,1,1,2,0,1,0,700,3
147,2014-10-28,527138980932775936,"1 WEEK until you go to the polls! Click here for Election Day info and VOTE WALT! http://t.co/SxdlaDnwC7

#nhpolitics http://t.co/LwawKHm1yV",140,2,2,1,1,0,1,700,2
148,2014-10-28,527177996252090368,ICYMI: @Senjohnmccain joined me on the trail this past weekend. Read about his visit via @UnionLeader http://t.co/YlmDnwmCzY,124,2,1,0,1,2,0,700,3
149,2014-10-28,527200642515750912,"Check out my Get Out the Vote page for all your Election Day needs &amp; VOTE WALT!
http://t.co/SxdlaDnwC7

#nhpolitics http://t.co/OAuo4ceITj",142,4,2,1,1,0,1,700,2
150,2014-10-29,527440112645206016,"Thank you I appreciate your support all the way from NC! @GuntherGloria 
#nhpolitics",84,1,0,1,0,1,0,700,2
151,2014-10-29,527450788084187136,"Join us today for a pre-debate rally and watch party! 
Click here for details -&gt;http://t.co/oWSCut8xSo
#nhpolitics http://t.co/8RNv1n5sWh",140,2,0,1,1,0,1,700,2
152,2014-10-29,527470665515798530,"Want the real story about my leadership experience?

WATCH our new TV ad to hear the TRUTH.
http://t.co/7QXYn0AKUP
#nhpolitics",126,2,1,1,1,0,0,700,2
153,2014-10-29,527534837574270976,"""..It is time to vote on ideas and economics, and not from scary sound bites.""
Via @LaconiaCitizen http://t.co/0ZlWTr5Wqb #nhpolitics",133,1,0,1,1,1,0,700,3
154,2014-10-29,527542898879774720,"Tune in TONIGHT @7pm for the @WMUR9 debate!

#nhpolitics #nhgov http://t.co/jfYdfhEtxt",86,4,5,2,0,2,1,700,4
155,2014-10-29,527545609067429888, TONIGHT during @NECNs Only News at 9: @bshactman gives us a closer look at #NHgov candidates @GovernorHassan and @Walt4NH,122,5,0,1,0,5,0,700,6
156,2014-10-29,527560264355307521,"Check out my Get Out the Vote page for all your Election Day needs &amp; VOTE WALT!
http://t.co/SxdlaDnwC7

#nhpolitics http://t.co/HpxXeaWDjg",142,6,2,1,1,0,1,700,2
157,2014-10-29,527570314637885440,Honored to receive endorsement from @NFIB. Small businesses know it's time for change in Concord. http://t.co/j54LnSlCok #nhpolitics #nhgov,139,0,0,2,1,1,0,700,4
158,2014-10-29,527596654040719361,Appropriate message for tonight in this photo #nhpolitics #nhgov #granitestatedebates http://t.co/WEVGTB1vtN,108,7,6,3,0,0,1,700,3
159,2014-10-30,527864264862609408,"#TBT to coaching Walt Jr.'s little league team back in 1983
#nhpolitics http://t.co/8hEbIv60mS",94,4,1,2,0,0,1,700,2
160,2014-10-30,527872193817239552,Glad to be with @PortsNHRotary. Small bizs know they cant afford two more years of Maggie Hassan  #nhpolitics #nhgov http://t.co/eZgNryaTmh,139,2,0,2,0,1,1,700,3
161,2014-10-30,527905783090925568,"Why did I decide to run? Watch this interview from NECN to find out: http://t.co/SJc53pnVSt
#nhpolitics",103,3,0,1,1,0,0,700,2
162,2014-10-30,527922649486221312,"Check out my Get Out the Vote page for all your Election Day needs &amp; VOTE WALT!
http://t.co/SxdlaDnwC7

#nhpolitics http://t.co/NIOuOM5wU4",142,2,1,1,1,0,1,700,2
163,2014-10-30,527935482848481280,"Look how far we've come! The NH1/ NEC poll shows that folks are ready for a new leader in NH!

#nhpolitics http://t.co/NQZ2Jkm8TH",129,3,2,1,0,0,1,700,1
164,2014-10-30,527958137412657152,"NH deserves a true leader-someone they can trust.
Watch my new ad to get the TRUTH
http://t.co/5GTvRnNQ8R #nhpolitics http://t.co/D0uyDThsS4",140,3,0,1,1,0,1,700,2
165,2014-10-30,527834534465646592,"Want the real story about my leadership experience?

WATCH our new TV ad to hear the TRUTH.
http://t.co/7QXYn0AKUP
#nhpolitics",126,3,0,1,1,0,0,700,2
166,2014-10-31,528174985865883648,Thanks to dedicated supporters this cold #NHnorthcountry morning at Eggs &amp; Issues Debate  #nhpolitics #nhgov http://t.co/UQ8LRkSyez,135,2,1,3,0,0,1,700,3
167,2014-10-31,528190614350082048,NH can't afford 2 more years of Hassan's declining Econ growth! Thanks @MWVEC_NH for Eggs &amp; Issues #NHnorthcountry http://t.co/zhWT1C7QEO,141,1,1,1,0,1,1,700,2
168,2014-10-31,528195442186534912,"Want the real story about my leadership experience?

WATCH our new TV ad to hear the TRUTH.
http://t.co/7QXYn0AKUP
#nhpolitics",126,1,1,1,1,0,0,700,2
169,2014-10-31,528259613066412032,POLL SURGE: @Maggie_Hassan is in trouble and we're surging in new poll -POLITICO has story http://t.co/GRnf9FAw7d #nhpolitics #nhgov,132,7,5,2,1,1,0,700,4
170,2014-10-31,528263748445011968,Arriving at Me &amp; Ollie's in Exeter with @SenScottBrown and @frankguinta #GOPVictoryBus #nhpolitics http://t.co/kT2ZPs3i7U,125,5,4,2,0,2,1,700,4
171,2014-10-31,528275471859855360,"Election Day is almost here! RT if you're with Walt!

#nhpolitics #nhgov http://t.co/vrxS8KiZpy",95,7,1,2,0,0,1,700,2
172,2014-10-31,528279854274596865,Making calls in Stratham with @SenScottBrown @reportergail and @frankguinta #GOPVictoryBus #nhpolitics http://t.co/59XOfqzEbo,125,7,4,2,0,3,1,700,5
173,2014-10-31,528283228395028480,Big thanks to all our volunteers and supporters for their warm welcome in Stratham. #GOPVictoryBus #nhpolitics http://t.co/06IW9qbHcY,133,2,0,2,0,0,1,700,2
174,2014-10-31,528284276433768448,"Impressive! Check out this song one of my supporters wrote:
http://t.co/YxukKUO4r4

#nhpolitics",95,2,0,1,1,0,0,700,2
175,2014-10-31,528315238202871808,"Check out my Get Out the Vote page for all your Election Day needs &amp; VOTE WALT!
http://t.co/SxdlaDnwC7

#nhpolitics http://t.co/kk4r0FE9FS",142,4,3,1,1,0,1,700,2
176,2014-10-31,528316456388530176,I'm missing Elsa and Ana this #Halloween AKA my granddaughters Lindsey and Riley. http://t.co/2UsjIM3fDO,104,1,4,1,0,0,1,700,1
177,2014-10-31,528320807463026688,Nothing like #Halloween in New England! #Portsmouth #nhpolitics #nhgov http://t.co/jpeP3sJLv2,93,2,2,4,0,0,1,700,4
178,2014-11-01,528335624294502400,"NH deserves a true leader-someone they can trust.
Watch my new ad to get the TRUTH
http://t.co/5GTvRnNQ8R #nhpolitics http://t.co/ObSOWL6oSZ",140,3,0,1,1,0,1,700,2
179,2014-11-01,528336151820902400,Shaking hands at RiRa in Portsmouth #Halloween #GOPVictoryBus #nhpolitics http://t.co/eijFOXFZbG,96,5,2,3,0,0,1,700,3
180,2014-11-01,528531436648034306,"First stop of the day, the breakfast crowd in Rochester. #GOPVictoryBus #nhpolitics #nhgov http://t.co/M5FNmQc4yI",113,1,4,3,0,0,1,700,3
181,2014-11-01,528555155273551872,Great welcome from the crew in Wakefield. #GOPVictoryBus #nhpolitics #nhgov http://t.co/lc6NdZbYVd,98,4,1,3,0,0,1,700,3
182,2014-11-01,528557827816554497,"Want the real story about my leadership experience?

WATCH our new TV ad to hear the TRUTH.
http://t.co/7QXYn0AKUP
#nhpolitics",126,1,0,1,1,0,0,700,2
183,2014-11-01,528561897915039745,Meeting some great folks and some veterans in Wakefield. #GOPVictoryBus #nhpolitics #nhgov http://t.co/kw1aokmAYB,113,3,1,3,0,0,1,700,3
184,2014-11-01,528578215703375872,"Get out the VOTE for WALT!

Click here and join us --&gt;http://t.co/KlBuEi9gXa
#nhgov #nhpolitics http://t.co/jPQYcVLsYv",121,2,3,2,1,0,1,700,3
185,2014-11-01,528591871229321217,Great talking with vets and former LEOs at the American Police Motorcycle Museum #GOPVictoryBus #nhpolitics #nhgov http://t.co/0l41w32F1l,137,7,4,3,0,0,1,700,3
186,2014-11-01,528592523372269568,Enjoying riding this bike at the American Police Motorcycle Museum...until I got a ticket. #GOPVictoryBus #nhpolitics http://t.co/hulc5U1CQd,140,4,2,2,0,0,1,700,2
187,2014-11-01,528603559219433472,Meeting folks at a quick stop for lunch in Laconia! #GOPVictoryBus #nhpolitics #nhgov http://t.co/KKpOq9rz3F,108,0,1,3,0,0,1,700,3
188,2014-11-01,528606277275250689, Awesome day!  Started at @BeaJuggernaut then joined @Walt4NH @frankguinta @SenScottBrown @AylaBrown #crossfitcampaign ht,121,3,0,1,0,6,1,700,7
189,2014-11-01,528607239888961536,Another great welcome at HK Powersports in Laconia! #GOPVictoryBus #nhpolitics #nhgov http://t.co/GGzihks6bg,108,6,3,3,0,0,1,700,3
190,2014-11-01,528607906715815937,"""Walt is a catalyst for growth and a leader who will turbocharge the New Hampshire economy.""

Read more in this LTE--&gt;http://t.co/8hdFUOaAwH",143,4,1,0,1,0,0,700,1
191,2014-11-01,528633506600353792, Great crowd in #Wolfeboro for @SenScottBrown @Walt4NH and @frankguinta.Great energy! #nhpolitics http://t.co/Kgba1zqklH,120,4,0,2,0,4,1,700,6
192,2014-11-01,528634760160366592,".@SenJeb introduces me, Scott and Frank as we arrive in Wolfeboro to serve some drinks #nhpolitics #GOPVictoryBus http://t.co/8dbtPUEFr9",136,3,1,2,0,1,1,700,3
193,2014-11-01,528637857712197632,"Election Day is almost here! RT if you're with Walt!

#nhpolitics #nhgov http://t.co/wMFCkgUjNk",95,13,3,2,0,0,1,700,2
194,2014-11-01,528675690267570179,Fun meeting folks at Moat Mountain Smokehouse and Brewery in North Conway! #GOPVictoryBus #nhpolitics #nhgov http://t.co/2xnxyLvjg1,131,0,3,3,0,0,1,700,3
195,2014-11-01,528691249587712001,"Great to be back in the North Country for the last stop today! Town &amp; Country Inn, Gorham. #GOPVictoryBus #nhpolitics http://t.co/I9Upwy3fFD",144,2,2,2,0,0,1,700,2
196,2014-11-02,528698012323704832,"NH deserves a true leader-someone they can trust.
Watch my new ad to get the TRUTH
http://t.co/5GTvRnNQ8R #nhpolitics http://t.co/f05xdGLfAN",140,3,0,1,1,0,1,700,2
197,2014-11-02,528918372726341632,First stop of the day? Breakfast. #GOPVictoryBus #nhpolitics #nhgov http://t.co/7GRtTW9fxl,90,3,4,3,0,0,1,700,3
198,2014-11-02,528923982264037376,"Paying our respects to the late, great Ray Burton at the Mt Washington scenic overlook. #GOPVictoryBus #nhpolitics http://t.co/REiXpzDxM8",137,3,2,2,0,0,1,700,2
199,2014-11-02,528930846158639104," So far, the #GOPVictoryBus has made 15 stop &amp; traveled 400 miles across NH with @Walt4NH @frankguinta &amp; @MarilindaGarcia",129,24,0,2,0,4,0,700,6
200,2014-11-02,528935146393964544,"Quick coffee break at the Littleton Diner, where we saw an old BAE colleague! #GOPVictoryBus #nhpolitics #nhgov http://t.co/oACOKhe4YD",134,4,1,3,0,0,1,700,3
201,2014-11-02,528935315184971776,"Want the real story about my leadership experience?

WATCH our new TV ad to hear the TRUTH.
http://t.co/7QXYn0AKUP
#nhpolitics",126,3,0,1,1,0,0,700,2
202,2014-11-02,528955702878814208,"Get out the VOTE for WALT!

Click here and join us --&gt;http://t.co/KlBuEi9gXa
#nhgov #nhpolitics http://t.co/rQ9oFqgWgi",121,4,1,2,1,0,1,700,3
203,2014-11-02,528959498279747584,Lunch at Biederman's in Plymouth! #GOPVictoryBus #nhpolitics #nhgov http://t.co/R7StetvbHz,90,4,4,3,0,0,1,700,3
204,2014-11-02,529006282192478209,Meeting voters and future voters(!) at the Windham Junction store. #GOPVictoryBus #nhpolitics #nhgov http://t.co/yjENX5cTI6,123,2,0,3,0,0,1,700,3
205,2014-11-02,529006731326918656, Thanks to @SenScottBrown @Walt4NH and @MarilindaGarcia for a great stop at beidermans for lunch #nhpolitcs http://t.co/,120,10,0,1,0,4,1,700,5
206,2014-11-02,529013397443313666,Game day at Arena in Nashua. #GoPats #GOPVictoryBus #nhpolitics http://t.co/S6tQmCk1H8,86,5,1,3,0,0,1,700,3
207,2014-11-02,529015346074644480,"Election Day is almost here! RT if you're with Walt!

#nhpolitics #nhgov http://t.co/DYbd06G2ih",95,5,0,2,0,0,1,700,2
208,2014-11-02,529018481443110912, Looking forward to the @NHGOP victory rally tonight supporting @SenScottBrown @Walt4NH @frankguinta @MarilindaGarcia http,122,4,0,0,1,6,0,700,7
209,2014-11-02,529053018134953984,Football at the Homestead in Merrimack! #GOPVictoryBus #nhpolitics http://t.co/dQaFg7HQe4,89,1,2,2,0,0,1,700,2
210,2014-11-02,529055930122764289,#fistbump #GOPVictoryBus #nhpolitics #nhgov http://t.co/cAFqxguypG,66,1,1,4,0,0,1,700,4
211,2014-11-03,529076031253409792,Fired up crowd at the #GOPVictoryBus rally! It's time to get our country and our state moving again! #nhpolitics http://t.co/ajjsEYmiJe,135,5,5,2,0,0,1,700,2
212,2014-11-03,529078066925297664,"Taking the stage at @NHGOP Victory Rally, certainly one crowd with passion for our Granite State! #nhgov #nhpolitics http://t.co/VqjPR33JrK",139,4,2,2,0,1,1,700,3
213,2014-11-03,529080358529429505,"A stage full of leaders tonight, a state full of winners come Tuesday! @SenScottBrown @frankguinta @MarilindaGarcia http://t.co/j4HhHQ1naG",138,5,4,0,0,3,1,700,3
214,2014-11-03,529085063447982080,Hugs at the end of a great day on the road. #GOPVictoryBus #nhpolitics #nhgov http://t.co/O9qJSdpWY7,100,2,3,3,0,0,1,700,3
215,2014-11-03,529288339095310337,Another early start! Breakfast at Nonie's in Peterborough. #nhpolitics #nhgov http://t.co/0vBFHg4UBo,100,2,1,2,0,0,1,700,2
216,2014-11-03,529290372451926017,Hitting the phones with @SenScottBrown @reportergail and @KellyAyotte in Keene! #GOPVictoryBus #nhpolitics #nhgov http://t.co/bLnDCqbsIO,136,5,2,3,0,3,1,700,6
217,2014-11-03,529290449950105600, @CCRCNH welcomes @GOP candidates @Walt4NH @SenScottBrown @MarilindaGarcia as we gear up for #Victory tomorrow http://t.co/,123,2,0,1,0,6,1,700,7
218,2014-11-03,529297497655885824,".@NHJennifer: ""Please welcome the next Governor of New Hampshire!"" #GOPVictoryBus #nhpolitics #nhgov http://t.co/WaOlCcQ3Y6",123,4,2,3,0,1,1,700,4
219,2014-11-03,529307020449439745,"Less than 24 hrs until the polls open. Click here and VOTE WALT! http://t.co/SxdlaDnwC7
#nhpolitics #nhgov http://t.co/hroTNvRXor",129,3,2,2,1,0,1,700,3
220,2014-11-03,529325005189156865,Quick stop for hot chocolate at Daddy Pop's Tumble Inn Diner in Claremont! #nhpolitics #GOPVictoryBus #nhgov http://t.co/NphuwcdCyC,131,3,1,3,0,0,1,700,3
221,2014-11-03,529327140542894081,"At lunch, talking to some folks who work at Ruger about how we grow more mfg jobs in NH. #nhpolitics #GOPVictoryBus http://t.co/zsv1ceLT3W",138,5,1,2,0,0,1,700,2
222,2014-11-03,529339314220847104,Thanks for hosting us for lunch Village Pizza - the best in Newport! #GOPVictoryBus #nhpolitics #nhgov http://t.co/e8y2XROQxT,125,1,1,3,0,0,1,700,3
223,2014-11-03,529344264224772096,@RCP_articles just declared this race a toss-up! Let's GOTV &amp; beat Maggie Hassan tomorrow! RT to join me #nhpolitics http://t.co/3qKIlO9nEy,143,1,0,1,1,1,0,700,3
224,2014-11-03,529377734451924992,"Election Day is almost here! RT if you're with Walt!

#nhpolitics #nhgov http://t.co/3zVwZLPhLy",95,10,0,2,0,0,1,700,2
225,2014-11-04,529437890384646144,@RCP_articles just declared this race a toss-up! Let's GOTV &amp; beat Maggie Hassan tomorrow! RT to join me #nhpolitics http://t.co/DTSgved0AC,143,0,1,1,1,1,0,700,3
226,2014-11-04,529626626951098368,"It's ELECTION DAY! Go out and VOTE WALT today and let's work to revive New Hampshire's economy!
#nhpolitics #nhgov http://t.co/DzjpdqLAOA",137,10,2,2,0,0,1,700,2
227,2014-11-04,529632493826506752,@cleight72 So glad to hear that! Thanks!,40,0,0,0,0,1,0,700,1
228,2014-11-04,529632918885662720,Casting our votes in Alton this morning. #nhpolitics #nhgov http://t.co/BjcgAukNX9,82,2,2,2,0,0,1,700,2
229,2014-11-04,529649706503131136,"My granddaughters, Lindsey &amp; Riley, telling you to vote for 'Pop' today! #nhpolitics http://t.co/6xr7PloQsJ",111,3,5,1,0,0,1,700,1
230,2014-11-04,529651238283923456, .@Walt4NH is the best candidate to chart a new path forward for New Hampshire. Find your polling place here: http://t.co/Gl6wL,127,4,0,1,1,2,0,700,4
231,2014-11-04,529679597390946304,"Thank you to my USNA classmates for their support &amp; encouragement! Read their LTE via @NashuaTelegraph
http://t.co/olNlwQdOkn
#nhpolitics",141,1,2,1,1,1,0,700,3
232,2014-11-04,529691550452678656,//t.co/AHuytba3e0,17,12,3,2,0,0,1,700,2
233,2014-11-04,529692192722681857,"Stopped by UNH, lots of students looking for jobs when they graduate, they're voting for Walt! #nhpolitics #nhgov http://t.co/m8CeX3NU8A",136,2,3,2,0,0,1,700,2
234,2014-11-04,529715709165584384,"Have you voted yet?? Go out and VOTE WALT!
#nhpolitics #nhgov http://t.co/CwsIu9WHaP",84,0,0,2,0,0,1,700,2
235,2014-11-04,529723422067396608,Things are looking good at Londonderry polls! @SenScottBrown @frankguinta @Al_Baldasaro @GO_Tambo #nhpolitics #nhgov http://t.co/T44Y9PFQk2,139,6,8,2,0,4,1,700,6
236,2014-11-04,529733576217329664,"Watch my final pitch and go out and VOTE WALT!
http://t.co/Bb5zyA6MVf

#nhpolitics #nhgov",89,2,0,2,1,0,0,700,3
237,2014-11-04,529745767326830593, Independent family for @Walt4NH  @SenatorShaheen  showing our daughter the democratic process! http://t.co/eS5DfWCVjt,118,3,0,0,0,3,1,700,3
